log_id,recorded_at,warehouse,zone,temp_main_C,temp_return_C,humidity_pct,door_open_sec,compressor_hz,defrost_min,power_kw,disposal
CL01480,2026-07-11 12:07,B,냉동1,-18.22,-16.2,88.2,12.0,45.2,0.0,3.403,정상
CL02413,2026-08-06 10:01,A,냉동3,-18.22,-15.06,84.5,51.0,47.6,0.0,3.75,정상
CL01811,2026-07-21 03:40,B,냉동1,-18.1,-16.01,86.2,15.0,46.7,16.1,4.083,정상
CL00468,2026-06-13 18:31,B,냉동1,-15.41,-14.18,99.1,301.0,57.9,17.2,5.144,폐기
CL02851,2026-08-18 12:35,C,냉동3,-17.58,-14.85,80.8,20.0,43.5,0.0,3.152,정상
CL00036,2026-06-01 22:27,A,냉동1,-17.41,-14.76,86.4,13.0,47.2,20.4,4.015,정상
CL01406,2026-07-09 13:45,B,냉동3,-17.51,-15.12,85.8,57.0,51.7,0.0,3.242,정상
CL00371,2026-06-11 07:17,C,냉동3,-18.62,-15.95,77.9,11.0,42.8,0.0,3.243,정상
CL00787,2026-06-22 16:27,C,냉동2,-17.93,-15.11,90.1,27.0,40.6,0.0,3.529,정상
CL01962,2026-07-25 03:09,C,냉동1,-18.31,-15.58,84.2,25.0,52.3,0.0,3.689,정상
CL03136,2026-08-26 14:23,C,냉동1,-18.17,-16.18,83.8,59.0,45.6,0.0,3.58,정상
CL02448,2026-08-07 09:43,A,냉동3,-18.02,-14.45,85.8,41.0,44.3,0.0,2.9,정상
CL00719,2026-06-20 20:18,A,냉동2,-18.67,-16.03,84.9,5.0,42.4,0.0,2.825,정상
CL02625,2026-08-12 10:07,A,냉동2,-17.89,-15.31,88.6,37.0,42.8,0.0,3.277,정상
CL02577,2026-08-11 03:41,A,냉동1,-16.96,-13.43,87.3,33.0,48.4,22.4,4.16,정상
CL00955,2026-06-27 08:23,A,냉동2,-17.09,-14.55,87.1,37.0,50.4,0.0,4.118,정상
CL01515,2026-07-12 12:41,C,냉동2,-18.27,-14.71,79.9,33.0,47.9,0.0,3.236,정상
CL03144,2026-08-26 21:08,C,냉동2,-18.54,-16.57,88.9,7.0,40.0,0.0,3.086,정상
CL02588,2026-08-11 09:07,B,냉동2,-16.97,-14.5,81.0,91.0,50.8,0.0,3.606,정상
CL00314,2026-06-09 19:20,B,냉동3,-17.89,-15.17,88.0,95.0,42.3,0.0,3.447,정상
CL00512,2026-06-15 05:09,C,냉동2,-18.55,-16.01,88.6,14.0,51.2,0.0,4.439,정상
CL01749,2026-07-19 10:55,A,냉동2,-17.68,-15.94,87.2,49.0,46.4,0.0,3.636,정상
CL01625,2026-07-15 14:30,B,냉동1,-15.65,-13.22,82.9,39.0,58.3,0.0,4.019,정상
CL02080,2026-07-28 02:27,A,냉동1,-17.88,-14.37,84.7,11.0,45.4,0.0,3.898,정상
CL01201,2026-07-03 14:05,B,냉동3,-18.27,-15.35,81.0,67.0,48.8,0.0,3.315,정상
CL01537,2026-07-13 05:48,C,냉동3,-18.16,-15.2,85.9,10.0,43.0,0.0,2.859,정상
CL00794,2026-06-22 21:59,A,냉동3,-17.63,-15.21,93.5,5.0,43.3,0.0,2.876,폐기
CL01494,2026-07-11 21:53,C,냉동2,-18.28,-15.67,76.2,10.0,47.9,0.0,3.969,정상
CL02668,2026-08-13 13:14,A,냉동1,-17.75,-15.27,90.8,105.0,47.9,0.0,3.936,정상
CL03388,2026-09-02 15:47,C,냉동1,-17.05,-14.82,87.6,138.0,51.7,0.0,4.196,정상
CL03030,2026-08-23 15:21,A,냉동2,-17.44,-14.61,85.8,163.0,46.0,0.0,3.709,정상
CL00304,2026-06-09 11:14,C,냉동3,-18.54,-16.45,85.5,20.0,43.5,0.0,3.331,정상
CL00875,2026-06-25 06:42,A,냉동2,-17.34,-14.77,85.2,6.0,48.8,0.0,3.844,정상
CL00315,2026-06-09 19:36,A,냉동2,-17.54,-14.77,79.5,100.0,49.8,24.0,4.665,폐기
CL01673,2026-07-17 05:41,C,냉동3,-17.48,-15.39,82.6,17.0,53.7,0.0,4.63,정상
CL01062,2026-06-30 02:10,A,냉동2,-17.95,-14.61,82.8,9.0,47.4,12.6,3.839,정상
CL01473,2026-07-11 05:24,B,냉동2,-16.66,-15.29,90.1,453.0,53.9,0.0,4.38,폐기
CL01679,2026-07-17 09:37,C,냉동1,-18.46,-15.68,83.2,64.0,44.4,0.0,2.912,정상
CL00134,2026-06-04 22:11,A,냉동1,-18.16,-16.04,86.6,22.0,39.3,0.0,2.979,정상
CL01977,2026-07-25 15:27,B,냉동2,-18.24,-15.1,81.9,18.0,54.0,0.0,3.914,정상
CL01978,2026-07-25 16:12,A,냉동2,-17.93,-15.42,75.9,2.0,37.7,11.8,3.224,정상
CL01495,2026-07-11 22:32,C,냉동1,-17.62,-14.9,85.4,24.0,61.1,22.5,4.832,정상
CL01722,2026-07-18 13:29,C,냉동3,-16.84,-13.88,80.1,64.0,50.8,0.0,3.935,정상
CL02768,2026-08-16 06:25,A,냉동2,-18.16,-15.98,81.5,1.0,44.2,0.0,3.231,정상
CL02670,2026-08-13 14:59,A,냉동2,-17.98,-15.61,80.2,47.0,47.7,0.0,3.584,정상
CL02311,2026-08-03 10:29,A,냉동2,-17.39,-14.91,89.3,44.0,54.3,0.0,4.136,정상
CL01945,2026-07-24 17:34,B,냉동2,-17.79,-14.96,87.4,42.0,47.7,0.0,3.794,정상
CL02882,2026-08-19 08:12,C,냉동1,-18.27,-15.64,81.2,53.0,46.8,0.0,2.846,정상
CL01724,2026-07-18 14:24,B,냉동1,-15.25,-11.31,94.4,187.0,63.7,0.0,5.477,폐기
CL02526,2026-08-09 14:31,C,냉동1,-16.95,-14.29,83.7,60.0,53.4,0.0,3.637,정상
CL02706,2026-08-14 13:38,A,냉동3,-19.36,-16.76,92.7,101.0,38.0,0.0,2.77,정상
CL00995,2026-06-28 10:07,B,냉동2,-17.55,-15.05,82.0,31.0,55.6,0.0,4.231,정상
CL03325,2026-09-01 00:09,C,냉동2,-17.59,-14.33,89.5,1.0,50.6,16.0,4.772,정상
CL02334,2026-08-04 01:30,A,냉동1,-18.48,-15.09,83.5,32.0,50.4,0.0,3.613,정상
CL00296,2026-06-09 05:52,B,냉동2,-18.61,-16.21,87.1,28.0,38.9,0.0,2.948,정상
CL00398,2026-06-11 21:08,B,냉동2,-18.04,-16.14,89.9,9.0,44.7,0.0,3.423,정상
CL01491,2026-07-11 20:08,B,냉동2,-18.55,-15.5,81.1,7.0,52.1,0.0,3.967,정상
CL01275,2026-07-05 18:56,A,냉동1,-17.0,-14.47,89.8,45.0,48.1,0.0,3.816,정상
CL01107,2026-07-01 05:35,A,냉동3,-19.18,-15.96,88.9,0.0,44.1,13.2,3.789,정상
CL02243,2026-08-01 16:41,B,냉동2,-17.85,-15.51,86.8,248.0,42.0,0.0,3.068,정상
CL02401,2026-08-06 01:16,B,냉동1,-17.29,-15.01,80.1,13.0,52.6,0.0,4.147,정상
CL00347,2026-06-10 16:59,C,냉동3,-17.95,-15.1,85.2,148.0,46.5,0.0,3.557,정상
CL02387,2026-08-05 16:38,A,냉동1,-17.62,-14.53,86.0,120.0,49.2,25.3,4.394,정상
CL00721,2026-06-20 21:14,A,냉동1,-17.44,-13.99,79.0,22.0,44.1,0.0,3.085,정상
CL01159,2026-07-02 15:01,A,냉동3,-18.21,-15.42,83.4,52.0,45.4,0.0,3.924,정상
CL02310,2026-08-03 09:06,B,냉동1,-16.95,-13.94,83.7,63.0,61.9,0.0,4.538,정상
CL00756,2026-06-21 21:03,A,냉동2,-18.34,-15.47,94.5,26.0,50.6,0.0,3.888,정상
CL00540,2026-06-16 00:55,B,냉동2,-17.65,-15.08,88.2,8.0,55.4,0.0,4.323,정상
CL02590,2026-08-11 09:44,C,냉동1,-17.76,-14.88,90.9,145.0,43.6,0.0,3.102,정상
CL01319,2026-07-07 03:05,C,냉동1,-18.06,-15.4,83.3,14.0,45.8,0.0,3.625,정상
CL01760,2026-07-19 19:53,C,냉동1,-18.49,-15.6,82.5,54.0,45.0,0.0,4.004,정상
CL00856,2026-06-24 15:48,B,냉동2,-17.22,-14.47,91.4,20.0,45.1,0.0,3.515,정상
CL03395,2026-09-02 20:05,B,냉동2,-18.25,-15.2,91.1,9.0,47.8,0.0,3.542,정상
CL00945,2026-06-27 01:27,A,냉동1,-18.21,-14.95,,3.0,44.1,0.0,3.544,정상
CL02842,2026-08-18 06:46,C,냉동2,-19.03,-16.8,88.6,9.0,44.7,0.0,3.464,정상
CL00128,2026-06-04 15:53,B,냉동1,-17.35,-15.26,81.8,113.0,51.8,0.0,3.788,정상
CL02969,2026-08-21 18:54,B,냉동2,-17.76,-14.09,86.9,19.0,53.7,13.9,4.311,정상
CL02010,2026-07-26 11:31,A,냉동1,-17.77,-15.0,83.2,53.0,46.0,0.0,2.996,정상
CL01430,2026-07-10 04:13,A,냉동2,-17.77,-14.4,94.1,42.0,53.7,0.0,4.108,정상
CL00990,2026-06-28 07:56,C,냉동1,-17.94,-14.59,83.7,3.0,49.2,0.0,3.948,정상
CL03378,2026-09-02 08:11,B,냉동1,-17.4,-13.99,84.9,140.0,47.7,0.0,3.78,폐기
CL03284,2026-08-31 00:18,C,냉동1,-17.35,-14.5,88.5,7.0,48.1,0.0,3.288,정상
CL00731,2026-06-21 03:56,A,냉동2,-18.44,-16.2,85.9,7.0,47.8,0.0,3.526,정상
CL01512,2026-07-12 12:01,B,냉동2,-18.31,-16.32,83.9,26.0,45.2,0.0,3.505,정상
CL01424,2026-07-09 23:58,A,냉동1,-18.16,-16.32,94.0,325.0,41.6,0.0,2.817,정상
CL02550,2026-08-10 07:15,C,냉동2,-19.07,-15.63,85.7,5.0,38.5,0.0,3.102,정상
CL02114,2026-07-29 00:19,A,냉동2,-17.97,-15.32,88.7,7.0,46.3,0.0,3.431,정상
CL02061,2026-07-27 15:39,A,냉동1,-17.66,-14.67,84.4,40.0,48.0,0.0,3.995,정상
CL01949,2026-07-24 20:49,B,냉동2,-18.83,-16.68,85.5,14.0,37.7,0.0,3.019,정상
CL01548,2026-07-13 12:26,A,냉동1,-17.46,-14.92,88.4,130.0,47.8,0.0,3.639,정상
CL01444,2026-07-10 12:20,A,냉동1,-18.43,-16.01,86.4,68.0,47.9,0.0,3.852,정상
CL01745,2026-07-19 06:36,A,냉동1,-18.23,-15.41,83.6,8.0,45.5,0.0,3.592,정상
CL02271,2026-08-02 05:25,B,냉동2,-18.31,-14.72,89.9,2.0,44.7,0.0,3.051,정상
CL00772,2026-06-22 05:54,C,냉동2,-18.16,-15.49,90.2,1.0,41.1,0.0,3.042,정상
CL01357,2026-07-08 00:59,B,냉동3,-18.09,-15.54,83.7,12.0,50.4,0.0,4.06,정상
CL01973,2026-07-25 11:06,A,냉동2,-17.19,-14.54,85.6,60.0,55.0,0.0,4.176,정상
CL01727,2026-07-18 17:40,B,냉동3,-17.15,-14.27,91.8,74.0,55.4,0.0,4.355,정상
CL00257,2026-06-08 09:07,B,냉동2,-17.75,-15.22,97.3,62.0,46.9,16.1,3.601,정상
CL00473,2026-06-13 22:17,C,냉동1,-17.38,-14.41,79.5,26.0,53.3,14.7,4.5,정상
CL03371,2026-09-02 04:54,B,냉동1,-18.92,-16.06,81.5,18.0,48.8,0.0,3.616,정상
CL01021,2026-06-29 00:07,B,냉동1,-18.11,-15.5,78.8,30.0,48.1,0.0,3.552,정상
CL02939,2026-08-20 21:33,A,냉동3,-19.22,-16.1,82.8,4.0,42.1,0.0,3.413,정상
CL02840,2026-08-18 05:33,B,냉동3,-18.22,-16.55,87.6,17.0,47.6,0.0,3.399,정상
CL01425,2026-07-10 00:49,B,냉동2,-17.55,-15.14,88.1,6.0,55.2,0.0,4.595,정상
CL00725,2026-06-20 23:49,B,냉동1,-18.65,-16.23,87.8,5.0,37.1,0.0,3.192,정상
CL01151,2026-07-02 10:00,B,냉동1,-17.4,-14.78,79.7,6.0,49.9,0.0,3.847,정상
CL01954,2026-07-24 22:22,C,냉동2,-18.27,-15.65,87.9,1.0,51.1,22.5,4.681,정상
CL02213,2026-07-31 18:18,A,냉동1,-17.98,-15.37,85.9,42.0,47.3,0.0,3.999,정상
CL02690,2026-08-14 01:34,B,냉동1,-18.57,-16.16,85.8,4.0,43.4,0.0,3.614,정상
CL01416,2026-07-09 20:33,A,냉동3,-18.95,-17.18,88.0,4.0,37.9,18.8,3.068,정상
CL01692,2026-07-17 17:41,B,냉동1,-14.78,-11.5,88.8,76.0,60.0,0.0,5.105,폐기
CL01622,2026-07-15 12:13,A,냉동1,-18.02,-15.39,82.8,26.0,39.9,0.0,2.941,정상
CL01157,2026-07-02 14:18,C,냉동2,-17.87,-16.04,77.6,55.0,47.7,0.0,3.113,정상
CL01075,2026-06-30 09:41,B,냉동2,-17.35,-15.02,85.1,21.0,51.2,0.0,4.042,정상
CL01205,2026-07-03 16:38,C,냉동1,-17.18,-13.58,73.6,28.0,53.5,16.6,3.994,정상
CL02346,2026-08-04 09:51,A,냉동3,-17.31,-14.53,78.9,118.0,50.8,0.0,4.217,정상
CL03410,2026-09-03 07:32,A,냉동2,-17.82,-15.61,88.8,5.0,53.7,0.0,4.104,정상
CL02773,2026-08-16 08:56,A,냉동2,-17.18,-14.0,85.7,118.0,51.3,0.0,3.73,정상
CL02875,2026-08-19 03:44,A,냉동2,-17.39,-14.72,81.2,2.0,47.8,0.0,3.816,정상
CL02584,2026-08-11 07:09,B,냉동1,-18.08,-15.89,89.3,14.0,44.1,0.0,3.549,정상
CL02177,2026-07-30 21:34,A,냉동1,-17.67,-15.55,85.8,21.0,55.1,0.0,4.425,정상
CL02217,2026-07-31 21:21,C,냉동1,-18.08,-15.38,82.4,6.0,43.6,0.0,2.947,정상
CL00530,2026-06-15 17:16,B,냉동1,-16.49,-15.34,90.5,195.0,49.5,0.0,3.583,정상
CL02323,2026-08-03 16:52,C,냉동2,-18.67,-16.94,85.7,72.0,40.9,0.0,3.306,정상
CL02182,2026-07-30 23:38,C,냉동3,-18.37,-16.2,87.0,21.0,35.5,0.0,3.011,정상
CL03362,2026-09-01 21:38,B,냉동1,-17.35,-14.5,84.9,11.0,48.7,25.5,4.065,정상
CL02973,2026-08-21 21:43,C,냉동1,-19.3,-16.11,81.7,20.0,37.6,0.0,2.945,정상
CL00641,2026-06-18 16:12,C,냉동2,-18.47,-14.64,92.4,58.0,51.1,0.0,3.95,정상
CL02876,2026-08-19 03:53,C,냉동2,-17.91,-15.06,82.7,1.0,39.9,0.0,3.14,정상
CL01142,2026-07-02 04:34,B,냉동3,-18.33,-14.8,80.9,21.0,40.2,0.0,3.267,정상
CL02299,2026-08-02 22:37,A,냉동3,-18.19,-15.68,87.9,29.0,45.1,0.0,3.431,정상
CL00973,2026-06-27 20:43,C,냉동1,-19.05,-16.15,78.3,11.0,40.4,0.0,2.736,정상
CL02425,2026-08-06 16:48,A,냉동2,-17.55,-14.36,84.2,138.0,53.4,0.0,3.607,정상
CL01580,2026-07-14 07:37,B,냉동2,-17.37,-15.12,87.2,2.0,46.5,0.0,3.93,정상
CL00453,2026-06-13 06:52,B,냉동2,-17.27,-14.74,83.3,8.0,55.9,0.0,4.523,정상
CL02796,2026-08-16 23:43,A,냉동2,-18.45,-16.0,81.6,23.0,42.8,19.8,3.48,정상
CL02418,2026-08-06 12:27,A,냉동1,-17.58,-15.14,83.4,35.0,63.2,0.0,4.526,정상
CL01122,2026-07-01 16:47,A,냉동2,-19.48,-16.91,84.7,39.0,37.9,0.0,2.981,정상
CL00658,2026-06-19 03:01,C,냉동3,-17.64,-14.56,82.8,7.0,48.6,0.0,3.479,정상
CL01859,2026-07-22 11:27,A,냉동1,-17.54,-14.56,87.9,60.0,47.5,0.0,3.923,정상
CL00156,2026-06-05 13:07,B,냉동1,-18.92,-15.71,,72.0,37.1,13.9,3.008,정상
CL01010,2026-06-28 17:00,B,냉동2,-18.26,-15.25,89.2,4.0,49.3,0.0,4.107,정상
CL01093,2026-06-30 21:06,C,냉동1,-17.16,-14.68,82.9,6.0,48.8,0.0,3.932,정상
CL01055,2026-06-29 22:11,C,냉동2,-18.7,-15.72,85.0,3.0,43.8,0.0,3.317,정상
CL02724,2026-08-14 23:11,C,냉동1,-17.75,-14.77,85.5,12.0,53.9,0.0,3.964,정상
CL00313,2026-06-09 18:28,C,냉동3,-19.14,-15.75,86.6,121.0,42.9,0.0,3.546,정상
CL02403,2026-08-06 01:22,B,냉동2,-17.57,-14.75,85.6,4.0,46.6,0.0,3.672,정상
CL02282,2026-08-02 10:58,C,냉동1,-17.54,-14.87,82.7,44.0,50.3,0.0,3.745,폐기
CL01496,2026-07-12 00:03,C,냉동2,-18.46,-15.68,82.3,3.0,48.7,0.0,3.888,정상
CL00715,2026-06-20 17:47,B,냉동2,-17.12,-14.43,90.4,57.0,50.8,0.0,4.087,정상
CL03220,2026-08-29 01:19,B,냉동3,-17.62,-14.85,82.8,1.0,42.2,0.0,2.918,정상
CL02283,2026-08-02 11:15,C,냉동1,-17.64,-14.77,84.3,77.0,49.3,0.0,3.557,정상
CL03001,2026-08-22 19:49,A,냉동3,-17.74,-14.59,93.3,34.0,44.9,0.0,3.748,정상
CL02083,2026-07-28 03:58,A,냉동1,-18.31,-15.39,87.0,3.0,40.1,0.0,2.917,정상
CL00378,2026-06-11 10:35,A,냉동2,-17.71,-14.83,82.3,28.0,49.6,0.0,3.63,정상
CL02989,2026-08-22 09:52,B,냉동1,-16.7,-14.36,92.1,100.0,53.8,0.0,4.066,정상
CL01246,2026-07-04 21:14,C,냉동3,-18.03,-15.32,83.8,15.0,45.8,0.0,3.67,정상
CL02144,2026-07-29 22:32,A,냉동2,-19.19,-16.58,81.9,31.0,38.0,0.0,2.643,정상
CL00502,2026-06-14 23:55,C,냉동3,-19.25,-16.08,82.9,52.0,37.6,0.0,2.96,정상
CL01630,2026-07-15 19:02,A,냉동3,-17.95,-15.27,90.5,111.0,51.4,0.0,3.765,정상
CL00741,2026-06-21 11:24,B,냉동2,-17.23,-14.69,81.2,71.0,46.4,0.0,3.807,정상
CL01488,2026-07-11 17:57,C,냉동3,-18.4,-15.59,87.1,63.0,37.9,0.0,2.519,정상
CL00847,2026-06-24 08:45,B,냉동1,-17.22,-14.55,81.3,33.0,47.0,0.0,3.567,정상
CL01316,2026-07-07 01:43,B,냉동2,-18.41,-15.94,78.2,6.0,51.2,0.0,3.621,정상
CL00397,2026-06-11 20:49,A,냉동1,-18.08,-15.14,84.0,9.0,45.7,0.0,3.466,정상
CL00744,2026-06-21 13:28,A,냉동2,-17.4,-14.51,83.3,43.0,51.9,0.0,3.698,정상
CL01557,2026-07-13 18:53,A,냉동3,-18.1,-15.43,96.9,42.0,46.4,0.0,3.24,정상
CL03331,2026-09-01 03:21,B,냉동1,-17.61,-14.29,83.9,46.0,47.9,0.0,3.601,정상
CL02524,2026-08-09 12:49,C,냉동2,-17.09,-14.11,74.4,23.0,54.9,0.0,4.251,정상
CL02225,2026-08-01 04:11,C,냉동2,-16.91,-14.12,87.1,3.0,44.5,0.0,3.626,정상
CL00152,2026-06-05 09:30,A,냉동2,-18.93,-16.07,88.3,33.0,34.6,16.3,3.082,정상
CL00093,2026-06-03 11:05,B,냉동1,-18.05,-14.94,86.3,32.0,43.3,0.0,3.3,정상
CL02037,2026-07-26 21:48,A,냉동1,-16.8,-14.42,78.7,26.0,57.3,0.0,4.941,정상
CL01834,2026-07-21 17:36,B,냉동2,-17.57,-14.82,95.1,57.0,55.3,0.0,3.97,정상
CL02594,2026-08-11 14:45,A,냉동1,-15.94,-15.63,92.0,258.0,51.8,0.0,4.05,폐기
CL01324,2026-07-07 06:39,A,냉동3,-18.3,-15.14,84.6,21.0,42.2,0.0,3.466,정상
CL00561,2026-06-16 14:53,B,냉동3,-17.32,-14.08,87.0,166.0,50.3,0.0,3.955,정상
CL00298,2026-06-09 07:28,B,냉동3,-18.0,-15.31,74.0,9.0,46.2,0.0,3.43,정상
CL02070,2026-07-27 22:02,B,냉동1,-18.11,-16.19,86.0,3.0,54.2,0.0,3.87,정상
CL00018,2026-06-01 08:58,B,냉동2,-18.01,-14.79,85.4,55.0,47.2,0.0,3.251,정상
CL01946,2026-07-24 18:48,C,냉동1,-18.11,-15.43,94.0,93.0,45.4,0.0,3.677,정상
CL00554,2026-06-16 12:06,C,냉동1,-18.36,-15.7,92.6,21.0,48.7,0.0,3.322,정상
CL00241,2026-06-08 01:02,C,냉동3,-17.89,-15.28,83.6,12.0,48.5,0.0,3.971,정상
CL02901,2026-08-19 22:18,B,냉동1,-18.0,-15.2,,44.0,45.1,0.0,3.364,정상
CL03317,2026-08-31 18:24,B,냉동1,-18.48,-16.28,93.1,43.0,54.7,0.0,4.259,정상
CL01165,2026-07-02 17:15,C,냉동1,-17.81,-16.08,83.0,50.0,48.3,0.0,3.678,정상
CL00058,2026-06-02 13:55,B,냉동2,-18.08,-15.27,81.6,28.0,49.4,0.0,3.293,정상
CL01479,2026-07-11 11:07,A,냉동2,-17.34,-14.93,84.8,57.0,45.6,0.0,3.755,정상
CL01629,2026-07-15 17:43,A,냉동3,-18.47,-15.74,91.8,16.0,40.1,0.0,3.04,정상
CL01303,2026-07-06 17:25,A,냉동3,-17.9,-15.27,89.6,90.0,59.3,19.0,4.859,정상
CL01289,2026-07-06 07:40,B,냉동3,-17.97,-14.71,,16.0,44.9,0.0,3.213,정상
CL00281,2026-06-08 22:03,A,냉동1,-17.75,-14.76,86.3,23.0,44.0,0.0,3.257,정상
CL00547,2026-06-16 07:34,B,냉동1,-17.97,-15.86,73.7,1.0,48.6,0.0,3.91,정상
CL03389,2026-09-02 16:06,A,냉동3,-17.43,-14.29,82.7,23.0,51.7,0.0,3.929,정상
CL02156,2026-07-30 05:31,C,냉동1,-18.47,-15.62,88.3,14.0,40.8,11.9,3.265,정상
CL00966,2026-06-27 14:21,C,냉동2,-17.7,-15.8,85.2,36.0,49.1,0.0,3.977,정상
CL00687,2026-06-19 21:03,B,냉동3,-19.45,-17.06,81.5,48.0,43.4,0.0,3.102,정상
CL02428,2026-08-06 18:46,C,냉동1,-17.9,-15.8,85.8,95.0,50.7,21.3,4.342,정상
CL02135,2026-07-29 15:42,B,냉동3,-17.65,-14.37,87.6,30.0,47.6,0.0,3.489,정상
CL01199,2026-07-03 12:41,B,냉동2,-17.26,-15.16,83.8,14.0,48.1,0.0,3.297,정상
CL01274,2026-07-05 18:06,A,냉동2,-18.34,-16.18,80.8,39.0,44.5,0.0,3.555,정상
CL00184,2026-06-06 06:31,C,냉동2,-17.47,-15.1,91.9,18.0,47.4,11.2,3.733,정상
CL01467,2026-07-11 01:12,A,냉동3,-18.5,-16.55,80.9,17.0,44.0,0.0,3.893,정상
CL01678,2026-07-17 08:47,B,냉동3,-14.88,-11.59,86.6,54.0,67.4,0.0,5.478,폐기
CL00797,2026-06-22 23:28,A,냉동3,-17.83,-15.02,78.9,5.0,46.6,0.0,3.411,정상
CL01471,2026-07-11 03:56,A,냉동1,-17.9,-14.91,91.9,2.0,50.7,0.0,3.889,정상
CL00872,2026-06-25 05:07,A,냉동1,-18.09,-15.5,88.4,20.0,48.1,0.0,3.412,정상
CL02141,2026-07-29 20:56,C,냉동1,-18.74,-16.4,86.3,29.0,43.0,0.0,3.447,정상
CL01470,2026-07-11 03:03,A,냉동1,-16.17,-14.87,100.1,321.0,50.3,0.0,4.05,정상
CL01087,2026-06-30 16:56,A,냉동2,-17.82,-15.03,84.0,112.0,56.3,0.0,4.487,정상
CL02682,2026-08-13 22:04,C,냉동1,-18.1,-15.63,82.3,8.0,52.6,0.0,3.739,정상
CL00472,2026-06-13 21:41,B,냉동2,-18.62,-16.03,79.3,9.0,45.3,0.0,3.591,정상
CL00430,2026-06-12 16:17,A,냉동3,-17.71,-15.65,83.0,23.0,57.7,0.0,4.44,정상
CL01538,2026-07-13 06:11,A,냉동1,-17.87,-15.34,90.2,1.0,43.5,0.0,3.759,정상
CL01365,2026-07-08 10:26,C,냉동3,-17.57,-14.56,90.9,59.0,49.7,0.0,3.846,정상
CL02046,2026-07-27 04:46,B,냉동1,-18.57,-15.97,84.9,21.0,42.3,0.0,3.483,정상
CL01721,2026-07-18 12:11,B,냉동2,-15.46,-11.8,91.1,144.0,56.8,0.0,4.604,폐기
CL02566,2026-08-10 20:55,A,냉동2,-17.77,-15.64,79.1,9.0,46.7,0.0,3.912,정상
CL00190,2026-06-06 10:33,C,냉동1,-18.27,-15.27,81.7,65.0,43.7,0.0,3.339,정상
CL01016,2026-06-28 21:44,B,냉동2,-18.46,-16.09,84.9,22.0,46.1,0.0,4.077,정상
CL02915,2026-08-20 05:31,A,냉동3,-18.88,-16.12,93.4,23.0,39.7,0.0,2.798,정상
CL00361,2026-06-11 00:44,C,냉동1,-18.78,-16.16,87.3,28.0,34.6,0.0,2.355,정상
CL01172,2026-07-02 21:37,A,냉동1,-18.3,-15.51,87.4,12.0,49.8,0.0,3.617,정상
CL00572,2026-06-16 22:42,C,냉동2,-18.02,-15.23,79.3,21.0,42.6,0.0,3.502,정상
CL01317,2026-07-07 01:58,C,냉동3,-17.5,-14.95,91.8,12.0,46.9,0.0,3.374,정상
CL00158,2026-06-05 14:57,A,냉동3,-17.31,-15.09,86.1,21.0,41.2,0.0,3.113,정상
CL01543,2026-07-13 08:29,C,냉동1,-18.85,-15.49,90.3,47.0,36.9,15.2,3.199,정상
CL01850,2026-07-22 04:16,C,냉동2,-18.88,-16.94,90.7,27.0,44.8,0.0,3.604,정상
CL01604,2026-07-14 23:00,C,냉동1,-18.85,-16.66,84.7,6.0,40.3,0.0,3.297,정상
CL03099,2026-08-25 11:20,B,냉동2,-17.99,-15.71,81.7,67.0,47.4,0.0,3.731,정상
CL02452,2026-08-07 13:36,A,냉동3,-18.89,-16.19,89.6,45.0,35.2,0.0,3.015,정상
CL01095,2026-06-30 21:42,A,냉동1,-18.22,-15.98,84.1,16.0,46.9,11.1,3.632,정상
CL03277,2026-08-30 19:24,B,냉동2,-18.32,-15.95,85.8,47.0,47.5,0.0,3.519,정상
CL01280,2026-07-06 00:11,A,냉동3,-16.39,-13.95,94.5,296.0,48.0,0.0,3.587,정상
CL00813,2026-06-23 12:49,C,냉동1,-17.22,-13.93,87.9,67.0,49.1,0.0,3.678,정상
CL02645,2026-08-13 00:20,A,냉동1,-18.51,-16.1,92.5,19.0,45.0,0.0,3.497,정상
CL00245,2026-06-08 03:13,C,냉동1,-17.18,-15.34,89.6,23.0,49.7,0.0,3.997,정상
CL00927,2026-06-26 13:38,C,냉동3,-18.4,-15.84,84.4,76.0,49.1,0.0,4.36,정상
CL00838,2026-06-24 02:59,B,냉동1,-19.16,-16.78,79.0,22.0,29.1,0.0,2.361,정상
CL03256,2026-08-30 06:21,A,냉동2,-18.07,-15.85,83.7,17.0,46.9,0.0,3.2,정상
CL02069,2026-07-27 21:13,A,냉동2,-18.3,-16.41,87.0,6.0,44.7,0.0,3.433,정상
CL03345,2026-09-01 12:49,A,냉동2,-17.56,-14.29,85.5,6.0,50.7,0.0,3.765,정상
CL03347,2026-09-01 13:35,A,냉동1,-17.56,-14.65,85.7,86.0,43.4,0.0,3.148,정상
CL01153,2026-07-02 12:52,B,냉동2,-17.69,-15.64,86.5,32.0,41.4,0.0,3.336,정상
CL01789,2026-07-20 14:12,C,냉동1,-17.65,-14.94,88.4,17.0,50.4,0.0,3.313,정상
CL02914,2026-08-20 05:20,A,냉동1,-17.76,-15.63,83.4,12.0,47.9,0.0,3.856,정상
CL02982,2026-08-22 03:27,B,냉동3,-17.65,-14.63,82.6,21.0,47.4,0.0,3.288,정상
CL02506,2026-08-09 01:11,A,냉동3,-17.69,-14.49,84.1,7.0,48.8,0.0,3.782,정상
CL02956,2026-08-21 08:25,A,냉동1,-18.42,-16.19,85.3,32.0,39.2,0.0,2.824,정상
CL03411,2026-09-03 09:02,C,냉동3,-17.25,-14.16,83.4,83.0,47.8,0.0,3.923,정상
CL02733,2026-08-15 08:11,B,냉동3,-18.13,-15.25,90.4,119.0,48.3,0.0,3.661,정상
CL01848,2026-07-22 03:09,B,냉동3,-18.79,-16.34,81.8,46.0,44.2,0.0,3.495,정상
CL02688,2026-08-14 00:18,A,냉동1,-18.41,-16.49,78.9,2.0,45.1,0.0,3.271,정상
CL01112,2026-07-01 10:14,B,냉동1,-16.7,-13.48,84.4,12.0,52.0,0.0,3.755,정상
CL02119,2026-07-29 04:08,A,냉동2,-18.2,-15.45,72.9,1.0,48.7,0.0,4.046,정상
CL00186,2026-06-06 08:09,B,냉동3,-17.5,-14.39,81.8,53.0,57.7,0.0,4.294,정상
CL01326,2026-07-07 07:43,C,냉동2,-18.53,-15.98,88.5,28.0,43.3,19.4,3.491,정상
CL02622,2026-08-12 08:08,A,냉동2,-18.38,-15.42,86.0,30.0,42.6,0.0,3.585,정상
CL02260,2026-08-02 00:14,A,냉동3,-18.11,-14.76,86.0,14.0,45.0,0.0,3.81,정상
CL03133,2026-08-26 12:48,B,냉동1,-17.93,-15.39,84.1,81.0,46.4,0.0,3.352,정상
CL02974,2026-08-21 22:06,B,냉동2,-18.84,-16.17,86.8,9.0,50.1,0.0,3.823,정상
CL02864,2026-08-18 18:58,C,냉동2,-17.44,-14.83,81.6,24.0,50.4,15.0,4.179,정상
CL03170,2026-08-27 11:58,B,냉동2,-17.44,-14.66,84.5,43.0,50.4,12.4,4.41,정상
CL02605,2026-08-11 21:43,C,냉동3,-18.04,-14.87,89.8,9.0,42.1,0.0,3.132,정상
CL03211,2026-08-28 15:06,C,냉동1,-17.52,-15.7,85.8,58.0,56.3,14.5,4.642,정상
CL01689,2026-07-17 16:19,B,냉동1,-15.41,-13.42,85.9,18.0,54.3,0.0,4.223,폐기
CL02754,2026-08-15 21:53,A,냉동3,-18.72,-15.66,84.5,4.0,47.4,0.0,3.481,정상
CL00718,2026-06-20 20:04,C,냉동1,-18.01,-15.82,78.9,9.0,52.7,14.0,4.223,정상
CL00461,2026-06-13 14:26,A,냉동3,-17.03,-14.55,84.2,28.0,57.8,19.1,4.142,정상
CL00734,2026-06-21 05:52,B,냉동1,-18.2,-15.66,87.4,29.0,44.3,0.0,3.433,정상
CL01310,2026-07-06 23:27,A,냉동1,-18.39,-16.56,86.9,12.0,51.6,0.0,3.76,정상
CL01657,2026-07-16 17:43,A,냉동2,-17.69,-14.99,86.8,118.0,46.4,0.0,3.685,폐기
CL00145,2026-06-05 04:47,C,냉동1,-17.65,-14.95,85.1,2.0,44.7,0.0,3.676,정상
CL01492,2026-07-11 20:48,C,냉동1,-18.91,-15.25,85.1,10.0,36.2,0.0,2.909,정상
CL00141,2026-06-05 03:17,C,냉동1,-18.52,-16.11,90.9,22.0,48.1,0.0,3.508,정상
CL03016,2026-08-23 08:24,A,냉동1,-17.29,-13.92,87.4,13.0,43.0,21.7,3.45,정상
CL02738,2026-08-15 12:53,A,냉동1,-18.84,-15.66,89.9,72.0,47.0,0.0,3.984,정상
CL03310,2026-08-31 14:30,B,냉동2,-16.49,-14.68,92.8,364.0,49.1,0.0,3.268,폐기
CL01005,2026-06-28 15:16,C,냉동2,-17.4,-14.83,86.7,89.0,58.4,0.0,4.764,정상
CL02424,2026-08-06 16:33,B,냉동3,-17.68,-15.14,76.1,15.0,49.4,0.0,3.668,정상
CL02777,2026-08-16 11:37,B,냉동1,-17.99,-14.76,87.7,60.0,47.9,0.0,3.734,정상
CL01402,2026-07-09 10:10,C,냉동3,-18.35,-15.63,84.7,62.0,38.1,0.0,2.561,정상
CL02211,2026-07-31 16:53,B,냉동1,-18.1,-15.61,89.6,123.0,43.9,0.0,3.675,정상
CL00364,2026-06-11 02:04,C,냉동1,-17.95,-15.46,84.4,15.0,43.5,0.0,3.342,정상
CL01560,2026-07-13 21:30,C,냉동3,-18.13,-15.01,82.2,6.0,50.7,0.0,3.583,정상
CL02354,2026-08-04 13:43,A,냉동2,-16.99,-13.47,89.0,36.0,54.6,0.0,4.548,정상
CL00579,2026-06-17 01:56,A,냉동2,-19.0,-17.07,84.7,6.0,49.8,0.0,4.129,정상
CL01541,2026-07-13 07:38,A,냉동3,-19.68,-18.01,83.4,15.0,40.8,0.0,3.209,정상
CL01555,2026-07-13 17:53,B,냉동2,-16.9,-14.08,79.4,33.0,60.9,0.0,4.702,폐기
CL02008,2026-07-26 09:56,A,냉동3,-18.36,-15.15,88.1,64.0,49.4,0.0,3.717,정상
CL02547,2026-08-10 04:54,C,냉동2,-17.49,-14.71,88.7,21.0,54.9,0.0,4.634,정상
CL02377,2026-08-05 08:27,C,냉동2,-17.56,-13.91,81.5,23.0,52.2,0.0,4.003,정상
CL02071,2026-07-27 22:40,C,냉동2,-18.8,-15.06,86.4,11.0,42.0,25.1,4.004,정상
CL01191,2026-07-03 06:33,C,냉동2,-17.71,-15.1,79.7,21.0,50.8,0.0,3.863,정상
CL01332,2026-07-07 10:14,A,냉동1,-17.79,-14.91,85.0,26.0,41.5,0.0,3.238,정상
CL01374,2026-07-08 17:18,B,냉동2,-18.09,-15.53,91.1,74.0,55.9,0.0,4.201,정상
CL00097,2026-06-03 15:12,C,냉동2,-18.3,-15.6,87.0,35.0,42.2,0.0,3.416,폐기
CL02746,2026-08-15 17:46,B,냉동2,-16.81,-14.43,88.0,91.0,53.2,0.0,3.421,정상
CL01068,2026-06-30 04:18,B,냉동3,-19.38,-17.37,74.0,16.0,44.1,22.9,4.156,정상
CL01772,2026-07-20 04:24,C,냉동2,-18.31,-15.94,87.4,33.0,47.4,0.0,3.875,정상
CL01474,2026-07-11 06:08,B,냉동3,-18.43,-15.27,80.6,3.0,49.4,0.0,3.835,정상
CL03273,2026-08-30 17:17,C,냉동3,-18.34,-15.65,87.3,53.0,43.2,0.0,3.03,정상
CL02474,2026-08-08 05:55,B,냉동2,-18.86,-16.39,87.5,5.0,46.1,0.0,3.03,정상
CL02096,2026-07-28 13:36,C,냉동3,-18.17,-15.02,81.2,16.0,49.4,21.7,4.13,정상
CL01916,2026-07-24 01:22,C,냉동3,-18.98,-16.64,78.5,4.0,47.3,25.5,3.763,정상
CL03361,2026-09-01 21:31,C,냉동1,-18.49,-15.84,89.5,7.0,42.5,0.0,3.13,정상
CL00542,2026-06-16 01:38,A,냉동2,-17.93,-15.02,89.5,7.0,46.3,0.0,3.288,정상
CL00289,2026-06-09 01:56,B,냉동1,-18.49,-15.81,84.5,12.0,48.8,0.0,3.989,정상
CL01486,2026-07-11 16:05,B,냉동2,-17.31,-14.85,84.3,62.0,54.0,0.0,4.324,정상
CL01478,2026-07-11 09:03,B,냉동1,-17.97,-15.85,88.4,56.0,57.2,0.0,4.634,정상
CL02564,2026-08-10 18:58,A,냉동1,-17.88,-14.9,86.0,82.0,41.9,0.0,3.304,정상
CL01503,2026-07-12 03:50,B,냉동1,-19.27,-16.95,86.1,4.0,49.7,0.0,3.894,정상
CL00532,2026-06-15 18:45,C,냉동1,-18.11,-14.64,84.1,22.0,49.5,0.0,4.264,정상
CL01287,2026-07-06 07:03,A,냉동2,-18.4,-16.26,85.2,22.0,49.6,0.0,3.966,정상
CL00908,2026-06-26 02:30,B,냉동1,-17.87,-15.08,79.7,10.0,45.0,20.5,3.788,정상
CL01650,2026-07-16 11:49,A,냉동3,-17.58,-15.13,79.5,49.0,48.5,0.0,3.646,정상
CL02983,2026-08-22 04:39,A,냉동1,-18.21,-15.97,84.5,4.0,48.0,0.0,3.711,정상
CL00110,2026-06-04 02:52,C,냉동1,-18.55,-15.64,79.2,4.0,44.8,0.0,3.499,정상
CL00357,2026-06-10 22:35,B,냉동2,-18.03,-14.94,83.7,20.0,43.9,0.0,3.583,정상
CL00452,2026-06-13 05:37,A,냉동2,-18.05,-15.43,88.7,4.0,53.8,0.0,4.05,정상
CL02348,2026-08-04 10:33,B,냉동2,-18.93,-16.52,84.3,41.0,40.1,0.0,2.668,정상
CL01684,2026-07-17 13:41,A,냉동2,-17.96,-15.47,88.2,16.0,49.4,0.0,3.786,정상
CL00977,2026-06-27 23:47,A,냉동1,-19.18,-16.75,85.6,21.0,45.7,0.0,3.527,정상
CL03053,2026-08-24 05:22,C,냉동1,-18.96,-17.34,85.0,17.0,34.8,0.0,3.206,정상
CL02238,2026-08-01 15:08,C,냉동2,-17.31,-15.09,87.8,120.0,50.1,21.9,4.239,정상
CL00857,2026-06-24 16:00,C,냉동1,-17.86,-15.29,94.3,85.0,48.6,0.0,3.88,정상
CL01819,2026-07-21 09:24,A,냉동2,-17.91,-15.22,84.5,81.0,52.4,0.0,4.15,정상
CL01662,2026-07-16 20:49,A,냉동2,-16.99,-14.5,88.4,6.0,50.6,0.0,3.571,정상
CL03315,2026-08-31 17:26,A,냉동2,-17.09,-14.1,85.4,21.0,56.7,0.0,3.751,정상
CL00929,2026-06-26 15:07,B,냉동1,-18.37,-15.94,83.5,41.0,33.6,12.9,3.126,정상
CL00712,2026-06-20 16:04,B,냉동1,-17.93,-15.2,85.8,34.0,52.9,0.0,4.41,정상
CL02147,2026-07-29 23:43,B,냉동2,-18.67,-15.71,80.7,21.0,54.0,0.0,3.418,정상
CL01935,2026-07-24 12:28,B,냉동3,-17.81,-14.73,80.7,46.0,43.4,0.0,3.603,정상
CL02250,2026-08-01 21:03,A,냉동3,-16.53,-12.96,85.5,10.0,51.2,0.0,3.931,정상
CL01251,2026-07-05 00:36,C,냉동2,-18.64,-15.66,85.7,1.0,53.6,0.0,3.841,정상
CL02580,2026-08-11 05:59,B,냉동2,-17.87,-15.98,79.7,25.0,43.4,0.0,,정상
CL02093,2026-07-28 10:23,B,냉동2,-17.82,-15.56,84.7,53.0,52.3,0.0,3.951,정상
CL03146,2026-08-26 22:30,B,냉동2,-18.89,-15.89,81.7,14.0,45.4,0.0,3.542,정상
CL02886,2026-08-19 10:15,B,냉동3,-18.07,-15.1,93.6,29.0,49.3,0.0,4.093,정상
CL02708,2026-08-14 14:16,C,냉동1,-18.61,-16.56,86.1,29.0,51.9,0.0,3.944,정상
CL00937,2026-06-26 21:07,A,냉동1,-18.69,-15.85,83.8,15.0,38.8,0.0,3.408,정상
CL02148,2026-07-29 23:58,B,냉동1,-17.24,-16.35,85.8,334.0,39.4,0.0,3.011,정상
CL03383,2026-09-02 11:51,B,냉동1,-16.19,-13.36,91.7,106.0,58.8,0.0,4.355,정상
CL00668,2026-06-19 11:06,A,냉동2,-18.04,-14.98,81.4,91.0,47.6,0.0,3.392,정상
CL00817,2026-06-23 14:20,A,냉동2,-17.94,-15.25,88.2,112.0,45.8,18.8,4.123,정상
CL02280,2026-08-02 10:09,A,냉동1,-17.39,-15.26,84.0,5.0,50.7,0.0,3.542,정상
CL00479,2026-06-14 05:14,A,냉동3,-18.9,-15.76,86.7,6.0,47.9,0.0,3.954,정상
CL02048,2026-07-27 06:32,A,냉동2,-17.74,-15.02,85.3,24.0,47.2,0.0,3.714,정상
CL02126,2026-07-29 10:08,C,냉동3,-17.19,-14.24,84.8,11.0,52.4,0.0,3.795,정상
CL02356,2026-08-04 14:58,B,냉동3,-17.23,-14.83,85.4,55.0,50.0,0.0,4.274,정상
CL02695,2026-08-14 06:00,C,냉동3,-18.36,-15.24,82.7,17.0,48.4,0.0,3.358,정상
CL01239,2026-07-04 15:12,B,냉동2,-16.59,-14.13,88.8,31.0,55.1,0.0,4.766,폐기
CL02883,2026-08-19 08:21,B,냉동2,-17.11,-13.69,80.4,61.0,49.5,0.0,3.536,정상
CL00495,2026-06-14 18:57,B,냉동3,-18.22,-15.1,89.3,46.0,45.7,0.0,3.485,정상
CL02834,2026-08-18 00:38,B,냉동2,-17.76,-15.57,81.9,14.0,52.7,0.0,3.907,정상
CL00179,2026-06-06 03:38,B,냉동1,-17.83,-15.45,78.3,8.0,47.4,0.0,3.702,정상
CL03194,2026-08-28 06:42,C,냉동1,-18.12,-15.36,86.1,4.0,43.6,0.0,3.359,정상
CL01074,2026-06-30 09:22,C,냉동1,-18.51,-15.8,81.0,49.0,39.0,0.0,2.913,정상
CL02922,2026-08-20 11:32,C,냉동1,-17.87,-15.21,85.1,45.0,44.1,0.0,3.372,정상
CL00633,2026-06-18 10:34,C,냉동1,-16.91,-13.68,88.9,58.0,55.8,0.0,3.613,정상
CL03040,2026-08-23 21:24,B,냉동1,-18.05,-15.04,93.8,35.0,37.7,0.0,2.83,정상
CL01726,2026-07-18 16:09,B,냉동1,-15.97,-13.36,88.0,97.0,59.8,0.0,4.607,정상
CL00919,2026-06-26 06:48,B,냉동1,-18.4,-15.64,83.1,5.0,45.3,0.0,3.64,정상
CL00739,2026-06-21 09:11,B,냉동2,-16.8,-13.53,81.2,53.0,46.5,0.0,3.037,정상
CL01446,2026-07-10 13:02,A,냉동1,-18.13,-13.97,85.7,111.0,45.2,22.0,3.799,정상
CL00334,2026-06-10 08:40,C,냉동3,-18.04,-15.44,87.8,44.0,53.0,0.0,4.441,정상
CL02477,2026-08-08 06:40,B,냉동1,-19.04,-15.69,81.3,44.0,31.1,24.3,2.924,정상
CL00805,2026-06-23 06:17,A,냉동1,-17.59,-14.74,83.1,27.0,46.1,24.0,3.594,정상
CL01815,2026-07-21 06:03,C,냉동1,-18.27,-16.61,82.4,4.0,48.5,0.0,3.669,정상
CL03145,2026-08-26 21:14,A,냉동1,-18.67,-15.75,87.2,6.0,37.6,0.0,2.614,정상
CL03162,2026-08-27 05:49,B,냉동1,-18.44,-16.02,87.2,2.0,48.8,13.3,4.472,정상
CL02630,2026-08-12 12:22,A,냉동3,-17.84,-14.69,82.3,81.0,45.0,0.0,3.153,정상
CL02880,2026-08-19 05:42,C,냉동3,-17.61,-14.35,89.6,7.0,49.5,0.0,3.69,정상
CL00078,2026-06-03 03:40,A,냉동1,-18.11,-15.27,82.2,7.0,40.6,0.0,3.304,정상
CL00276,2026-06-08 20:11,C,냉동1,-17.67,-14.38,85.2,20.0,45.8,0.0,3.653,정상
CL01413,2026-07-09 18:39,B,냉동1,-18.52,-16.44,84.3,41.0,44.3,0.0,3.777,폐기
CL02276,2026-08-02 09:00,A,냉동1,-17.15,-14.34,94.9,103.0,51.2,0.0,4.079,정상
CL00753,2026-06-21 18:56,C,냉동1,-18.02,-15.57,82.9,139.0,44.2,0.0,3.251,정상
CL00732,2026-06-21 04:35,A,냉동1,-18.86,-16.32,85.1,2.0,47.9,18.1,4.444,정상
CL00997,2026-06-28 12:12,A,냉동2,-17.22,-14.47,89.3,72.0,51.1,24.6,4.275,정상
CL01712,2026-07-18 05:48,A,냉동2,-19.16,-16.45,88.6,15.0,43.5,0.0,3.377,정상
CL03255,2026-08-30 05:36,A,냉동2,-18.05,-15.53,90.5,6.0,44.5,0.0,3.517,정상
CL00423,2026-06-12 10:40,A,냉동2,-18.31,-15.45,86.0,38.0,44.1,0.0,3.347,정상
CL01856,2026-07-22 10:01,A,냉동1,-17.37,-15.03,92.7,65.0,50.9,13.4,4.312,정상
CL03308,2026-08-31 13:39,C,냉동2,-17.63,-14.74,89.6,183.0,40.8,0.0,2.824,정상
CL02484,2026-08-08 11:19,B,냉동3,-17.19,-14.83,80.2,2.0,52.8,0.0,4.247,정상
CL02094,2026-07-28 11:48,B,냉동3,-18.23,-15.08,81.6,35.0,48.6,0.0,3.737,정상
CL02994,2026-08-22 15:32,A,냉동1,-17.87,-15.12,86.5,84.0,41.9,0.0,3.247,정상
CL02314,2026-08-03 11:21,A,냉동3,-16.68,-13.25,80.3,96.0,51.6,0.0,3.881,폐기
CL01134,2026-07-02 01:00,C,냉동3,-18.45,-15.9,86.2,8.0,41.4,0.0,3.081,정상
CL01979,2026-07-25 16:32,A,냉동1,-18.76,-15.25,82.3,43.0,46.8,0.0,3.379,정상
CL02440,2026-08-07 05:15,C,냉동1,-17.81,-14.91,87.9,11.0,44.0,0.0,3.582,정상
CL01901,2026-07-23 14:41,A,냉동1,-17.39,-14.75,86.7,163.0,56.3,0.0,4.347,정상
CL01955,2026-07-24 22:36,A,냉동2,-17.57,-15.26,77.4,20.0,49.8,17.6,4.186,정상
CL01753,2026-07-19 13:37,C,냉동1,-17.37,-15.14,95.7,37.0,48.2,0.0,3.573,정상
CL00297,2026-06-09 06:20,A,냉동3,-17.41,-14.66,78.8,20.0,55.9,0.0,4.362,정상
CL00786,2026-06-22 16:08,B,냉동2,-17.52,-14.73,81.7,157.0,47.5,17.0,4.223,정상
CL00523,2026-06-15 13:29,A,냉동2,-17.28,-14.42,88.5,40.0,50.0,0.0,3.644,정상
CL00839,2026-06-24 03:41,C,냉동1,-19.74,-16.33,73.2,23.0,35.7,0.0,2.964,정상
CL00338,2026-06-10 11:52,B,냉동2,-17.92,-14.09,83.3,113.0,47.6,0.0,3.735,정상
CL02776,2026-08-16 11:02,B,냉동1,-18.39,-15.94,89.3,50.0,45.8,0.0,3.853,정상
CL01448,2026-07-10 14:32,C,냉동2,-17.57,-14.52,91.2,143.0,50.4,0.0,4.051,정상
CL02467,2026-08-08 01:12,C,냉동1,-18.32,-15.84,91.5,4.0,39.8,0.0,2.823,정상
CL00274,2026-06-08 19:01,B,냉동2,-17.92,-14.83,77.0,93.0,50.4,0.0,4.174,정상
CL02415,2026-08-06 11:01,B,냉동1,-17.04,-14.24,90.6,64.0,57.8,0.0,4.224,정상
CL00879,2026-06-25 09:13,A,냉동2,-17.38,-14.55,79.5,47.0,44.5,0.0,3.266,정상
CL02912,2026-08-20 04:57,B,냉동2,-17.66,-15.47,83.2,16.0,46.9,0.0,3.594,정상
CL00975,2026-06-27 22:55,B,냉동1,-19.44,-16.52,81.6,11.0,43.6,0.0,3.2,정상
CL02604,2026-08-11 21:37,B,냉동1,-17.58,-15.02,84.1,4.0,46.4,0.0,3.348,정상
CL00546,2026-06-16 06:57,A,냉동3,-17.48,-15.44,77.6,25.0,51.7,0.0,4.156,정상
CL02525,2026-08-09 14:01,A,냉동1,-18.69,-15.67,77.5,116.0,50.0,0.0,3.352,정상
CL01415,2026-07-09 19:39,B,냉동1,-18.53,-16.36,84.7,90.0,43.0,0.0,3.597,정상
CL02761,2026-08-16 04:08,B,냉동3,-18.84,-15.93,81.6,6.0,47.5,0.0,3.938,정상
CL00440,2026-06-12 23:50,A,냉동3,-17.56,-14.94,80.4,10.0,45.3,0.0,3.762,정상
CL01858,2026-07-22 10:21,B,냉동3,-17.32,-14.31,85.5,47.0,49.3,0.0,4.13,정상
CL01103,2026-07-01 02:18,B,냉동2,-18.25,-15.34,85.5,6.0,45.3,0.0,3.325,정상
CL00059,2026-06-02 14:02,A,냉동1,-17.83,-15.31,84.0,24.0,51.5,0.0,3.925,정상
CL01439,2026-07-10 09:58,A,냉동1,-17.75,-14.68,82.9,50.0,58.3,0.0,4.433,정상
CL02198,2026-07-31 10:28,B,냉동2,-17.86,-15.82,86.1,18.0,46.0,0.0,3.68,정상
CL01549,2026-07-13 13:29,B,냉동3,-18.72,-15.96,91.9,85.0,47.0,0.0,3.467,정상
CL00431,2026-06-12 16:50,A,냉동2,-18.36,-15.56,83.3,66.0,41.1,0.0,3.222,정상
CL02210,2026-07-31 16:50,B,냉동2,-16.34,-14.9,91.5,341.0,59.8,0.0,5.245,정상
CL01711,2026-07-18 05:35,A,냉동1,-17.9,-14.48,80.6,23.0,48.6,0.0,3.767,정상
CL02186,2026-07-31 01:09,C,냉동1,-18.45,-14.95,85.4,4.0,41.8,0.0,3.024,정상
CL00127,2026-06-04 15:20,A,냉동1,-18.33,-16.04,85.4,24.0,53.9,0.0,3.839,정상
CL01261,2026-07-05 08:40,A,냉동3,-18.84,-15.71,83.5,28.0,41.1,0.0,3.549,정상
CL01397,2026-07-09 07:30,A,냉동3,-18.24,-15.29,83.7,9.0,49.6,0.0,3.258,정상
CL01658,2026-07-16 18:06,A,냉동2,-17.05,-14.47,80.1,59.0,54.1,0.0,4.121,정상
CL00576,2026-06-17 00:54,B,냉동3,-18.77,-15.4,81.0,25.0,45.1,18.0,3.675,정상
CL02544,2026-08-10 02:53,C,냉동1,-17.96,-15.31,84.3,13.0,48.9,0.0,3.866,정상
CL01700,2026-07-17 23:50,B,냉동1,-16.88,-14.63,84.3,12.0,48.1,0.0,3.458,정상
CL00900,2026-06-25 22:18,A,냉동1,-18.56,-15.84,81.8,7.0,39.6,0.0,2.815,정상
CL01420,2026-07-09 21:34,C,냉동2,-19.31,-17.3,,83.0,29.1,0.0,2.212,정상
CL03008,2026-08-22 23:56,C,냉동3,-18.88,-15.86,82.8,10.0,44.0,0.0,3.297,정상
CL02591,2026-08-11 10:23,C,냉동1,-19.34,-16.04,85.2,35.0,36.1,0.0,2.823,정상
CL00321,2026-06-10 00:44,B,냉동3,-19.21,-16.91,77.9,5.0,40.3,0.0,3.241,정상
CL00467,2026-06-13 18:25,C,냉동1,-18.18,-15.66,94.1,11.0,49.2,0.0,3.552,정상
CL00003,2026-06-01 02:25,C,냉동2,-18.87,-15.8,79.3,49.0,50.8,0.0,4.011,정상
CL02174,2026-07-30 20:02,A,냉동2,-18.55,-15.76,84.1,2.0,41.6,0.0,3.346,정상
CL03028,2026-08-23 15:05,B,냉동3,-18.26,-15.31,83.1,55.0,41.1,0.0,3.404,정상
CL03236,2026-08-29 17:09,A,냉동1,-17.46,-15.21,84.7,38.0,46.9,0.0,4.294,정상
CL00365,2026-06-11 02:45,A,냉동1,-17.08,-14.44,82.9,18.0,50.2,0.0,3.755,정상
CL03127,2026-08-26 08:36,C,냉동3,-18.58,-16.41,89.3,53.0,38.9,0.0,3.042,정상
CL03041,2026-08-23 21:53,A,냉동1,-18.44,-16.18,85.1,20.0,48.6,0.0,3.71,정상
CL02891,2026-08-19 15:17,C,냉동2,-18.66,-16.44,82.6,35.0,50.7,0.0,4.194,정상
CL01518,2026-07-12 14:07,C,냉동3,-17.83,-14.8,84.3,62.0,51.4,0.0,3.431,정상
CL00359,2026-06-10 23:30,A,냉동3,-18.93,-16.91,82.5,19.0,39.6,0.0,2.874,정상
CL00154,2026-06-05 11:41,B,냉동1,-17.34,-15.36,81.1,48.0,46.9,0.0,3.649,정상
CL00831,2026-06-23 23:03,B,냉동1,-17.95,-15.63,89.2,12.0,51.9,0.0,3.921,정상
CL01155,2026-07-02 13:50,A,냉동1,-18.1,-15.51,92.8,50.0,50.4,0.0,4.081,정상
CL00506,2026-06-15 03:02,B,냉동1,-17.71,-14.93,81.2,9.0,47.4,0.0,3.669,정상
CL00094,2026-06-03 12:48,B,냉동2,-17.59,-14.55,88.3,79.0,51.6,14.4,4.6,정상
CL02879,2026-08-19 05:00,C,냉동1,-18.26,-15.41,80.1,29.0,41.6,11.4,3.347,정상
CL01766,2026-07-20 01:06,C,냉동2,-17.75,-15.12,88.8,29.0,50.1,0.0,3.518,정상
CL00690,2026-06-19 22:48,C,냉동3,-18.38,-16.22,78.7,25.0,42.2,0.0,3.133,정상
CL00821,2026-06-23 17:30,A,냉동2,-17.38,-14.98,83.7,27.0,54.4,0.0,3.953,정상
CL00115,2026-06-04 05:32,A,냉동2,-18.66,-16.64,82.9,1.0,49.2,0.0,3.667,정상
CL00272,2026-06-08 17:16,B,냉동3,-17.17,-14.53,93.1,117.0,50.3,0.0,3.525,정상
CL02855,2026-08-18 14:28,B,냉동2,-18.7,-16.03,86.3,16.0,45.7,12.9,3.854,정상
CL02990,2026-08-22 11:21,B,냉동3,-18.4,-15.69,86.0,36.0,41.4,0.0,3.014,정상
CL01321,2026-07-07 04:04,B,냉동2,-17.5,-15.06,76.5,4.0,51.5,0.0,3.81,정상
CL01036,2026-06-29 09:07,B,냉동2,-17.46,-14.09,88.8,39.0,47.2,0.0,3.372,정상
CL00407,2026-06-12 02:03,A,냉동2,-18.44,-15.52,76.2,32.0,38.8,0.0,3.164,정상
CL01719,2026-07-18 10:30,A,냉동2,-18.33,-16.05,81.0,44.0,38.5,0.0,2.648,정상
CL00247,2026-06-08 05:23,A,냉동1,-17.85,-14.34,85.1,1.0,47.7,24.0,4.407,정상
CL00214,2026-06-07 02:39,A,냉동3,-18.27,-15.6,84.9,38.0,42.0,0.0,3.365,정상
CL03179,2026-08-27 20:03,B,냉동3,-19.18,-16.56,79.2,24.0,39.5,0.0,2.843,정상
CL02662,2026-08-13 09:24,A,냉동1,-18.35,-15.91,82.8,12.0,36.4,14.0,2.955,정상
CL00035,2026-06-01 21:26,B,냉동3,-18.19,-15.77,82.7,27.0,43.4,0.0,3.121,정상
CL00563,2026-06-16 16:59,A,냉동2,-18.15,-15.36,84.4,47.0,48.8,0.0,3.514,정상
CL03149,2026-08-26 23:20,C,냉동2,-19.87,-17.72,87.3,4.0,29.4,0.0,2.378,정상
CL01835,2026-07-21 18:31,C,냉동1,-18.87,-15.32,92.6,71.0,39.9,0.0,2.966,정상
CL03207,2026-08-28 13:01,A,냉동3,-18.38,-16.38,87.1,69.0,43.1,0.0,3.071,정상
CL02215,2026-07-31 20:33,B,냉동2,-19.02,-16.57,83.2,7.0,39.9,0.0,3.226,정상
CL02411,2026-08-06 09:30,A,냉동2,-17.61,-14.17,88.0,103.0,46.3,20.3,3.862,정상
CL02187,2026-07-31 02:02,C,냉동1,-18.95,-16.32,82.3,6.0,37.7,0.0,2.275,정상
CL00233,2026-06-07 16:21,B,냉동3,-17.93,-15.21,87.5,42.0,47.1,0.0,3.342,정상
CL01565,2026-07-13 23:21,C,냉동1,-17.92,-15.29,85.2,17.0,53.2,0.0,4.082,정상
CL02030,2026-07-26 17:57,B,냉동2,-18.21,-15.78,78.2,63.0,49.5,0.0,4.394,정상
CL01643,2026-07-16 06:18,A,냉동2,-18.46,-16.04,84.4,6.0,48.6,0.0,3.702,정상
CL00188,2026-06-06 08:59,C,냉동1,-18.88,-16.27,85.9,106.0,44.3,0.0,3.54,정상
CL00860,2026-06-24 19:30,B,냉동1,-17.67,-14.92,80.6,14.0,55.0,0.0,4.569,정상
CL00836,2026-06-24 02:20,A,냉동2,-17.71,-15.26,90.8,1.0,58.6,0.0,5.294,정상
CL02410,2026-08-06 09:07,C,냉동1,-17.4,-14.6,87.1,50.0,51.2,0.0,3.813,정상
CL01051,2026-06-29 20:25,C,냉동3,-17.85,-15.3,78.8,1.0,53.4,0.0,3.882,정상
CL00139,2026-06-05 02:35,C,냉동2,-18.54,-15.68,92.4,2.0,43.2,0.0,3.269,정상
CL00609,2026-06-17 20:46,A,냉동1,-18.74,-15.67,87.0,8.0,45.2,0.0,3.443,정상
CL02953,2026-08-21 05:38,C,냉동2,-18.26,-15.0,87.1,8.0,51.2,0.0,3.572,정상
CL01309,2026-07-06 22:54,B,냉동2,-18.41,-15.81,84.4,24.0,44.6,0.0,3.6,정상
CL03366,2026-09-02 01:28,A,냉동1,-17.86,-14.83,78.6,18.0,48.4,0.0,3.419,정상
CL01735,2026-07-18 21:18,A,냉동1,-18.19,-15.99,88.8,6.0,50.7,0.0,4.277,정상
CL03094,2026-08-25 09:03,A,냉동1,-16.69,-13.94,89.4,86.0,59.3,0.0,4.45,정상
CL03033,2026-08-23 17:11,B,냉동1,-17.86,-14.28,90.8,163.0,45.8,0.0,3.516,정상
CL02992,2026-08-22 14:07,B,냉동2,-17.47,-14.06,87.4,33.0,49.0,0.0,3.866,정상
CL01552,2026-07-13 16:09,A,냉동1,-18.21,-14.39,82.6,82.0,50.5,0.0,4.429,정상
CL00024,2026-06-01 13:13,B,냉동3,-17.8,-15.17,85.9,19.0,45.3,0.0,3.657,정상
CL00629,2026-06-18 08:21,B,냉동1,-17.09,-14.7,84.6,25.0,45.5,24.7,3.862,정상
CL02553,2026-08-10 09:08,A,냉동3,-17.51,-14.71,88.7,26.0,49.8,0.0,4.345,정상
CL00165,2026-06-05 20:31,C,냉동1,-18.38,-15.61,88.4,15.0,42.1,0.0,3.212,정상
CL01343,2026-07-07 17:21,C,냉동2,-17.67,-14.79,88.0,124.0,52.8,0.0,4.503,정상
CL01528,2026-07-13 01:01,A,냉동1,-18.22,-15.81,82.7,11.0,48.9,0.0,3.74,정상
CL00816,2026-06-23 13:55,B,냉동3,-17.62,-14.54,85.7,10.0,56.8,0.0,4.33,정상
CL02077,2026-07-28 01:21,B,냉동3,-18.29,-15.84,81.2,10.0,45.4,0.0,3.203,정상
CL02013,2026-07-26 12:26,A,냉동3,-18.53,-16.38,84.4,60.0,44.5,0.0,3.411,정상
CL00952,2026-06-27 06:21,A,냉동1,-18.04,-15.89,81.4,10.0,56.2,0.0,4.026,정상
CL02714,2026-08-14 17:39,B,냉동1,-18.54,-15.84,78.4,8.0,42.1,0.0,2.803,정상
CL02831,2026-08-17 23:51,C,냉동3,-18.15,-15.38,81.3,40.0,47.7,0.0,3.559,정상
CL01160,2026-07-02 15:34,C,냉동3,-18.19,-15.41,85.5,94.0,49.1,0.0,3.669,정상
CL02710,2026-08-14 16:04,B,냉동2,-17.74,-15.03,94.7,52.0,50.4,0.0,3.721,정상
CL03336,2026-09-01 08:00,B,냉동2,-17.66,-14.73,82.8,33.0,51.7,20.1,4.021,정상
CL02389,2026-08-05 18:56,A,냉동1,-18.76,-15.34,92.0,197.0,44.8,0.0,3.185,정상
CL02023,2026-07-26 16:15,C,냉동1,-18.32,-15.64,85.7,98.0,45.6,0.0,3.581,정상
CL02881,2026-08-19 07:14,B,냉동3,-17.84,-15.59,85.5,4.0,50.3,0.0,3.687,정상
CL03019,2026-08-23 11:11,B,냉동2,-17.07,-14.26,84.5,113.0,41.2,0.0,3.323,정상
CL03267,2026-08-30 13:12,C,냉동1,-18.05,-15.41,86.3,55.0,44.4,0.0,3.267,정상
CL02317,2026-08-03 13:33,A,냉동2,-18.24,-15.79,84.3,72.0,50.7,0.0,3.494,정상
CL02175,2026-07-30 20:45,B,냉동3,-18.01,-15.26,83.2,15.0,49.0,0.0,3.833,정상
CL03057,2026-08-24 09:30,B,냉동2,-16.85,-14.43,78.8,41.0,50.6,0.0,3.446,정상
CL00613,2026-06-17 23:29,A,냉동1,-18.48,-15.51,84.9,19.0,40.6,0.0,2.997,정상
CL01773,2026-07-20 05:48,C,냉동3,-19.04,-17.01,79.9,1.0,50.9,0.0,4.141,정상
CL03048,2026-08-24 02:30,C,냉동2,-17.17,-14.44,83.9,24.0,57.8,0.0,4.29,정상
CL01029,2026-06-29 04:45,A,냉동2,-17.77,-15.18,88.2,28.0,46.9,0.0,3.551,정상
CL00702,2026-06-20 09:33,C,냉동3,-17.64,-14.08,82.5,97.0,50.2,0.0,3.665,정상
CL03275,2026-08-30 18:24,C,냉동3,-17.53,-15.11,88.0,15.0,50.7,0.0,4.089,폐기
CL02284,2026-08-02 11:36,C,냉동3,-16.67,-14.1,82.7,35.0,60.7,0.0,4.962,정상
CL01638,2026-07-16 01:50,B,냉동1,-14.41,-12.41,87.1,8.0,70.7,0.0,6.121,폐기
CL00016,2026-06-01 08:12,B,냉동3,-18.54,-16.47,82.5,23.0,47.2,0.0,3.738,정상
CL02179,2026-07-30 22:24,A,냉동1,-17.46,-14.85,87.6,36.0,53.4,0.0,4.409,정상
CL01804,2026-07-21 00:37,A,냉동2,-17.25,-14.06,85.1,2.0,54.4,22.1,4.527,정상
CL02087,2026-07-28 06:37,C,냉동2,-19.3,-16.79,86.4,4.0,42.0,0.0,3.434,정상
CL00961,2026-06-27 10:47,A,냉동2,-16.88,-13.94,85.6,28.0,43.3,0.0,3.666,정상
CL00002,2026-06-01 02:01,C,냉동1,-18.76,-15.56,86.0,8.0,48.0,0.0,3.531,정상
CL03350,2026-09-01 17:02,B,냉동1,-17.75,-15.06,81.0,19.0,41.7,0.0,2.887,정상
CL02744,2026-08-15 16:15,A,냉동1,-18.71,-15.99,83.6,95.0,36.8,0.0,2.481,정상
CL01028,2026-06-29 03:57,C,냉동2,-19.43,-16.52,81.9,3.0,43.5,0.0,2.926,정상
CL00122,2026-06-04 10:40,C,냉동1,-18.74,-15.85,87.2,49.0,43.8,0.0,3.59,정상
CL01130,2026-07-01 22:27,A,냉동3,-18.11,-14.77,81.4,38.0,45.3,13.1,,정상
CL01323,2026-07-07 06:22,A,냉동2,-19.12,-16.78,85.5,20.0,47.5,0.0,3.428,정상
CL01040,2026-06-29 10:14,B,냉동2,-18.22,-15.27,82.0,33.0,42.6,0.0,3.064,정상
CL01991,2026-07-26 00:06,A,냉동3,-17.47,-14.68,98.0,7.0,52.5,23.1,4.746,정상
CL02127,2026-07-29 10:46,C,냉동1,-17.35,-14.55,83.8,74.0,49.7,0.0,4.03,정상
CL01983,2026-07-25 20:38,B,냉동2,-18.38,-15.89,88.8,2.0,49.6,0.0,3.802,정상
CL00302,2026-06-09 09:01,A,냉동1,-17.93,-15.27,91.7,8.0,52.4,0.0,3.817,정상
CL00087,2026-06-03 08:51,B,냉동1,-16.34,-14.77,93.4,424.0,56.3,0.0,4.024,폐기
CL00636,2026-06-18 12:32,A,냉동1,-17.73,-15.5,87.8,26.0,51.0,0.0,3.723,정상
CL03234,2026-08-29 15:14,A,냉동3,-17.36,-15.4,85.2,15.0,50.4,0.0,3.97,정상
CL03407,2026-09-03 05:07,B,냉동1,-16.41,-15.36,90.2,221.0,48.5,0.0,3.92,폐기
CL00172,2026-06-05 23:53,A,냉동1,-18.29,-15.99,90.7,14.0,55.7,0.0,4.725,정상
CL02339,2026-08-04 03:48,A,냉동2,-18.95,-15.97,81.9,48.0,36.8,0.0,2.801,정상
CL00986,2026-06-28 06:22,A,냉동1,-16.96,-14.22,89.5,15.0,56.6,25.4,5.29,정상
CL01277,2026-07-05 20:19,A,냉동3,-18.59,-15.78,87.1,12.0,36.9,24.7,3.56,정상
CL00419,2026-06-12 07:49,A,냉동2,-17.56,-16.15,84.6,6.0,48.7,0.0,3.513,정상
CL02656,2026-08-13 06:52,B,냉동1,-17.96,-15.14,89.0,5.0,44.7,0.0,3.44,정상
CL01762,2026-07-19 21:30,A,냉동1,-18.14,-15.34,85.8,5.0,49.1,0.0,4.152,정상
CL02471,2026-08-08 03:01,A,냉동1,-19.37,-16.76,87.9,3.0,42.3,0.0,3.23,정상
CL02532,2026-08-09 18:36,A,냉동1,-17.46,-14.03,83.3,54.0,59.9,0.0,4.234,정상
CL02892,2026-08-19 15:28,C,냉동1,-16.97,-13.93,88.9,6.0,53.6,0.0,4.57,폐기
CL03122,2026-08-26 04:46,A,냉동1,-18.35,-15.28,88.8,10.0,45.3,0.0,3.379,정상
CL01118,2026-07-01 15:08,A,냉동1,-17.5,-14.78,81.9,47.0,45.7,23.9,4.051,정상
CL02227,2026-08-01 05:42,A,냉동3,-18.69,-15.48,82.9,15.0,43.7,12.1,3.839,정상
CL03408,2026-09-03 05:37,A,냉동2,-17.51,-15.1,76.9,21.0,52.3,0.0,3.875,정상
CL02774,2026-08-16 09:45,A,냉동1,-18.19,-15.39,77.0,58.0,47.9,0.0,3.211,정상
CL02246,2026-08-01 19:19,A,냉동2,-17.5,-14.47,88.4,55.0,46.6,0.0,3.578,정상
CL00417,2026-06-12 07:13,A,냉동3,-17.79,-15.22,84.7,23.0,47.1,0.0,3.7,정상
CL01188,2026-07-03 04:20,B,냉동2,-19.08,-16.36,92.1,7.0,35.6,19.0,3.171,정상
CL02805,2026-08-17 05:06,B,냉동2,-18.06,-15.29,89.6,5.0,37.3,0.0,3.113,정상
CL02309,2026-08-03 08:50,B,냉동2,-18.09,-14.88,96.3,130.0,49.2,12.9,3.937,정상
CL01043,2026-06-29 11:20,B,냉동3,-17.72,-14.5,83.7,22.0,55.0,0.0,4.335,정상
CL00117,2026-06-04 08:00,C,냉동2,-17.92,-15.7,93.2,57.0,49.8,0.0,3.586,정상
CL01874,2026-07-22 19:52,A,냉동1,-17.59,-14.9,89.7,63.0,47.5,24.5,4.421,정상
CL03374,2026-09-02 06:16,A,냉동1,-18.62,-15.92,80.8,8.0,38.6,0.0,3.152,정상
CL01666,2026-07-17 00:55,B,냉동2,-14.9,-12.69,82.7,9.0,59.7,0.0,4.354,폐기
CL02549,2026-08-10 06:29,B,냉동1,-18.07,-15.85,82.2,6.0,45.9,0.0,3.489,정상
CL00325,2026-06-10 02:08,B,냉동2,-17.72,-15.46,76.1,24.0,46.5,0.0,3.773,정상
CL03138,2026-08-26 15:34,C,냉동3,-18.32,-15.39,83.7,64.0,50.4,17.1,4.863,정상
CL01222,2026-07-04 05:40,C,냉동3,-18.54,-16.46,84.6,12.0,41.7,0.0,3.341,정상
CL02700,2026-08-14 09:56,A,냉동2,-18.52,-15.01,80.6,138.0,39.5,0.0,3.149,정상
CL02664,2026-08-13 10:09,B,냉동1,-17.5,-15.17,84.3,19.0,49.6,21.4,4.456,정상
CL03106,2026-08-25 14:26,A,냉동2,-17.32,-14.01,82.0,35.0,40.9,0.0,3.246,정상
CL00409,2026-06-12 03:02,A,냉동2,-19.3,-17.24,77.1,6.0,40.9,0.0,2.991,정상
CL02797,2026-08-17 00:45,B,냉동1,-18.67,-15.7,81.9,9.0,38.9,0.0,2.943,정상
CL03402,2026-09-03 02:21,A,냉동3,-18.91,-16.26,86.3,8.0,37.6,24.5,3.39,정상
CL02009,2026-07-26 10:53,C,냉동1,-18.76,-16.2,80.6,19.0,46.8,0.0,3.472,정상
CL02022,2026-07-26 15:55,A,냉동2,-18.01,-15.45,81.1,96.0,45.4,25.7,3.815,정상
CL03381,2026-09-02 10:44,C,냉동2,-18.08,-15.59,85.2,89.0,45.1,0.0,4.037,정상
CL02264,2026-08-02 02:45,A,냉동3,-17.79,-15.77,81.8,2.0,50.3,0.0,3.138,정상
CL02732,2026-08-15 07:30,A,냉동3,-19.15,-16.38,89.9,41.0,32.3,0.0,2.529,정상
CL03137,2026-08-26 14:34,A,냉동1,-18.85,-15.42,87.7,39.0,36.9,22.7,3.519,정상
CL02072,2026-07-27 23:20,B,냉동2,-18.37,-15.94,82.3,8.0,42.2,0.0,3.21,정상
CL01507,2026-07-12 07:01,B,냉동1,-17.78,-14.77,80.4,17.0,52.8,0.0,4.031,정상
CL01508,2026-07-12 07:11,A,냉동3,-18.56,-15.53,85.0,6.0,49.9,0.0,3.738,정상
CL02789,2026-08-16 16:56,B,냉동2,-18.44,-15.42,87.0,47.0,43.1,0.0,3.329,정상
CL02574,2026-08-11 02:01,A,냉동3,-18.15,-14.94,81.0,12.0,54.2,0.0,4.583,정상
CL00932,2026-06-26 16:52,B,냉동1,-18.11,-15.4,88.2,98.0,51.7,0.0,4.143,정상
CL02435,2026-08-06 23:05,A,냉동2,-18.81,-16.6,84.7,8.0,45.0,0.0,2.982,정상
CL02099,2026-07-28 14:31,B,냉동3,-16.85,-14.05,75.7,50.0,58.8,0.0,4.352,정상
CL00603,2026-06-17 15:56,B,냉동2,-16.88,-14.02,86.5,126.0,46.9,0.0,3.486,정상
CL03346,2026-09-01 13:04,A,냉동2,-17.84,-14.3,84.0,94.0,45.4,21.1,4.18,정상
CL03152,2026-08-27 00:43,B,냉동3,-18.08,-14.85,86.2,3.0,43.1,0.0,3.559,정상
CL01919,2026-07-24 04:44,A,냉동2,-18.1,-15.75,80.8,30.0,47.9,0.0,4.009,정상
CL01571,2026-07-14 03:39,C,냉동2,-18.45,-15.93,79.2,1.0,34.2,0.0,2.6,정상
CL02874,2026-08-19 02:54,A,냉동2,-17.68,-15.19,82.9,7.0,40.4,0.0,3.072,정상
CL02635,2026-08-12 16:55,A,냉동1,-17.97,-14.78,79.0,26.0,46.4,0.0,3.652,정상
CL01879,2026-07-22 23:48,B,냉동3,-19.07,-16.16,85.1,14.0,39.4,0.0,3.213,정상
CL00412,2026-06-12 04:19,A,냉동2,-18.38,-15.86,73.9,16.0,42.5,0.0,3.378,정상
CL01713,2026-07-18 06:23,C,냉동1,-18.03,-14.83,82.4,2.0,40.0,0.0,3.258,정상
CL00709,2026-06-20 14:16,A,냉동2,-17.48,-15.22,82.5,26.0,55.3,0.0,4.6,정상
CL00871,2026-06-25 04:29,A,냉동2,-16.79,-13.88,89.6,7.0,50.7,0.0,3.818,정상
CL00375,2026-06-11 08:33,C,냉동1,-17.85,-14.56,94.8,162.0,42.2,0.0,3.381,정상
CL03119,2026-08-26 00:55,A,냉동3,-18.3,-16.13,87.0,22.0,52.6,0.0,3.608,정상
CL00310,2026-06-09 15:36,B,냉동2,-17.3,-14.54,81.5,36.0,45.9,0.0,3.381,정상
CL03213,2026-08-28 17:03,B,냉동3,-18.04,-15.51,93.5,37.0,54.3,0.0,4.103,정상
CL00837,2026-06-24 02:31,C,냉동1,-18.73,-16.04,85.4,8.0,42.6,0.0,2.941,정상
CL01173,2026-07-02 21:50,A,냉동2,-18.41,-15.75,77.9,7.0,54.3,0.0,4.073,정상
CL01793,2026-07-20 15:24,B,냉동2,-17.93,-15.4,91.8,38.0,48.4,0.0,3.602,정상
CL00284,2026-06-08 23:17,B,냉동1,-18.41,-15.61,79.0,9.0,47.7,0.0,3.759,정상
CL01579,2026-07-14 07:08,A,냉동1,-17.59,-14.83,80.2,19.0,48.6,0.0,3.909,정상
CL01104,2026-07-01 02:53,B,냉동1,-18.48,-16.22,79.8,1.0,49.4,23.3,4.74,정상
CL00367,2026-06-11 03:44,A,냉동2,-18.02,-15.31,87.5,17.0,48.2,18.4,4.028,정상
CL03390,2026-09-02 17:23,B,냉동1,-17.88,-15.98,88.5,21.0,43.8,0.0,3.139,정상
CL01817,2026-07-21 07:24,C,냉동1,-17.23,-14.19,88.1,55.0,50.0,0.0,4.319,정상
CL02957,2026-08-21 09:59,A,냉동3,-18.04,-15.36,89.0,48.0,64.9,20.3,5.921,정상
CL01042,2026-06-29 11:13,A,냉동2,-18.28,-15.16,81.0,55.0,48.8,0.0,4.089,정상
CL01214,2026-07-03 23:02,B,냉동1,-17.56,-15.37,87.0,18.0,47.6,0.0,3.092,정상
CL03348,2026-09-01 14:20,A,냉동3,-18.42,-15.27,87.2,121.0,45.6,0.0,3.726,정상
CL01885,2026-07-23 04:22,A,냉동3,-17.51,-14.8,80.3,1.0,50.0,0.0,4.247,정상
CL02962,2026-08-21 13:38,C,냉동2,-18.7,-16.0,80.9,62.0,40.8,0.0,3.093,정상
CL01412,2026-07-09 17:51,C,냉동2,-18.75,-16.59,74.8,38.0,38.0,0.0,2.543,정상
CL03077,2026-08-25 00:34,A,냉동2,-18.44,-15.75,80.7,10.0,36.7,0.0,2.92,정상
CL00738,2026-06-21 08:48,C,냉동3,-17.62,-15.14,83.7,28.0,46.0,0.0,3.388,정상
CL01063,2026-06-30 02:38,B,냉동1,-18.29,-15.68,81.3,3.0,46.4,0.0,3.377,정상
CL00548,2026-06-16 08:11,C,냉동3,-17.56,-14.96,84.1,34.0,50.5,0.0,3.873,정상
CL01619,2026-07-15 11:03,A,냉동1,-17.78,-15.31,87.5,43.0,58.9,0.0,4.624,정상
CL00119,2026-06-04 08:27,B,냉동1,-18.37,-16.2,87.3,24.0,49.8,0.0,3.805,정상
CL01800,2026-07-20 21:16,C,냉동3,-17.77,-14.76,88.2,11.0,47.7,0.0,3.87,정상
CL00250,2026-06-08 06:33,A,냉동2,-18.69,-15.91,81.8,23.0,47.2,24.1,3.905,정상
CL02268,2026-08-02 04:13,C,냉동3,-18.87,-16.36,87.4,10.0,43.2,0.0,3.031,정상
CL01728,2026-07-18 18:48,A,냉동1,-18.34,-15.37,80.7,76.0,45.1,0.0,3.35,정상
CL00183,2026-06-06 06:10,A,냉동3,-18.0,-14.81,95.6,31.0,46.4,0.0,3.646,정상
CL02680,2026-08-13 21:30,C,냉동3,-18.76,-16.43,82.0,3.0,42.3,0.0,3.75,정상
CL02063,2026-07-27 17:11,A,냉동2,-17.35,-13.85,80.7,26.0,50.6,0.0,3.87,정상
CL02759,2026-08-16 02:21,A,냉동2,-18.34,-15.66,79.6,2.0,45.4,0.0,3.543,정상
CL00443,2026-06-13 01:48,A,냉동3,-18.18,-15.6,90.6,14.0,47.1,0.0,2.97,정상
CL02536,2026-08-09 22:07,C,냉동1,-18.64,-16.59,83.3,10.0,49.3,0.0,3.632,정상
CL02489,2026-08-08 14:08,B,냉동1,-18.14,-15.46,80.6,61.0,54.0,0.0,4.221,정상
CL02585,2026-08-11 07:38,C,냉동3,-17.82,-15.59,83.8,4.0,51.4,0.0,3.77,정상
CL03248,2026-08-30 00:25,C,냉동2,-18.47,-15.55,86.4,34.0,44.9,23.5,4.291,정상
CL00290,2026-06-09 02:22,A,냉동1,-18.09,-15.58,80.9,6.0,41.9,21.9,3.828,정상
CL00602,2026-06-17 15:47,C,냉동1,-17.85,-15.56,85.9,6.0,46.7,0.0,3.372,정상
CL01071,2026-06-30 05:31,A,냉동1,-18.49,-15.77,84.9,0.0,34.0,0.0,2.716,정상
CL00414,2026-06-12 05:25,B,냉동3,-17.14,-13.84,86.1,11.0,58.5,12.6,4.269,정상
CL00011,2026-06-01 04:48,B,냉동1,-17.8,-15.25,84.3,12.0,47.1,0.0,3.892,정상
CL02921,2026-08-20 10:42,B,냉동2,-18.04,-14.96,83.2,37.0,50.3,20.7,3.872,정상
CL00382,2026-06-11 12:39,B,냉동1,-17.94,-15.3,82.6,35.0,52.4,16.2,4.451,정상
CL03193,2026-08-28 05:14,B,냉동1,-18.1,-15.95,91.6,31.0,49.7,0.0,3.524,정상
CL02242,2026-08-01 16:25,C,냉동1,-18.25,-15.25,85.6,70.0,50.2,0.0,3.758,정상
CL01223,2026-07-04 05:57,B,냉동2,-18.06,-15.1,84.9,4.0,46.8,24.1,3.806,정상
CL02281,2026-08-02 10:38,C,냉동2,-18.42,-15.82,82.6,52.0,43.3,0.0,3.349,정상
CL00704,2026-06-20 10:52,A,냉동1,-17.58,-14.71,84.3,23.0,52.5,0.0,4.11,정상
CL02513,2026-08-09 06:24,B,냉동2,-18.81,-15.64,80.8,9.0,44.9,0.0,3.647,정상
CL01523,2026-07-12 19:38,B,냉동2,-18.22,-15.81,82.0,20.0,42.4,0.0,3.502,정상
CL01105,2026-07-01 03:45,C,냉동3,-19.04,-16.86,90.9,5.0,45.0,0.0,3.368,정상
CL01054,2026-06-29 21:49,C,냉동3,-18.51,-15.13,81.6,7.0,35.3,0.0,2.824,정상
CL02988,2026-08-22 09:41,A,냉동1,-17.78,-14.8,87.0,47.0,51.7,0.0,3.761,정상
CL00686,2026-06-19 20:45,B,냉동1,-17.66,-14.9,83.1,14.0,51.9,14.2,,정상
CL02149,2026-07-30 01:17,A,냉동2,-18.81,-15.66,83.5,1.0,42.4,0.0,2.854,정상
CL02294,2026-08-02 18:47,C,냉동2,-18.45,-15.24,79.6,97.0,47.0,0.0,3.794,정상
CL03043,2026-08-23 23:24,A,냉동3,-18.82,-16.57,83.7,12.0,51.0,0.0,3.942,정상
CL02955,2026-08-21 07:51,B,냉동1,-18.31,-15.67,85.1,8.0,58.5,0.0,4.726,정상
CL02859,2026-08-18 16:06,B,냉동1,-17.93,-15.1,,38.0,45.1,17.7,3.774,정상
CL03169,2026-08-27 11:55,C,냉동1,-18.14,-15.42,96.8,47.0,46.1,0.0,3.186,정상
CL01327,2026-07-07 07:51,A,냉동1,-18.27,-16.64,88.4,9.0,45.9,0.0,3.894,정상
CL00350,2026-06-10 19:17,A,냉동3,-18.24,-16.24,89.1,45.0,49.1,0.0,3.744,정상
CL03023,2026-08-23 13:00,B,냉동2,-17.37,-14.66,84.1,32.0,40.3,0.0,2.746,정상
CL01110,2026-07-01 07:59,A,냉동1,-18.5,-15.8,85.2,7.0,47.5,0.0,3.694,정상
CL00260,2026-06-08 10:09,A,냉동1,-18.53,-15.6,87.2,105.0,50.1,0.0,3.5,정상
CL02359,2026-08-04 17:56,C,냉동1,-18.58,-15.83,83.8,5.0,43.0,0.0,3.169,정상
CL00802,2026-06-23 04:22,A,냉동3,-17.99,-15.66,83.7,13.0,48.0,0.0,4.112,정상
CL01876,2026-07-22 21:09,B,냉동3,-18.26,-15.37,78.7,4.0,44.8,20.8,3.729,정상
CL01216,2026-07-04 01:18,A,냉동1,-17.67,-15.07,78.7,10.0,45.3,0.0,3.585,정상
CL00804,2026-06-23 05:08,B,냉동3,-19.63,-17.77,84.8,14.0,36.2,0.0,3.076,정상
CL02972,2026-08-21 21:07,B,냉동2,-18.73,-16.02,79.2,15.0,44.4,0.0,3.294,정상
CL00784,2026-06-22 15:08,B,냉동3,-18.34,-15.99,80.6,20.0,47.5,0.0,3.715,정상
CL00894,2026-06-25 19:22,A,냉동2,-18.22,-14.98,87.4,12.0,45.3,0.0,3.662,정상
CL02303,2026-08-03 05:01,B,냉동2,-17.38,-14.04,91.2,68.0,44.7,12.2,3.547,정상
CL00568,2026-06-16 20:44,A,냉동1,-18.23,-15.79,80.6,8.0,42.3,0.0,3.185,정상
CL03311,2026-08-31 15:09,C,냉동2,-17.67,-15.09,82.8,17.0,48.3,0.0,4.0,정상
CL01483,2026-07-11 13:59,C,냉동3,-17.71,-14.94,86.1,20.0,47.2,0.0,3.42,정상
CL02253,2026-08-01 21:31,B,냉동3,-16.77,-14.48,77.6,2.0,48.8,0.0,3.644,정상
CL02937,2026-08-20 19:55,C,냉동1,-18.26,-15.87,89.9,111.0,43.3,0.0,3.611,정상
CL03392,2026-09-02 17:57,A,냉동3,-17.94,-15.41,81.9,29.0,35.0,0.0,2.375,정상
CL01681,2026-07-17 10:58,C,냉동2,-18.13,-15.07,86.3,34.0,46.5,0.0,3.703,정상
CL01469,2026-07-11 02:31,C,냉동2,-18.77,-15.27,80.1,6.0,42.6,0.0,3.729,정상
CL02333,2026-08-04 00:56,C,냉동2,-19.82,-17.43,81.1,20.0,34.8,20.4,,정상
CL01960,2026-07-25 00:31,A,냉동3,-17.77,-15.49,79.2,1.0,47.2,0.0,4.222,정상
CL01292,2026-07-06 09:28,C,냉동1,-18.62,-16.0,80.7,59.0,42.7,0.0,3.53,정상
CL01179,2026-07-03 00:05,A,냉동1,-18.5,-15.58,86.9,7.0,42.4,0.0,3.179,정상
CL01127,2026-07-01 20:49,B,냉동2,-18.51,-16.19,,15.0,48.7,15.4,4.016,정상
CL00243,2026-06-08 02:04,A,냉동2,-18.66,-16.35,77.6,10.0,42.8,0.0,3.369,정상
CL02312,2026-08-03 10:48,C,냉동3,-17.77,-15.04,91.1,85.0,48.3,0.0,3.741,정상
CL01863,2026-07-22 13:42,A,냉동1,-17.43,-14.4,90.2,78.0,46.9,0.0,3.574,정상
CL00693,2026-06-20 02:05,A,냉동1,-17.65,-14.56,87.1,2.0,58.2,0.0,4.127,정상
CL02715,2026-08-14 17:52,A,냉동1,-18.03,-14.97,89.3,37.0,41.7,0.0,3.295,정상
CL01152,2026-07-02 11:51,C,냉동3,-18.56,-16.14,86.0,34.0,39.7,11.5,3.677,정상
CL00556,2026-06-16 12:43,C,냉동2,-19.3,-16.9,83.9,114.0,42.4,0.0,3.331,정상
CL00292,2026-06-09 03:28,B,냉동1,-17.77,-15.35,80.7,3.0,48.9,0.0,3.741,정상
CL01617,2026-07-15 09:32,A,냉동1,-17.88,-15.25,89.7,40.0,49.0,21.7,3.867,정상
CL01146,2026-07-02 05:30,B,냉동1,-18.45,-15.91,81.7,18.0,43.4,0.0,3.338,정상
CL03406,2026-09-03 04:32,A,냉동2,-18.32,-15.44,85.2,42.0,40.6,0.0,3.499,정상
CL02372,2026-08-05 04:43,A,냉동1,-18.29,-16.44,82.7,20.0,49.4,0.0,4.076,정상
CL01685,2026-07-17 14:12,A,냉동1,-17.4,-14.16,78.0,49.0,50.2,0.0,3.72,정상
CL02640,2026-08-12 20:24,C,냉동3,-17.45,-14.11,91.0,8.0,49.1,0.0,4.132,정상
CL03070,2026-08-24 16:28,B,냉동2,-17.55,-14.39,83.8,75.0,50.6,0.0,3.799,정상
CL00256,2026-06-08 08:59,C,냉동3,-18.15,-15.45,92.2,39.0,32.6,0.0,2.637,정상
CL02844,2026-08-18 09:00,C,냉동1,-17.7,-15.19,83.6,35.0,44.1,0.0,2.933,정상
CL02567,2026-08-10 20:59,B,냉동1,-18.83,-15.78,82.4,2.0,38.4,0.0,3.407,정상
CL02867,2026-08-18 20:26,A,냉동1,-17.68,-14.89,92.8,11.0,46.3,0.0,3.575,정상
CL01852,2026-07-22 04:55,B,냉동1,-18.95,-17.25,91.1,18.0,46.1,0.0,3.881,정상
CL02270,2026-08-02 05:18,B,냉동1,-18.72,-16.18,84.3,14.0,40.0,0.0,3.188,정상
CL01459,2026-07-10 20:46,C,냉동3,-18.33,-15.18,87.9,19.0,47.4,0.0,,정상
CL02059,2026-07-27 13:58,A,냉동3,-17.85,-15.5,89.2,87.0,42.9,0.0,2.934,정상
CL02412,2026-08-06 09:39,A,냉동2,-17.87,-14.56,88.9,10.0,49.7,20.8,,정상
CL00877,2026-06-25 08:02,A,냉동3,-17.58,-15.45,94.4,21.0,42.0,16.3,3.335,정상
CL01670,2026-07-17 03:34,A,냉동1,-18.67,-16.04,82.8,14.0,42.6,0.0,3.368,정상
CL01799,2026-07-20 19:24,B,냉동1,-18.37,-16.09,88.3,14.0,49.5,0.0,4.131,정상
CL01456,2026-07-10 18:54,C,냉동1,-17.78,-14.85,84.3,45.0,51.1,0.0,4.03,정상
CL01366,2026-07-08 10:58,C,냉동1,-18.48,-15.73,89.8,31.0,42.7,0.0,3.011,정상
CL01131,2026-07-01 23:32,B,냉동2,-18.48,-15.7,81.6,16.0,37.9,0.0,2.814,정상
CL02827,2026-08-17 21:02,A,냉동1,-19.21,-16.89,83.5,11.0,34.0,0.0,2.578,정상
CL00897,2026-06-25 20:34,A,냉동1,-18.93,-16.23,87.8,23.0,44.9,13.0,3.669,정상
CL01322,2026-07-07 04:41,C,냉동2,-18.1,-15.1,81.7,31.0,44.4,0.0,3.08,정상
CL02856,2026-08-18 15:09,A,냉동2,-18.28,-15.5,80.9,8.0,42.5,0.0,3.235,정상
CL00064,2026-06-02 17:05,A,냉동3,-17.33,-14.56,82.3,32.0,57.9,0.0,4.335,정상
CL02468,2026-08-08 01:29,A,냉동2,-18.2,-15.45,88.9,2.0,43.3,0.0,3.745,정상
CL03128,2026-08-26 09:39,B,냉동2,-17.99,-15.44,80.4,61.0,45.7,0.0,3.644,정상
CL01651,2026-07-16 12:41,C,냉동2,-18.16,-15.73,82.1,26.0,41.9,0.0,3.165,정상
CL00698,2026-06-20 06:35,A,냉동1,-17.74,-14.84,90.0,30.0,48.0,0.0,3.934,정상
CL00657,2026-06-19 02:44,A,냉동2,-17.59,-15.39,81.5,2.0,58.3,0.0,4.373,정상
CL00835,2026-06-24 01:29,A,냉동3,-18.24,-15.05,91.9,5.0,47.4,0.0,4.028,정상
CL02044,2026-07-27 02:22,A,냉동2,-18.28,-16.04,84.4,11.0,41.6,0.0,3.467,정상
CL02304,2026-08-03 05:44,C,냉동1,-17.57,-15.09,84.0,3.0,49.2,0.0,4.111,정상
CL00366,2026-06-11 03:32,A,냉동1,-19.52,-17.21,89.0,3.0,45.2,0.0,3.26,정상
CL02652,2026-08-13 04:36,A,냉동2,-18.4,-15.54,88.3,15.0,39.2,0.0,2.907,정상
CL00124,2026-06-04 12:45,C,냉동3,-16.36,-14.74,82.2,352.0,51.6,0.0,3.953,정상
CL02934,2026-08-20 17:51,C,냉동1,-18.53,-14.95,78.7,18.0,42.4,25.9,3.807,정상
CL00118,2026-06-04 08:09,A,냉동1,-17.31,-14.98,82.1,17.0,47.9,0.0,4.018,정상
CL01234,2026-07-04 12:24,B,냉동2,-17.99,-14.76,88.7,84.0,48.8,0.0,3.612,정상
CL01100,2026-07-01 00:44,A,냉동2,-17.96,-15.84,83.5,2.0,52.8,0.0,4.023,정상
CL02236,2026-08-01 13:56,B,냉동1,-18.18,-14.97,87.3,20.0,42.7,14.5,3.459,정상
CL02050,2026-07-27 07:47,B,냉동2,-18.08,-15.95,77.9,23.0,37.6,23.9,3.328,정상
CL02857,2026-08-18 15:38,B,냉동3,-18.17,-14.73,90.9,27.0,43.5,0.0,2.868,정상
CL00386,2026-06-11 14:46,B,냉동3,-17.55,-14.87,84.4,36.0,48.4,18.5,3.809,정상
CL03385,2026-09-02 13:20,A,냉동3,-17.0,-14.15,81.7,54.0,47.6,0.0,4.079,정상
CL02913,2026-08-20 05:05,A,냉동1,-17.12,-14.72,,4.0,53.1,0.0,4.398,정상
CL03250,2026-08-30 02:51,B,냉동3,-18.44,-15.63,90.1,0.0,51.0,0.0,3.971,정상
CL01755,2026-07-19 15:47,C,냉동2,-17.21,-13.88,82.1,57.0,47.1,0.0,3.57,정상
CL03165,2026-08-27 09:57,A,냉동2,-17.93,-14.93,79.1,115.0,48.7,0.0,3.564,정상
CL01014,2026-06-28 20:00,A,냉동3,-18.19,-15.81,83.4,22.0,44.6,0.0,3.96,정상
CL01026,2026-06-29 02:37,C,냉동2,-17.91,-15.57,92.4,0.0,48.7,0.0,3.895,정상
CL01602,2026-07-14 21:20,B,냉동2,-16.16,-14.06,80.8,8.0,65.1,0.0,5.019,정상
CL03036,2026-08-23 18:29,C,냉동1,-17.06,-14.94,85.8,49.0,47.3,0.0,3.577,정상
CL01084,2026-06-30 15:29,C,냉동2,-17.35,-13.63,86.2,72.0,49.1,0.0,3.551,정상
CL03244,2026-08-29 22:19,C,냉동1,-18.0,-15.31,87.5,1.0,51.6,0.0,4.342,정상
CL02722,2026-08-14 22:01,A,냉동2,-18.4,-15.26,82.4,25.0,49.6,0.0,4.008,정상
CL01023,2026-06-29 01:35,C,냉동1,-18.04,-14.46,84.0,26.0,42.9,0.0,3.71,정상
CL01476,2026-07-11 07:00,A,냉동1,-18.43,-15.53,86.2,6.0,48.9,0.0,3.765,정상
CL02691,2026-08-14 02:39,C,냉동2,-18.42,-15.51,83.7,16.0,40.4,0.0,3.057,정상
CL02540,2026-08-10 01:43,B,냉동1,-18.75,-16.55,86.2,19.0,39.6,0.0,3.01,정상
CL02020,2026-07-26 15:22,A,냉동1,-18.36,-16.5,87.1,3.0,38.1,0.0,3.081,정상
CL02053,2026-07-27 10:25,B,냉동2,-18.62,-15.57,88.2,116.0,42.2,0.0,3.619,정상
CL00060,2026-06-02 14:07,A,냉동1,-18.3,-15.78,90.8,16.0,50.4,0.0,4.162,정상
CL00061,2026-06-02 15:29,A,냉동3,-18.1,-15.51,88.6,26.0,50.8,0.0,4.402,정상
CL01881,2026-07-23 00:13,A,냉동1,-18.11,-15.24,82.9,3.0,47.0,0.0,3.836,정상
CL01315,2026-07-07 01:09,C,냉동3,-18.71,-16.22,79.4,17.0,40.5,0.0,3.28,정상
CL01825,2026-07-21 13:44,B,냉동3,-17.26,-14.11,90.4,64.0,62.2,0.0,4.628,정상
CL01586,2026-07-14 11:19,C,냉동2,-17.96,-14.85,84.9,32.0,50.1,0.0,4.11,정상
CL03403,2026-09-03 02:52,C,냉동2,-18.48,-15.71,82.5,9.0,38.0,0.0,2.892,정상
CL00934,2026-06-26 17:56,B,냉동1,-16.96,-14.95,78.3,22.0,50.7,0.0,3.54,정상
CL01696,2026-07-17 20:52,C,냉동3,-18.73,-15.56,88.8,13.0,40.5,0.0,3.551,정상
CL02871,2026-08-19 00:49,C,냉동2,-17.85,-14.33,84.1,40.0,51.8,0.0,4.339,정상
CL02747,2026-08-15 18:26,A,냉동1,-17.39,-14.83,83.6,39.0,53.7,0.0,4.07,정상
CL00999,2026-06-28 13:04,B,냉동1,-17.95,-14.79,88.9,86.0,50.0,0.0,3.965,정상
CL03239,2026-08-29 20:10,A,냉동1,-18.14,-15.41,90.9,3.0,50.0,0.0,3.603,정상
CL01196,2026-07-03 10:26,A,냉동1,-17.61,-15.49,80.8,10.0,47.4,0.0,3.37,정상
CL00754,2026-06-21 19:28,C,냉동3,-17.91,-15.42,92.2,63.0,56.4,0.0,4.111,정상
CL00942,2026-06-26 23:32,B,냉동3,-18.16,-15.27,81.4,25.0,51.1,0.0,3.812,정상
CL01264,2026-07-05 10:02,B,냉동1,-17.92,-14.25,90.8,289.0,55.3,0.0,4.693,정상
CL02583,2026-08-11 06:31,C,냉동3,-17.09,-14.89,83.5,1.0,54.7,0.0,4.375,정상
CL01688,2026-07-17 15:58,C,냉동3,-17.97,-15.18,83.3,81.0,42.8,0.0,3.106,정상
CL00132,2026-06-04 19:54,A,냉동3,-16.74,-13.58,88.6,29.0,53.5,0.0,4.505,정상
CL00037,2026-06-01 23:35,B,냉동1,-17.96,-15.43,80.4,24.0,47.6,0.0,3.459,정상
CL02366,2026-08-05 01:32,C,냉동3,-16.91,-14.14,80.2,1.0,47.7,0.0,3.881,정상
CL01037,2026-06-29 09:30,A,냉동1,-18.69,-16.59,87.9,38.0,48.5,0.0,3.795,정상
CL02529,2026-08-09 17:02,A,냉동2,-17.04,-14.22,80.1,51.0,51.5,0.0,4.232,정상
CL00303,2026-06-09 10:25,C,냉동1,-18.2,-15.71,85.0,108.0,47.6,0.0,3.419,정상
CL03104,2026-08-25 13:00,B,냉동2,-17.69,-14.54,83.9,135.0,42.6,0.0,3.296,정상
CL02984,2026-08-22 06:05,B,냉동2,-18.57,-15.91,94.7,6.0,51.1,25.9,5.006,정상
CL02601,2026-08-11 20:22,B,냉동1,-18.01,-15.63,89.2,11.0,48.7,0.0,3.196,정상
CL03266,2026-08-30 13:02,B,냉동2,-18.54,-16.0,81.9,39.0,43.7,0.0,3.272,정상
CL01203,2026-07-03 15:16,A,냉동2,-19.83,-17.15,85.1,62.0,40.9,0.0,2.861,정상
CL03027,2026-08-23 15:02,B,냉동3,-18.29,-15.91,85.0,50.0,34.6,0.0,2.902,정상
CL02608,2026-08-11 22:35,A,냉동3,-18.4,-15.47,86.2,14.0,38.5,0.0,3.117,정상
CL01286,2026-07-06 06:44,C,냉동3,-18.32,-15.4,88.6,19.0,44.2,0.0,3.481,정상
CL01820,2026-07-21 10:47,C,냉동2,-17.81,-15.17,80.8,50.0,37.7,0.0,3.008,정상
CL02822,2026-08-17 16:40,A,냉동3,-17.06,-14.5,79.3,54.0,57.1,11.2,5.203,정상
CL00010,2026-06-01 04:46,A,냉동1,-18.92,-16.45,87.4,37.0,46.0,0.0,3.549,정상
CL01995,2026-07-26 03:23,B,냉동2,-19.21,-16.85,80.3,4.0,42.3,0.0,3.075,정상
CL02693,2026-08-14 04:38,A,냉동1,-18.65,-15.99,86.3,4.0,48.6,0.0,3.589,정상
CL00131,2026-06-04 18:05,B,냉동2,-18.52,-15.52,83.0,92.0,44.5,0.0,3.889,정상
CL01482,2026-07-11 13:09,A,냉동1,-17.96,-15.58,83.6,74.0,48.2,0.0,4.303,정상
CL02701,2026-08-14 10:55,C,냉동2,-17.49,-14.76,92.9,54.0,46.3,0.0,3.529,정상
CL01299,2026-07-06 14:10,C,냉동1,-18.51,-15.74,94.6,38.0,39.6,0.0,3.042,정상
CL03067,2026-08-24 15:01,B,냉동2,-18.49,-15.7,87.7,52.0,39.5,0.0,3.145,정상
CL00116,2026-06-04 06:38,B,냉동2,-18.7,-16.71,77.5,25.0,40.4,0.0,2.794,정상
CL02784,2026-08-16 14:59,A,냉동1,-17.87,-15.2,90.6,417.0,39.8,0.0,3.475,정상
CL02687,2026-08-13 23:59,A,냉동3,-18.76,-16.1,,41.0,36.7,0.0,2.976,정상
CL00068,2026-06-02 19:55,A,냉동1,-17.69,-14.86,78.1,42.0,52.1,0.0,3.722,정상
CL02184,2026-07-31 00:41,A,냉동3,-18.46,-15.92,84.6,27.0,47.8,21.9,4.114,정상
CL02511,2026-08-09 04:53,A,냉동3,-18.93,-16.69,78.9,14.0,39.4,0.0,2.974,정상
CL03270,2026-08-30 15:17,A,냉동1,-17.2,-14.88,83.8,27.0,56.2,0.0,4.482,정상
CL01836,2026-07-21 19:14,B,냉동1,-18.37,-15.95,80.7,25.0,42.8,0.0,3.367,정상
CL01695,2026-07-17 19:46,C,냉동1,-19.17,-16.49,80.3,161.0,39.7,0.0,3.382,정상
CL00843,2026-06-24 05:44,A,냉동3,-18.54,-15.87,86.1,22.0,44.1,0.0,3.473,정상
CL00614,2026-06-18 00:00,A,냉동1,-18.44,-16.09,84.5,5.0,46.1,0.0,3.649,정상
CL02136,2026-07-29 16:31,C,냉동1,-18.1,-15.09,83.4,40.0,47.0,0.0,3.813,정상
CL00388,2026-06-11 15:45,B,냉동1,-16.77,-14.4,95.0,80.0,57.8,0.0,4.84,정상
CL00019,2026-06-01 09:02,A,냉동1,-18.77,-15.39,88.3,80.0,40.6,0.0,3.172,정상
CL01253,2026-07-05 01:52,C,냉동2,-17.23,-14.75,81.0,16.0,49.9,0.0,3.932,정상
CL00213,2026-06-07 02:26,B,냉동1,-18.15,-15.43,85.9,80.0,47.8,0.0,3.541,정상
CL02234,2026-08-01 10:58,A,냉동2,-17.43,-14.94,87.5,77.0,52.3,0.0,4.37,정상
CL00938,2026-06-26 21:15,B,냉동3,-17.47,-15.1,81.7,3.0,47.1,0.0,3.458,정상
CL01838,2026-07-21 20:01,A,냉동1,-17.65,-14.97,84.1,6.0,52.0,0.0,3.507,정상
CL00673,2026-06-19 13:38,A,냉동1,-17.8,-15.57,80.3,19.0,53.7,0.0,3.835,정상
CL01166,2026-07-02 17:38,A,냉동1,-17.76,-14.87,81.4,34.0,47.8,0.0,3.867,정상
CL01522,2026-07-12 19:26,A,냉동1,-18.87,-15.86,86.2,84.0,49.6,0.0,3.943,정상
CL00750,2026-06-21 17:43,B,냉동2,-18.86,-15.61,94.7,47.0,33.1,0.0,2.826,정상
CL00901,2026-06-25 22:31,A,냉동1,-18.04,-15.19,79.9,5.0,39.9,0.0,2.832,정상
CL00801,2026-06-23 02:19,B,냉동1,-18.25,-16.07,85.4,27.0,46.0,0.0,3.348,정상
CL01163,2026-07-02 16:23,A,냉동3,-17.92,-14.95,81.6,27.0,48.8,16.5,3.876,정상
CL02800,2026-08-17 02:22,C,냉동3,-18.07,-15.72,81.2,23.0,43.9,0.0,3.545,정상
CL00004,2026-06-01 02:35,C,냉동1,-18.74,-16.63,86.8,2.0,36.0,0.0,2.691,정상
CL00151,2026-06-05 09:17,B,냉동1,-17.21,-14.5,82.1,40.0,54.8,0.0,4.22,정상
CL01077,2026-06-30 10:37,C,냉동2,-18.25,-15.96,85.2,86.0,42.1,21.8,3.682,정상
CL03405,2026-09-03 04:26,C,냉동3,-18.75,-16.21,80.2,2.0,42.1,0.0,3.417,정상
CL02515,2026-08-09 06:56,B,냉동2,-19.18,-16.46,81.2,26.0,35.7,0.0,2.55,정상
CL00486,2026-06-14 10:45,A,냉동1,-16.16,-13.76,79.5,58.0,50.6,0.0,3.939,정상
CL02086,2026-07-28 06:06,B,냉동3,-19.24,-16.65,86.2,7.0,39.8,0.0,2.892,정상
CL02480,2026-08-08 07:58,C,냉동1,-18.25,-15.7,87.2,10.0,46.9,0.0,3.357,정상
CL01587,2026-07-14 11:46,B,냉동1,-16.33,-13.63,95.8,171.0,45.4,0.0,3.222,폐기
CL01176,2026-07-02 22:54,C,냉동3,-17.67,-15.22,86.0,3.0,43.2,0.0,3.458,정상
CL01452,2026-07-10 16:49,B,냉동1,-18.61,-15.85,79.3,37.0,39.7,0.0,2.888,정상
CL00436,2026-06-12 21:33,C,냉동2,-18.23,-14.89,87.9,17.0,41.9,0.0,3.403,정상
CL00230,2026-06-07 14:48,B,냉동3,-17.58,-14.95,82.8,56.0,60.5,0.0,4.745,정상
CL03151,2026-08-26 23:58,B,냉동3,-18.34,-15.75,89.7,23.0,48.6,0.0,3.664,폐기
CL00963,2026-06-27 12:18,A,냉동3,-16.89,-14.39,88.3,48.0,50.8,0.0,4.383,정상
CL01690,2026-07-17 16:49,C,냉동1,-18.54,-15.24,82.9,18.0,40.9,0.0,3.142,정상
CL00685,2026-06-19 20:36,A,냉동3,-17.43,-15.05,79.8,9.0,46.1,0.0,3.74,정상
CL01072,2026-06-30 06:59,C,냉동2,-18.94,-15.85,86.2,8.0,45.7,0.0,3.149,정상
CL03055,2026-08-24 07:25,A,냉동2,-17.4,-14.68,88.7,8.0,58.1,0.0,4.35,정상
CL00705,2026-06-20 11:37,B,냉동2,-17.82,-15.1,82.6,62.0,48.2,16.6,4.11,정상
CL01558,2026-07-13 20:07,A,냉동2,-18.48,-16.28,79.4,4.0,44.7,0.0,3.391,정상
CL02139,2026-07-29 19:22,C,냉동1,-17.35,-14.49,83.8,45.0,45.6,0.0,3.258,정상
CL02331,2026-08-04 00:17,B,냉동3,-18.6,-15.27,,15.0,36.8,0.0,2.7,정상
CL02228,2026-08-01 06:14,B,냉동2,-17.52,-15.68,87.4,3.0,49.7,0.0,3.537,정상
CL02499,2026-08-08 20:18,A,냉동2,-17.75,-14.46,85.8,7.0,45.3,0.0,3.318,정상
CL01596,2026-07-14 17:04,C,냉동1,-17.35,-15.28,81.6,21.0,50.3,0.0,3.797,정상
CL02707,2026-08-14 13:50,A,냉동3,-18.74,-15.6,86.5,113.0,39.6,0.0,2.79,정상
CL00598,2026-06-17 12:58,B,냉동1,-17.23,-14.17,85.1,54.0,48.0,0.0,3.875,정상
CL03004,2026-08-22 21:05,B,냉동2,-17.68,-15.54,90.3,14.0,54.6,0.0,4.333,정상
CL02626,2026-08-12 10:45,A,냉동1,-17.95,-14.84,87.5,38.0,45.1,0.0,3.824,정상
CL01147,2026-07-02 05:46,B,냉동2,-18.25,-15.17,81.8,7.0,49.4,0.0,4.029,정상
CL00193,2026-06-06 12:02,A,냉동1,-18.52,-15.93,88.8,70.0,34.7,0.0,2.769,정상
CL01535,2026-07-13 05:22,B,냉동3,-18.57,-16.05,81.5,8.0,35.7,12.7,3.365,정상
CL01593,2026-07-14 14:42,A,냉동1,-16.07,-14.42,86.1,353.0,38.6,0.0,2.988,폐기
CL00684,2026-06-19 20:15,A,냉동1,-18.76,-15.98,81.6,15.0,50.5,0.0,4.152,정상
CL00504,2026-06-15 01:08,C,냉동1,-17.73,-15.75,78.9,8.0,44.0,0.0,3.216,정상
CL01137,2026-07-02 01:46,C,냉동2,-17.6,-15.17,77.1,2.0,51.9,0.0,3.866,정상
CL01936,2026-07-24 12:48,B,냉동1,-18.02,-15.74,84.0,52.0,43.0,0.0,3.181,정상
CL00714,2026-06-20 17:37,B,냉동3,-18.07,-15.46,86.8,36.0,47.8,0.0,3.568,정상
CL02408,2026-08-06 06:15,B,냉동1,-18.24,-16.02,82.9,7.0,48.1,0.0,3.772,정상
CL01245,2026-07-04 21:11,A,냉동3,-17.75,-14.78,71.3,3.0,52.5,0.0,3.881,정상
CL02404,2026-08-06 02:12,C,냉동3,-17.78,-15.04,89.4,5.0,54.8,0.0,4.336,정상
CL01409,2026-07-09 16:19,B,냉동1,-17.87,-16.23,89.3,11.0,45.5,0.0,3.717,정상
CL03198,2026-08-28 08:33,A,냉동1,-18.48,-16.21,85.7,117.0,45.7,0.0,3.791,정상
CL00491,2026-06-14 16:37,A,냉동1,-17.91,-15.1,84.4,60.0,47.0,0.0,3.293,정상
CL02458,2026-08-07 17:27,A,냉동1,-18.32,-15.1,85.2,58.0,39.0,0.0,2.984,정상
CL02195,2026-07-31 07:15,C,냉동1,-17.98,-14.52,84.7,32.0,51.9,14.2,4.295,정상
CL00369,2026-06-11 04:43,C,냉동2,-17.4,-14.25,79.4,15.0,44.5,0.0,3.262,정상
CL00308,2026-06-09 14:51,C,냉동1,-18.12,-15.23,84.6,46.0,46.8,0.0,3.369,정상
CL02152,2026-07-30 02:45,A,냉동1,-19.39,-17.09,76.2,20.0,36.1,0.0,2.509,정상
CL00348,2026-06-10 17:53,A,냉동3,-18.15,-15.12,79.6,88.0,47.7,0.0,3.629,정상
CL00842,2026-06-24 04:56,A,냉동1,-17.67,-15.16,89.3,11.0,52.2,0.0,3.974,정상
CL01865,2026-07-22 15:14,C,냉동2,-16.78,-13.92,84.0,94.0,54.2,0.0,4.096,정상
CL01880,2026-07-23 00:00,A,냉동2,-18.08,-15.62,80.9,1.0,49.1,0.0,4.44,정상
CL00815,2026-06-23 13:09,B,냉동2,-18.17,-15.41,89.6,66.0,49.2,0.0,3.593,정상
CL02985,2026-08-22 06:40,C,냉동2,-18.47,-15.68,85.5,6.0,52.0,0.0,3.952,정상
CL03034,2026-08-23 17:45,B,냉동1,-17.9,-15.62,81.4,41.0,47.7,0.0,3.456,정상
CL01001,2026-06-28 13:51,B,냉동2,-18.36,-15.58,82.7,124.0,40.7,0.0,3.189,정상
CL03380,2026-09-02 09:43,B,냉동3,-17.58,-14.26,82.6,24.0,48.6,0.0,3.716,정상
CL03353,2026-09-01 18:15,A,냉동1,-17.28,-14.69,82.1,45.0,46.3,0.0,3.461,정상
CL00706,2026-06-20 12:12,B,냉동2,-17.69,-15.16,78.3,8.0,43.8,0.0,2.961,정상
CL00454,2026-06-13 07:34,B,냉동3,-17.54,-14.62,82.1,7.0,48.2,0.0,4.022,정상
CL01963,2026-07-25 03:22,A,냉동2,-18.22,-15.11,78.9,11.0,45.2,0.0,3.38,정상
CL01924,2026-07-24 07:06,A,냉동2,-18.19,-15.89,88.3,16.0,54.7,19.2,4.114,정상
CL00159,2026-06-05 15:43,C,냉동1,-18.2,-15.58,86.5,36.0,46.7,12.8,3.52,정상
CL03283,2026-08-30 23:44,C,냉동2,-17.11,-16.78,84.4,248.0,38.6,24.4,3.42,정상
CL00974,2026-06-27 20:53,C,냉동2,-17.91,-15.38,79.9,7.0,50.0,0.0,3.544,정상
CL00062,2026-06-02 16:14,A,냉동1,-17.55,-13.93,86.1,68.0,46.2,0.0,3.415,정상
CL00370,2026-06-11 07:06,C,냉동1,-17.79,-16.15,82.5,8.0,47.7,0.0,4.409,정상
CL01594,2026-07-14 15:06,A,냉동3,-17.14,-14.83,85.4,124.0,50.0,0.0,4.188,정상
CL01090,2026-06-30 20:18,B,냉동2,-18.06,-15.18,87.4,4.0,51.5,0.0,3.961,정상
CL00646,2026-06-18 19:33,B,냉동3,-17.29,-14.49,92.9,80.0,50.9,0.0,4.355,정상
CL00305,2026-06-09 11:34,A,냉동3,-17.8,-15.26,84.3,83.0,45.7,0.0,3.205,정상
CL02090,2026-07-28 08:52,A,냉동3,-17.65,-14.9,85.3,41.0,51.3,24.1,4.069,정상
CL01241,2026-07-04 17:56,B,냉동2,-18.24,-15.51,94.1,117.0,45.1,0.0,3.352,정상
CL00238,2026-06-07 23:33,A,냉동2,-17.95,-15.34,88.6,34.0,44.8,0.0,3.664,정상
CL02948,2026-08-21 03:50,A,냉동1,-17.74,-15.26,83.4,37.0,49.2,0.0,4.085,정상
CL01171,2026-07-02 21:30,B,냉동3,-18.0,-14.98,85.0,3.0,46.2,0.0,3.407,정상
CL01244,2026-07-04 20:42,B,냉동2,-18.75,-15.91,79.7,4.0,38.9,0.0,2.991,정상
CL00586,2026-06-17 05:46,B,냉동1,-18.48,-15.52,90.0,4.0,35.5,0.0,2.75,정상
CL01369,2026-07-08 14:04,B,냉동3,-17.2,-14.6,86.4,25.0,51.6,0.0,4.284,정상
CL00968,2026-06-27 14:59,B,냉동2,-18.4,-15.42,82.1,62.0,42.5,0.0,3.05,정상
CL02791,2026-08-16 17:56,B,냉동2,-17.44,-14.29,86.1,131.0,41.0,0.0,3.324,정상
CL02559,2026-08-10 14:21,A,냉동1,-17.63,-14.96,87.2,149.0,44.1,0.0,3.37,정상
CL00387,2026-06-11 15:04,A,냉동2,-18.32,-15.39,88.8,33.0,47.2,0.0,3.783,정상
CL02430,2026-08-06 20:06,B,냉동3,-18.22,-14.68,91.2,13.0,45.3,0.0,3.409,정상
CL00555,2026-06-16 12:22,C,냉동3,-17.21,-14.72,81.8,39.0,54.2,0.0,4.394,정상
CL00146,2026-06-05 05:20,A,냉동1,-19.51,-17.07,79.6,36.0,38.6,15.2,3.435,정상
CL03296,2026-08-31 06:48,B,냉동1,-18.41,-16.29,91.0,15.0,47.3,0.0,4.441,정상
CL01417,2026-07-09 20:36,C,냉동3,-18.34,-16.06,85.6,1.0,45.1,0.0,3.918,정상
CL02853,2026-08-18 13:23,A,냉동1,-17.57,-15.79,85.2,9.0,42.3,0.0,3.603,정상
CL01079,2026-06-30 12:00,A,냉동1,-18.41,-14.85,87.6,65.0,44.6,0.0,3.666,정상
CL02618,2026-08-12 05:19,B,냉동1,-18.07,-15.48,89.1,3.0,42.3,13.7,3.378,정상
CL02730,2026-08-15 05:52,C,냉동2,-17.48,-14.78,80.0,25.0,47.8,0.0,3.532,정상
CL00317,2026-06-09 22:18,A,냉동1,-18.26,-15.55,83.7,32.0,47.1,0.0,3.79,정상
CL02055,2026-07-27 12:08,B,냉동2,-18.06,-15.18,83.7,29.0,48.9,0.0,3.616,정상
CL03092,2026-08-25 07:30,C,냉동2,-17.95,-16.11,84.2,8.0,49.6,0.0,3.465,정상
CL01404,2026-07-09 11:08,C,냉동3,-17.43,-14.76,86.4,72.0,52.3,0.0,3.674,정상
CL01433,2026-07-10 06:29,A,냉동1,-19.05,-16.11,78.7,19.0,44.4,21.1,4.092,정상
CL01572,2026-07-14 04:01,B,냉동1,-16.65,-14.15,93.1,2.0,62.2,0.0,4.872,폐기
CL00694,2026-06-20 03:13,B,냉동3,-18.22,-15.3,82.1,3.0,45.3,0.0,3.58,정상
CL01898,2026-07-23 13:16,B,냉동1,-17.77,-14.94,76.5,12.0,54.5,0.0,4.573,정상
CL02383,2026-08-05 14:12,B,냉동1,-17.33,-14.57,85.5,58.0,55.5,0.0,3.842,정상
CL02729,2026-08-15 04:33,B,냉동1,-17.64,-14.9,91.9,14.0,47.6,0.0,3.751,정상
CL00282,2026-06-08 22:16,A,냉동3,-18.14,-15.66,80.1,42.0,46.8,0.0,3.909,정상
CL03349,2026-09-01 16:15,B,냉동3,-17.84,-15.4,87.6,21.0,49.9,0.0,3.851,정상
CL02265,2026-08-02 03:20,C,냉동1,-17.44,-14.51,86.6,36.0,51.2,25.0,4.606,정상
CL00406,2026-06-12 01:47,B,냉동1,-18.11,-15.68,86.8,13.0,41.6,0.0,3.587,정상
CL02613,2026-08-12 00:56,B,냉동3,-17.78,-15.69,86.5,4.0,47.9,0.0,3.581,폐기
CL00181,2026-06-06 05:31,B,냉동2,-18.58,-16.29,80.0,6.0,40.0,0.0,3.028,정상
CL01167,2026-07-02 17:41,A,냉동1,-17.9,-15.48,87.9,33.0,48.2,0.0,3.877,정상
CL01260,2026-07-05 08:17,C,냉동1,-17.6,-14.69,77.6,35.0,47.5,0.0,3.584,정상
CL02342,2026-08-04 05:58,B,냉동1,-18.48,-16.13,77.0,3.0,48.8,0.0,4.036,정상
CL02534,2026-08-09 19:22,C,냉동2,-18.24,-14.79,90.2,36.0,53.2,0.0,4.326,정상
CL03182,2026-08-27 22:04,C,냉동3,-18.66,-16.95,84.1,28.0,37.4,13.0,3.092,정상
CL02790,2026-08-16 16:59,B,냉동3,-18.38,-15.05,80.5,110.0,48.3,0.0,3.36,정상
CL00320,2026-06-10 00:40,A,냉동1,-18.77,-16.75,87.9,5.0,42.9,0.0,3.635,정상
CL03305,2026-08-31 11:10,C,냉동2,-18.76,-16.02,87.7,15.0,45.0,0.0,3.527,정상
CL00793,2026-06-22 21:44,C,냉동1,-18.99,-16.52,89.1,11.0,39.7,0.0,3.388,정상
CL00516,2026-06-15 07:18,C,냉동1,-18.66,-16.51,80.3,13.0,45.8,16.1,4.061,정상
CL00691,2026-06-20 00:26,B,냉동3,-18.65,-16.03,91.8,10.0,36.0,0.0,2.665,정상
CL00524,2026-06-15 14:28,A,냉동3,-18.17,-15.56,81.0,57.0,48.4,0.0,3.553,정상
CL01190,2026-07-03 06:23,B,냉동3,-17.92,-15.27,87.6,3.0,45.6,0.0,3.776,정상
CL00312,2026-06-09 16:47,B,냉동3,-17.21,-14.7,88.1,57.0,50.0,0.0,3.983,정상
CL00217,2026-06-07 04:57,B,냉동2,-17.68,-14.68,83.7,59.0,47.4,0.0,4.306,정상
CL02143,2026-07-29 22:19,A,냉동2,-18.87,-16.51,90.8,34.0,43.4,0.0,3.257,정상
CL00424,2026-06-12 11:27,B,냉동3,-18.07,-15.03,86.5,92.0,46.2,0.0,3.362,정상
CL01776,2026-07-20 07:04,A,냉동1,-17.8,-15.24,80.7,3.0,46.7,0.0,3.496,정상
CL03341,2026-09-01 11:09,B,냉동3,-16.91,-14.31,90.5,13.0,57.9,0.0,4.302,정상
CL02218,2026-07-31 22:47,A,냉동2,-17.2,-14.4,93.0,17.0,42.9,0.0,3.741,정상
CL02816,2026-08-17 11:41,A,냉동2,-18.06,-15.59,82.1,12.0,44.1,0.0,3.387,정상
CL01198,2026-07-03 11:44,B,냉동1,-18.03,-14.85,86.5,104.0,46.8,0.0,3.935,정상
CL02100,2026-07-28 14:35,B,냉동2,-18.01,-15.16,88.5,17.0,44.9,0.0,3.471,정상
CL00807,2026-06-23 07:34,B,냉동1,-18.21,-15.88,87.3,8.0,47.6,0.0,3.187,정상
CL01598,2026-07-14 19:28,B,냉동3,-16.35,-13.67,81.7,39.0,60.3,0.0,4.886,폐기
CL02826,2026-08-17 19:49,A,냉동2,-17.32,-14.39,86.3,95.0,51.1,0.0,3.665,정상
CL01703,2026-07-18 00:29,C,냉동2,-17.77,-15.68,81.1,20.0,37.6,0.0,2.478,정상
CL01576,2026-07-14 05:35,A,냉동1,-19.02,-16.25,86.4,4.0,42.3,0.0,3.256,정상
CL01813,2026-07-21 04:30,A,냉동2,-17.28,-13.88,77.7,14.0,46.7,0.0,,정상
CL02522,2026-08-09 11:09,A,냉동3,-17.92,-15.8,76.2,19.0,48.0,0.0,3.826,정상
CL02940,2026-08-20 22:27,B,냉동3,-17.72,-15.15,85.7,13.0,45.1,0.0,3.444,정상
CL03218,2026-08-28 23:59,C,냉동3,-18.88,-16.45,85.6,18.0,37.8,0.0,2.903,정상
CL03249,2026-08-30 01:25,C,냉동1,-18.12,-15.68,94.5,3.0,45.0,0.0,3.3,정상
CL00246,2026-06-08 04:07,B,냉동1,-18.22,-16.12,84.8,20.0,44.6,0.0,3.284,정상
CL00498,2026-06-14 20:54,A,냉동1,-18.18,-15.49,88.9,2.0,47.2,0.0,4.138,정상
CL00525,2026-06-15 14:55,C,냉동1,-18.46,-15.79,79.6,24.0,45.0,0.0,3.273,정상
CL00510,2026-06-15 04:10,B,냉동3,-18.54,-15.3,72.6,10.0,47.6,0.0,3.78,정상
CL01022,2026-06-29 00:41,C,냉동3,-17.18,-14.86,87.7,14.0,48.5,0.0,3.61,정상
CL00501,2026-06-14 23:45,A,냉동1,-17.24,-14.17,91.9,18.0,50.4,0.0,4.229,정상
CL00425,2026-06-12 12:11,A,냉동3,-18.2,-15.32,79.4,62.0,56.6,24.3,4.828,정상
CL01436,2026-07-10 07:57,A,냉동3,-18.09,-16.03,83.0,3.0,47.4,0.0,3.39,정상
CL01520,2026-07-12 16:35,B,냉동2,-17.52,-15.2,91.7,43.0,53.0,13.6,4.231,정상
CL01219,2026-07-04 04:05,C,냉동1,-18.72,-16.13,87.8,22.0,48.2,0.0,3.163,정상
CL01081,2026-06-30 14:12,B,냉동2,-18.51,-15.89,79.6,36.0,51.1,0.0,4.081,정상
CL00526,2026-06-15 15:39,C,냉동1,-17.9,-15.37,87.4,173.0,40.4,0.0,3.012,정상
CL01612,2026-07-15 04:07,B,냉동1,-15.8,-12.75,96.5,2.0,57.3,0.0,4.333,폐기
CL00818,2026-06-23 14:44,C,냉동1,-17.49,-15.16,82.4,43.0,52.5,0.0,4.178,정상
CL01782,2026-07-20 10:25,B,냉동2,-17.26,-14.01,89.1,72.0,48.5,0.0,3.349,정상
CL02219,2026-07-31 23:11,A,냉동2,-18.19,-16.24,77.5,1.0,50.6,0.0,4.125,정상
CL02292,2026-08-02 18:12,B,냉동2,-17.04,-14.44,86.5,58.0,53.9,0.0,4.086,정상
CL03010,2026-08-23 03:26,A,냉동2,-17.83,-14.89,83.0,2.0,50.0,0.0,3.63,정상
CL00773,2026-06-22 06:27,A,냉동2,-19.18,-16.7,85.3,4.0,36.7,0.0,2.872,정상
CL00071,2026-06-02 22:25,C,냉동2,-17.86,-15.02,89.8,5.0,40.1,0.0,2.774,정상
CL02364,2026-08-05 00:04,C,냉동2,-18.81,-15.49,81.5,16.0,38.6,0.0,2.765,정상
CL02779,2026-08-16 12:54,B,냉동3,-18.16,-16.52,86.2,14.0,43.6,0.0,3.43,정상
CL01233,2026-07-04 10:57,A,냉동3,-18.96,-16.19,85.2,40.0,42.9,0.0,3.261,정상
CL02976,2026-08-21 23:32,A,냉동2,-18.29,-14.88,88.3,37.0,41.2,0.0,3.277,정상
CL02191,2026-07-31 04:33,B,냉동1,-18.43,-15.83,76.9,31.0,44.9,0.0,3.194,정상
CL01247,2026-07-04 22:32,B,냉동2,-18.11,-15.87,76.5,37.0,44.2,0.0,3.095,정상
CL02704,2026-08-14 13:02,B,냉동1,-17.72,-14.07,87.4,41.0,54.1,0.0,4.281,정상
CL00240,2026-06-08 00:39,C,냉동2,-18.25,-15.8,77.1,4.0,44.4,21.5,3.815,정상
CL00329,2026-06-10 04:28,B,냉동2,-18.12,-15.12,78.8,10.0,46.7,0.0,3.66,정상
CL02338,2026-08-04 03:37,C,냉동1,-19.03,-16.14,84.3,5.0,41.3,0.0,3.714,정상
CL01633,2026-07-15 21:04,B,냉동2,-15.51,-12.89,90.8,3.0,56.2,0.0,4.401,폐기
CL01639,2026-07-16 02:40,C,냉동2,-18.01,-15.14,,6.0,46.4,0.0,3.53,정상
CL00746,2026-06-21 14:24,A,냉동3,-17.87,-15.36,82.2,70.0,42.5,0.0,3.207,정상
CL01252,2026-07-05 01:11,B,냉동2,-17.69,-15.63,89.5,17.0,43.4,0.0,3.368,정상
CL03377,2026-09-02 07:27,A,냉동3,-18.67,-15.76,85.6,22.0,43.3,0.0,3.279,정상
CL02975,2026-08-21 22:44,C,냉동1,-18.24,-15.68,87.0,28.0,44.3,0.0,3.258,정상
CL02539,2026-08-10 00:36,C,냉동1,-18.56,-16.27,78.8,51.0,38.0,18.3,3.696,정상
CL01060,2026-06-30 00:56,C,냉동3,-18.61,-16.37,88.9,19.0,48.7,0.0,3.645,정상
CL01078,2026-06-30 11:40,A,냉동3,-16.9,-13.78,89.5,113.0,53.4,0.0,3.707,정상
CL01814,2026-07-21 05:24,B,냉동3,-18.11,-15.66,89.2,4.0,50.0,0.0,3.606,정상
CL00106,2026-06-03 22:37,A,냉동2,-18.09,-15.37,84.8,10.0,41.1,0.0,3.091,정상
CL03020,2026-08-23 11:29,A,냉동1,-17.59,-15.32,81.7,58.0,44.4,0.0,3.632,정상
CL03018,2026-08-23 10:17,A,냉동1,-18.19,-15.0,82.9,136.0,42.6,0.0,3.013,정상
CL00380,2026-06-11 11:54,A,냉동1,-18.0,-15.11,86.2,4.0,55.8,0.0,4.105,정상
CL01266,2026-07-05 11:29,B,냉동2,-17.95,-15.55,88.0,5.0,52.9,0.0,3.627,정상
CL02655,2026-08-13 06:48,C,냉동3,-18.03,-15.39,78.6,18.0,49.2,0.0,4.088,정상
CL03299,2026-08-31 07:36,A,냉동3,-18.85,-16.26,79.7,15.0,37.3,0.0,2.664,정상
CL00570,2026-06-16 21:40,C,냉동1,-18.24,-15.36,79.7,1.0,47.9,14.2,4.339,정상
CL01227,2026-07-04 07:06,B,냉동1,-18.06,-15.67,85.8,15.0,49.8,0.0,4.014,정상
CL01101,2026-07-01 00:57,A,냉동1,-17.79,-15.34,89.1,8.0,48.4,0.0,3.32,정상
CL01868,2026-07-22 16:34,A,냉동2,-18.01,-14.9,93.6,70.0,48.1,0.0,3.697,정상
CL01132,2026-07-02 00:26,A,냉동2,-19.38,-16.73,80.6,7.0,30.6,0.0,2.151,정상
CL01052,2026-06-29 21:08,B,냉동3,-19.22,-16.21,90.2,0.0,36.0,0.0,2.975,정상
CL02598,2026-08-11 17:32,B,냉동1,-17.56,-14.72,87.3,45.0,47.7,0.0,3.469,정상
CL01341,2026-07-07 16:54,C,냉동1,-17.77,-14.43,80.3,46.0,45.5,0.0,3.543,정상
CL02845,2026-08-18 09:09,A,냉동1,-17.14,-14.45,81.4,27.0,47.8,0.0,3.626,정상
CL00936,2026-06-26 19:52,B,냉동2,-17.4,-14.28,89.4,48.0,50.9,0.0,4.407,정상
CL03089,2026-08-25 05:53,B,냉동1,-18.51,-16.54,83.2,9.0,41.4,19.8,3.584,정상
CL00343,2026-06-10 14:24,B,냉동2,-16.78,-15.69,97.5,245.0,49.2,0.0,4.014,정상
CL00617,2026-06-18 01:21,A,냉동2,-17.87,-15.72,80.7,15.0,46.6,0.0,3.532,정상
CL02254,2026-08-01 22:05,B,냉동1,-18.4,-15.89,95.2,0.0,41.0,0.0,3.244,정상
CL02648,2026-08-13 02:48,B,냉동3,-17.51,-15.0,86.9,6.0,49.0,0.0,3.826,정상
CL02771,2026-08-16 07:27,A,냉동2,-18.13,-15.84,79.6,8.0,51.8,13.0,3.941,정상
CL03215,2026-08-28 20:20,A,냉동3,-18.61,-15.99,84.2,0.0,40.9,0.0,3.219,정상
CL03304,2026-08-31 10:35,A,냉동3,-18.19,-14.83,84.3,81.0,47.7,0.0,3.705,정상
CL00666,2026-06-19 09:42,C,냉동1,-17.81,-14.78,80.6,69.0,47.5,0.0,3.407,정상
CL01615,2026-07-15 05:31,C,냉동1,-17.96,-15.77,77.3,15.0,45.1,14.8,3.63,정상
CL02498,2026-08-08 19:06,C,냉동1,-17.53,-14.46,89.3,123.0,49.2,0.0,3.978,정상
CL00868,2026-06-25 02:57,A,냉동3,-18.16,-15.68,83.8,7.0,50.9,0.0,3.469,정상
CL02502,2026-08-08 22:03,B,냉동1,-18.92,-16.66,90.2,15.0,40.0,0.0,3.254,정상
CL00521,2026-06-15 11:16,B,냉동1,-17.89,-14.59,86.9,126.0,51.3,0.0,3.601,정상
CL01128,2026-07-01 21:31,C,냉동2,-18.85,-16.33,80.9,0.0,43.0,16.2,3.721,정상
CL03091,2026-08-25 07:18,B,냉동2,-18.2,-15.67,85.1,13.0,43.7,0.0,3.239,정상
CL02445,2026-08-07 08:15,B,냉동1,-17.44,-14.19,94.8,87.0,55.4,0.0,4.798,정상
CL02728,2026-08-15 04:03,A,냉동3,-18.01,-15.93,88.8,7.0,49.4,0.0,3.303,정상
CL00637,2026-06-18 12:51,C,냉동2,-16.32,-13.38,93.2,175.0,58.6,0.0,4.479,폐기
CL01509,2026-07-12 08:15,A,냉동2,-17.71,-15.24,84.9,40.0,48.2,0.0,3.754,정상
CL01540,2026-07-13 06:52,C,냉동2,-17.48,-15.13,85.4,27.0,51.8,0.0,3.808,정상
CL01243,2026-07-04 20:10,A,냉동2,-17.87,-15.6,85.6,2.0,47.5,0.0,3.469,정상
CL02444,2026-08-07 07:44,C,냉동2,-18.28,-16.01,83.4,20.0,49.7,0.0,3.531,정상
CL02923,2026-08-20 11:49,A,냉동3,-17.2,-14.37,76.8,83.0,53.4,0.0,4.169,정상
CL02935,2026-08-20 18:23,C,냉동2,-17.87,-14.93,87.9,30.0,65.9,0.0,4.678,정상
CL00263,2026-06-08 11:28,B,냉동2,-18.56,-15.17,84.4,175.0,41.1,12.0,3.66,정상
CL03264,2026-08-30 12:30,C,냉동3,-18.33,-15.8,89.4,100.0,41.4,0.0,2.709,정상
CL01997,2026-07-26 04:06,B,냉동2,-19.35,-16.78,83.3,16.0,41.6,0.0,3.575,정상
CL00585,2026-06-17 05:34,A,냉동2,-19.23,-17.13,85.5,10.0,45.1,0.0,3.585,정상
CL02517,2026-08-09 07:43,B,냉동1,-17.48,-14.3,89.5,3.0,46.0,0.0,3.435,정상
CL02409,2026-08-06 07:56,A,냉동1,-19.02,-15.93,86.3,4.0,50.4,0.0,4.069,정상
CL00552,2026-06-16 10:31,C,냉동2,-16.95,-15.13,87.7,193.0,35.5,0.0,2.65,정상
CL02365,2026-08-05 01:01,A,냉동1,-19.55,-16.7,80.5,3.0,42.4,0.0,2.769,정상
CL00439,2026-06-12 23:24,A,냉동3,-17.44,-15.02,83.2,19.0,51.3,0.0,3.911,정상
CL00560,2026-06-16 14:18,A,냉동1,-17.65,-14.82,79.1,63.0,50.9,0.0,4.349,정상
CL01707,2026-07-18 02:42,A,냉동1,-18.04,-15.64,,40.0,53.7,0.0,3.731,정상
CL02918,2026-08-20 07:24,B,냉동2,-18.96,-15.85,84.8,7.0,42.4,0.0,2.998,정상
CL02005,2026-07-26 07:13,A,냉동2,-18.44,-15.62,90.1,4.0,43.9,0.0,3.136,정상
CL01464,2026-07-10 23:54,C,냉동1,-18.92,-16.41,89.1,22.0,43.8,0.0,3.395,정상
CL00553,2026-06-16 11:00,B,냉동2,-18.4,-16.24,83.7,34.0,37.4,0.0,2.777,정상
CL01117,2026-07-01 12:56,A,냉동3,-17.63,-15.47,82.5,26.0,59.7,0.0,4.585,정상
CL01529,2026-07-13 01:32,C,냉동2,-18.33,-15.97,81.1,18.0,39.7,0.0,3.445,정상
CL01294,2026-07-06 10:21,A,냉동3,-17.15,-13.36,86.0,29.0,46.5,0.0,3.533,정상
CL00189,2026-06-06 09:32,A,냉동3,-17.7,-15.07,86.3,117.0,48.0,0.0,3.96,정상
CL03282,2026-08-30 23:12,A,냉동2,-18.48,-16.4,81.0,8.0,46.9,0.0,3.651,정상
CL02535,2026-08-09 20:58,B,냉동2,-17.59,-15.77,79.5,17.0,48.7,0.0,3.979,정상
CL03097,2026-08-25 10:45,C,냉동1,-17.62,-13.92,82.8,8.0,37.1,0.0,3.34,정상
CL00254,2026-06-08 08:25,A,냉동1,-17.87,-15.18,87.4,87.0,52.6,0.0,4.237,정상
CL02324,2026-08-03 18:13,B,냉동3,-18.84,-16.33,81.8,43.0,35.9,0.0,2.854,정상
CL01797,2026-07-20 18:24,B,냉동1,-18.11,-15.54,85.1,61.0,47.5,0.0,3.319,정상
CL01096,2026-06-30 22:04,B,냉동1,-18.07,-15.8,83.1,5.0,46.3,0.0,3.599,정상
CL01298,2026-07-06 12:54,B,냉동2,-18.33,-16.33,86.6,11.0,51.3,18.4,4.292,정상
CL02168,2026-07-30 14:55,A,냉동3,-17.65,-15.13,84.2,33.0,56.5,0.0,4.35,정상
CL01872,2026-07-22 19:39,A,냉동3,-17.81,-15.1,76.0,29.0,50.8,0.0,3.653,정상
CL01686,2026-07-17 15:00,B,냉동1,-15.1,-12.01,92.5,55.0,48.9,0.0,3.751,폐기
CL03339,2026-09-01 09:33,C,냉동3,-18.48,-15.72,86.5,70.0,42.5,0.0,3.283,정상
CL02041,2026-07-26 23:18,A,냉동3,-18.49,-15.42,83.2,12.0,44.2,0.0,3.875,정상
CL00075,2026-06-03 02:04,B,냉동3,-18.49,-16.15,81.9,7.0,40.8,0.0,,정상
CL03254,2026-08-30 05:01,A,냉동3,-18.57,-16.76,89.7,11.0,43.5,0.0,3.113,정상
CL02996,2026-08-22 16:56,A,냉동1,-17.8,-14.84,85.8,85.0,47.9,0.0,3.001,정상
CL01519,2026-07-12 15:50,C,냉동1,-18.13,-15.58,91.6,59.0,44.0,0.0,3.185,정상
CL01334,2026-07-07 12:23,C,냉동3,-18.14,-14.9,89.8,47.0,53.9,0.0,3.547,정상
CL00404,2026-06-12 01:02,B,냉동2,-17.9,-15.42,83.5,14.0,49.4,0.0,3.809,정상
CL01672,2026-07-17 04:54,C,냉동3,-18.24,-15.58,90.5,80.0,45.9,0.0,3.5,정상
CL00095,2026-06-03 13:41,B,냉동1,-17.94,-14.84,93.3,77.0,45.8,0.0,3.496,정상
CL00392,2026-06-11 18:19,B,냉동1,-17.54,-14.88,81.6,33.0,54.8,0.0,,정상
CL02369,2026-08-05 03:25,A,냉동1,-18.97,-16.38,86.0,5.0,46.0,0.0,3.727,정상
CL02091,2026-07-28 09:20,A,냉동2,-17.63,-14.48,84.9,44.0,36.6,0.0,2.602,정상
CL02473,2026-08-08 04:23,A,냉동2,-17.27,-15.13,82.1,3.0,58.6,0.0,5.208,정상
CL00692,2026-06-20 00:45,B,냉동2,-17.92,-15.94,79.3,3.0,46.9,0.0,3.557,정상
CL01816,2026-07-21 07:08,A,냉동2,-18.75,-16.1,83.6,5.0,42.2,0.0,3.046,정상
CL03148,2026-08-26 23:17,A,냉동2,-18.51,-16.29,86.7,32.0,45.9,0.0,3.83,정상
CL02904,2026-08-19 23:36,B,냉동2,-18.95,-15.61,86.0,26.0,39.5,0.0,2.9,정상
CL01226,2026-07-04 06:47,A,냉동1,-17.67,-15.05,80.7,6.0,42.7,0.0,3.493,정상
CL03372,2026-09-02 05:06,A,냉동3,-17.36,-14.7,80.0,13.0,52.2,0.0,4.545,정상
CL01864,2026-07-22 14:06,C,냉동2,-17.56,-15.07,79.4,29.0,45.6,0.0,3.81,정상
CL00287,2026-06-09 01:01,C,냉동2,-18.53,-15.71,87.8,2.0,42.6,0.0,3.208,정상
CL02692,2026-08-14 03:34,A,냉동1,-18.77,-15.8,83.7,7.0,44.7,0.0,3.85,정상
CL00696,2026-06-20 05:29,B,냉동3,-18.39,-15.24,80.6,17.0,47.6,0.0,3.63,정상
CL01984,2026-07-25 21:40,A,냉동1,-17.74,-14.94,83.6,7.0,51.8,0.0,3.93,정상
CL00249,2026-06-08 06:12,A,냉동2,-19.14,-16.52,85.0,17.0,47.0,0.0,3.518,정상
CL00050,2026-06-02 08:40,A,냉동2,-18.39,-16.03,81.9,12.0,47.1,0.0,3.862,정상
CL01144,2026-07-02 05:02,C,냉동2,-16.96,-13.78,81.5,11.0,60.1,0.0,4.899,정상
CL01033,2026-06-29 07:32,B,냉동3,-17.99,-15.28,83.3,21.0,33.6,0.0,2.329,정상
CL00829,2026-06-23 22:00,A,냉동1,-17.42,-15.05,92.7,2.0,49.2,0.0,3.575,정상
CL02818,2026-08-17 12:35,B,냉동3,-17.4,-14.71,77.1,53.0,53.7,0.0,4.265,정상
CL01048,2026-06-29 17:17,B,냉동3,-17.8,-14.45,89.9,108.0,55.3,16.8,4.886,정상
CL01279,2026-07-05 23:23,B,냉동2,-17.91,-15.64,81.3,8.0,45.1,0.0,3.517,정상
CL00135,2026-06-04 22:41,A,냉동3,-17.41,-14.95,84.3,7.0,42.7,0.0,3.134,정상
CL02920,2026-08-20 09:51,C,냉동3,-18.73,-15.52,91.0,91.0,44.9,0.0,3.43,정상
CL02565,2026-08-10 20:27,B,냉동2,-18.09,-15.93,86.3,0.0,47.5,0.0,3.803,정상
CL01902,2026-07-23 14:46,C,냉동3,-18.6,-16.08,88.1,53.0,41.9,0.0,3.34,정상
CL02027,2026-07-26 17:31,A,냉동1,-18.3,-15.84,88.8,9.0,37.1,0.0,2.692,정상
CL00462,2026-06-13 15:26,A,냉동2,-18.26,-15.49,86.1,77.0,41.3,0.0,2.817,정상
CL03232,2026-08-29 12:52,B,냉동1,-17.5,-14.69,83.2,42.0,48.4,0.0,3.606,정상
CL01399,2026-07-09 07:55,C,냉동3,-17.43,-14.78,76.3,1.0,53.2,0.0,3.456,정상
CL01705,2026-07-18 01:01,A,냉동2,-17.53,-14.95,80.4,14.0,45.6,0.0,3.829,정상
CL00863,2026-06-24 23:34,A,냉동3,-18.75,-15.99,73.3,15.0,36.1,0.0,2.737,정상
CL03083,2026-08-25 02:44,A,냉동2,-17.96,-15.1,88.1,38.0,49.4,0.0,4.136,정상
CL01933,2026-07-24 10:59,B,냉동2,-17.38,-14.69,82.1,45.0,49.0,0.0,3.978,정상
CL02597,2026-08-11 17:15,B,냉동3,-18.31,-15.55,83.2,136.0,51.0,0.0,4.127,정상
CL01524,2026-07-12 20:36,B,냉동1,-17.82,-15.16,80.0,20.0,52.2,22.3,4.088,정상
CL00300,2026-06-09 08:04,B,냉동1,-17.94,-15.55,85.8,71.0,54.5,0.0,4.098,정상
CL01875,2026-07-22 20:21,A,냉동2,-18.36,-14.75,75.4,18.0,44.3,0.0,3.785,정상
CL02643,2026-08-12 23:33,A,냉동3,-18.3,-15.91,80.4,37.0,44.9,0.0,3.514,정상
CL01141,2026-07-02 04:15,C,냉동2,-18.1,-15.63,80.2,10.0,41.3,11.3,3.484,정상
CL03210,2026-08-28 14:59,A,냉동1,-17.96,-15.45,81.6,44.0,46.7,0.0,4.158,정상
CL00766,2026-06-22 03:02,A,냉동2,-18.44,-15.94,81.7,12.0,45.2,11.3,3.628,정상
CL00015,2026-06-01 07:32,C,냉동2,-17.87,-14.88,81.4,30.0,49.9,0.0,4.101,정상
CL01301,2026-07-06 16:17,A,냉동3,-17.31,-14.01,81.1,36.0,57.7,0.0,4.321,정상
CL00707,2026-06-20 12:55,A,냉동2,-17.27,-15.44,84.3,93.0,42.6,0.0,2.86,정상
CL00088,2026-06-03 09:32,B,냉동1,-16.55,-13.99,86.5,68.0,54.5,17.4,4.456,정상
CL01980,2026-07-25 17:07,B,냉동2,-17.93,-14.96,75.7,40.0,49.8,0.0,3.512,정상
CL02848,2026-08-18 10:23,A,냉동1,-17.48,-14.97,82.2,26.0,50.1,0.0,4.376,정상
CL01437,2026-07-10 08:59,C,냉동3,-17.66,-14.51,83.9,34.0,54.1,11.8,4.221,정상
CL02088,2026-07-28 07:27,A,냉동2,-17.59,-14.73,88.2,24.0,54.0,16.4,4.202,정상
CL03235,2026-08-29 16:32,A,냉동1,-18.04,-15.61,85.3,30.0,48.1,0.0,3.962,정상
CL01458,2026-07-10 19:53,A,냉동2,-18.39,-15.84,91.7,51.0,39.4,0.0,3.257,정상
CL02019,2026-07-26 15:02,A,냉동1,-18.06,-15.34,87.2,131.0,42.4,0.0,3.101,정상
CL00638,2026-06-18 13:51,A,냉동2,-17.97,-15.15,86.5,45.0,44.9,0.0,3.5,정상
CL02909,2026-08-20 03:37,C,냉동3,-16.28,-15.13,87.7,257.0,46.7,0.0,3.376,폐기
CL03230,2026-08-29 11:42,A,냉동1,-18.07,-15.19,87.5,24.0,47.6,0.0,3.567,정상
CL02110,2026-07-28 22:10,C,냉동1,-16.88,-14.29,83.9,14.0,52.1,0.0,3.631,폐기
CL00676,2026-06-19 16:01,B,냉동1,-16.89,-13.42,84.8,56.0,54.1,0.0,4.118,정상
CL00711,2026-06-20 14:45,B,냉동3,-17.55,-14.45,82.0,25.0,52.0,0.0,3.985,정상
CL03113,2026-08-25 19:44,A,냉동2,-18.27,-15.74,82.8,38.0,53.8,0.0,4.428,정상
CL01582,2026-07-14 08:54,B,냉동1,-15.92,-12.92,82.8,112.0,56.2,0.0,4.214,정상
CL01202,2026-07-03 14:57,A,냉동1,-18.11,-15.79,84.6,29.0,50.4,0.0,3.716,정상
CL00949,2026-06-27 04:44,A,냉동3,-18.34,-14.88,94.7,16.0,53.8,0.0,4.26,정상
CL03110,2026-08-25 18:19,A,냉동3,-18.13,-16.17,82.7,36.0,47.0,0.0,3.799,정상
CL01792,2026-07-20 14:44,C,냉동1,-18.03,-15.27,87.5,36.0,51.7,14.3,4.013,정상
CL00306,2026-06-09 12:24,B,냉동1,-18.21,-15.11,89.2,74.0,50.9,0.0,3.926,정상
CL01918,2026-07-24 03:47,C,냉동1,-18.48,-16.75,87.3,19.0,48.9,0.0,3.881,정상
CL00279,2026-06-08 21:18,C,냉동2,-18.33,-16.0,85.5,13.0,40.9,0.0,2.721,정상
CL02138,2026-07-29 18:54,C,냉동3,-18.38,-15.8,85.4,35.0,47.7,0.0,3.581,정상
CL02530,2026-08-09 17:13,B,냉동1,-18.04,-15.16,90.8,45.0,50.4,0.0,3.699,정상
CL00157,2026-06-05 14:16,A,냉동1,-18.92,-16.3,89.2,34.0,41.4,0.0,3.143,정상
CL00976,2026-06-27 23:20,B,냉동2,-17.77,-15.06,87.0,12.0,48.7,0.0,4.068,정상
CL01618,2026-07-15 10:18,A,냉동3,-17.74,-14.9,84.7,46.0,52.6,0.0,4.015,정상
CL01485,2026-07-11 15:48,B,냉동1,-18.82,-15.51,82.3,110.0,43.7,0.0,3.552,정상
CL00265,2026-06-08 12:32,A,냉동2,-18.09,-15.66,81.7,44.0,43.9,0.0,3.385,정상
CL00211,2026-06-07 01:02,B,냉동1,-18.7,-16.78,83.1,22.0,39.8,0.0,3.213,정상
CL02446,2026-08-07 08:59,B,냉동1,-16.87,-14.33,76.3,17.0,52.9,0.0,3.917,정상
CL02313,2026-08-03 11:08,B,냉동2,-17.62,-15.22,96.5,16.0,49.6,0.0,3.899,정상
CL00931,2026-06-26 16:24,B,냉동1,-18.33,-15.78,90.5,52.0,46.5,0.0,3.377,정상
CL03393,2026-09-02 18:25,B,냉동2,-17.49,-14.99,83.6,71.0,53.3,20.2,4.798,정상
CL00822,2026-06-23 17:35,A,냉동3,-17.54,-14.74,90.1,80.0,51.3,0.0,3.591,정상
CL02001,2026-07-26 05:59,A,냉동3,-18.44,-15.93,86.4,6.0,39.7,0.0,3.007,정상
CL01803,2026-07-20 23:48,C,냉동3,-17.34,-14.16,87.0,12.0,42.0,0.0,3.269,정상
CL02107,2026-07-28 20:36,B,냉동1,-18.43,-15.67,86.3,10.0,44.6,0.0,3.721,정상
CL00928,2026-06-26 14:44,A,냉동2,-18.17,-15.26,82.2,107.0,36.0,0.0,2.879,정상
CL01751,2026-07-19 12:43,A,냉동1,-18.67,-15.66,84.4,65.0,42.7,0.0,3.018,정상
CL00703,2026-06-20 10:29,C,냉동2,-18.05,-14.35,80.4,87.0,49.3,0.0,3.196,정상
CL00520,2026-06-15 10:11,A,냉동3,-18.49,-16.01,87.1,45.0,42.9,0.0,3.07,정상
CL00175,2026-06-06 01:14,C,냉동3,-17.92,-15.81,89.3,2.0,40.3,0.0,2.842,정상
CL01573,2026-07-14 04:20,A,냉동2,-19.15,-17.22,81.5,4.0,46.6,0.0,3.673,정상
CL00422,2026-06-12 09:19,A,냉동1,-17.57,-14.85,94.0,70.0,54.4,0.0,4.856,정상
CL00762,2026-06-22 00:41,C,냉동3,-18.59,-16.66,95.7,19.0,43.9,0.0,3.402,정상
CL00878,2026-06-25 09:04,C,냉동3,-17.58,-15.58,85.3,24.0,52.7,0.0,4.036,정상
CL03049,2026-08-24 02:38,A,냉동3,-17.97,-15.5,88.7,17.0,39.3,0.0,2.777,정상
CL02596,2026-08-11 16:35,B,냉동1,-17.28,-14.51,85.3,76.0,51.5,0.0,4.103,정상
CL01377,2026-07-08 18:11,B,냉동2,-17.13,-14.77,86.5,58.0,49.9,0.0,3.689,정상
CL00941,2026-06-26 23:06,A,냉동2,-17.34,-14.85,79.7,1.0,48.2,0.0,3.442,정상
CL03147,2026-08-26 22:52,C,냉동1,-18.47,-15.86,89.2,6.0,42.9,20.8,3.477,정상
CL01082,2026-06-30 14:33,A,냉동3,-18.85,-16.25,90.1,103.0,44.9,0.0,3.721,정상
CL02908,2026-08-20 02:55,B,냉동1,-18.44,-16.7,83.1,18.0,44.5,0.0,3.928,정상
CL01169,2026-07-02 18:49,B,냉동1,-18.18,-15.36,79.2,40.0,45.6,0.0,3.504,정상
CL02216,2026-07-31 20:46,C,냉동2,-17.38,-14.33,85.5,5.0,52.8,15.2,4.504,정상
CL01718,2026-07-18 09:02,C,냉동2,-17.22,-14.26,85.8,28.0,43.5,0.0,3.233,정상
CL01106,2026-07-01 04:12,B,냉동3,-18.21,-15.48,91.1,76.0,39.3,0.0,3.316,정상
CL03174,2026-08-27 14:47,C,냉동1,-19.18,-16.31,88.7,81.0,44.0,0.0,3.195,정상
CL03038,2026-08-23 20:22,C,냉동2,-18.41,-15.52,79.5,8.0,54.0,0.0,3.959,정상
CL00209,2026-06-06 23:36,A,냉동1,-18.17,-14.93,91.8,6.0,52.2,0.0,3.779,정상
CL00114,2026-06-04 04:37,A,냉동1,-18.02,-15.41,86.2,16.0,37.5,0.0,3.173,정상
CL03190,2026-08-28 03:31,C,냉동2,-18.46,-15.65,83.8,13.0,36.9,0.0,3.103,정상
CL02316,2026-08-03 12:15,C,냉동3,-18.79,-16.12,87.8,53.0,39.6,0.0,3.0,정상
CL00074,2026-06-03 00:58,A,냉동2,-17.92,-15.31,81.8,22.0,40.2,0.0,3.054,정상
CL02717,2026-08-14 18:49,A,냉동1,-16.61,-13.33,85.5,47.0,49.1,0.0,3.597,정상
CL00266,2026-06-08 12:56,A,냉동3,-17.28,-14.52,86.0,48.0,49.4,0.0,3.73,정상
CL01183,2026-07-03 01:51,B,냉동2,-17.99,-15.41,83.3,11.0,51.9,23.2,4.455,정상
CL01592,2026-07-14 14:20,C,냉동3,-17.74,-13.83,88.0,96.0,46.0,0.0,3.353,정상
CL02220,2026-07-31 23:47,A,냉동1,-16.91,-14.8,88.4,20.0,58.2,0.0,4.442,정상
CL01338,2026-07-07 16:10,B,냉동3,-16.92,-14.69,85.8,140.0,49.9,0.0,3.622,정상
CL02579,2026-08-11 05:10,A,냉동1,-17.9,-15.51,88.6,22.0,44.9,0.0,3.794,정상
CL01674,2026-07-17 05:57,A,냉동1,-18.91,-15.69,87.3,18.0,51.8,0.0,4.232,정상
CL00442,2026-06-13 01:29,B,냉동3,-18.26,-15.75,81.0,3.0,50.8,0.0,4.078,정상
CL01992,2026-07-26 00:56,B,냉동1,-18.57,-16.25,84.2,1.0,43.8,0.0,3.168,정상
CL00418,2026-06-12 07:36,B,냉동2,-17.58,-15.47,89.5,22.0,58.9,0.0,4.287,정상
CL02794,2026-08-16 20:43,B,냉동2,-16.0,-15.73,89.1,393.0,43.1,0.0,3.343,폐기
CL02163,2026-07-30 11:38,B,냉동2,-17.46,-14.53,88.0,100.0,53.7,16.7,4.284,정상
CL02295,2026-08-02 20:05,C,냉동2,-18.17,-15.23,,5.0,51.8,0.0,3.268,정상
CL02248,2026-08-01 20:16,B,냉동1,-18.29,-15.18,94.2,4.0,48.2,0.0,3.65,정상
CL00517,2026-06-15 07:49,C,냉동1,-17.83,-15.21,85.9,4.0,50.2,0.0,3.638,정상
CL00884,2026-06-25 13:25,A,냉동3,-17.86,-15.72,77.4,19.0,55.5,0.0,4.277,정상
CL02944,2026-08-21 01:39,A,냉동1,-18.99,-16.68,84.4,30.0,50.6,0.0,3.702,정상
CL00001,2026-06-01 00:49,C,냉동1,-18.01,-15.28,83.4,16.0,49.7,0.0,3.796,정상
CL00876,2026-06-25 07:09,C,냉동1,-17.84,-14.74,77.5,11.0,50.7,19.7,4.158,정상
CL02716,2026-08-14 17:59,A,냉동2,-17.41,-14.34,87.8,68.0,48.1,0.0,3.994,정상
CL01046,2026-06-29 15:26,B,냉동2,-17.9,-14.42,84.1,123.0,51.2,0.0,4.022,정상
CL02829,2026-08-17 23:03,B,냉동3,-19.54,-16.53,92.8,33.0,37.0,0.0,2.773,정상
CL00326,2026-06-10 02:56,B,냉동2,-18.89,-15.64,81.5,8.0,41.6,0.0,3.201,정상
CL03090,2026-08-25 06:55,A,냉동1,-17.42,-15.1,84.9,16.0,49.5,0.0,3.935,정상
CL00736,2026-06-21 07:18,C,냉동2,-18.14,-15.29,91.0,33.0,44.6,0.0,3.466,정상
CL03231,2026-08-29 12:09,B,냉동1,-17.66,-15.53,81.4,80.0,46.8,16.2,4.0,정상
CL02382,2026-08-05 13:57,A,냉동1,-17.85,-14.63,82.4,105.0,44.8,0.0,2.975,정상
CL03100,2026-08-25 11:54,C,냉동1,-17.8,-15.6,86.3,49.0,50.0,0.0,3.441,정상
CL02698,2026-08-14 08:30,B,냉동2,-17.84,-16.68,87.6,24.0,47.2,25.5,4.138,정상
CL01882,2026-07-23 02:54,C,냉동3,-18.76,-15.92,86.0,26.0,48.9,0.0,3.963,정상
CL00645,2026-06-18 17:22,A,냉동2,-16.97,-14.55,81.1,23.0,54.8,0.0,4.195,정상
CL01613,2026-07-15 04:10,B,냉동2,-14.7,-11.72,89.1,1.0,68.8,0.0,5.071,폐기
CL00022,2026-06-01 11:30,A,냉동1,-17.43,-15.08,85.0,49.0,52.4,0.0,3.432,정상
CL01840,2026-07-21 21:53,B,냉동2,-18.53,-15.11,83.9,35.0,50.5,0.0,3.513,정상
CL00759,2026-06-21 21:49,C,냉동3,-19.13,-16.37,86.2,12.0,41.0,0.0,3.187,정상
CL03112,2026-08-25 19:18,A,냉동3,-17.12,-13.18,82.4,249.0,50.8,0.0,3.859,정상
CL01248,2026-07-04 23:09,A,냉동1,-17.66,-15.28,90.5,12.0,45.3,0.0,3.624,정상
CL03216,2026-08-28 22:00,A,냉동2,-17.21,-14.48,86.3,13.0,50.1,0.0,3.328,정상
CL01283,2026-07-06 02:37,A,냉동3,-18.25,-16.16,85.9,5.0,47.2,0.0,3.673,정상
CL02437,2026-08-07 01:07,A,냉동3,-17.61,-14.27,83.8,40.0,48.4,0.0,3.863,정상
CL02129,2026-07-29 11:44,B,냉동3,-18.79,-16.53,80.9,54.0,42.2,0.0,3.318,정상
CL00723,2026-06-20 22:52,C,냉동3,-18.24,-16.25,82.9,1.0,50.7,0.0,3.611,정상
CL00910,2026-06-26 03:23,C,냉동3,-18.43,-15.68,88.7,6.0,39.7,0.0,3.317,정상
CL01197,2026-07-03 11:07,C,냉동1,-17.15,-14.33,79.6,49.0,44.8,0.0,3.868,정상
CL01489,2026-07-11 18:44,A,냉동2,-17.87,-14.88,71.5,29.0,49.0,0.0,3.685,정상
CL00410,2026-06-12 03:18,A,냉동1,-17.68,-14.55,87.7,40.0,54.9,0.0,4.467,정상
CL01778,2026-07-20 08:14,B,냉동2,-17.91,-15.59,90.6,195.0,55.8,0.0,4.537,정상
CL01405,2026-07-09 13:33,A,냉동2,-17.57,-14.15,86.2,53.0,46.8,18.5,4.132,정상
CL01351,2026-07-07 20:45,A,냉동1,-18.95,-16.11,84.4,3.0,39.9,0.0,3.258,정상
CL02633,2026-08-12 15:49,C,냉동2,-18.65,-15.44,91.3,44.0,36.3,0.0,3.021,정상
CL02414,2026-08-06 10:03,B,냉동2,-17.98,-15.63,84.9,109.0,44.4,0.0,2.884,정상
CL02329,2026-08-03 22:48,A,냉동2,-18.18,-14.94,92.4,20.0,55.4,0.0,4.687,정상
CL01914,2026-07-23 22:54,C,냉동1,-17.94,-14.98,80.7,2.0,48.3,0.0,3.532,정상
CL02355,2026-08-04 14:56,A,냉동1,-17.42,-14.88,84.9,20.0,57.2,0.0,4.68,정상
CL00054,2026-06-02 12:38,B,냉동2,-18.55,-15.67,81.5,56.0,45.7,0.0,3.904,정상
CL03355,2026-09-01 19:22,C,냉동2,-17.77,-14.48,82.0,47.0,53.9,0.0,4.61,정상
CL00781,2026-06-22 12:01,A,냉동3,-18.63,-15.56,84.3,80.0,58.1,0.0,4.347,정상
CL00848,2026-06-24 08:52,C,냉동1,-17.71,-14.71,87.3,45.0,47.5,0.0,3.236,정상
CL00047,2026-06-02 07:02,A,냉동1,-18.67,-16.41,77.1,13.0,48.5,0.0,3.783,정상
CL00594,2026-06-17 09:40,B,냉동2,-18.82,-16.29,86.0,20.0,44.8,0.0,3.132,정상
CL00390,2026-06-11 16:45,A,냉동2,-17.93,-14.81,78.7,86.0,45.7,0.0,3.529,정상
CL02375,2026-08-05 07:51,C,냉동2,-18.82,-16.43,84.3,3.0,29.5,0.0,2.189,정상
CL02938,2026-08-20 20:12,A,냉동1,-18.91,-15.64,81.8,2.0,45.4,0.0,3.677,정상
CL00886,2026-06-25 15:56,C,냉동3,-17.24,-15.12,88.6,87.0,44.9,0.0,3.039,정상
CL00222,2026-06-07 08:58,A,냉동2,-18.07,-14.95,81.3,35.0,47.4,0.0,3.185,정상
CL03321,2026-08-31 21:57,A,냉동2,-19.11,-17.19,88.5,8.0,45.5,0.0,3.521,정상
CL03029,2026-08-23 15:16,A,냉동2,-18.07,-15.71,88.0,57.0,46.7,12.1,3.88,정상
CL03175,2026-08-27 17:24,C,냉동3,-17.42,-14.41,85.9,27.0,48.1,0.0,4.108,정상
CL02393,2026-08-05 21:07,B,냉동2,-18.27,-16.38,87.8,8.0,51.7,0.0,4.203,정상
CL00777,2026-06-22 08:52,A,냉동2,-17.24,-14.04,89.1,64.0,48.5,0.0,3.502,정상
CL02869,2026-08-18 22:42,B,냉동2,-18.12,-14.46,82.9,9.0,47.6,0.0,4.083,정상
CL01232,2026-07-04 10:24,A,냉동2,-17.9,-14.53,87.2,6.0,50.9,0.0,3.996,정상
CL00309,2026-06-09 15:27,B,냉동1,-19.34,-15.48,82.4,151.0,37.2,0.0,2.94,정상
CL02870,2026-08-18 23:11,C,냉동3,-18.17,-15.37,91.4,4.0,45.4,0.0,3.584,정상
CL01777,2026-07-20 07:54,B,냉동2,-18.21,-15.34,83.6,59.0,41.3,0.0,3.44,정상
CL03064,2026-08-24 13:12,B,냉동2,-17.13,-14.26,90.4,109.0,42.9,18.5,3.601,정상
CL02612,2026-08-12 00:26,C,냉동1,-17.02,-14.74,80.7,12.0,53.2,0.0,3.89,정상
CL00514,2026-06-15 06:04,A,냉동2,-17.45,-14.71,81.9,20.0,52.8,0.0,3.713,정상
CL02159,2026-07-30 08:29,B,냉동2,-17.92,-15.36,78.0,71.0,44.1,0.0,3.436,정상
CL01892,2026-07-23 08:01,C,냉동1,-17.97,-15.0,89.0,64.0,54.1,0.0,3.995,정상
CL02042,2026-07-26 23:37,B,냉동2,-17.04,-15.46,81.4,4.0,43.1,0.0,3.19,정상
CL02230,2026-08-01 07:42,B,냉동1,-17.47,-16.37,89.5,279.0,51.9,0.0,3.994,정상
CL01282,2026-07-06 01:48,C,냉동1,-18.01,-15.44,81.9,8.0,49.1,0.0,3.571,정상
CL01675,2026-07-17 06:48,B,냉동3,-16.57,-13.84,86.5,15.0,48.0,0.0,3.353,정상
CL00944,2026-06-27 00:11,B,냉동3,-17.98,-15.38,84.8,7.0,43.8,0.0,3.152,정상
CL00038,2026-06-02 00:46,A,냉동2,-19.01,-16.59,90.8,6.0,37.5,0.0,2.895,정상
CL01218,2026-07-04 03:10,B,냉동2,-19.63,-17.03,89.4,30.0,41.7,0.0,3.161,정상
CL01056,2026-06-29 22:41,A,냉동3,-17.9,-15.47,75.6,14.0,55.8,0.0,4.375,정상
CL03098,2026-08-25 11:10,C,냉동1,-18.8,-16.08,82.7,53.0,41.3,0.0,3.141,정상
CL01273,2026-07-05 16:49,C,냉동2,-17.88,-15.49,80.6,19.0,37.6,0.0,3.368,정상
CL03130,2026-08-26 10:45,B,냉동1,-16.89,-14.65,83.1,15.0,43.8,20.5,3.524,정상
CL02394,2026-08-05 21:17,A,냉동1,-17.67,-15.5,81.4,0.0,44.3,0.0,3.349,정상
CL00077,2026-06-03 03:23,A,냉동1,-17.82,-15.45,91.6,2.0,52.6,0.0,3.992,정상
CL00351,2026-06-10 19:36,A,냉동2,-18.33,-15.29,79.3,92.0,39.7,19.8,3.361,정상
CL01891,2026-07-23 07:37,B,냉동3,-17.63,-14.77,74.2,16.0,46.6,0.0,3.688,정상
CL01296,2026-07-06 11:35,C,냉동2,-18.02,-15.15,92.5,118.0,43.8,0.0,3.131,정상
CL02629,2026-08-12 12:02,A,냉동1,-18.38,-15.16,87.4,154.0,50.5,0.0,3.407,정상
CL00918,2026-06-26 06:37,C,냉동2,-18.19,-15.39,83.8,7.0,46.9,0.0,3.566,정상
CL02443,2026-08-07 06:28,B,냉동1,-18.37,-15.95,85.9,10.0,38.9,0.0,3.737,정상
CL03072,2026-08-24 19:31,B,냉동2,-16.81,-14.24,83.6,139.0,52.8,0.0,3.803,폐기
CL00861,2026-06-24 20:36,B,냉동2,-18.35,-15.12,84.3,17.0,43.5,0.0,3.661,정상
CL01993,2026-07-26 01:12,A,냉동1,-17.27,-14.57,84.1,12.0,44.7,0.0,3.415,폐기
CL01756,2026-07-19 16:59,A,냉동1,-17.57,-14.2,87.6,87.0,53.7,0.0,4.146,정상
CL03075,2026-08-24 22:32,C,냉동2,-18.21,-15.58,90.9,9.0,36.5,22.0,3.498,정상
CL01136,2026-07-02 01:36,B,냉동1,-17.59,-15.21,86.4,15.0,47.8,0.0,3.418,정상
CL01407,2026-07-09 14:30,C,냉동1,-17.8,-15.32,97.2,113.0,45.3,0.0,3.25,정상
CL01414,2026-07-09 19:13,B,냉동1,-17.68,-15.06,84.3,42.0,49.9,0.0,3.417,정상
CL01787,2026-07-20 13:23,A,냉동3,-17.84,-14.79,88.0,96.0,47.2,0.0,3.617,정상
CL03195,2026-08-28 07:03,A,냉동2,-18.56,-16.09,88.9,56.0,50.5,0.0,3.736,정상
CL03301,2026-08-31 09:11,C,냉동2,-17.62,-14.59,80.8,47.0,44.0,0.0,3.307,정상
CL02286,2026-08-02 12:50,A,냉동1,-18.04,-14.25,77.3,13.0,43.5,0.0,3.559,정상
CL02432,2026-08-06 20:45,A,냉동1,-18.09,-15.65,79.8,16.0,52.2,0.0,4.321,정상
CL00042,2026-06-02 04:02,A,냉동1,-17.79,-15.53,79.1,15.0,44.1,0.0,3.593,정상
CL00619,2026-06-18 01:58,B,냉동2,-18.55,-16.06,81.0,18.0,43.5,0.0,2.95,정상
CL02521,2026-08-09 10:23,C,냉동3,-19.77,-16.7,89.2,32.0,41.6,23.1,3.868,정상
CL01641,2026-07-16 04:12,B,냉동2,-15.82,-13.47,85.2,7.0,55.6,0.0,3.67,폐기
CL00644,2026-06-18 17:00,C,냉동3,-17.89,-15.65,84.2,21.0,43.9,0.0,3.472,정상
CL02439,2026-08-07 02:59,B,냉동3,-17.93,-15.21,82.3,4.0,47.8,0.0,3.459,정상
CL01410,2026-07-09 16:41,A,냉동2,-18.19,-14.63,81.1,46.0,44.6,19.9,3.973,정상
CL02943,2026-08-21 01:29,B,냉동3,-18.86,-15.92,88.9,7.0,38.4,0.0,2.931,정상
CL02181,2026-07-30 23:25,B,냉동1,-18.73,-15.55,81.2,21.0,36.3,0.0,2.606,정상
CL01193,2026-07-03 08:20,B,냉동3,-17.19,-14.42,87.9,11.0,46.4,0.0,3.435,정상
CL00882,2026-06-25 11:45,B,냉동2,-16.45,-13.02,89.2,32.0,60.7,0.0,4.433,정상
CL03000,2026-08-22 19:23,C,냉동1,-17.64,-14.98,83.4,35.0,43.8,0.0,2.887,정상
CL02557,2026-08-10 13:28,A,냉동3,-18.62,-15.78,83.5,116.0,40.4,23.2,3.458,정상
CL01215,2026-07-03 23:09,B,냉동2,-17.82,-14.93,82.1,4.0,42.1,0.0,2.681,정상
CL03265,2026-08-30 12:38,B,냉동1,-17.72,-14.6,84.6,54.0,46.0,0.0,3.86,정상
CL03363,2026-09-01 22:56,A,냉동2,-18.5,-15.9,81.8,15.0,39.2,0.0,2.84,정상
CL03063,2026-08-24 12:15,B,냉동1,-17.86,-16.05,87.6,38.0,44.1,23.0,4.109,정상
CL03297,2026-08-31 06:58,A,냉동2,-18.16,-15.25,88.2,19.0,44.4,0.0,3.713,정상
CL00903,2026-06-25 22:59,B,냉동1,-19.22,-16.82,88.6,18.0,49.1,0.0,3.578,정상
CL02681,2026-08-13 21:39,A,냉동2,-17.74,-14.85,91.5,3.0,47.6,0.0,3.658,정상
CL01581,2026-07-14 08:38,B,냉동1,-15.58,-13.34,87.5,71.0,58.3,0.0,4.796,폐기
CL03153,2026-08-27 01:27,B,냉동3,-18.08,-14.66,92.2,72.0,40.2,0.0,3.21,정상
CL02865,2026-08-18 19:47,C,냉동1,-18.64,-16.66,85.1,47.0,44.6,0.0,3.166,정상
CL00259,2026-06-08 09:49,C,냉동1,-17.07,-14.46,77.8,38.0,42.1,16.3,3.45,정상
CL00825,2026-06-23 19:51,A,냉동2,-17.6,-15.35,89.5,62.0,48.0,0.0,3.564,정상
CL01810,2026-07-21 03:02,A,냉동2,-19.11,-16.19,83.0,19.0,44.5,0.0,2.981,정상
CL02417,2026-08-06 12:07,A,냉동1,-16.72,-14.02,84.8,20.0,55.0,0.0,4.26,정상
CL01566,2026-07-13 23:51,A,냉동1,-18.84,-16.67,87.5,1.0,40.6,13.0,3.542,정상
CL00747,2026-06-21 14:32,C,냉동2,-19.26,-16.49,90.8,97.0,32.8,0.0,2.515,정상
CL02849,2026-08-18 11:05,A,냉동2,-18.39,-15.8,83.5,43.0,48.7,0.0,3.63,정상
CL01429,2026-07-10 04:04,C,냉동2,-18.17,-15.66,88.0,24.0,46.9,0.0,3.639,정상
CL00926,2026-06-26 12:05,B,냉동1,-18.87,-16.42,89.1,49.0,38.4,0.0,2.772,정상
CL00204,2026-06-06 19:31,A,냉동1,-17.67,-14.92,84.5,19.0,46.5,0.0,3.999,정상
CL02762,2026-08-16 04:38,B,냉동3,-17.18,-14.85,80.3,30.0,53.4,0.0,4.361,정상
CL03208,2026-08-28 13:27,C,냉동2,-17.76,-14.94,87.0,82.0,45.3,0.0,3.153,정상
CL03203,2026-08-28 11:14,B,냉동1,-17.65,-14.35,84.4,46.0,52.8,0.0,4.383,정상
CL01986,2026-07-25 22:08,B,냉동2,-18.9,-16.51,81.6,9.0,44.2,12.4,3.38,정상
CL03245,2026-08-29 23:23,B,냉동1,-18.29,-15.48,81.1,51.0,43.3,0.0,3.478,정상
CL00339,2026-06-10 12:52,C,냉동2,-19.15,-16.16,88.6,52.0,41.4,0.0,3.197,정상
CL00730,2026-06-21 03:23,C,냉동1,-18.73,-15.68,78.5,43.0,37.0,0.0,2.629,정상
CL01383,2026-07-08 23:11,C,냉동3,-18.67,-15.89,82.9,4.0,44.1,0.0,3.449,정상
CL03391,2026-09-02 17:49,A,냉동2,-17.87,-15.32,81.4,26.0,50.9,0.0,4.294,정상
CL02145,2026-07-29 22:44,A,냉동1,-18.67,-15.69,83.6,23.0,40.0,19.0,3.311,정상
CL00811,2026-06-23 12:13,B,냉동1,-19.04,-16.23,79.5,21.0,38.4,0.0,2.909,정상
CL01655,2026-07-16 14:35,A,냉동3,-17.7,-15.27,85.9,59.0,50.3,18.1,3.667,정상
CL00113,2026-06-04 04:17,A,냉동2,-17.99,-16.03,82.3,7.0,53.6,0.0,3.734,정상
CL02032,2026-07-26 19:56,C,냉동2,-18.27,-15.13,83.4,40.0,47.4,0.0,4.236,정상
CL02422,2026-08-06 15:22,B,냉동2,-17.86,-14.66,85.3,26.0,53.5,0.0,3.944,정상
CL00809,2026-06-23 10:40,A,냉동3,-18.15,-15.22,82.2,60.0,47.5,0.0,3.945,정상
CL00045,2026-06-02 05:44,B,냉동2,-18.85,-15.38,83.8,51.0,38.5,0.0,2.933,정상
CL02509,2026-08-09 03:21,B,냉동2,-17.65,-15.7,82.3,7.0,49.5,0.0,3.829,정상
CL02628,2026-08-12 11:48,C,냉동1,-17.78,-15.25,81.6,39.0,45.5,0.0,3.628,정상
CL00008,2026-06-01 03:35,C,냉동1,-18.81,-16.64,88.0,0.0,37.9,0.0,2.883,정상
CL01546,2026-07-13 10:27,C,냉동1,-18.7,-16.28,81.9,14.0,39.4,0.0,2.938,정상
CL02214,2026-07-31 19:43,B,냉동3,-18.38,-16.14,85.0,67.0,46.0,0.0,3.693,정상
CL00527,2026-06-15 15:42,A,냉동3,-17.69,-15.09,89.2,142.0,47.3,0.0,3.637,정상
CL00330,2026-06-10 05:21,C,냉동3,-18.3,-15.52,91.7,17.0,35.0,13.5,3.065,정상
CL01058,2026-06-29 23:36,B,냉동1,-18.46,-15.23,79.3,5.0,53.0,0.0,4.182,정상
CL02442,2026-08-07 05:44,B,냉동1,-17.34,-14.98,77.2,3.0,48.3,0.0,3.791,정상
CL00291,2026-06-09 02:40,C,냉동2,-19.16,-16.6,85.0,9.0,37.7,0.0,2.799,정상
CL01626,2026-07-15 15:12,C,냉동1,-18.28,-15.43,80.1,31.0,47.8,25.6,4.317,정상
CL02785,2026-08-16 15:05,A,냉동2,-18.66,-15.85,85.3,45.0,41.8,0.0,,정상
CL01866,2026-07-22 15:30,A,냉동1,-19.09,-16.19,86.0,74.0,41.7,18.8,3.589,정상
CL00880,2026-06-25 09:58,C,냉동1,-18.07,-15.38,86.6,39.0,46.4,21.8,4.27,정상
CL02657,2026-08-13 07:25,A,냉동3,-17.95,-15.62,82.6,22.0,47.8,0.0,3.789,정상
CL02278,2026-08-02 09:42,C,냉동2,-17.61,-15.02,76.7,27.0,49.4,0.0,3.581,정상
CL01422,2026-07-09 22:51,A,냉동2,-18.23,-15.4,88.7,3.0,53.2,0.0,4.404,정상
CL02381,2026-08-05 12:18,B,냉동1,-18.34,-15.63,83.9,135.0,39.5,0.0,3.095,정상
CL00885,2026-06-25 15:27,A,냉동2,-17.24,-14.92,82.9,62.0,51.8,0.0,4.015,정상
CL03180,2026-08-27 20:46,C,냉동2,-18.5,-16.1,80.7,2.0,50.0,0.0,3.444,정상
CL01693,2026-07-17 18:18,C,냉동2,-17.71,-15.44,82.2,73.0,46.3,0.0,3.68,정상
CL01499,2026-07-12 01:50,A,냉동2,-18.12,-15.51,84.7,4.0,37.1,0.0,2.835,정상
CL02578,2026-08-11 04:05,A,냉동1,-18.61,-16.18,79.9,3.0,50.2,0.0,3.943,정상
CL01943,2026-07-24 16:58,B,냉동2,-18.36,-15.16,91.0,34.0,47.6,0.0,3.662,폐기
CL00557,2026-06-16 13:08,B,냉동3,-17.89,-15.02,90.5,91.0,44.7,0.0,3.369,정상
CL00393,2026-06-11 18:58,B,냉동2,-18.26,-14.68,84.3,56.0,50.7,0.0,4.442,정상
CL00089,2026-06-03 09:39,B,냉동1,-19.3,-16.17,91.5,145.0,35.8,0.0,2.859,정상
CL00571,2026-06-16 22:08,A,냉동1,-17.49,-15.05,86.6,25.0,50.8,0.0,4.144,정상
CL03293,2026-08-31 04:41,A,냉동2,-17.97,-15.29,82.9,34.0,58.6,0.0,3.99,정상
CL02475,2026-08-08 06:23,A,냉동1,-18.18,-15.22,81.9,17.0,40.5,0.0,2.71,정상
CL00907,2026-06-26 02:25,A,냉동2,-18.56,-16.06,86.8,2.0,42.6,0.0,3.18,정상
CL02954,2026-08-21 06:10,B,냉동2,-18.98,-16.26,85.4,1.0,36.7,0.0,2.658,정상
CL01206,2026-07-03 17:02,B,냉동1,-17.04,-14.8,81.9,54.0,52.0,0.0,3.9,정상
CL01304,2026-07-06 18:11,A,냉동1,-18.14,-15.38,82.2,27.0,45.2,0.0,3.47,정상
CL02137,2026-07-29 18:09,A,냉동3,-18.39,-16.13,85.8,35.0,47.7,16.7,4.544,정상
CL00795,2026-06-22 22:16,B,냉동2,-18.1,-14.85,80.8,0.0,47.7,0.0,3.959,정상
CL01921,2026-07-24 05:44,B,냉동1,-17.52,-14.71,77.3,30.0,46.2,0.0,3.812,폐기
CL00866,2026-06-25 01:05,C,냉동1,-18.4,-15.12,80.7,13.0,47.2,0.0,3.467,정상
CL01752,2026-07-19 13:16,A,냉동2,-17.76,-14.46,85.5,180.0,45.8,0.0,3.383,정상
CL03181,2026-08-27 21:40,B,냉동2,-18.9,-16.11,85.1,27.0,32.0,0.0,2.285,정상
CL01603,2026-07-14 21:59,B,냉동2,-16.36,-14.26,97.8,24.0,54.9,0.0,4.171,폐기
CL02611,2026-08-11 23:50,C,냉동2,-17.23,-13.86,87.0,19.0,53.8,0.0,4.206,정상
CL02978,2026-08-22 00:52,A,냉동2,-17.65,-14.71,78.2,23.0,48.0,0.0,3.496,정상
CL00229,2026-06-07 14:14,A,냉동3,-17.95,-15.26,83.3,40.0,44.4,0.0,3.288,정상
CL01691,2026-07-17 17:25,A,냉동2,-17.8,-15.99,77.6,18.0,51.0,0.0,4.708,정상
CL00800,2026-06-23 01:31,C,냉동1,-17.79,-15.06,84.9,11.0,50.3,0.0,4.032,정상
CL02064,2026-07-27 17:24,B,냉동3,-16.79,-13.81,87.1,63.0,54.6,0.0,4.52,정상
CL02705,2026-08-14 13:21,C,냉동1,-18.07,-14.98,84.6,65.0,43.3,0.0,3.467,정상
CL01559,2026-07-13 21:02,A,냉동2,-18.19,-15.71,83.4,15.0,46.5,0.0,3.666,정상
CL00143,2026-06-05 03:37,B,냉동1,-17.61,-15.1,82.8,2.0,54.5,0.0,4.237,정상
CL00253,2026-06-08 08:04,C,냉동3,-17.29,-13.99,90.8,41.0,52.4,0.0,3.809,정상
CL03202,2026-08-28 11:06,C,냉동2,-18.3,-15.13,85.9,84.0,42.8,0.0,3.387,정상
CL03096,2026-08-25 10:08,C,냉동2,-17.74,-13.84,84.9,24.0,54.1,0.0,4.425,정상
CL00667,2026-06-19 10:29,A,냉동1,-17.64,-15.92,84.3,58.0,47.7,14.0,4.213,정상
CL01398,2026-07-09 07:44,A,냉동2,-17.75,-14.82,87.2,11.0,46.7,0.0,3.944,정상
CL01229,2026-07-04 08:09,B,냉동2,-18.18,-15.65,81.5,91.0,51.6,0.0,3.507,정상
CL00103,2026-06-03 20:52,A,냉동1,-18.18,-15.53,82.9,12.0,53.1,0.0,4.138,정상
CL03373,2026-09-02 05:23,B,냉동3,-18.31,-15.71,82.6,1.0,45.1,0.0,3.281,정상
CL01621,2026-07-15 11:24,B,냉동2,-15.51,-13.12,90.3,104.0,59.3,0.0,4.746,폐기
CL02460,2026-08-07 18:45,A,냉동2,-17.32,-14.07,82.4,171.0,55.0,0.0,4.459,정상
CL01853,2026-07-22 05:24,A,냉동1,-18.39,-15.48,84.4,17.0,47.8,0.0,4.164,정상
CL01996,2026-07-26 03:37,C,냉동2,-17.55,-15.1,81.6,29.0,49.8,0.0,4.113,정상
CL01763,2026-07-19 22:19,C,냉동1,-17.78,-14.73,84.9,14.0,52.4,18.3,4.724,정상
CL01504,2026-07-12 03:59,C,냉동3,-17.6,-14.44,81.2,14.0,46.2,0.0,3.661,정상
CL01004,2026-06-28 14:49,B,냉동2,-17.89,-15.29,87.1,52.0,55.6,0.0,3.912,정상
CL00652,2026-06-18 23:26,B,냉동3,-17.8,-14.86,86.6,2.0,39.8,0.0,2.665,정상
CL02760,2026-08-16 02:41,A,냉동3,-18.86,-16.55,84.5,22.0,45.4,0.0,3.739,정상
CL01759,2026-07-19 19:12,B,냉동3,-18.21,-15.08,84.7,41.0,47.9,0.0,3.352,정상
CL02980,2026-08-22 01:41,B,냉동1,-18.78,-16.03,89.3,41.0,49.5,0.0,3.373,정상
CL01111,2026-07-01 09:03,B,냉동1,-18.6,-15.78,82.7,60.0,44.4,0.0,3.761,정상
CL00480,2026-06-14 05:56,C,냉동3,-18.85,-16.25,81.2,9.0,46.6,0.0,4.074,정상
CL02068,2026-07-27 20:01,A,냉동1,-18.2,-15.18,81.3,15.0,45.8,0.0,3.34,정상
CL00647,2026-06-18 19:47,C,냉동2,-18.32,-15.71,84.1,65.0,44.0,0.0,3.499,정상
CL03332,2026-09-01 03:47,B,냉동3,-18.67,-16.22,82.2,9.0,52.2,0.0,4.049,정상
CL03400,2026-09-02 22:47,A,냉동1,-17.97,-15.47,84.9,11.0,42.5,0.0,3.049,정상
CL00235,2026-06-07 18:46,A,냉동2,-17.68,-14.83,86.4,119.0,49.6,0.0,3.793,정상
CL00084,2026-06-03 07:08,B,냉동2,-18.05,-15.56,82.8,18.0,40.7,0.0,3.367,정상
CL02602,2026-08-11 20:35,B,냉동1,-17.85,-15.28,86.7,4.0,48.7,0.0,3.824,정상
CL03222,2026-08-29 02:45,A,냉동3,-17.73,-15.02,78.9,4.0,57.5,0.0,4.493,정상
CL03186,2026-08-28 00:29,A,냉동3,-18.03,-14.94,81.2,8.0,42.9,0.0,3.371,정상
CL01915,2026-07-23 23:26,A,냉동2,-18.67,-15.6,88.8,12.0,47.0,0.0,3.696,정상
CL01635,2026-07-15 22:13,A,냉동1,-18.37,-15.77,84.6,7.0,38.1,0.0,2.491,정상
CL02563,2026-08-10 18:15,A,냉동2,-16.56,-13.33,91.1,86.0,49.5,0.0,4.141,정상
CL00269,2026-06-08 15:27,C,냉동2,-17.91,-15.67,81.6,25.0,45.6,0.0,3.13,정상
CL03397,2026-09-02 20:42,A,냉동2,-19.14,-16.41,78.7,13.0,43.6,0.0,3.74,정상
CL00048,2026-06-02 07:49,C,냉동3,-18.12,-16.04,85.0,7.0,48.3,0.0,4.262,정상
CL03342,2026-09-01 11:41,A,냉동1,-17.02,-14.49,86.1,97.0,49.2,24.0,4.332,정상
CL02325,2026-08-03 19:35,C,냉동2,-18.51,-15.53,85.7,79.0,51.7,0.0,4.322,정상
CL02453,2026-08-07 14:15,B,냉동2,-17.75,-14.49,82.6,10.0,44.6,0.0,3.358,정상
CL01256,2026-07-05 05:52,A,냉동2,-18.53,-15.75,85.3,2.0,46.4,0.0,3.487,정상
CL01506,2026-07-12 05:23,A,냉동2,-16.83,-14.01,83.4,38.0,54.7,16.3,4.144,정상
CL02755,2026-08-15 22:11,B,냉동3,-18.66,-15.16,85.0,10.0,44.2,0.0,3.467,정상
CL01994,2026-07-26 02:16,C,냉동1,-18.57,-15.76,80.4,22.0,52.2,0.0,4.113,정상
CL02420,2026-08-06 13:47,C,냉동2,-17.47,-14.98,78.3,18.0,46.3,0.0,3.325,정상
CL03095,2026-08-25 09:29,C,냉동1,-17.6,-14.62,82.0,45.0,53.0,0.0,4.138,정상
CL01057,2026-06-29 23:15,C,냉동2,-19.18,-16.56,91.0,14.0,40.8,0.0,3.075,정상
CL02459,2026-08-07 17:56,B,냉동2,-18.36,-16.24,83.4,4.0,38.1,0.0,2.672,정상
CL02686,2026-08-13 23:58,A,냉동1,-17.75,-15.83,81.1,10.0,46.6,13.9,3.717,정상
CL01120,2026-07-01 15:54,A,냉동2,-18.26,-15.23,88.9,87.0,53.4,0.0,3.916,정상
CL00959,2026-06-27 10:06,A,냉동2,-17.45,-14.95,82.4,82.0,48.1,0.0,4.19,정상
CL02514,2026-08-09 06:33,A,냉동1,-17.57,-14.89,,8.0,52.0,0.0,3.968,정상
CL01676,2026-07-17 07:39,A,냉동1,-17.37,-14.58,84.3,12.0,49.1,0.0,4.251,정상
CL01200,2026-07-03 13:14,C,냉동2,-17.59,-15.28,85.8,60.0,56.4,0.0,4.049,정상
CL03132,2026-08-26 12:30,A,냉동2,-17.65,-14.72,92.0,51.0,45.8,0.0,3.397,정상
CL01702,2026-07-18 00:15,B,냉동1,-15.7,-13.06,79.0,12.0,52.1,0.0,4.395,폐기
CL02461,2026-08-07 19:34,C,냉동1,-18.58,-15.54,83.1,68.0,40.1,0.0,2.783,정상
CL01344,2026-07-07 17:26,B,냉동1,-18.43,-16.1,81.0,34.0,43.0,0.0,3.379,정상
CL02302,2026-08-03 02:53,A,냉동3,-16.66,-14.14,85.5,23.0,54.3,0.0,4.634,정상
CL01339,2026-07-07 16:34,A,냉동3,-17.28,-14.39,94.6,27.0,51.8,0.0,4.422,정상
CL03071,2026-08-24 18:55,C,냉동3,-17.83,-15.13,82.9,104.0,52.2,20.0,4.31,정상
CL01272,2026-07-05 16:35,B,냉동2,-18.0,-15.69,90.6,142.0,47.5,0.0,3.993,정상
CL02117,2026-07-29 03:04,A,냉동3,-18.85,-16.08,90.4,8.0,38.1,18.7,3.436,정상
CL00665,2026-06-19 09:31,C,냉동2,-18.85,-16.0,82.0,83.0,46.1,0.0,3.203,정상
CL00605,2026-06-17 17:22,C,냉동1,-17.42,-15.05,84.3,109.0,52.2,0.0,3.777,정상
CL03183,2026-08-27 22:14,A,냉동3,-18.46,-16.13,87.1,3.0,47.1,0.0,3.34,정상
CL00662,2026-06-19 07:43,B,냉동2,-17.52,-14.77,88.6,46.0,46.6,0.0,3.852,정상
CL01250,2026-07-04 23:52,B,냉동1,-18.72,-15.7,83.6,12.0,45.7,0.0,3.254,정상
CL00672,2026-06-19 12:32,B,냉동1,-17.77,-15.05,88.7,36.0,51.7,21.1,4.864,정상
CL02581,2026-08-11 06:04,C,냉동1,-19.09,-16.76,83.6,23.0,26.6,0.0,2.004,정상
CL02315,2026-08-03 11:50,B,냉동2,-16.83,-14.85,83.4,41.0,53.1,0.0,4.242,정상
CL00776,2026-06-22 07:50,A,냉동3,-16.77,-14.19,86.8,10.0,52.2,18.4,4.21,정상
CL00081,2026-06-03 06:32,C,냉동3,-18.22,-16.44,101.3,290.0,28.3,0.0,2.185,정상
CL00187,2026-06-06 08:47,A,냉동2,-17.85,-14.99,87.7,37.0,45.1,0.0,3.283,정상
CL00998,2026-06-28 12:42,A,냉동3,-17.4,-14.96,83.5,64.0,55.4,18.3,5.174,정상
CL01830,2026-07-21 16:28,A,냉동2,-18.25,-15.29,93.5,125.0,46.1,0.0,3.532,정상
CL03209,2026-08-28 13:35,A,냉동2,-17.72,-15.46,89.5,6.0,50.7,19.5,4.684,정상
CL02285,2026-08-02 12:17,B,냉동1,-18.01,-15.41,87.9,113.0,46.8,0.0,4.135,정상
CL00761,2026-06-21 23:54,A,냉동2,-19.38,-16.71,80.0,20.0,44.0,0.0,3.162,정상
CL02162,2026-07-30 10:28,A,냉동2,-17.36,-14.19,89.5,123.0,56.7,0.0,5.1,정상
CL02748,2026-08-15 18:43,C,냉동2,-19.91,-16.89,81.4,125.0,44.6,0.0,3.249,정상
CL01380,2026-07-08 21:40,C,냉동1,-18.41,-16.01,82.0,28.0,42.3,23.8,3.782,정상
CL01922,2026-07-24 05:48,C,냉동1,-18.22,-15.14,79.9,39.0,45.9,0.0,3.728,정상
CL00223,2026-06-07 10:54,C,냉동2,-17.16,-14.97,75.7,11.0,52.8,20.1,4.763,정상
CL03242,2026-08-29 21:40,B,냉동1,-18.4,-15.27,81.0,8.0,44.1,0.0,3.937,정상
CL00654,2026-06-19 00:44,A,냉동2,-18.46,-15.72,85.3,4.0,43.2,0.0,3.27,정상
CL03045,2026-08-23 23:57,A,냉동2,-17.78,-14.63,83.3,15.0,61.8,0.0,4.754,정상
CL00562,2026-06-16 15:16,A,냉동3,-18.24,-15.97,87.0,114.0,49.0,0.0,3.936,정상
CL02103,2026-07-28 16:57,C,냉동1,-16.87,-13.7,82.5,88.0,53.3,0.0,4.385,정상
CL00437,2026-06-12 21:40,B,냉동1,-19.48,-17.28,90.3,1.0,30.0,0.0,2.156,정상
CL01212,2026-07-03 20:17,A,냉동3,-18.77,-16.09,85.2,11.0,44.2,0.0,3.343,정상
CL01974,2026-07-25 13:19,C,냉동2,-17.51,-14.62,86.4,45.0,44.9,0.0,3.381,정상
CL00783,2026-06-22 13:18,B,냉동3,-18.5,-16.74,83.2,94.0,46.7,0.0,3.324,정상
CL01733,2026-07-18 20:38,A,냉동1,-19.05,-16.04,88.8,12.0,45.9,0.0,3.611,정상
CL00199,2026-06-06 17:19,A,냉동1,-18.18,-15.35,89.8,80.0,44.2,0.0,3.251,정상
CL01680,2026-07-17 10:21,A,냉동3,-17.73,-14.83,85.0,60.0,48.0,0.0,3.681,정상
CL00922,2026-06-26 09:23,B,냉동1,-17.27,-14.64,77.1,71.0,46.9,0.0,4.074,정상
CL01050,2026-06-29 19:17,B,냉동3,-18.98,-15.97,91.9,20.0,40.2,0.0,2.988,정상
CL00904,2026-06-25 23:13,A,냉동1,-18.41,-14.82,89.6,12.0,44.5,0.0,3.28,정상
CL00778,2026-06-22 09:38,A,냉동3,-17.6,-15.42,82.7,116.0,47.4,0.0,3.42,정상
CL00700,2026-06-20 08:08,A,냉동2,-16.91,-13.62,83.4,57.0,46.6,0.0,3.823,정상
CL02624,2026-08-12 09:31,B,냉동1,-17.51,-14.77,83.8,17.0,46.7,0.0,3.6,정상
CL02811,2026-08-17 08:54,B,냉동1,-18.03,-15.22,84.0,42.0,53.6,0.0,3.799,정상
CL01382,2026-07-08 22:47,C,냉동2,-18.33,-15.88,85.7,17.0,42.2,0.0,3.278,정상
CL03166,2026-08-27 11:01,A,냉동2,-18.93,-16.07,84.5,76.0,42.3,0.0,3.456,정상
CL02767,2026-08-16 06:08,C,냉동2,-18.02,-15.7,91.0,7.0,45.0,0.0,3.627,정상
CL03221,2026-08-29 02:21,A,냉동1,-17.91,-15.68,87.1,3.0,55.5,0.0,4.02,정상
CL00890,2026-06-25 17:46,B,냉동1,-18.05,-15.05,89.0,40.0,47.9,0.0,3.489,정상
CL01270,2026-07-05 15:47,B,냉동1,-18.02,-14.63,82.7,74.0,37.0,0.0,2.882,정상
CL02206,2026-07-31 13:45,A,냉동1,-17.11,-13.66,85.3,109.0,48.3,0.0,4.102,정상
CL02819,2026-08-17 13:20,A,냉동1,-17.41,-14.35,84.0,30.0,49.6,0.0,3.906,정상
CL01493,2026-07-11 21:01,A,냉동1,-18.53,-16.03,85.3,9.0,31.3,0.0,2.513,정상
CL01829,2026-07-21 16:22,A,냉동1,-18.52,-15.24,81.7,25.0,47.1,0.0,3.186,정상
CL01583,2026-07-14 09:38,A,냉동1,-18.06,-15.45,89.7,56.0,48.7,0.0,4.008,정상
CL00891,2026-06-25 17:57,B,냉동2,-17.95,-15.94,83.6,123.0,44.9,0.0,3.5,정상
CL02545,2026-08-10 03:06,B,냉동2,-17.7,-15.69,88.0,4.0,46.3,19.1,3.629,정상
CL02180,2026-07-30 22:32,C,냉동1,-18.19,-14.71,87.0,33.0,53.7,0.0,4.228,정상
CL01937,2026-07-24 13:57,C,냉동2,-18.09,-15.74,79.2,7.0,44.8,0.0,3.445,정상
CL01608,2026-07-15 00:12,C,냉동2,-17.8,-14.87,81.0,16.0,40.8,0.0,2.776,정상
CL03227,2026-08-29 08:16,A,냉동3,-17.32,-14.38,88.0,72.0,48.4,0.0,3.734,정상
CL00978,2026-06-28 00:17,B,냉동2,-18.48,-15.83,84.0,21.0,37.9,25.8,3.155,정상
CL02546,2026-08-10 03:54,B,냉동1,-18.9,-16.56,85.6,3.0,40.9,0.0,2.895,정상
CL00025,2026-06-01 13:34,C,냉동3,-17.69,-15.41,86.5,29.0,44.8,0.0,4.068,정상
CL00142,2026-06-05 03:24,A,냉동2,-19.08,-17.03,79.4,17.0,37.8,0.0,3.133,정상
CL03409,2026-09-03 07:00,A,냉동3,-16.69,-16.05,101.1,252.0,40.0,0.0,2.99,정상
CL01497,2026-07-12 00:11,B,냉동1,-17.86,-14.68,84.2,17.0,51.6,13.0,3.965,정상
CL02538,2026-08-10 00:04,B,냉동3,-17.26,-14.85,85.0,30.0,51.1,0.0,3.82,정상
CL01038,2026-06-29 09:51,A,냉동1,-17.41,-14.2,84.1,90.0,41.1,0.0,3.877,정상
CL02815,2026-08-17 10:40,A,냉동1,-17.45,-14.42,77.4,40.0,50.8,0.0,4.089,정상
CL03080,2026-08-25 01:35,A,냉동1,-17.96,-14.96,83.3,10.0,48.8,0.0,3.39,정상
CL03061,2026-08-24 11:45,C,냉동1,-17.91,-14.74,80.6,14.0,48.4,0.0,3.732,정상
CL02261,2026-08-02 00:52,C,냉동2,-18.5,-16.28,89.5,16.0,50.9,24.6,4.661,정상
CL00824,2026-06-23 19:11,B,냉동1,-16.78,-13.44,84.1,100.0,52.1,0.0,4.152,정상
CL03268,2026-08-30 13:59,B,냉동2,-17.73,-15.05,82.5,24.0,49.4,0.0,3.731,정상
CL02642,2026-08-12 22:40,B,냉동2,-18.57,-15.96,83.2,1.0,43.0,0.0,3.286,정상
CL00855,2026-06-24 15:33,C,냉동2,-17.45,-14.8,87.8,3.0,41.7,0.0,3.282,정상
CL01255,2026-07-05 03:41,C,냉동2,-17.58,-14.86,81.8,15.0,53.7,0.0,4.181,정상
CL01487,2026-07-11 17:36,B,냉동3,-18.38,-14.85,83.1,55.0,49.2,0.0,3.982,정상
CL01934,2026-07-24 11:24,A,냉동2,-18.56,-15.86,90.1,59.0,48.0,0.0,3.772,정상
CL00688,2026-06-19 22:01,A,냉동2,-16.84,-14.69,95.6,240.0,47.2,0.0,3.559,정상
CL01869,2026-07-22 17:25,C,냉동1,-17.9,-15.24,82.9,30.0,44.4,0.0,3.421,정상
CL00972,2026-06-27 20:15,A,냉동2,-18.21,-15.05,86.3,3.0,31.7,0.0,2.616,정상
CL00752,2026-06-21 18:45,A,냉동2,-19.29,-16.93,87.9,27.0,31.1,0.0,2.395,정상
CL00271,2026-06-08 15:39,B,냉동3,-17.02,-13.67,87.7,73.0,47.7,0.0,4.158,정상
CL01352,2026-07-07 21:38,B,냉동3,-18.58,-15.5,87.1,8.0,38.7,0.0,2.964,정상
CL00844,2026-06-24 06:24,A,냉동1,-17.53,-14.68,89.3,34.0,49.4,19.7,4.283,정상
CL01187,2026-07-03 03:14,A,냉동3,-18.64,-16.68,77.5,16.0,47.5,0.0,4.13,정상
CL03302,2026-08-31 09:40,A,냉동1,-18.22,-15.41,84.6,42.0,35.6,0.0,2.919,정상
CL03118,2026-08-25 23:11,A,냉동2,-17.48,-15.15,92.7,43.0,47.2,0.0,3.392,정상
CL00286,2026-06-09 00:24,A,냉동1,-18.12,-15.83,80.0,5.0,50.2,0.0,4.056,정상
CL00112,2026-06-04 04:06,A,냉동2,-18.01,-15.96,92.6,5.0,49.0,0.0,4.11,정상
CL02780,2026-08-16 13:25,A,냉동3,-18.72,-15.53,80.0,171.0,32.9,0.0,2.483,정상
CL01462,2026-07-10 22:45,C,냉동3,-18.64,-15.97,84.4,6.0,48.9,0.0,3.705,정상
CL02084,2026-07-28 04:09,B,냉동3,-18.48,-15.01,83.4,3.0,46.4,0.0,3.865,정상
CL02244,2026-08-01 18:11,C,냉동1,-17.77,-15.06,88.8,130.0,51.3,0.0,4.131,정상
CL03196,2026-08-28 07:30,C,냉동1,-18.67,-15.72,82.0,10.0,44.3,0.0,3.497,정상
CL00779,2026-06-22 10:11,B,냉동1,-17.17,-14.25,85.5,100.0,48.4,0.0,3.17,정상
CL03082,2026-08-25 02:31,B,냉동1,-17.73,-14.04,85.3,7.0,52.6,0.0,3.943,정상
CL02542,2026-08-10 02:36,A,냉동1,-18.54,-15.88,79.5,23.0,40.9,0.0,3.31,정상
CL00982,2026-06-28 02:54,B,냉동2,-18.48,-15.3,86.3,9.0,40.8,0.0,2.663,정상
CL02104,2026-07-28 17:04,B,냉동2,-18.12,-15.49,91.6,97.0,39.3,0.0,3.296,정상
CL03217,2026-08-28 23:03,A,냉동2,-17.83,-15.52,84.5,15.0,50.6,0.0,4.305,정상
CL00983,2026-06-28 04:38,C,냉동2,-18.49,-15.95,82.1,20.0,44.8,0.0,3.474,정상
CL02709,2026-08-14 15:40,A,냉동2,-15.54,-14.43,89.4,455.0,53.1,0.0,3.85,폐기
CL02946,2026-08-21 02:47,B,냉동2,-17.13,-15.7,88.8,194.0,48.1,0.0,3.691,정상
CL01967,2026-07-25 05:53,A,냉동1,-18.25,-14.83,82.2,19.0,41.6,0.0,3.372,정상
CL00277,2026-06-08 20:31,A,냉동1,-17.65,-14.77,83.0,22.0,44.8,0.0,3.076,정상
CL03262,2026-08-30 11:32,C,냉동1,-16.86,-13.59,93.0,179.0,57.0,0.0,4.286,정상
CL00717,2026-06-20 18:47,C,냉동2,-17.22,-14.11,87.9,89.0,46.2,0.0,3.728,정상
CL02462,2026-08-07 20:40,C,냉동3,-18.38,-15.93,79.0,20.0,45.9,0.0,3.532,정상
CL03322,2026-08-31 22:48,A,냉동3,-17.85,-15.35,81.5,16.0,44.2,0.0,3.333,정상
CL00649,2026-06-18 21:44,A,냉동2,-16.51,-13.68,86.0,10.0,57.0,0.0,4.435,정상
CL02949,2026-08-21 04:12,A,냉동3,-18.09,-15.47,78.6,13.0,51.2,0.0,4.078,정상
CL00176,2026-06-06 01:32,C,냉동1,-18.78,-16.52,81.9,11.0,49.6,0.0,3.829,정상
CL02197,2026-07-31 09:07,C,냉동2,-18.21,-15.51,82.6,40.0,52.5,0.0,4.013,정상
CL01595,2026-07-14 16:07,B,냉동2,-15.07,-12.58,81.3,46.0,60.0,0.0,4.498,폐기
CL00066,2026-06-02 18:04,B,냉동1,-19.08,-15.52,83.2,72.0,36.0,0.0,2.664,정상
CL00268,2026-06-08 14:29,A,냉동1,-18.61,-15.32,92.2,157.0,43.4,0.0,2.746,정상
CL02237,2026-08-01 14:40,B,냉동1,-17.82,-15.43,84.5,19.0,40.2,0.0,3.359,정상
CL02123,2026-07-29 07:18,B,냉동2,-18.18,-16.03,85.3,7.0,35.1,0.0,2.715,정상
CL03163,2026-08-27 08:07,C,냉동3,-18.05,-14.28,91.2,132.0,47.2,0.0,3.587,정상
CL01267,2026-07-05 12:06,C,냉동2,-17.51,-14.74,84.8,79.0,48.2,0.0,3.497,정상
CL01741,2026-07-19 02:31,B,냉동1,-17.73,-15.16,78.2,19.0,51.9,0.0,4.098,정상
CL01030,2026-06-29 05:50,C,냉동1,-17.82,-14.81,80.4,3.0,50.9,0.0,3.86,정상
CL00221,2026-06-07 08:42,B,냉동2,-17.35,-13.43,84.2,131.0,58.6,0.0,4.41,정상
CL01732,2026-07-18 20:21,C,냉동2,-18.53,-16.48,79.2,1.0,45.0,18.3,3.571,정상
CL01039,2026-06-29 10:04,C,냉동1,-18.11,-15.51,91.5,44.0,48.6,0.0,3.947,정상
CL00583,2026-06-17 04:12,B,냉동1,-18.15,-15.57,76.4,17.0,49.6,0.0,3.869,정상
CL03191,2026-08-28 03:56,C,냉동3,-18.29,-15.76,80.5,12.0,42.3,0.0,3.467,정상
CL01606,2026-07-14 23:41,C,냉동1,-19.15,-17.5,87.9,7.0,40.6,0.0,3.371,정상
CL03074,2026-08-24 21:59,C,냉동1,-18.0,-15.15,83.4,2.0,48.2,0.0,4.064,정상
CL01742,2026-07-19 03:41,A,냉동2,-17.85,-15.34,83.1,4.0,42.3,0.0,3.156,정상
CL01950,2026-07-24 21:07,B,냉동2,-18.23,-15.55,78.4,18.0,49.5,0.0,3.728,정상
CL02961,2026-08-21 12:56,B,냉동2,-17.24,-14.57,82.6,66.0,50.3,0.0,3.862,정상
CL02029,2026-07-26 17:46,A,냉동2,-17.49,-14.87,83.9,94.0,48.0,0.0,3.235,정상
CL01333,2026-07-07 11:17,B,냉동1,-17.5,-15.47,84.5,14.0,47.6,0.0,3.783,정상
CL00796,2026-06-22 22:53,B,냉동1,-18.24,-16.43,81.5,20.0,44.8,0.0,3.857,폐기
CL00549,2026-06-16 09:04,A,냉동3,-18.55,-15.2,87.0,77.0,44.9,0.0,3.409,정상
CL01441,2026-07-10 11:19,C,냉동3,-17.56,-14.63,82.6,13.0,51.8,0.0,3.668,정상
CL02697,2026-08-14 07:34,B,냉동3,-18.14,-15.21,78.9,24.0,45.1,0.0,3.242,정상
CL00925,2026-06-26 10:27,B,냉동1,-18.34,-15.63,83.3,47.0,44.1,0.0,3.112,정상
CL02828,2026-08-17 21:46,A,냉동2,-18.18,-14.85,81.1,43.0,48.4,0.0,3.521,정상
CL03206,2026-08-28 12:32,C,냉동1,-18.22,-15.78,86.0,41.0,53.6,0.0,4.103,정상
CL03316,2026-08-31 17:41,A,냉동3,-18.01,-15.11,80.7,69.0,49.8,0.0,4.097,정상
CL00333,2026-06-10 08:20,A,냉동2,-17.28,-14.83,75.8,40.0,56.0,0.0,4.53,정상
CL02970,2026-08-21 19:24,C,냉동2,-17.14,-14.91,82.1,19.0,48.3,0.0,3.364,정상
CL01694,2026-07-17 19:07,A,냉동3,-17.69,-15.86,79.5,39.0,47.8,0.0,3.489,정상
CL01821,2026-07-21 10:51,C,냉동2,-18.02,-15.47,85.7,8.0,46.5,0.0,3.504,정상
CL03238,2026-08-29 19:36,A,냉동3,-18.15,-15.88,88.3,21.0,47.2,0.0,3.615,정상
CL01771,2026-07-20 03:44,B,냉동2,-18.0,-14.95,84.1,1.0,52.9,0.0,4.024,정상
CL02928,2026-08-20 15:19,A,냉동2,-17.58,-14.92,84.3,5.0,47.5,0.0,3.698,정상
CL02371,2026-08-05 04:01,C,냉동1,-17.3,-14.76,87.6,2.0,53.5,0.0,3.952,정상
CL00051,2026-06-02 09:19,B,냉동1,-17.4,-14.03,85.9,71.0,50.4,0.0,4.117,정상
CL00023,2026-06-01 13:05,B,냉동2,-18.24,-15.42,86.0,21.0,40.5,0.0,3.429,정상
CL02997,2026-08-22 17:30,B,냉동1,-17.35,-14.79,86.5,84.0,53.3,0.0,4.071,정상
CL02932,2026-08-20 16:53,B,냉동2,-17.64,-14.59,96.5,77.0,43.6,0.0,3.325,정상
CL02293,2026-08-02 18:35,C,냉동1,-18.46,-15.17,92.9,36.0,45.1,0.0,3.527,정상
CL01510,2026-07-12 08:45,A,냉동1,-17.53,-14.93,81.0,102.0,49.3,0.0,3.86,정상
CL01085,2026-06-30 15:54,B,냉동3,-17.69,-15.3,85.2,4.0,59.8,0.0,5.126,정상
CL01432,2026-07-10 05:21,C,냉동1,-17.86,-15.1,82.4,55.0,50.2,25.8,4.505,폐기
CL00202,2026-06-06 18:38,B,냉동2,-17.35,-14.62,86.8,11.0,53.2,15.6,4.361,정상
CL02860,2026-08-18 16:22,A,냉동2,-18.18,-15.69,89.6,49.0,47.2,22.6,4.631,정상
CL01401,2026-07-09 09:02,B,냉동2,-17.14,-14.78,86.4,34.0,51.0,0.0,4.142,정상
CL00427,2026-06-12 13:14,B,냉동2,-17.41,-13.93,87.0,101.0,47.6,13.1,4.266,정상
CL02327,2026-08-03 20:45,A,냉동3,-18.34,-15.91,81.4,2.0,48.4,11.7,4.102,정상
CL00575,2026-06-17 00:42,C,냉동1,-18.9,-15.81,83.5,25.0,42.9,0.0,3.231,정상
CL00558,2026-06-16 13:40,C,냉동1,-17.93,-14.93,85.4,124.0,53.0,0.0,4.218,정상
CL00782,2026-06-22 12:31,A,냉동1,-17.89,-14.86,84.9,128.0,35.4,0.0,2.114,폐기
CL00224,2026-06-07 11:05,B,냉동1,-17.68,-15.28,88.6,89.0,51.8,17.2,4.257,정상
CL02483,2026-08-08 10:08,B,냉동2,-17.81,-15.23,90.2,31.0,50.4,0.0,3.424,정상
CL02979,2026-08-22 00:57,A,냉동1,-17.42,-15.87,79.4,2.0,43.8,0.0,3.118,정상
CL03307,2026-08-31 11:58,A,냉동1,-18.33,-15.13,86.0,84.0,44.9,0.0,3.703,정상
CL00496,2026-06-14 19:43,A,냉동1,-18.1,-15.33,81.7,103.0,46.3,0.0,3.41,정상
CL00920,2026-06-26 08:22,A,냉동1,-16.58,-15.1,98.7,427.0,56.5,0.0,4.264,폐기
CL02858,2026-08-18 15:46,C,냉동2,-17.35,-14.37,85.2,45.0,55.8,0.0,4.679,정상
CL02066,2026-07-27 19:01,B,냉동2,-16.4,-14.37,86.3,29.0,57.9,0.0,4.472,정상
CL00319,2026-06-09 23:30,A,냉동2,-18.19,-16.31,90.7,38.0,40.4,0.0,2.805,정상
CL00072,2026-06-02 23:03,A,냉동1,-17.87,-15.14,87.0,10.0,44.5,20.0,3.889,정상
CL00832,2026-06-23 23:45,B,냉동1,-18.48,-15.04,82.4,29.0,47.7,0.0,3.712,정상
CL02263,2026-08-02 02:09,A,냉동1,-18.43,-15.7,82.9,17.0,48.2,0.0,3.542,정상
CL00810,2026-06-23 11:30,C,냉동3,-17.93,-15.46,81.3,32.0,46.8,0.0,3.197,정상
CL00851,2026-06-24 11:19,A,냉동1,-18.61,-14.95,91.9,54.0,50.2,0.0,3.891,정상
CL02537,2026-08-09 23:25,A,냉동1,-19.05,-16.45,84.2,15.0,36.3,0.0,3.04,정상
CL00210,2026-06-07 00:11,C,냉동3,-17.52,-14.49,85.7,17.0,56.5,0.0,4.486,정상
CL02190,2026-07-31 03:47,B,냉동3,-18.63,-15.56,81.3,11.0,45.4,0.0,3.398,정상
CL01211,2026-07-03 19:36,C,냉동2,-17.69,-14.63,84.5,80.0,50.5,0.0,3.735,정상
CL02766,2026-08-16 05:51,A,냉동1,-17.99,-15.1,72.9,10.0,47.6,0.0,3.475,정상
CL00200,2026-06-06 17:30,A,냉동3,-17.95,-15.54,88.5,16.0,44.6,0.0,2.877,정상
CL00733,2026-06-21 05:46,B,냉동3,-18.87,-16.39,85.6,7.0,39.3,20.2,3.638,정상
CL00826,2026-06-23 20:14,B,냉동1,-19.51,-17.36,87.3,13.0,38.0,0.0,2.864,정상
CL00140,2026-06-05 03:00,C,냉동2,-18.88,-16.22,84.1,49.0,42.5,0.0,3.23,정상
CL01929,2026-07-24 09:14,A,냉동3,-17.05,-14.14,83.4,103.0,49.8,0.0,3.84,정상
CL02963,2026-08-21 13:55,A,냉동2,-19.27,-16.76,78.2,17.0,38.4,0.0,3.164,정상
CL02034,2026-07-26 20:37,B,냉동2,-17.85,-14.94,82.1,14.0,53.9,20.7,4.988,정상
CL01802,2026-07-20 22:44,C,냉동1,-17.91,-15.32,85.4,41.0,39.8,0.0,,정상
CL01926,2026-07-24 08:14,A,냉동1,-18.48,-15.27,88.5,48.0,49.0,0.0,3.732,정상
CL00743,2026-06-21 12:55,A,냉동2,-18.72,-15.87,86.4,19.0,39.1,0.0,2.997,정상
CL02782,2026-08-16 14:11,C,냉동3,-16.4,-13.11,86.1,29.0,54.2,0.0,4.13,정상
CL01562,2026-07-13 22:29,B,냉동1,-17.26,-14.46,86.5,17.0,55.5,0.0,4.159,정상
CL02646,2026-08-13 00:26,C,냉동1,-18.98,-16.08,89.4,18.0,42.8,0.0,3.151,정상
CL01884,2026-07-23 03:48,C,냉동1,-18.72,-15.93,85.2,16.0,51.9,0.0,3.826,정상
CL02231,2026-08-01 08:27,A,냉동3,-17.76,-15.14,85.9,21.0,40.6,0.0,3.022,폐기
CL01175,2026-07-02 22:19,A,냉동2,-17.96,-15.29,88.4,38.0,50.1,0.0,3.759,정상
CL00737,2026-06-21 08:24,B,냉동3,-17.41,-14.72,88.0,57.0,51.4,0.0,3.826,정상
CL02719,2026-08-14 19:31,C,냉동1,-18.04,-15.99,91.0,61.0,50.2,0.0,4.026,정상
CL03085,2026-08-25 03:47,C,냉동1,-18.52,-15.98,79.0,22.0,41.3,0.0,3.199,정상
CL01600,2026-07-14 20:23,B,냉동3,-16.32,-14.03,88.2,2.0,56.4,0.0,4.664,정상
CL01290,2026-07-06 08:33,B,냉동1,-17.53,-14.89,83.9,62.0,48.2,0.0,3.587,정상
CL02472,2026-08-08 03:10,B,냉동1,-18.48,-15.79,86.4,4.0,42.5,0.0,3.24,정상
CL02247,2026-08-01 19:37,B,냉동1,-17.9,-15.64,84.2,35.0,41.9,0.0,3.072,정상
CL01725,2026-07-18 15:28,B,냉동1,-15.86,-13.18,91.7,25.0,59.6,0.0,4.646,폐기
CL01791,2026-07-20 14:37,B,냉동1,-18.23,-15.76,88.4,30.0,47.2,16.8,4.511,정상
CL02478,2026-08-08 07:02,A,냉동3,-18.38,-16.19,83.7,16.0,50.7,0.0,3.837,정상
CL03237,2026-08-29 18:26,B,냉동1,-18.76,-16.21,86.3,48.0,40.3,0.0,3.213,정상
CL02512,2026-08-09 05:31,C,냉동2,-18.28,-15.07,82.5,50.0,47.3,15.1,4.161,정상
CL00469,2026-06-13 18:51,B,냉동1,-18.42,-15.55,81.9,21.0,51.1,0.0,4.042,정상
CL01736,2026-07-18 21:47,B,냉동2,-16.72,-14.82,80.1,9.0,52.6,0.0,3.762,폐기
CL02769,2026-08-16 06:52,B,냉동3,-17.08,-14.78,90.2,23.0,50.8,0.0,4.116,정상
CL01873,2026-07-22 19:45,A,냉동3,-17.89,-15.64,80.6,70.0,33.9,0.0,2.719,정상
CL01961,2026-07-25 02:02,B,냉동3,-18.16,-15.6,89.5,11.0,51.6,0.0,3.666,정상
CL02854,2026-08-18 13:43,C,냉동1,-17.59,-14.85,87.4,24.0,47.4,0.0,,정상
CL02745,2026-08-15 16:40,B,냉동3,-17.82,-15.01,87.1,24.0,50.6,0.0,3.866,정상
CL02340,2026-08-04 04:48,A,냉동1,-18.29,-15.63,79.9,19.0,43.4,0.0,3.317,정상
CL02178,2026-07-30 22:09,A,냉동1,-18.48,-15.57,88.2,15.0,46.6,23.3,3.773,정상
CL03364,2026-09-01 23:53,A,냉동2,-17.52,-14.88,88.5,2.0,45.5,0.0,3.667,정상
CL00191,2026-06-06 10:56,A,냉동2,-18.14,-15.35,78.9,19.0,49.1,0.0,4.018,정상
CL02465,2026-08-07 22:19,C,냉동2,-18.55,-15.64,,8.0,50.6,0.0,3.902,정상
CL01123,2026-07-01 17:43,A,냉동1,-17.82,-15.85,84.2,100.0,43.3,0.0,3.343,정상
CL02229,2026-08-01 06:18,A,냉동1,-18.09,-14.69,85.0,8.0,47.5,13.5,4.176,정상
CL02894,2026-08-19 17:25,B,냉동3,-17.41,-15.29,83.7,18.0,46.9,13.4,3.448,정상
CL02052,2026-07-27 10:00,A,냉동3,-17.96,-15.56,78.9,31.0,48.8,0.0,3.715,정상
CL00029,2026-06-01 19:20,C,냉동3,-18.3,-15.66,85.5,80.0,41.3,0.0,3.153,정상
CL03120,2026-08-26 01:25,B,냉동1,-19.22,-17.3,84.9,28.0,37.6,0.0,3.11,정상
CL00964,2026-06-27 13:14,A,냉동2,-18.0,-16.3,80.6,12.0,48.4,0.0,4.301,정상
CL01912,2026-07-23 21:28,B,냉동3,-18.11,-15.1,85.0,10.0,42.0,11.5,,정상
CL03140,2026-08-26 17:44,B,냉동1,-17.77,-15.11,88.7,50.0,43.0,0.0,3.653,정상
CL01450,2026-07-10 16:20,C,냉동2,-17.56,-14.82,87.1,91.0,59.1,0.0,3.99,정상
CL01940,2026-07-24 16:00,B,냉동2,-17.74,-15.23,85.4,9.0,49.3,0.0,3.296,정상
CL00577,2026-06-17 01:07,C,냉동3,-18.51,-15.9,87.9,4.0,42.9,0.0,2.982,정상
CL02160,2026-07-30 09:04,C,냉동2,-18.22,-15.16,82.6,50.0,53.3,0.0,3.89,정상
CL02062,2026-07-27 16:08,A,냉동1,-18.63,-15.21,84.2,50.0,47.7,0.0,3.881,정상
CL00597,2026-06-17 12:17,C,냉동2,-16.06,-13.87,83.9,22.0,55.7,16.5,4.85,정상
CL00505,2026-06-15 02:48,C,냉동1,-19.62,-16.96,85.2,12.0,41.5,0.0,3.294,정상
CL02131,2026-07-29 13:42,B,냉동1,-18.41,-15.7,86.3,56.0,40.2,0.0,3.151,정상
CL02202,2026-07-31 12:22,B,냉동2,-17.79,-15.12,88.2,100.0,50.2,0.0,4.325,정상
CL03370,2026-09-02 04:09,C,냉동1,-17.17,-15.56,93.7,312.0,45.3,0.0,3.269,정상
CL03343,2026-09-01 11:59,C,냉동2,-17.86,-14.88,83.8,29.0,45.9,0.0,3.466,정상
CL00034,2026-06-01 20:52,B,냉동2,-16.84,-14.57,81.8,14.0,55.3,14.6,4.585,정상
CL03271,2026-08-30 16:01,A,냉동2,-18.69,-16.14,85.6,126.0,43.5,0.0,3.433,정상
CL02321,2026-08-03 15:51,A,냉동2,-17.29,-14.7,84.9,33.0,49.9,0.0,4.123,정상
CL02291,2026-08-02 17:46,A,냉동1,-18.04,-15.94,86.1,15.0,48.8,0.0,3.801,정상
CL00939,2026-06-26 21:27,B,냉동1,-18.89,-15.89,80.2,16.0,51.6,0.0,4.046,정상
CL01837,2026-07-21 19:29,A,냉동1,-18.35,-15.97,84.5,18.0,47.6,0.0,3.783,정상
CL01878,2026-07-22 22:55,A,냉동3,-18.1,-15.27,83.9,34.0,52.8,0.0,,정상
CL00264,2026-06-08 12:01,A,냉동3,-18.67,-15.27,81.9,90.0,43.3,0.0,3.548,정상
CL02108,2026-07-28 21:18,A,냉동2,-17.91,-15.21,89.8,2.0,43.5,0.0,3.321,정상
CL00096,2026-06-03 14:08,C,냉동2,-18.02,-15.37,80.3,36.0,45.3,0.0,3.315,정상
CL00377,2026-06-11 10:32,A,냉동1,-18.0,-15.06,86.9,68.0,52.7,0.0,4.126,정상
CL02150,2026-07-30 02:17,A,냉동1,-16.9,-14.28,86.5,10.0,55.7,0.0,3.584,정상
CL03050,2026-08-24 03:09,C,냉동2,-17.63,-15.02,79.6,14.0,52.3,0.0,4.326,정상
CL01841,2026-07-21 22:08,B,냉동3,-17.33,-15.28,85.4,10.0,49.9,0.0,4.355,정상
CL02890,2026-08-19 14:43,B,냉동1,-18.38,-15.65,79.2,26.0,49.1,0.0,4.099,정상
CL01468,2026-07-11 02:04,C,냉동3,-17.89,-15.21,80.9,8.0,52.3,0.0,4.142,정상
CL00916,2026-06-26 05:47,C,냉동3,-18.66,-15.52,87.7,27.0,48.2,0.0,4.062,정상
CL02510,2026-08-09 04:11,A,냉동2,-18.28,-15.39,82.8,2.0,36.0,0.0,2.355,정상
CL00545,2026-06-16 06:39,C,냉동1,-17.98,-15.19,80.7,2.0,48.3,0.0,3.874,정상
CL02378,2026-08-05 10:28,A,냉동3,-19.1,-15.94,91.5,70.0,46.0,0.0,3.253,정상
CL03360,2026-09-01 20:56,B,냉동1,-18.27,-15.98,83.9,6.0,48.6,0.0,3.679,정상
CL03240,2026-08-29 20:29,B,냉동2,-18.3,-16.06,,42.0,49.9,0.0,3.588,정상
CL03225,2026-08-29 07:12,A,냉동1,-18.92,-15.98,73.2,12.0,43.2,0.0,3.385,정상
CL02801,2026-08-17 02:45,A,냉동3,-17.65,-14.84,82.6,12.0,55.3,0.0,4.313,정상
CL01347,2026-07-07 18:32,C,냉동3,-17.61,-15.74,87.5,37.0,47.0,0.0,3.816,정상
CL00487,2026-06-14 11:33,C,냉동2,-17.28,-13.66,85.8,172.0,47.5,0.0,3.987,정상
CL00082,2026-06-03 06:48,C,냉동2,-18.04,-15.77,78.2,16.0,48.6,0.0,3.877,정상
CL01757,2026-07-19 17:57,B,냉동3,-17.93,-14.68,85.3,85.0,45.3,0.0,3.348,정상
CL02075,2026-07-28 00:34,A,냉동2,-16.28,-12.94,84.4,0.0,57.0,0.0,4.353,정상
CL01049,2026-06-29 18:42,B,냉동2,-17.57,-15.11,82.3,17.0,52.5,0.0,3.833,정상
CL01646,2026-07-16 09:48,B,냉동1,-15.66,-13.11,81.6,20.0,56.8,0.0,3.928,폐기
CL03086,2026-08-25 03:54,B,냉동2,-17.83,-15.77,93.4,8.0,53.7,0.0,4.27,정상
CL01447,2026-07-10 14:13,C,냉동1,-17.58,-14.77,84.3,35.0,45.1,0.0,3.427,정상
CL01109,2026-07-01 07:16,B,냉동1,-18.13,-15.63,83.1,41.0,51.2,0.0,3.825,정상
CL03115,2026-08-25 21:32,B,냉동2,-18.5,-15.55,79.6,57.0,48.0,0.0,3.789,정상
CL01012,2026-06-28 18:35,C,냉동2,-18.62,-16.02,82.6,24.0,39.7,22.7,3.587,정상
CL00340,2026-06-10 13:25,A,냉동1,-18.79,-16.23,91.7,46.0,46.5,0.0,3.504,정상
CL01637,2026-07-16 00:08,B,냉동1,-15.63,-13.59,85.8,11.0,61.1,0.0,,폐기
CL00590,2026-06-17 07:01,C,냉동3,-18.38,-15.61,86.9,14.0,44.1,0.0,3.628,정상
CL01671,2026-07-17 04:27,B,냉동1,-15.22,-12.89,88.4,3.0,60.1,0.0,4.566,정상
CL02433,2026-08-06 21:32,A,냉동2,-17.78,-14.6,82.1,19.0,49.9,0.0,3.876,정상
CL02249,2026-08-01 20:55,C,냉동2,-18.86,-16.48,85.9,6.0,48.8,0.0,3.453,정상
CL01204,2026-07-03 16:11,C,냉동1,-18.09,-14.6,81.2,33.0,38.4,0.0,2.941,정상
CL00648,2026-06-18 21:15,C,냉동1,-17.61,-15.04,80.5,21.0,51.3,0.0,4.073,정상
CL02832,2026-08-17 23:57,A,냉동3,-18.49,-15.46,84.2,8.0,42.7,18.9,3.696,정상
CL00814,2026-06-23 12:57,B,냉동1,-16.93,-14.36,88.0,22.0,49.0,0.0,3.787,정상
CL00248,2026-06-08 06:05,A,냉동3,-18.3,-16.19,84.0,9.0,41.8,0.0,3.02,정상
CL00149,2026-06-05 07:04,A,냉동2,-18.64,-16.35,74.8,15.0,33.8,0.0,2.727,정상
CL02012,2026-07-26 12:11,A,냉동2,-17.6,-15.56,85.0,14.0,44.5,0.0,3.553,정상
CL02582,2026-08-11 06:15,A,냉동1,-17.84,-15.51,,4.0,50.0,0.0,4.258,정상
CL00911,2026-06-26 03:57,B,냉동1,-18.34,-14.78,78.1,14.0,45.5,0.0,3.65,정상
CL00529,2026-06-15 16:48,A,냉동3,-18.35,-15.78,84.4,123.0,43.1,0.0,2.788,정상
CL01305,2026-07-06 18:53,B,냉동3,-18.1,-15.45,79.1,60.0,41.3,0.0,3.128,정상
CL02562,2026-08-10 17:52,B,냉동2,-17.24,-14.83,86.1,138.0,54.7,23.4,4.814,정상
CL02074,2026-07-28 00:26,B,냉동3,-17.42,-14.6,86.9,11.0,55.5,0.0,4.158,정상
CL02833,2026-08-18 00:27,C,냉동1,-18.23,-15.54,87.6,15.0,53.1,0.0,3.874,정상
CL03314,2026-08-31 16:31,B,냉동1,-18.4,-15.54,81.4,90.0,45.9,0.0,3.778,정상
CL01738,2026-07-18 23:30,A,냉동3,-17.6,-14.94,90.3,36.0,58.5,22.9,5.465,정상
CL01968,2026-07-25 06:11,A,냉동1,-18.8,-16.4,82.2,27.0,35.7,0.0,2.868,정상
CL03290,2026-08-31 03:18,C,냉동1,-18.06,-14.96,81.5,5.0,43.6,26.0,4.151,정상
CL01017,2026-06-28 22:52,B,냉동1,-18.99,-16.12,90.9,4.0,43.3,0.0,3.294,정상
CL00411,2026-06-12 03:55,C,냉동2,-18.44,-15.86,82.8,31.0,46.1,0.0,4.017,정상
CL02015,2026-07-26 12:55,A,냉동1,-17.62,-15.25,86.0,120.0,48.2,0.0,3.342,정상
CL01391,2026-07-09 03:59,A,냉동2,-17.57,-15.1,82.9,1.0,47.9,12.6,3.264,정상
CL00311,2026-06-09 16:20,A,냉동2,-18.83,-16.28,87.9,86.0,39.0,0.0,2.762,정상
CL02500,2026-08-08 21:04,B,냉동3,-18.41,-15.98,78.6,9.0,42.9,0.0,3.498,정상
CL02830,2026-08-17 23:12,B,냉동3,-17.5,-15.3,87.5,15.0,53.1,0.0,3.761,정상
CL00355,2026-06-10 21:35,A,냉동1,-17.93,-15.59,83.7,16.0,47.0,0.0,3.899,정상
CL00681,2026-06-19 17:47,A,냉동2,-16.52,-13.74,85.3,27.0,49.9,0.0,3.649,정상
CL03261,2026-08-30 10:57,B,냉동1,-16.54,-13.06,78.3,22.0,49.4,14.1,4.64,폐기
CL00476,2026-06-14 01:47,A,냉동3,-18.41,-15.34,80.6,14.0,45.5,0.0,3.681,정상
CL01855,2026-07-22 09:36,C,냉동3,-18.06,-15.05,84.8,101.0,49.1,0.0,3.714,정상
CL02307,2026-08-03 07:28,B,냉동1,-19.06,-16.55,84.5,10.0,33.4,12.0,2.728,정상
CL02165,2026-07-30 12:35,C,냉동2,-18.44,-15.33,81.9,68.0,45.4,0.0,3.748,정상
CL00599,2026-06-17 13:29,A,냉동2,-18.66,-16.04,84.9,89.0,42.9,0.0,3.502,정상
CL02065,2026-07-27 17:35,C,냉동2,-17.08,-14.0,94.7,55.0,51.6,0.0,4.102,정상
CL02638,2026-08-12 19:07,B,냉동1,-17.17,-14.83,83.2,25.0,55.3,0.0,3.66,정상
CL00049,2026-06-02 08:28,A,냉동3,-18.71,-15.95,89.7,42.0,33.7,0.0,2.763,정상
CL02073,2026-07-27 23:35,B,냉동2,-18.82,-16.49,83.7,19.0,47.3,0.0,3.523,정상
CL03253,2026-08-30 04:15,B,냉동2,-16.4,-15.24,84.1,452.0,53.3,0.0,4.051,폐기
CL02573,2026-08-11 01:34,A,냉동1,-17.23,-14.64,83.9,12.0,47.6,0.0,3.401,정상
CL02807,2026-08-17 06:03,C,냉동1,-18.22,-15.93,79.7,18.0,48.7,0.0,3.517,정상
CL00984,2026-06-28 04:55,B,냉동3,-17.72,-14.58,,3.0,50.5,0.0,3.853,정상
CL02838,2026-08-18 04:01,B,냉동3,-18.8,-15.91,83.7,28.0,41.5,23.9,3.783,정상
CL02449,2026-08-07 09:54,A,냉동2,-19.04,-15.76,90.2,57.0,44.3,0.0,3.55,정상
CL03295,2026-08-31 06:05,C,냉동1,-18.34,-15.67,85.9,25.0,33.1,0.0,3.076,정상
CL00651,2026-06-18 22:37,B,냉동2,-17.52,-15.47,,367.0,45.2,0.0,3.34,정상
CL02641,2026-08-12 21:33,A,냉동1,-17.69,-15.18,84.1,13.0,53.4,0.0,4.13,정상
CL00669,2026-06-19 11:51,A,냉동1,-18.04,-15.47,87.1,43.0,49.8,0.0,3.455,정상
CL02541,2026-08-10 02:15,B,냉동1,-17.4,-14.49,83.1,11.0,53.2,14.7,4.216,정상
CL02431,2026-08-06 20:35,B,냉동1,-17.93,-14.91,86.0,4.0,39.5,0.0,3.059,정상
CL00965,2026-06-27 13:58,B,냉동2,-18.07,-15.12,85.1,17.0,47.4,0.0,3.556,정상
CL00729,2026-06-21 02:49,B,냉동2,-17.96,-15.26,91.2,7.0,47.4,0.0,3.922,정상
CL01783,2026-07-20 11:59,B,냉동3,-17.2,-13.99,84.6,166.0,50.9,0.0,4.162,정상
CL02054,2026-07-27 11:44,A,냉동2,-17.7,-15.41,83.4,42.0,50.0,0.0,3.691,정상
CL00710,2026-06-20 14:27,C,냉동1,-18.19,-16.23,90.6,34.0,50.4,0.0,3.61,정상
CL00535,2026-06-15 20:51,C,냉동2,-18.76,-16.76,81.9,14.0,42.6,0.0,3.716,정상
CL00394,2026-06-11 19:40,B,냉동2,-18.23,-15.37,81.5,43.0,46.0,0.0,3.723,정상
CL01139,2026-07-02 02:58,C,냉동1,-17.55,-15.19,83.7,14.0,50.3,0.0,4.223,정상
CL00830,2026-06-23 22:52,A,냉동2,-17.6,-15.45,83.1,346.0,38.2,0.0,2.998,정상
CL03398,2026-09-02 21:07,B,냉동2,-18.06,-14.55,80.9,26.0,46.2,0.0,3.616,정상
CL02725,2026-08-15 01:48,B,냉동1,-18.22,-15.95,,4.0,42.7,0.0,3.288,정상
CL02610,2026-08-11 23:01,B,냉동1,-17.84,-14.99,88.6,27.0,49.6,18.6,4.063,정상
CL01744,2026-07-19 06:00,B,냉동2,-17.15,-13.86,81.5,19.0,48.0,0.0,3.456,정상
CL01570,2026-07-14 02:45,B,냉동1,-16.47,-13.46,88.7,12.0,54.1,0.0,4.109,정상
CL00337,2026-06-10 10:44,A,냉동1,-17.78,-14.62,91.8,163.0,52.1,16.0,4.036,정상
CL00328,2026-06-10 03:46,A,냉동1,-18.62,-15.97,86.9,5.0,45.7,0.0,3.107,정상
CL00013,2026-06-01 06:12,C,냉동1,-17.83,-15.31,86.0,3.0,45.2,0.0,3.907,정상
CL02603,2026-08-11 20:59,A,냉동1,-17.98,-15.9,84.8,9.0,50.1,0.0,3.904,정상
CL01860,2026-07-22 11:32,A,냉동3,-18.29,-15.46,89.2,72.0,46.2,0.0,3.901,정상
CL01015,2026-06-28 20:33,B,냉동3,-18.01,-14.87,79.5,48.0,43.2,0.0,3.23,정상
CL00120,2026-06-04 09:03,B,냉동2,-18.11,-14.77,83.7,87.0,38.9,0.0,2.998,정상
CL02306,2026-08-03 06:56,A,냉동2,-17.73,-15.44,79.7,6.0,46.0,0.0,3.596,정상
CL03111,2026-08-25 18:58,B,냉동1,-18.5,-15.91,95.0,129.0,46.5,0.0,3.796,정상
CL01461,2026-07-10 22:10,C,냉동1,-18.52,-15.59,90.4,3.0,41.3,0.0,2.774,정상
CL02105,2026-07-28 17:58,B,냉동1,-18.28,-15.78,81.8,80.0,45.5,0.0,3.326,정상
CL02570,2026-08-10 22:10,C,냉동1,-17.13,-14.36,84.2,11.0,54.5,0.0,4.38,정상
CL00144,2026-06-05 04:03,A,냉동2,-18.38,-15.9,88.8,29.0,46.2,0.0,3.913,정상
CL00550,2026-06-16 09:35,A,냉동2,-18.12,-15.65,89.2,97.0,46.9,18.6,3.816,정상
CL02527,2026-08-09 15:56,B,냉동2,-19.48,-16.23,92.4,33.0,47.6,0.0,3.687,정상
CL00573,2026-06-16 22:45,C,냉동2,-17.95,-15.49,88.4,1.0,37.3,0.0,2.858,정상
CL00915,2026-06-26 05:36,A,냉동1,-19.09,-16.23,90.5,33.0,41.0,0.0,3.103,정상
CL02561,2026-08-10 16:07,A,냉동2,-18.64,-16.36,83.5,48.0,45.6,0.0,3.295,정상
CL01969,2026-07-25 06:46,B,냉동3,-18.75,-16.42,86.0,6.0,42.3,0.0,2.87,정상
CL02677,2026-08-13 20:07,A,냉동3,-17.59,-14.52,75.8,29.0,46.6,0.0,3.713,정상
CL01833,2026-07-21 16:54,A,냉동1,-18.33,-15.42,83.3,26.0,50.0,0.0,3.746,정상
CL00593,2026-06-17 09:06,C,냉동2,-18.33,-16.06,87.0,35.0,41.7,0.0,3.445,정상
CL01238,2026-07-04 14:27,C,냉동1,-17.09,-14.17,84.2,42.0,51.5,14.0,4.509,정상
CL02170,2026-07-30 16:51,B,냉동1,-17.23,-14.26,87.3,16.0,54.1,0.0,4.144,정상
CL01527,2026-07-12 22:37,A,냉동1,-18.47,-15.74,85.8,1.0,42.7,0.0,3.518,정상
CL00656,2026-06-19 02:38,C,냉동1,-17.13,-15.11,95.2,360.0,51.8,0.0,4.063,정상
CL01477,2026-07-11 08:25,B,냉동3,-17.39,-14.06,79.3,72.0,53.4,0.0,4.528,정상
CL00403,2026-06-12 00:15,B,냉동2,-18.75,-16.29,85.3,18.0,42.8,0.0,3.179,정상
CL00587,2026-06-17 06:05,B,냉동1,-17.51,-14.72,84.0,9.0,48.2,0.0,3.57,정상
CL01421,2026-07-09 22:22,B,냉동3,-17.76,-15.22,92.4,4.0,50.1,0.0,3.888,정상
CL01687,2026-07-17 15:44,A,냉동1,-18.48,-15.39,77.3,39.0,44.0,0.0,3.02,정상
CL00373,2026-06-11 08:00,B,냉동2,-18.35,-15.42,80.3,28.0,45.9,0.0,3.418,정상
CL03154,2026-08-27 02:01,B,냉동1,-17.77,-14.9,85.3,16.0,48.6,0.0,3.675,정상
CL02380,2026-08-05 11:56,A,냉동3,-17.5,-15.2,89.5,79.0,49.3,0.0,4.179,정상
CL00883,2026-06-25 12:57,A,냉동1,-17.38,-14.96,89.1,52.0,41.1,15.6,3.758,정상
CL00720,2026-06-20 20:35,A,냉동3,-18.62,-15.78,84.2,18.0,55.8,0.0,4.859,정상
CL00070,2026-06-02 21:48,B,냉동2,-18.97,-16.6,86.9,2.0,39.4,0.0,3.002,정상
CL00014,2026-06-01 07:02,C,냉동1,-18.04,-15.41,88.0,14.0,48.8,23.6,4.648,정상
CL00534,2026-06-15 19:51,C,냉동1,-17.92,-14.92,89.2,25.0,50.4,11.0,3.914,정상
CL00007,2026-06-01 03:15,A,냉동3,-17.78,-15.0,89.1,5.0,51.8,0.0,3.883,정상
CL01965,2026-07-25 05:08,A,냉동1,-18.96,-16.08,82.6,40.0,42.2,0.0,3.525,정상
CL00518,2026-06-15 08:04,C,냉동3,-17.59,-14.96,80.7,9.0,48.2,0.0,3.853,정상
CL00632,2026-06-18 09:37,A,냉동2,-17.86,-14.5,86.8,66.0,50.6,23.8,4.524,정상
CL01189,2026-07-03 05:21,A,냉동2,-18.61,-16.11,81.7,4.0,52.3,0.0,4.075,정상
CL02673,2026-08-13 17:06,A,냉동1,-17.98,-15.12,84.0,32.0,48.3,0.0,3.654,정상
CL02274,2026-08-02 07:48,C,냉동3,-18.04,-16.05,85.2,3.0,47.0,0.0,3.533,정상
CL00133,2026-06-04 21:36,B,냉동3,-17.68,-14.8,93.1,2.0,47.2,0.0,3.333,정상
CL02696,2026-08-14 06:33,A,냉동2,-16.88,-14.41,85.0,15.0,49.5,0.0,3.805,정상
CL02288,2026-08-02 14:04,A,냉동3,-17.48,-15.22,88.8,65.0,48.1,0.0,3.672,정상
CL02040,2026-07-26 22:52,C,냉동1,-17.12,-14.69,93.1,2.0,53.7,0.0,3.78,정상
CL01561,2026-07-13 22:25,A,냉동2,-18.84,-16.33,82.2,11.0,44.2,0.0,3.205,정상
CL02623,2026-08-12 08:21,C,냉동1,-17.47,-14.24,87.9,143.0,46.4,0.0,3.715,정상
CL02571,2026-08-10 23:27,A,냉동2,-18.7,-16.52,81.6,3.0,44.5,0.0,3.756,정상
CL00299,2026-06-09 07:45,B,냉동1,-18.43,-16.04,88.0,23.0,44.0,0.0,2.913,정상
CL03160,2026-08-27 04:08,C,냉동2,-17.89,-15.05,84.6,3.0,50.5,11.2,4.558,정상
CL00385,2026-06-11 14:28,A,냉동1,-17.66,-14.86,80.9,105.0,55.1,0.0,4.142,정상
CL03226,2026-08-29 07:56,A,냉동1,-18.9,-16.46,86.8,7.0,39.8,0.0,3.004,정상
CL01307,2026-07-06 21:15,C,냉동1,-17.61,-14.01,80.2,7.0,50.8,0.0,3.968,정상
CL02558,2026-08-10 14:06,C,냉동2,-17.33,-14.28,84.0,17.0,48.9,0.0,,정상
CL02504,2026-08-08 23:47,C,냉동1,-18.7,-15.85,82.5,5.0,41.4,0.0,3.44,정상
CL00489,2026-06-14 14:21,C,냉동2,-18.03,-15.17,84.2,108.0,42.5,0.0,3.458,정상
CL02102,2026-07-28 15:54,A,냉동1,-18.17,-15.71,85.1,26.0,45.3,0.0,3.811,정상
CL02787,2026-08-16 16:08,A,냉동1,-17.7,-15.31,80.3,2.0,53.7,0.0,3.942,정상
CL00987,2026-06-28 07:02,A,냉동2,-19.24,-16.65,78.5,9.0,43.3,0.0,3.519,정상
CL01091,2026-06-30 20:35,B,냉동2,-19.11,-16.77,74.5,19.0,44.4,0.0,3.273,정상
CL02347,2026-08-04 10:16,B,냉동1,-16.97,-13.99,86.0,39.0,54.9,0.0,4.558,정상
CL01931,2026-07-24 10:01,C,냉동1,-17.92,-14.69,86.9,74.0,42.6,0.0,3.307,정상
CL02884,2026-08-19 09:23,A,냉동3,-18.28,-15.5,81.8,67.0,43.4,0.0,3.433,정상
CL01591,2026-07-14 13:58,A,냉동1,-18.04,-14.93,80.0,70.0,47.9,13.3,,정상
CL02516,2026-08-09 07:32,B,냉동1,-18.45,-15.58,78.1,2.0,38.3,0.0,3.103,정상
CL00840,2026-06-24 04:21,B,냉동2,-18.03,-15.13,91.9,12.0,50.4,0.0,3.815,정상
CL01761,2026-07-19 20:48,A,냉동1,-17.38,-14.52,87.2,13.0,51.0,0.0,4.33,정상
CL00623,2026-06-18 05:21,C,냉동2,-17.9,-15.72,87.7,18.0,43.1,0.0,3.048,정상
CL00565,2026-06-16 18:12,C,냉동2,-18.69,-16.26,87.9,96.0,44.8,0.0,3.366,정상
CL00258,2026-06-08 09:29,A,냉동2,-18.23,-15.24,83.4,20.0,46.7,0.0,3.623,정상
CL03157,2026-08-27 03:16,C,냉동1,-18.26,-15.79,88.9,8.0,44.7,25.0,3.8,정상
CL00943,2026-06-26 23:44,B,냉동1,-19.34,-17.47,86.1,22.0,38.2,0.0,2.742,정상
CL03025,2026-08-23 13:52,A,냉동3,-18.11,-15.11,91.5,42.0,50.2,0.0,3.812,정상
CL03189,2026-08-28 03:09,B,냉동3,-17.96,-15.8,81.6,14.0,45.0,0.0,3.519,정상
CL00098,2026-06-03 16:17,C,냉동2,-16.68,-14.8,93.6,317.0,44.6,0.0,3.258,폐기
CL01418,2026-07-09 20:44,B,냉동3,-17.48,-15.53,78.8,32.0,52.0,0.0,3.901,정상
CL00600,2026-06-17 14:21,C,냉동2,-18.34,-15.69,86.6,32.0,33.9,0.0,2.683,정상
CL01262,2026-07-05 09:14,C,냉동2,-18.83,-15.5,90.4,68.0,39.9,0.0,3.381,정상
CL00653,2026-06-19 00:24,B,냉동2,-19.67,-15.8,87.4,3.0,37.2,0.0,2.548,정상
CL00631,2026-06-18 09:11,B,냉동2,-18.13,-15.25,80.6,145.0,42.5,0.0,2.862,정상
CL01616,2026-07-15 07:52,A,냉동1,-17.89,-15.29,78.1,4.0,47.6,0.0,3.631,정상
CL00185,2026-06-06 08:01,A,냉동2,-19.07,-16.4,84.3,31.0,37.9,13.7,3.209,정상
CL02279,2026-08-02 09:45,C,냉동2,-18.79,-15.65,88.8,81.0,38.8,0.0,2.714,정상
CL01769,2026-07-20 02:59,A,냉동1,-18.59,-16.42,80.9,20.0,40.7,0.0,3.435,정상
CL02491,2026-08-08 14:34,A,냉동2,-16.96,-14.3,76.9,19.0,46.9,0.0,3.388,정상
CL01867,2026-07-22 15:53,C,냉동1,-16.07,-14.92,97.4,345.0,42.9,0.0,3.605,정상
CL01798,2026-07-20 18:39,A,냉동3,-18.32,-16.23,80.8,14.0,47.9,0.0,3.702,정상
CL03101,2026-08-25 12:00,B,냉동3,-17.08,-13.55,86.5,113.0,52.3,0.0,4.479,정상
CL03274,2026-08-30 18:02,C,냉동2,-17.51,-14.39,74.0,29.0,56.8,0.0,4.317,정상
CL02674,2026-08-13 17:32,A,냉동1,-17.78,-14.27,88.7,29.0,43.6,0.0,3.737,정상
CL02764,2026-08-16 05:14,C,냉동2,-18.13,-15.82,83.3,62.0,46.5,0.0,3.681,정상
CL01114,2026-07-01 11:03,A,냉동2,-18.06,-14.27,90.3,51.0,46.8,0.0,3.593,정상
CL00173,2026-06-05 23:58,B,냉동3,-17.67,-15.89,81.8,10.0,44.5,0.0,3.356,정상
CL00466,2026-06-13 17:48,C,냉동2,-18.04,-15.21,82.6,16.0,46.1,0.0,3.409,정상
CL00041,2026-06-02 03:04,A,냉동1,-17.99,-15.89,82.4,32.0,53.8,0.0,4.129,정상
CL02479,2026-08-08 07:49,B,냉동3,-18.44,-16.31,88.3,13.0,44.7,0.0,3.549,정상
CL01847,2026-07-22 02:59,B,냉동1,-18.13,-15.56,86.7,28.0,46.4,0.0,3.322,정상
CL01076,2026-06-30 10:15,C,냉동1,-17.27,-14.2,90.3,97.0,54.9,0.0,4.335,정상
CL02251,2026-08-01 21:07,B,냉동2,-18.6,-15.97,84.7,3.0,43.8,0.0,3.604,정상
CL00028,2026-06-01 18:20,A,냉동1,-18.36,-15.71,82.4,15.0,40.9,0.0,3.183,정상
CL02457,2026-08-07 17:11,A,냉동2,-16.42,-13.45,89.3,130.0,58.9,0.0,4.45,정상
CL00765,2026-06-22 02:26,B,냉동1,-18.58,-15.57,86.4,9.0,48.1,0.0,3.935,정상
CL02132,2026-07-29 13:52,A,냉동1,-18.28,-15.4,88.1,63.0,50.5,0.0,3.683,정상
CL01780,2026-07-20 08:57,B,냉동2,-17.62,-14.62,80.1,28.0,49.6,0.0,3.527,정상
CL00295,2026-06-09 05:08,A,냉동1,-18.19,-15.01,76.7,16.0,50.0,0.0,3.679,정상
CL03243,2026-08-29 22:03,B,냉동1,-18.05,-14.95,81.8,21.0,53.8,0.0,4.353,정상
CL01663,2026-07-16 21:03,C,냉동1,-19.38,-16.59,83.7,5.0,37.3,0.0,2.798,정상
CL00867,2026-06-25 02:10,A,냉동1,-18.51,-16.48,88.1,16.0,46.6,20.8,4.081,폐기
CL02699,2026-08-14 09:11,A,냉동2,-17.61,-14.78,79.4,28.0,57.4,0.0,4.107,정상
CL02335,2026-08-04 01:46,A,냉동3,-18.32,-15.46,75.1,30.0,48.2,0.0,3.878,정상
CL00433,2026-06-12 18:10,B,냉동2,-17.08,-14.72,84.8,77.0,50.9,0.0,3.523,정상
CL01463,2026-07-10 23:18,A,냉동1,-18.33,-15.34,85.2,1.0,40.1,0.0,2.808,정상
CL03337,2026-09-01 08:32,C,냉동3,-17.75,-14.62,86.5,20.0,48.6,0.0,3.913,정상
CL01086,2026-06-30 16:31,B,냉동2,-18.27,-15.57,89.0,18.0,31.0,0.0,2.494,정상
CL03229,2026-08-29 10:02,C,냉동1,-17.5,-15.13,88.2,11.0,48.8,0.0,3.878,정상
CL03338,2026-09-01 08:54,B,냉동2,-17.66,-15.32,84.4,25.0,43.8,0.0,3.407,정상
CL03011,2026-08-23 04:37,C,냉동2,-18.02,-16.22,85.1,8.0,42.7,0.0,3.242,정상
CL01747,2026-07-19 08:15,A,냉동2,-17.63,-15.06,88.5,71.0,50.4,0.0,4.002,정상
CL00764,2026-06-22 01:32,A,냉동3,-19.48,-17.81,89.9,5.0,41.8,0.0,3.096,정상
CL02436,2026-08-07 00:39,B,냉동2,-18.57,-16.11,89.1,5.0,44.3,0.0,3.862,정상
CL01349,2026-07-07 20:11,C,냉동2,-19.06,-16.34,81.5,17.0,44.7,0.0,3.438,정상
CL01457,2026-07-10 19:22,C,냉동2,-17.15,-13.93,92.2,44.0,54.9,0.0,4.077,정상
CL01574,2026-07-14 04:23,C,냉동1,-17.31,-15.35,89.1,5.0,57.6,0.0,4.557,정상
CL01938,2026-07-24 14:25,A,냉동3,-17.52,-14.18,81.6,54.0,53.1,0.0,4.001,정상
CL00914,2026-06-26 05:20,A,냉동1,-18.41,-15.53,90.8,10.0,38.0,0.0,2.513,정상
CL01006,2026-06-28 15:45,B,냉동1,-17.43,-14.21,93.8,109.0,52.5,0.0,4.302,정상
CL02134,2026-07-29 14:22,A,냉동2,-18.04,-15.09,83.9,89.0,46.0,0.0,3.678,정상
CL01230,2026-07-04 08:38,A,냉동3,-17.73,-15.57,87.6,71.0,48.1,0.0,3.757,정상
CL00655,2026-06-19 01:51,A,냉동2,-17.7,-15.62,90.3,24.0,48.9,0.0,4.131,정상
CL01569,2026-07-14 02:05,A,냉동2,-17.61,-14.48,84.8,15.0,55.3,0.0,4.428,정상
CL00509,2026-06-15 03:59,C,냉동2,-16.78,-15.18,92.0,443.0,49.2,0.0,3.742,폐기
CL00434,2026-06-12 19:12,B,냉동3,-18.22,-16.15,83.5,49.0,43.1,0.0,3.277,정상
CL01908,2026-07-23 18:22,A,냉동1,-18.42,-15.25,85.4,43.0,40.9,0.0,3.29,정상
CL03178,2026-08-27 19:27,B,냉동1,-18.0,-14.77,89.9,101.0,50.7,0.0,4.168,정상
CL01913,2026-07-23 22:26,B,냉동2,-17.51,-15.02,83.9,17.0,47.8,0.0,3.147,정상
CL00459,2026-06-13 12:43,A,냉동3,-17.01,-14.67,90.8,35.0,54.1,0.0,3.703,정상
CL02965,2026-08-21 16:01,A,냉동1,-18.63,-16.47,81.5,75.0,49.5,0.0,3.917,정상
CL00162,2026-06-05 16:58,B,냉동2,-18.12,-15.38,84.2,23.0,41.4,17.7,3.688,정상
CL03081,2026-08-25 02:20,A,냉동2,-18.39,-15.64,84.7,6.0,41.3,0.0,3.367,정상
CL02450,2026-08-07 11:05,A,냉동3,-18.7,-15.75,85.2,96.0,37.9,0.0,2.974,정상
CL02793,2026-08-16 20:09,A,냉동3,-17.87,-15.37,77.9,19.0,49.1,0.0,3.944,정상
CL01623,2026-07-15 13:11,C,냉동3,-17.97,-15.41,91.3,87.0,46.6,0.0,4.217,정상
CL02868,2026-08-18 22:36,B,냉동1,-18.14,-14.69,88.6,46.0,47.8,0.0,3.725,정상
CL01346,2026-07-07 17:54,B,냉동1,-18.61,-15.96,,127.0,45.5,0.0,3.358,정상
CL00988,2026-06-28 07:16,A,냉동2,-18.31,-15.49,81.7,22.0,48.1,0.0,3.65,정상
CL01923,2026-07-24 06:39,C,냉동2,-19.79,-17.08,81.0,9.0,50.8,0.0,3.926,정상
CL03204,2026-08-28 11:38,C,냉동2,-18.81,-15.73,91.5,58.0,34.4,0.0,2.891,정상
CL00905,2026-06-25 23:24,B,냉동2,-18.29,-15.99,83.9,5.0,42.1,0.0,3.386,정상
CL02614,2026-08-12 01:59,A,냉동1,-17.75,-14.94,80.6,5.0,41.2,22.4,3.975,정상
CL03298,2026-08-31 07:32,A,냉동2,-17.52,-14.7,84.0,5.0,52.6,0.0,3.789,정상
CL01545,2026-07-13 09:44,A,냉동1,-17.52,-14.4,82.1,90.0,52.5,0.0,4.16,정상
CL00169,2026-06-05 23:09,A,냉동2,-18.8,-16.34,83.8,6.0,40.2,0.0,2.88,정상
CL01276,2026-07-05 19:20,B,냉동2,-16.95,-13.81,,38.0,50.4,0.0,3.848,정상
CL03125,2026-08-26 06:58,A,냉동3,-17.62,-15.31,87.0,11.0,50.4,0.0,3.85,정상
CL01318,2026-07-07 02:20,B,냉동1,-18.45,-15.22,77.4,24.0,49.7,0.0,,정상
CL00671,2026-06-19 12:15,C,냉동1,-18.09,-14.66,84.2,102.0,46.9,0.0,3.444,정상
CL00092,2026-06-03 10:31,B,냉동2,-16.96,-14.03,88.4,52.0,45.4,0.0,3.185,정상
CL01337,2026-07-07 14:26,C,냉동1,-17.43,-14.85,80.6,70.0,50.8,0.0,3.826,정상
CL00344,2026-06-10 14:55,A,냉동1,-19.24,-16.39,92.9,79.0,39.0,11.2,3.302,정상
CL00136,2026-06-04 23:26,C,냉동2,-17.69,-15.57,90.4,8.0,51.4,24.5,4.536,정상
CL00463,2026-06-13 16:16,C,냉동1,-17.51,-14.65,90.9,89.0,51.1,0.0,4.344,정상
CL00109,2026-06-04 01:26,C,냉동3,-18.29,-16.32,87.3,19.0,35.6,0.0,2.915,정상
CL01956,2026-07-24 23:01,B,냉동2,-18.31,-16.27,84.4,4.0,48.1,0.0,3.33,정상
CL00683,2026-06-19 19:16,C,냉동3,-18.47,-15.83,89.9,74.0,45.4,0.0,3.189,정상
CL01644,2026-07-16 06:33,B,냉동1,-14.74,-12.34,83.9,11.0,64.2,0.0,5.285,폐기
CL02275,2026-08-02 08:44,A,냉동2,-17.25,-14.33,89.6,25.0,52.2,23.7,4.348,정상
CL01609,2026-07-15 01:42,B,냉동3,-15.37,-12.06,93.7,17.0,57.6,0.0,4.472,폐기
CL01611,2026-07-15 03:59,A,냉동3,-18.42,-15.11,82.1,17.0,50.2,0.0,4.453,정상
CL00763,2026-06-22 01:18,C,냉동2,-18.22,-15.69,80.0,2.0,48.8,22.4,4.246,정상
CL02151,2026-07-30 02:33,B,냉동3,-18.16,-15.03,84.5,10.0,40.9,0.0,3.256,정상
CL01511,2026-07-12 11:35,B,냉동3,-17.79,-14.86,89.5,41.0,49.3,0.0,3.704,정상
CL01597,2026-07-14 19:00,C,냉동2,-18.72,-16.12,92.7,20.0,49.7,0.0,3.761,정상
CL00933,2026-06-26 17:37,A,냉동2,-18.63,-16.04,81.8,73.0,42.3,0.0,3.144,정상
CL00699,2026-06-20 07:05,A,냉동1,-18.23,-15.32,89.0,20.0,39.2,0.0,2.566,정상
CL00624,2026-06-18 06:01,A,냉동3,-17.91,-15.78,86.8,8.0,42.1,0.0,3.755,정상
CL00760,2026-06-21 23:07,C,냉동3,-19.23,-16.12,83.2,29.0,52.2,0.0,3.972,정상
CL02689,2026-08-14 00:49,B,냉동1,-17.5,-14.11,78.5,8.0,49.5,0.0,4.372,정상
CL00981,2026-06-28 02:24,A,냉동2,-19.05,-16.27,84.6,12.0,49.9,0.0,3.634,정상
CL00503,2026-06-15 00:16,C,냉동1,-17.99,-15.18,76.3,35.0,42.5,0.0,,정상
CL02370,2026-08-05 03:33,C,냉동2,-17.74,-14.94,78.6,9.0,52.4,0.0,3.879,정상
CL01242,2026-07-04 20:00,A,냉동2,-17.82,-15.37,91.3,2.0,52.0,0.0,3.879,정상
CL01731,2026-07-18 20:03,B,냉동1,-16.33,-13.62,83.0,27.0,56.6,0.0,4.567,폐기
CL01360,2026-07-08 03:54,C,냉동2,-18.23,-15.38,81.9,3.0,36.6,0.0,2.859,정상
CL02358,2026-08-04 17:21,C,냉동1,-17.07,-14.14,87.1,39.0,51.9,20.2,4.73,정상
CL02400,2026-08-06 00:48,B,냉동2,-18.81,-16.17,89.0,7.0,38.7,0.0,3.192,정상
CL02067,2026-07-27 19:24,B,냉동3,-17.59,-14.71,84.8,54.0,50.7,0.0,3.631,정상
CL00471,2026-06-13 20:48,C,냉동1,-18.32,-16.21,84.0,18.0,44.0,0.0,3.46,정상
CL00853,2026-06-24 14:20,C,냉동1,-17.6,-14.61,84.5,98.0,48.3,0.0,3.502,정상
CL00379,2026-06-11 11:01,B,냉동2,-18.08,-15.0,81.8,116.0,52.6,0.0,4.388,정상
CL03184,2026-08-27 22:45,B,냉동3,-17.68,-14.32,87.4,2.0,49.6,0.0,3.886,정상
CL00447,2026-06-13 03:14,B,냉동1,-18.67,-16.16,83.4,2.0,43.6,0.0,3.635,폐기
CL02438,2026-08-07 01:24,A,냉동2,-18.54,-16.73,88.5,11.0,42.6,18.7,3.67,정상
CL03257,2026-08-30 07:08,A,냉동3,-18.44,-15.84,91.3,23.0,48.6,25.0,4.346,정상
CL00519,2026-06-15 09:47,A,냉동2,-18.53,-15.62,82.8,75.0,48.5,0.0,3.823,정상
CL00237,2026-06-07 21:33,C,냉동3,-19.21,-16.23,80.2,25.0,38.1,0.0,2.995,정상
CL01041,2026-06-29 10:40,C,냉동2,-18.57,-15.81,85.7,77.0,52.5,0.0,3.51,정상
CL00533,2026-06-15 19:00,C,냉동3,-17.73,-15.05,85.8,158.0,50.3,0.0,3.524,정상
CL02675,2026-08-13 18:13,B,냉동3,-17.11,-14.51,81.8,80.0,49.6,0.0,3.503,정상
CL00031,2026-06-01 19:40,B,냉동2,-16.73,-14.06,89.4,39.0,53.6,0.0,4.155,정상
CL02429,2026-08-06 19:20,A,냉동1,-18.38,-15.67,93.2,62.0,51.4,14.5,4.18,정상
CL00798,2026-06-22 23:56,A,냉동1,-17.93,-15.06,86.0,27.0,57.1,0.0,4.776,정상
CL02663,2026-08-13 09:43,A,냉동2,-17.76,-14.51,81.5,72.0,52.9,24.1,4.178,정상
CL03088,2026-08-25 05:46,A,냉동2,-18.41,-15.98,85.9,17.0,39.4,13.5,3.544,정상
CL03003,2026-08-22 20:31,A,냉동3,-18.88,-15.87,86.4,16.0,40.5,0.0,3.044,정상
CL01258,2026-07-05 07:27,B,냉동1,-18.61,-16.24,80.6,0.0,44.5,0.0,3.97,정상
CL02167,2026-07-30 13:51,B,냉동3,-18.01,-15.27,91.4,162.0,50.5,11.1,3.495,정상
CL03300,2026-08-31 08:48,C,냉동3,-19.38,-16.95,89.0,22.0,40.3,0.0,3.235,정상
CL02109,2026-07-28 21:55,B,냉동1,-18.67,-15.84,83.5,5.0,42.5,0.0,3.821,정상
CL00448,2026-06-13 03:24,A,냉동1,-18.63,-15.59,81.2,11.0,36.9,0.0,2.564,정상
CL02751,2026-08-15 19:42,A,냉동1,-16.82,-14.1,87.3,15.0,46.2,0.0,3.829,정상
CL03279,2026-08-30 20:09,A,냉동1,-17.92,-15.15,85.2,10.0,45.3,0.0,3.309,정상
CL03039,2026-08-23 20:32,C,냉동2,-17.69,-15.35,92.3,15.0,49.4,0.0,3.529,정상
CL02821,2026-08-17 15:12,C,냉동3,-17.52,-14.5,90.6,132.0,52.4,0.0,4.183,정상
CL00033,2026-06-01 20:43,C,냉동2,-18.26,-15.94,84.9,74.0,48.1,0.0,3.764,정상
CL03173,2026-08-27 14:12,C,냉동2,-18.65,-16.29,90.6,24.0,44.0,0.0,3.216,정상
CL02862,2026-08-18 17:40,C,냉동1,-16.66,-13.79,82.9,47.0,60.8,0.0,4.633,정상
CL01976,2026-07-25 15:09,B,냉동2,-17.9,-15.95,85.3,54.0,49.3,0.0,3.897,정상
CL03291,2026-08-31 04:08,A,냉동1,-19.28,-17.21,90.2,23.0,42.7,19.7,3.738,정상
CL00592,2026-06-17 08:58,B,냉동2,-17.46,-15.29,76.1,65.0,55.7,0.0,3.992,정상
CL00021,2026-06-01 10:52,B,냉동3,-18.52,-15.34,86.1,92.0,46.0,0.0,3.38,정상
CL01584,2026-07-14 10:26,B,냉동1,-17.04,-14.57,88.4,23.0,48.0,0.0,3.428,정상
CL00971,2026-06-27 19:35,B,냉동2,-18.08,-15.48,88.0,17.0,46.8,0.0,3.934,정상
CL01767,2026-07-20 01:33,C,냉동1,-18.1,-15.18,,18.0,46.1,0.0,3.584,정상
CL02185,2026-07-31 00:46,B,냉동2,-18.52,-16.07,89.8,23.0,42.1,0.0,3.187,정상
CL03015,2026-08-23 07:37,B,냉동2,-18.89,-16.48,82.7,2.0,43.3,0.0,2.945,정상
CL02351,2026-08-04 12:44,C,냉동1,-17.67,-14.61,87.5,52.0,44.5,0.0,3.665,정상
CL03352,2026-09-01 17:40,A,냉동3,-18.56,-15.7,87.6,119.0,39.0,0.0,3.002,정상
CL02360,2026-08-04 19:03,C,냉동1,-17.96,-15.19,86.2,54.0,47.4,0.0,3.928,정상
CL01824,2026-07-21 12:52,B,냉동2,-17.94,-15.54,76.7,64.0,51.4,0.0,4.155,정상
CL00742,2026-06-21 11:40,C,냉동1,-17.68,-14.7,84.1,30.0,51.9,0.0,4.468,정상
CL00444,2026-06-13 02:01,A,냉동1,-17.92,-15.98,82.5,3.0,39.5,0.0,3.334,정상
CL01897,2026-07-23 12:47,A,냉동1,-19.09,-16.59,86.1,57.0,42.6,0.0,3.261,정상
CL02959,2026-08-21 11:34,A,냉동2,-19.08,-16.4,86.3,15.0,36.6,0.0,2.574,정상
CL01649,2026-07-16 11:48,A,냉동2,-18.06,-14.49,88.6,65.0,47.5,0.0,3.837,정상
CL00301,2026-06-09 08:51,B,냉동1,-18.93,-15.97,85.0,118.0,42.2,0.0,3.358,정상
CL01007,2026-06-28 15:59,A,냉동2,-17.64,-14.89,94.7,92.0,48.7,0.0,3.07,정상
CL01092,2026-06-30 20:43,A,냉동3,-18.7,-16.11,82.5,6.0,45.2,0.0,4.057,정상
CL00219,2026-06-07 07:01,B,냉동3,-17.9,-14.92,87.6,8.0,52.3,0.0,4.051,정상
CL01788,2026-07-20 13:27,C,냉동2,-18.01,-15.07,80.2,54.0,53.7,0.0,4.35,정상
CL03158,2026-08-27 03:39,B,냉동1,-17.47,-14.83,89.7,9.0,49.5,11.3,4.044,정상
CL03014,2026-08-23 05:53,B,냉동2,-16.83,-15.27,84.4,381.0,49.3,0.0,3.387,정상
CL00751,2026-06-21 18:34,B,냉동3,-17.5,-14.94,85.0,25.0,46.3,0.0,3.383,정상
CL00180,2026-06-06 04:11,C,냉동2,-17.72,-14.93,87.2,7.0,44.5,0.0,3.773,정상
CL01395,2026-07-09 06:06,A,냉동3,-19.08,-16.2,85.9,10.0,40.3,0.0,3.627,정상
CL01770,2026-07-20 03:15,C,냉동1,-17.91,-14.98,80.6,26.0,46.9,0.0,3.489,정상
CL02434,2026-08-06 22:34,C,냉동1,-18.56,-15.96,84.5,4.0,51.3,0.0,3.709,정상
CL02095,2026-07-28 11:58,B,냉동3,-17.12,-14.27,89.2,9.0,51.0,0.0,3.571,정상
CL03012,2026-08-23 05:09,A,냉동3,-18.23,-15.78,79.3,4.0,45.5,0.0,3.467,정상
CL01254,2026-07-05 03:09,B,냉동1,-18.75,-16.05,79.5,3.0,34.6,0.0,2.671,정상
CL00957,2026-06-27 09:27,C,냉동3,-18.24,-16.86,77.3,4.0,37.2,0.0,2.872,정상
CL01988,2026-07-25 22:32,C,냉동1,-18.55,-16.52,79.6,8.0,48.2,0.0,3.927,정상
CL01180,2026-07-03 00:17,A,냉동2,-17.88,-15.75,86.0,50.0,48.2,19.6,4.445,정상
CL02421,2026-08-06 15:09,A,냉동3,-17.81,-14.97,89.4,150.0,53.9,0.0,3.817,정상
CL02495,2026-08-08 16:32,B,냉동1,-18.01,-14.98,85.9,38.0,44.1,0.0,3.628,정상
CL02368,2026-08-05 03:12,A,냉동1,-17.94,-14.85,80.9,1.0,53.8,0.0,4.07,정상
CL02950,2026-08-21 04:24,C,냉동3,-19.54,-17.65,78.6,8.0,32.5,0.0,2.476,정상
CL02146,2026-07-29 23:05,A,냉동3,-17.97,-14.8,75.8,1.0,42.1,0.0,3.019,정상
CL02212,2026-07-31 17:17,B,냉동2,-17.75,-15.33,84.5,92.0,47.9,0.0,3.953,정상
CL02051,2026-07-27 08:03,A,냉동3,-18.05,-15.58,83.0,55.0,47.8,0.0,3.564,정상
CL03386,2026-09-02 14:51,B,냉동3,-17.48,-14.89,81.5,13.0,54.3,0.0,4.815,정상
CL03382,2026-09-02 11:05,B,냉동1,-18.57,-15.94,85.7,91.0,40.7,0.0,3.051,정상
CL02269,2026-08-02 04:50,C,냉동1,-18.52,-16.19,83.5,41.0,51.5,0.0,4.16,정상
CL02106,2026-07-28 19:26,A,냉동2,-17.27,-14.36,80.5,49.0,45.7,0.0,3.257,정상
CL01387,2026-07-09 02:26,A,냉동3,-19.64,-17.35,84.7,18.0,33.0,0.0,2.476,정상
CL02631,2026-08-12 13:07,B,냉동2,-18.09,-15.48,89.2,181.0,45.2,0.0,2.943,정상
CL00596,2026-06-17 11:46,C,냉동2,-17.57,-14.57,84.0,31.0,41.8,0.0,3.361,정상
CL02863,2026-08-18 18:09,B,냉동2,-18.48,-16.43,80.6,7.0,43.4,19.8,3.868,정상
CL00446,2026-06-13 02:51,B,냉동3,-17.57,-15.97,86.0,17.0,56.3,19.1,4.078,정상
CL01236,2026-07-04 14:06,A,냉동3,-18.46,-15.62,78.7,12.0,39.1,0.0,2.873,정상
CL03394,2026-09-02 19:35,A,냉동1,-18.24,-15.5,79.6,38.0,38.5,0.0,2.778,정상
CL00499,2026-06-14 21:17,B,냉동2,-18.32,-15.05,84.3,6.0,56.3,0.0,4.779,정상
CL00342,2026-06-10 14:15,A,냉동2,-17.78,-16.24,82.3,42.0,44.3,0.0,3.779,정상
CL03329,2026-09-01 02:29,C,냉동1,-18.84,-16.49,88.5,42.0,43.8,0.0,3.085,정상
CL01108,2026-07-01 06:24,C,냉동1,-19.21,-17.53,89.7,9.0,39.7,0.0,3.267,폐기
CL03135,2026-08-26 13:56,B,냉동1,-18.14,-15.68,93.8,106.0,46.0,20.0,4.032,정상
CL01930,2026-07-24 09:26,A,냉동2,-18.4,-16.02,82.1,8.0,46.5,0.0,3.469,정상
CL02116,2026-07-29 02:37,C,냉동1,-19.24,-16.8,81.9,3.0,37.7,0.0,3.184,정상
CL02702,2026-08-14 11:57,B,냉동1,-18.33,-15.12,93.7,54.0,41.4,0.0,,정상
CL02741,2026-08-15 14:04,B,냉동2,-18.17,-16.02,82.2,45.0,42.2,0.0,3.123,정상
CL02098,2026-07-28 13:55,A,냉동1,-18.22,-14.96,89.7,27.0,48.7,0.0,3.95,정상
CL02658,2026-08-13 07:56,A,냉동3,-17.48,-15.31,82.8,5.0,61.4,0.0,5.165,정상
CL02835,2026-08-18 00:53,A,냉동3,-18.26,-15.91,82.6,6.0,38.5,0.0,2.979,정상
CL01484,2026-07-11 14:51,C,냉동1,-17.65,-14.86,84.9,127.0,47.4,0.0,3.367,정상
CL03159,2026-08-27 03:45,A,냉동3,-18.42,-15.58,79.6,16.0,49.4,0.0,3.47,정상
CL00426,2026-06-12 12:52,C,냉동1,-18.39,-15.17,80.0,27.0,43.2,0.0,3.512,정상
CL00205,2026-06-06 21:29,C,냉동2,-18.91,-16.73,84.3,10.0,43.4,0.0,3.666,정상
CL00578,2026-06-17 01:23,C,냉동3,-17.2,-14.95,87.3,3.0,55.7,0.0,4.383,폐기
CL03199,2026-08-28 08:51,A,냉동1,-17.98,-14.82,81.8,28.0,49.9,0.0,3.4,정상
CL02494,2026-08-08 15:41,A,냉동3,-17.31,-14.86,85.8,48.0,48.8,0.0,3.73,정상
CL01553,2026-07-13 17:28,A,냉동3,-17.88,-14.65,85.3,9.0,53.4,0.0,3.77,정상
CL00770,2026-06-22 04:49,C,냉동1,-19.68,-17.62,88.4,22.0,35.3,0.0,2.517,정상
CL01235,2026-07-04 13:16,C,냉동1,-16.32,-13.25,89.2,16.0,58.8,20.4,4.97,정상
CL00660,2026-06-19 06:01,B,냉동1,-18.34,-15.64,87.2,17.0,45.3,0.0,3.274,정상
CL01534,2026-07-13 04:55,A,냉동3,-18.59,-15.56,82.7,24.0,44.0,0.0,3.335,정상
CL01502,2026-07-12 03:46,B,냉동2,-18.04,-16.04,92.2,23.0,52.7,0.0,4.294,정상
CL03006,2026-08-22 22:47,B,냉동3,-18.23,-14.81,87.7,34.0,44.5,0.0,3.416,정상
CL02750,2026-08-15 19:28,A,냉동2,-18.0,-15.2,81.2,72.0,42.3,0.0,3.19,정상
CL02723,2026-08-14 22:49,A,냉동1,-18.87,-17.03,88.3,26.0,40.5,0.0,3.07,정상
CL00488,2026-06-14 12:33,C,냉동1,-18.4,-15.92,88.7,11.0,40.6,0.0,3.248,정상
CL00923,2026-06-26 09:26,A,냉동2,-17.25,-13.68,89.1,99.0,54.9,0.0,4.312,폐기
CL02122,2026-07-29 06:31,A,냉동3,-17.43,-14.1,83.1,22.0,51.0,0.0,4.017,정상
CL00850,2026-06-24 10:46,A,냉동2,-19.0,-16.87,88.0,85.0,42.5,0.0,3.284,정상
CL00888,2026-06-25 16:54,B,냉동2,-18.24,-15.69,89.3,44.0,38.1,0.0,2.896,정상
CL01737,2026-07-18 22:22,B,냉동2,-18.17,-15.27,84.7,31.0,47.8,0.0,3.611,정상
CL01102,2026-07-01 01:18,B,냉동2,-17.73,-14.74,88.7,16.0,58.4,17.9,4.811,정상
CL01664,2026-07-16 23:12,C,냉동1,-18.04,-15.35,90.2,8.0,47.4,0.0,3.657,정상
CL03259,2026-08-30 09:27,A,냉동1,-17.31,-13.71,87.1,133.0,49.7,20.7,4.091,정상
CL00663,2026-06-19 08:12,A,냉동3,-18.71,-15.97,90.5,18.0,50.8,0.0,3.812,정상
CL02352,2026-08-04 12:59,C,냉동3,-17.07,-14.49,87.0,18.0,52.0,0.0,4.114,정상
CL00909,2026-06-26 03:15,A,냉동2,-17.94,-15.29,77.8,46.0,49.4,0.0,3.846,정상
CL02757,2026-08-16 01:04,A,냉동1,-17.92,-15.2,85.6,10.0,36.5,0.0,3.069,정상
CL00069,2026-06-02 20:56,B,냉동1,-17.98,-15.08,82.6,14.0,49.5,0.0,3.688,정상
CL02188,2026-07-31 02:40,C,냉동3,-18.7,-16.02,83.2,28.0,47.9,0.0,3.615,정상
CL02447,2026-08-07 09:14,B,냉동2,-17.84,-15.16,78.5,58.0,47.3,0.0,3.804,정상
CL03167,2026-08-27 11:38,B,냉동2,-18.55,-15.64,88.8,72.0,48.0,0.0,3.889,정상
CL02373,2026-08-05 05:26,B,냉동3,-18.71,-15.61,88.7,0.0,37.2,20.8,3.197,정상
CL00958,2026-06-27 09:47,A,냉동1,-17.09,-14.32,92.6,41.0,53.0,0.0,3.998,정상
CL01089,2026-06-30 19:54,B,냉동3,-18.44,-15.38,80.4,25.0,51.2,0.0,4.368,정상
CL00396,2026-06-11 20:19,B,냉동2,-17.07,-14.12,85.2,22.0,51.8,0.0,4.684,정상
CL02245,2026-08-01 18:28,C,냉동1,-18.04,-15.78,85.5,73.0,48.1,0.0,3.573,정상
CL01904,2026-07-23 15:46,A,냉동2,-19.0,-16.32,85.0,62.0,47.4,0.0,3.398,정상
CL00046,2026-06-02 06:21,B,냉동1,-19.54,-17.07,90.0,4.0,37.9,0.0,2.981,정상
CL01064,2026-06-30 02:51,A,냉동3,-17.26,-14.28,84.5,13.0,55.6,0.0,4.486,정상
CL01906,2026-07-23 16:56,C,냉동2,-18.13,-15.27,80.1,34.0,53.6,0.0,4.517,정상
CL00823,2026-06-23 18:41,B,냉동2,-18.59,-15.38,87.9,94.0,41.1,0.0,3.152,정상
CL03005,2026-08-22 22:21,A,냉동1,-17.27,-14.74,82.7,19.0,48.8,0.0,3.309,정상
CL01525,2026-07-12 21:32,B,냉동3,-18.06,-15.21,82.0,23.0,49.1,0.0,3.411,정상
CL03327,2026-09-01 01:17,B,냉동1,-18.41,-15.96,81.2,15.0,43.6,15.8,3.6,정상
CL02615,2026-08-12 02:43,B,냉동3,-18.13,-16.24,80.6,23.0,46.0,0.0,3.553,정상
CL02158,2026-07-30 07:39,C,냉동1,-17.93,-15.0,82.9,8.0,48.4,0.0,3.574,정상
CL01784,2026-07-20 12:26,A,냉동3,-17.88,-14.67,83.1,43.0,48.0,18.5,4.027,정상
CL01665,2026-07-17 00:26,A,냉동1,-17.43,-14.73,90.1,15.0,46.1,0.0,3.272,정상
CL00912,2026-06-26 04:31,A,냉동2,-18.61,-16.1,84.5,0.0,45.0,0.0,3.343,정상
CL01883,2026-07-23 02:58,B,냉동2,-17.08,-15.54,88.7,255.0,49.1,0.0,3.829,정상
CL01328,2026-07-07 08:32,B,냉동3,-18.81,-16.45,83.3,74.0,54.1,0.0,4.611,정상
CL00635,2026-06-18 11:46,C,냉동1,-17.15,-15.34,79.2,28.0,50.6,0.0,4.091,정상
CL00954,2026-06-27 06:49,B,냉동1,-18.69,-16.52,86.2,42.0,51.3,0.0,4.293,정상
CL01376,2026-07-08 17:43,B,냉동3,-17.82,-15.65,80.0,88.0,40.8,0.0,3.409,정상
CL02199,2026-07-31 10:42,A,냉동1,-17.55,-14.36,80.0,6.0,48.7,0.0,3.56,정상
CL01083,2026-06-30 14:52,A,냉동1,-17.84,-14.57,84.5,54.0,49.1,0.0,3.978,정상
CL02803,2026-08-17 03:54,C,냉동1,-17.62,-14.87,83.5,9.0,41.6,0.0,3.25,정상
CL00153,2026-06-05 10:44,C,냉동1,-18.69,-15.97,83.4,156.0,52.0,0.0,3.57,정상
CL01516,2026-07-12 13:17,A,냉동3,-18.68,-16.24,89.7,30.0,44.1,0.0,3.647,정상
CL02006,2026-07-26 07:46,C,냉동3,-18.2,-15.0,85.2,23.0,47.8,25.1,4.447,정상
CL00740,2026-06-21 10:52,B,냉동1,-17.51,-15.02,96.0,41.0,47.9,0.0,4.46,정상
CL02320,2026-08-03 15:28,A,냉동1,-18.0,-15.91,94.5,41.0,48.6,0.0,3.732,정상
CL02736,2026-08-15 10:08,C,냉동1,-18.28,-16.1,91.0,16.0,35.1,0.0,2.816,정상
CL00460,2026-06-13 13:16,A,냉동3,-17.98,-15.83,86.2,25.0,49.0,0.0,3.747,정상
CL00478,2026-06-14 03:23,B,냉동1,-18.68,-15.98,91.6,52.0,37.1,0.0,2.636,정상
CL02232,2026-08-01 09:50,A,냉동2,-17.9,-15.11,87.4,79.0,47.4,0.0,4.186,정상
CL01877,2026-07-22 22:16,B,냉동1,-17.94,-14.86,78.6,4.0,51.9,0.0,4.045,정상
CL02621,2026-08-12 07:20,B,냉동2,-19.11,-16.17,89.8,4.0,36.8,0.0,3.463,정상
CL03357,2026-09-01 20:16,B,냉동2,-17.82,-15.48,76.7,2.0,47.3,0.0,3.649,정상
CL01295,2026-07-06 11:09,C,냉동2,-18.17,-15.77,86.5,52.0,55.5,11.0,4.104,정상
CL01551,2026-07-13 16:00,A,냉동2,-16.95,-14.51,85.9,17.0,51.8,25.3,4.828,정상
CL03286,2026-08-31 01:20,A,냉동3,-17.6,-14.75,81.3,7.0,38.1,0.0,3.025,정상
CL01460,2026-07-10 21:11,A,냉동1,-18.07,-16.39,86.0,23.0,40.0,0.0,3.208,정상
CL00244,2026-06-08 02:24,B,냉동1,-17.45,-14.32,78.1,9.0,49.2,0.0,3.937,정상
CL00537,2026-06-15 21:40,B,냉동3,-18.04,-16.05,81.5,3.0,46.4,0.0,3.535,정상
CL01895,2026-07-23 10:51,C,냉동3,-17.61,-14.71,80.2,66.0,55.1,0.0,5.056,정상
CL02905,2026-08-20 00:07,A,냉동1,-17.75,-15.37,87.2,6.0,40.5,0.0,3.101,정상
CL00262,2026-06-08 10:30,A,냉동1,-18.45,-15.27,92.6,143.0,47.9,22.2,4.139,정상
CL01393,2026-07-09 05:24,C,냉동2,-17.1,-14.14,83.1,9.0,49.3,15.4,3.673,정상
CL02166,2026-07-30 12:53,C,냉동3,-17.79,-14.53,86.3,72.0,51.6,0.0,4.541,정상
CL01563,2026-07-13 22:34,B,냉동3,-17.99,-15.13,84.4,5.0,51.9,0.0,3.484,정상
CL02000,2026-07-26 05:08,C,냉동1,-17.96,-15.66,85.7,6.0,49.3,0.0,3.75,정상
CL02885,2026-08-19 09:49,C,냉동3,-19.28,-16.86,79.9,29.0,40.3,0.0,3.447,정상
CL02977,2026-08-22 00:26,C,냉동2,-17.1,-14.61,84.7,1.0,53.3,0.0,3.977,정상
CL02043,2026-07-27 01:02,B,냉동3,-17.77,-15.72,90.4,6.0,50.6,0.0,3.924,정상
CL02737,2026-08-15 11:32,C,냉동2,-18.14,-15.02,82.9,41.0,48.1,0.0,4.046,정상
CL01642,2026-07-16 04:46,A,냉동1,-18.22,-16.31,85.2,73.0,45.6,15.9,,정상
CL01257,2026-07-05 06:32,A,냉동2,-17.9,-16.14,82.1,15.0,56.8,0.0,3.933,정상
CL01564,2026-07-13 22:54,C,냉동3,-18.52,-16.04,87.0,22.0,44.1,0.0,3.461,정상
CL02841,2026-08-18 05:46,C,냉동1,-18.28,-15.76,91.5,47.0,48.7,0.0,3.702,정상
CL03065,2026-08-24 14:45,A,냉동1,-17.76,-15.04,81.6,79.0,48.5,0.0,3.624,정상
CL00336,2026-06-10 10:06,C,냉동2,-18.25,-15.02,83.7,47.0,49.0,22.5,4.342,정상
CL03022,2026-08-23 12:14,B,냉동1,-17.59,-14.35,91.9,33.0,47.3,0.0,3.815,정상
CL03287,2026-08-31 02:00,C,냉동2,-18.41,-15.92,81.2,23.0,47.7,0.0,3.429,정상
CL01698,2026-07-17 22:11,C,냉동1,-18.43,-15.47,81.2,0.0,46.1,17.7,3.981,정상
CL00808,2026-06-23 08:51,A,냉동2,-17.64,-14.6,82.9,48.0,54.2,22.0,4.457,정상
CL02619,2026-08-12 06:02,C,냉동2,-18.72,-16.12,79.7,4.0,42.4,0.0,3.518,정상
CL00063,2026-06-02 16:34,B,냉동1,-17.71,-14.85,86.9,43.0,43.2,0.0,3.294,정상
CL01217,2026-07-04 01:42,C,냉동3,-18.87,-16.17,82.4,4.0,39.7,0.0,2.686,정상
CL00174,2026-06-06 00:57,A,냉동1,-17.61,-14.87,82.8,5.0,47.4,0.0,3.485,정상
CL03076,2026-08-24 23:24,A,냉동1,-18.29,-15.32,81.8,14.0,45.4,0.0,3.406,정상
CL02907,2026-08-20 01:51,B,냉동2,-18.11,-15.17,80.2,15.0,47.2,0.0,3.42,정상
CL02711,2026-08-14 16:44,A,냉동1,-18.86,-16.36,82.9,23.0,38.4,0.0,3.021,정상
CL03060,2026-08-24 10:40,A,냉동1,-18.84,-15.93,86.2,170.0,46.2,25.9,4.107,정상
CL00771,2026-06-22 05:02,B,냉동2,-17.91,-16.0,85.6,37.0,54.1,0.0,4.397,정상
CL02889,2026-08-19 14:29,A,냉동1,-17.66,-14.47,88.6,57.0,43.4,0.0,3.007,정상
CL01426,2026-07-10 01:31,C,냉동1,-17.3,-15.0,83.4,2.0,51.9,0.0,4.087,정상
CL00917,2026-06-26 06:31,B,냉동2,-19.45,-16.29,80.6,10.0,36.7,0.0,2.92,정상
CL00032,2026-06-01 20:11,C,냉동3,-17.79,-15.22,80.0,4.0,53.3,0.0,4.629,정상
CL02606,2026-08-11 22:13,C,냉동1,-18.35,-14.92,87.3,9.0,45.8,0.0,3.677,정상
CL00789,2026-06-22 18:45,C,냉동1,-17.63,-14.38,87.0,28.0,45.6,0.0,3.324,정상
CL01807,2026-07-21 02:14,C,냉동2,-18.27,-15.43,80.0,21.0,39.7,0.0,3.322,정상
CL03223,2026-08-29 04:15,A,냉동1,-17.86,-15.41,81.4,8.0,44.2,0.0,3.517,정상
CL02120,2026-07-29 04:51,C,냉동2,-18.39,-15.35,81.2,68.0,48.6,0.0,3.561,정상
CL02917,2026-08-20 07:04,C,냉동2,-18.28,-15.49,81.3,6.0,38.3,0.0,3.284,정상
CL02775,2026-08-16 10:01,A,냉동1,-18.5,-16.04,87.4,15.0,48.8,0.0,3.676,정상
CL02808,2026-08-17 07:07,C,냉동2,-17.01,-14.65,96.4,333.0,48.3,0.0,4.176,정상
CL00680,2026-06-19 17:09,A,냉동1,-18.48,-16.01,74.1,35.0,46.1,22.6,4.225,정상
CL00962,2026-06-27 11:25,C,냉동3,-17.58,-14.39,79.4,22.0,54.7,0.0,4.161,정상
CL01455,2026-07-10 18:19,C,냉동2,-17.33,-14.14,83.0,39.0,54.6,0.0,4.237,정상
CL01313,2026-07-07 00:53,C,냉동2,-18.07,-16.24,88.7,23.0,50.3,0.0,4.114,정상
CL01221,2026-07-04 05:24,B,냉동1,-18.49,-15.97,81.6,3.0,46.6,24.3,3.874,정상
CL02376,2026-08-05 08:12,C,냉동1,-17.94,-15.49,79.9,29.0,39.3,0.0,2.515,정상
CL02694,2026-08-14 04:45,B,냉동1,-18.32,-15.8,,4.0,51.9,0.0,4.051,정상
CL02267,2026-08-02 03:56,A,냉동2,-18.58,-16.25,86.6,1.0,48.7,0.0,3.54,정상
CL01466,2026-07-11 00:54,C,냉동1,-18.93,-16.25,79.8,8.0,35.6,0.0,2.346,정상
CL03109,2026-08-25 17:49,A,냉동3,-16.98,-14.37,81.3,21.0,49.4,0.0,4.38,정상
CL00689,2026-06-19 22:09,C,냉동3,-18.4,-16.13,87.0,1.0,48.6,0.0,3.872,정상
CL01683,2026-07-17 11:57,A,냉동2,-16.75,-14.09,92.9,18.0,55.8,0.0,4.133,정상
CL01948,2026-07-24 20:25,A,냉동2,-17.42,-14.31,78.4,4.0,51.4,0.0,3.651,정상
CL00322,2026-06-10 01:08,A,냉동2,-19.11,-16.91,79.0,40.0,36.9,0.0,2.829,정상
CL00455,2026-06-13 08:16,A,냉동1,-17.3,-14.4,97.0,68.0,54.6,13.2,4.32,정상
CL02256,2026-08-01 22:30,B,냉동2,-17.29,-14.66,81.6,3.0,53.1,0.0,4.115,정상
CL00716,2026-06-20 18:00,B,냉동3,-19.12,-15.87,77.2,53.0,43.3,0.0,3.566,정상
CL02520,2026-08-09 09:28,C,냉동2,-18.1,-15.2,91.7,191.0,40.9,0.0,3.197,정상
CL02896,2026-08-19 19:01,C,냉동2,-18.97,-15.75,84.8,69.0,37.7,0.0,2.78,정상
CL00275,2026-06-08 19:24,B,냉동1,-18.6,-15.65,90.9,142.0,45.9,0.0,3.35,정상
CL01320,2026-07-07 03:42,C,냉동1,-17.91,-15.52,87.2,13.0,49.6,0.0,3.303,정상
CL03107,2026-08-25 14:49,B,냉동1,-17.23,-14.26,82.4,34.0,51.5,0.0,4.066,정상
CL03384,2026-09-02 13:02,B,냉동1,-18.17,-14.22,84.3,45.0,51.1,21.6,4.442,정상
CL02893,2026-08-19 16:00,A,냉동1,-17.89,-14.87,85.1,30.0,46.0,0.0,3.41,정상
CL00846,2026-06-24 08:09,C,냉동1,-18.01,-14.94,84.2,54.0,45.4,0.0,3.535,정상
CL00368,2026-06-11 04:06,B,냉동1,-19.07,-16.23,79.0,19.0,35.3,0.0,2.86,정상
CL01972,2026-07-25 09:29,C,냉동3,-17.33,-15.16,84.0,20.0,48.5,0.0,4.063,정상
CL02204,2026-07-31 12:41,B,냉동3,-18.08,-15.9,85.9,58.0,55.6,0.0,4.129,정상
CL00899,2026-06-25 21:46,A,냉동2,-18.2,-15.68,86.4,44.0,49.2,0.0,3.445,정상
CL01465,2026-07-11 00:44,B,냉동2,-16.91,-13.57,89.1,6.0,48.8,17.9,4.349,정상
CL01842,2026-07-21 22:21,A,냉동2,-18.58,-15.74,83.1,10.0,45.5,0.0,3.322,정상
CL03031,2026-08-23 15:38,B,냉동2,-19.32,-15.91,85.2,64.0,36.7,0.0,2.903,정상
CL00458,2026-06-13 11:51,A,냉동3,-15.21,-14.13,98.3,215.0,49.4,0.0,3.534,폐기
CL02379,2026-08-05 10:55,A,냉동1,-18.76,-15.54,87.3,32.0,46.6,0.0,3.948,정상
CL02837,2026-08-18 03:11,B,냉동1,-18.29,-15.38,79.9,3.0,45.8,0.0,3.903,정상
CL00475,2026-06-14 01:07,A,냉동1,-18.22,-16.2,74.3,34.0,43.6,0.0,3.868,정상
CL00567,2026-06-16 20:05,B,냉동1,-18.03,-14.79,87.9,7.0,46.0,0.0,3.783,정상
CL00726,2026-06-21 00:06,C,냉동2,-17.27,-14.79,84.7,21.0,52.9,0.0,4.059,정상
CL01526,2026-07-12 22:33,A,냉동3,-18.64,-15.23,82.3,13.0,46.3,0.0,3.899,정상
CL02927,2026-08-20 14:34,B,냉동2,-18.03,-14.86,77.0,81.0,43.8,0.0,2.995,정상
CL02028,2026-07-26 17:38,A,냉동2,-18.36,-15.76,85.7,103.0,43.8,0.0,3.365,정상
CL01501,2026-07-12 02:39,A,냉동2,-17.5,-15.15,81.7,2.0,42.7,21.4,3.714,정상
CL00121,2026-06-04 10:19,B,냉동1,-17.31,-14.79,80.2,70.0,52.5,0.0,3.892,정상
CL01314,2026-07-07 01:01,B,냉동3,-18.65,-16.41,89.3,23.0,41.4,0.0,3.184,정상
CL01720,2026-07-18 11:29,A,냉동3,-18.12,-15.48,84.2,133.0,55.1,0.0,4.761,정상
CL02406,2026-08-06 04:40,A,냉동2,-18.33,-16.29,82.5,6.0,50.5,0.0,4.16,정상
CL00679,2026-06-19 16:49,C,냉동1,-17.48,-15.05,84.2,35.0,53.6,0.0,4.04,정상
CL02600,2026-08-11 19:09,B,냉동2,-17.57,-14.6,89.2,75.0,52.3,0.0,4.151,정상
CL02192,2026-07-31 05:14,B,냉동2,-19.19,-16.88,81.9,3.0,32.5,0.0,2.386,정상
CL02727,2026-08-15 03:58,C,냉동3,-17.1,-14.17,85.3,5.0,46.9,0.0,3.318,정상
CL01367,2026-07-08 11:55,C,냉동2,-18.27,-15.64,82.1,154.0,53.0,0.0,3.785,정상
CL02731,2026-08-15 06:06,A,냉동2,-19.21,-16.78,88.1,10.0,38.6,0.0,2.745,정상
CL00490,2026-06-14 14:42,B,냉동2,-17.96,-15.48,91.8,51.0,51.6,0.0,4.075,정상
CL00841,2026-06-24 04:36,B,냉동3,-18.4,-15.86,87.8,2.0,42.3,0.0,3.403,정상
CL01927,2026-07-24 08:33,B,냉동1,-19.05,-16.25,80.8,69.0,31.5,0.0,2.388,정상
CL03114,2026-08-25 21:14,A,냉동1,-17.65,-15.33,83.0,10.0,46.7,0.0,3.319,정상
CL01631,2026-07-15 19:21,C,냉동3,-17.32,-14.71,84.7,27.0,44.7,0.0,3.136,정상
CL02569,2026-08-10 21:58,B,냉동1,-18.91,-16.68,92.2,10.0,33.3,0.0,2.362,정상
CL01293,2026-07-06 10:15,C,냉동1,-17.99,-15.23,80.1,66.0,49.7,0.0,3.845,정상
CL00056,2026-06-02 13:19,C,냉동1,-18.35,-15.12,85.4,42.0,40.6,0.0,2.815,정상
CL03375,2026-09-02 06:36,B,냉동1,-18.2,-15.28,89.7,13.0,47.8,13.3,4.404,정상
CL03139,2026-08-26 16:04,A,냉동3,-19.2,-16.92,87.6,85.0,37.8,0.0,3.089,정상
CL01149,2026-07-02 07:50,B,냉동2,-19.38,-16.78,85.1,32.0,33.9,0.0,2.594,정상
CL03103,2026-08-25 12:37,A,냉동3,-17.18,-14.72,85.4,68.0,46.7,0.0,3.422,정상
CL01451,2026-07-10 16:22,A,냉동1,-17.76,-15.08,93.0,59.0,49.5,0.0,4.165,정상
CL00608,2026-06-17 20:11,A,냉동1,-17.59,-15.01,82.2,11.0,49.3,23.1,4.293,정상
CL00477,2026-06-14 03:22,C,냉동3,-18.45,-15.46,84.0,5.0,42.5,18.6,3.58,정상
CL01330,2026-07-07 09:50,B,냉동1,-18.18,-15.53,80.5,21.0,45.9,14.8,4.071,정상
CL03214,2026-08-28 18:23,A,냉동2,-18.57,-15.43,92.4,19.0,47.1,0.0,3.738,정상
CL02451,2026-08-07 11:58,B,냉동2,-18.48,-16.09,90.8,61.0,55.9,0.0,4.768,정상
CL00155,2026-06-05 12:13,C,냉동1,-17.75,-15.15,81.3,33.0,47.2,22.7,3.869,정상
CL00270,2026-06-08 15:34,A,냉동1,-18.88,-16.44,89.8,22.0,36.1,0.0,2.968,정상
CL02485,2026-08-08 12:31,A,냉동2,-17.59,-15.47,84.0,55.0,53.7,0.0,4.34,정상
CL00080,2026-06-03 06:11,A,냉동2,-18.9,-15.94,80.7,2.0,41.4,0.0,3.079,정상
CL00803,2026-06-23 04:39,C,냉동3,-19.12,-16.83,88.3,3.0,37.6,0.0,3.504,정상
CL00755,2026-06-21 19:33,A,냉동1,-18.06,-14.48,82.7,71.0,52.2,0.0,3.899,정상
CL00212,2026-06-07 02:10,B,냉동3,-18.77,-16.45,75.0,3.0,47.5,0.0,4.014,정상
CL00865,2026-06-25 01:03,B,냉동2,-16.77,-13.79,85.1,8.0,56.9,24.9,4.522,정상
CL01097,2026-06-30 22:19,A,냉동1,-18.03,-15.86,84.6,6.0,47.3,0.0,3.947,정상
CL02016,2026-07-26 13:24,B,냉동1,-17.32,-13.9,88.9,122.0,48.4,25.9,4.306,정상
CL00335,2026-06-10 09:40,A,냉동2,-18.09,-15.97,93.4,20.0,35.8,0.0,3.027,정상
CL00650,2026-06-18 22:21,C,냉동3,-17.45,-15.17,82.1,12.0,50.6,0.0,4.072,정상
CL01628,2026-07-15 17:01,B,냉동3,-14.19,-12.12,83.0,35.0,67.9,0.0,5.469,폐기
CL00457,2026-06-13 10:08,A,냉동1,-18.84,-16.56,86.7,33.0,40.5,0.0,2.912,정상
CL01911,2026-07-23 20:52,A,냉동2,-18.24,-15.53,85.9,13.0,51.2,0.0,4.599,정상
CL00508,2026-06-15 03:43,C,냉동1,-19.06,-16.41,89.6,42.0,47.3,0.0,3.723,정상
CL01796,2026-07-20 17:36,A,냉동2,-18.61,-15.3,75.2,74.0,35.8,0.0,2.602,정상
CL00960,2026-06-27 10:16,A,냉동1,-17.98,-14.91,71.3,34.0,43.4,0.0,3.287,정상
CL01020,2026-06-29 00:05,C,냉동1,-17.59,-15.45,82.7,17.0,45.4,0.0,2.797,정상
CL01354,2026-07-07 23:14,A,냉동2,-17.94,-15.72,81.7,17.0,47.1,0.0,3.692,정상
CL01224,2026-07-04 06:04,B,냉동2,-18.15,-15.62,84.5,3.0,49.9,11.3,4.159,정상
CL01045,2026-06-29 13:59,C,냉동2,-17.51,-14.7,88.6,60.0,46.8,0.0,3.718,정상
CL01575,2026-07-14 04:52,B,냉동1,-16.08,-13.57,89.0,8.0,52.5,0.0,3.914,폐기
CL00261,2026-06-08 10:13,B,냉동2,-17.7,-14.71,77.3,41.0,54.7,0.0,4.581,정상
CL02660,2026-08-13 08:42,B,냉동1,-19.57,-17.15,86.4,42.0,38.0,0.0,2.664,정상
CL02337,2026-08-04 02:27,B,냉동3,-17.19,-14.72,88.3,3.0,56.0,0.0,4.55,정상
CL01435,2026-07-10 07:25,A,냉동1,-19.69,-16.42,84.2,14.0,43.3,0.0,3.402,정상
CL00227,2026-06-07 13:37,C,냉동3,-17.97,-15.81,87.6,25.0,56.1,0.0,3.986,정상
CL01781,2026-07-20 09:14,A,냉동1,-18.39,-15.82,82.7,44.0,43.9,0.0,3.534,정상
CL02036,2026-07-26 21:42,C,냉동2,-17.87,-15.58,85.9,17.0,47.6,0.0,3.884,정상
CL02712,2026-08-14 17:18,A,냉동2,-17.45,-14.39,94.4,95.0,53.8,0.0,4.101,정상
CL00792,2026-06-22 20:56,B,냉동3,-19.08,-16.73,83.5,0.0,42.5,24.9,3.74,정상
CL03369,2026-09-02 03:38,A,냉동2,-18.52,-15.56,76.6,10.0,38.2,0.0,2.815,정상
CL03009,2026-08-23 02:39,A,냉동1,-18.16,-15.64,75.7,39.0,45.4,15.2,3.614,정상
CL02792,2026-08-16 18:45,C,냉동1,-18.02,-14.68,79.8,13.0,46.7,0.0,3.562,정상
CL00616,2026-06-18 00:57,B,냉동2,-17.86,-15.63,93.3,12.0,45.0,0.0,3.235,정상
CL01513,2026-07-12 12:11,B,냉동2,-17.24,-14.39,73.8,47.0,54.0,23.4,4.357,정상
CL01150,2026-07-02 08:49,C,냉동1,-17.41,-14.36,82.2,54.0,51.9,0.0,3.968,정상
CL01182,2026-07-03 01:37,B,냉동3,-17.25,-14.08,79.0,8.0,49.9,0.0,3.927,정상
CL01928,2026-07-24 08:51,B,냉동2,-18.03,-15.36,96.1,127.0,46.8,0.0,3.412,정상
CL00465,2026-06-13 16:51,B,냉동1,-17.9,-15.34,80.0,105.0,51.7,0.0,3.451,정상
CL03247,2026-08-29 23:35,C,냉동2,-18.31,-15.53,81.3,5.0,38.9,0.0,3.019,정상
CL00956,2026-06-27 08:40,C,냉동2,-18.46,-16.3,92.3,30.0,43.0,0.0,3.281,정상
CL01300,2026-07-06 14:47,B,냉동3,-16.99,-14.47,83.6,81.0,51.7,0.0,3.907,정상
CL01386,2026-07-09 01:13,C,냉동3,-18.04,-15.86,81.4,2.0,49.9,0.0,4.118,정상
CL01826,2026-07-21 14:19,C,냉동2,-18.07,-16.07,86.9,40.0,40.2,0.0,2.826,정상
CL02298,2026-08-02 22:00,C,냉동1,-18.52,-15.93,88.7,15.0,54.1,0.0,4.065,정상
CL00085,2026-06-03 07:44,A,냉동2,-17.46,-14.28,86.9,26.0,57.2,0.0,4.246,정상
CL03303,2026-08-31 09:52,B,냉동3,-17.95,-15.41,82.7,100.0,47.7,0.0,3.606,정상
CL02235,2026-08-01 12:26,C,냉동2,-18.58,-15.71,87.2,8.0,46.4,0.0,3.25,정상
CL01554,2026-07-13 17:40,C,냉동1,-18.08,-15.3,81.7,62.0,51.0,0.0,3.812,정상
CL01358,2026-07-08 01:20,A,냉동3,-18.93,-16.49,81.9,10.0,37.0,0.0,2.771,정상
CL00231,2026-06-07 15:04,A,냉동1,-16.97,-14.07,90.7,120.0,48.7,0.0,4.077,정상
CL03087,2026-08-25 04:58,B,냉동1,-16.96,-13.74,77.9,2.0,47.1,0.0,4.005,정상
CL02683,2026-08-13 23:01,A,냉동3,-18.46,-16.11,86.3,20.0,37.6,0.0,3.059,정상
CL03306,2026-08-31 11:37,A,냉동1,-18.01,-15.16,81.7,86.0,38.1,0.0,2.966,정상
CL02627,2026-08-12 11:27,B,냉동2,-17.94,-15.38,82.4,40.0,44.5,0.0,3.081,정상
CL00215,2026-06-07 02:55,A,냉동2,-18.37,-15.93,79.9,10.0,51.3,0.0,3.682,정상
CL01620,2026-07-15 11:07,C,냉동1,-18.31,-15.72,80.8,10.0,47.5,0.0,3.652,폐기
CL02488,2026-08-08 13:17,A,냉동2,-17.51,-15.81,88.7,84.0,55.1,20.0,4.512,정상
CL02018,2026-07-26 14:54,A,냉동1,-18.91,-15.5,90.8,152.0,41.6,0.0,3.084,정상
CL03142,2026-08-26 20:02,A,냉동3,-17.04,-14.3,77.2,18.0,47.6,0.0,3.52,정상
CL02493,2026-08-08 15:33,A,냉동1,-17.46,-14.84,80.8,10.0,51.0,0.0,4.321,정상
CL02112,2026-07-28 23:00,B,냉동2,-17.71,-14.81,88.7,4.0,55.6,0.0,4.524,정상
CL01061,2026-06-30 02:05,A,냉동1,-18.47,-15.65,85.0,18.0,42.4,0.0,3.434,정상
CL00887,2026-06-25 16:41,C,냉동2,-17.91,-14.95,86.5,16.0,43.7,0.0,3.346,정상
CL03032,2026-08-23 16:45,A,냉동1,-17.78,-15.19,90.1,117.0,44.3,0.0,3.877,정상
CL01373,2026-07-08 17:08,C,냉동3,-17.75,-14.5,87.6,91.0,49.4,0.0,3.572,정상
CL01177,2026-07-02 23:28,A,냉동1,-17.41,-14.1,82.8,29.0,51.0,0.0,3.752,정상
CL02572,2026-08-11 00:14,B,냉동1,-19.18,-16.29,80.6,15.0,36.0,25.1,3.384,정상
CL01531,2026-07-13 02:31,A,냉동1,-18.01,-15.89,82.0,5.0,41.2,0.0,3.139,정상
CL02402,2026-08-06 01:19,C,냉동2,-17.56,-15.11,88.0,17.0,59.8,0.0,5.016,정상
CL02481,2026-08-08 08:15,B,냉동3,-17.71,-14.93,85.2,96.0,46.1,0.0,3.982,정상
CL00522,2026-06-15 12:03,A,냉동1,-18.16,-15.12,83.6,73.0,44.9,0.0,3.223,정상
CL02082,2026-07-28 03:28,A,냉동3,-18.63,-16.14,87.5,5.0,49.3,0.0,3.498,정상
CL00541,2026-06-16 01:10,B,냉동3,-17.34,-14.93,83.5,12.0,58.1,0.0,4.546,정상
CL01002,2026-06-28 13:58,C,냉동1,-17.32,-15.07,85.3,62.0,54.9,0.0,3.916,정상
CL00226,2026-06-07 13:30,A,냉동3,-17.87,-15.81,86.4,28.0,45.8,0.0,3.724,정상
CL01844,2026-07-22 00:22,A,냉동2,-18.33,-15.69,82.9,13.0,41.3,11.8,3.443,폐기
CL01907,2026-07-23 17:52,A,냉동1,-18.69,-16.06,88.7,21.0,38.0,0.0,2.568,정상
CL00581,2026-06-17 03:08,B,냉동3,-17.83,-15.09,90.6,23.0,48.5,0.0,3.876,정상
CL00194,2026-06-06 12:50,C,냉동1,-17.04,-13.94,78.2,18.0,53.1,0.0,4.039,정상
CL02201,2026-07-31 11:01,C,냉동3,-17.23,-14.51,88.4,37.0,53.3,0.0,3.929,정상
CL00012,2026-06-01 05:24,B,냉동2,-18.43,-15.9,85.3,12.0,42.4,0.0,3.201,정상
CL01818,2026-07-21 08:28,B,냉동3,-18.31,-15.13,86.1,11.0,48.0,0.0,3.423,정상
CL00854,2026-06-24 15:22,C,냉동1,-17.97,-15.98,86.0,22.0,50.8,0.0,3.918,정상
CL00582,2026-06-17 04:01,C,냉동2,-18.37,-15.63,82.3,7.0,48.3,0.0,3.574,정상
CL02531,2026-08-09 17:30,C,냉동1,-17.58,-14.6,83.0,64.0,44.3,0.0,3.626,정상
CL00083,2026-06-03 06:54,A,냉동2,-18.82,-16.22,84.3,9.0,43.4,24.4,4.049,정상
CL00979,2026-06-28 01:02,B,냉동2,-19.68,-17.01,84.2,8.0,41.4,0.0,2.734,정상
CL03150,2026-08-26 23:34,B,냉동3,-17.5,-14.17,,12.0,47.7,0.0,3.894,정상
CL01846,2026-07-22 02:40,A,냉동2,-18.2,-14.92,81.4,24.0,51.7,0.0,3.628,정상
CL01939,2026-07-24 14:37,C,냉동2,-17.75,-15.04,83.2,62.0,42.3,0.0,3.242,정상
CL00659,2026-06-19 04:27,B,냉동2,-18.5,-16.63,80.6,2.0,45.4,0.0,3.755,정상
CL00470,2026-06-13 20:10,B,냉동1,-18.09,-16.25,84.8,0.0,50.2,0.0,4.662,정상
CL00889,2026-06-25 17:00,C,냉동3,-16.45,-14.45,80.5,42.0,51.9,0.0,4.113,정상
CL01186,2026-07-03 02:42,A,냉동3,-18.58,-16.09,83.8,39.0,32.5,0.0,2.453,정상
CL00125,2026-06-04 13:21,C,냉동1,-17.99,-14.96,96.1,89.0,49.5,0.0,3.683,정상
CL01411,2026-07-09 17:26,B,냉동2,-17.58,-14.61,79.3,38.0,48.8,0.0,3.884,정상
CL01389,2026-07-09 03:11,B,냉동2,-18.45,-15.51,77.0,2.0,42.6,0.0,2.954,정상
CL01065,2026-06-30 02:54,B,냉동1,-17.75,-14.95,80.4,7.0,55.0,0.0,4.074,정상
CL00677,2026-06-19 16:03,B,냉동3,-18.31,-15.77,83.4,58.0,49.4,0.0,3.774,정상
CL00588,2026-06-17 06:13,B,냉동1,-17.39,-14.98,84.7,16.0,56.2,0.0,4.449,정상
CL02810,2026-08-17 08:30,A,냉동1,-18.29,-15.4,84.3,49.0,42.8,0.0,3.512,정상
CL02118,2026-07-29 03:48,C,냉동1,-17.94,-15.24,87.7,9.0,47.7,0.0,3.769,정상
CL02575,2026-08-11 02:36,A,냉동3,-17.37,-15.17,78.4,3.0,52.2,0.0,3.666,정상
CL02399,2026-08-06 00:27,C,냉동1,-17.71,-14.65,86.2,19.0,52.9,0.0,4.33,정상
CL02501,2026-08-08 21:19,A,냉동3,-18.22,-15.59,83.3,36.0,51.2,0.0,3.744,정상
CL02609,2026-08-11 22:40,A,냉동2,-18.55,-15.94,,3.0,35.1,0.0,,정상
CL02200,2026-07-31 10:53,B,냉동1,-18.66,-15.07,80.9,55.0,49.2,0.0,3.486,정상
CL02679,2026-08-13 21:21,C,냉동2,-18.41,-15.61,,23.0,41.4,0.0,3.789,정상
CL02676,2026-08-13 19:57,B,냉동3,-17.87,-14.48,82.4,44.0,50.0,0.0,3.882,정상
CL00953,2026-06-27 06:35,B,냉동1,-18.52,-15.42,85.2,8.0,45.4,0.0,2.909,정상
CL03288,2026-08-31 02:17,B,냉동2,-18.32,-15.97,82.7,3.0,44.7,0.0,3.564,정상
CL02916,2026-08-20 05:48,B,냉동3,-18.56,-15.28,78.8,2.0,45.8,0.0,3.335,정상
CL03328,2026-09-01 01:21,A,냉동3,-18.75,-16.64,,12.0,42.2,0.0,3.015,정상
CL01121,2026-07-01 16:21,C,냉동3,-19.11,-16.56,82.2,77.0,35.9,0.0,2.604,정상
CL00362,2026-06-11 01:11,C,냉동2,-18.52,-15.77,93.4,16.0,41.7,0.0,3.062,정상
CL01003,2026-06-28 14:38,A,냉동2,-18.81,-15.64,86.8,184.0,42.6,20.7,3.693,정상
CL03171,2026-08-27 12:55,B,냉동1,-17.76,-14.95,96.0,80.0,47.6,0.0,3.612,정상
CL02277,2026-08-02 09:20,C,냉동1,-17.94,-15.28,83.8,27.0,42.1,14.5,3.293,정상
CL02079,2026-07-28 02:10,B,냉동2,-18.18,-15.42,83.7,8.0,54.0,0.0,4.437,정상
CL02239,2026-08-01 15:17,A,냉동1,-17.75,-14.74,88.9,76.0,45.1,0.0,3.629,정상
CL01375,2026-07-08 17:34,A,냉동2,-17.89,-15.86,89.7,28.0,47.9,0.0,3.36,정상
CL00201,2026-06-06 17:54,B,냉동2,-18.18,-15.24,86.5,46.0,45.7,0.0,3.475,정상
CL03324,2026-08-31 23:45,A,냉동1,-17.29,-14.05,81.0,15.0,51.5,0.0,3.677,정상
CL02617,2026-08-12 04:38,A,냉동2,-18.76,-16.04,79.7,18.0,46.0,0.0,4.031,정상
CL02343,2026-08-04 07:55,B,냉동1,-18.6,-15.38,83.7,11.0,43.4,0.0,3.597,정상
CL01231,2026-07-04 09:19,C,냉동1,-17.27,-14.51,77.9,110.0,51.4,0.0,4.031,폐기
CL01306,2026-07-06 19:08,B,냉동3,-17.72,-14.75,84.6,28.0,51.0,0.0,3.435,정상
CL01709,2026-07-18 03:36,B,냉동1,-15.81,-13.68,91.5,12.0,51.5,0.0,4.04,폐기
CL03069,2026-08-24 16:10,B,냉동2,-18.4,-14.8,88.8,80.0,45.8,12.7,3.374,정상
CL02998,2026-08-22 18:40,C,냉동2,-17.99,-14.6,82.0,51.0,47.3,0.0,3.503,정상
CL00090,2026-06-03 10:02,A,냉동2,-17.32,-14.77,82.0,26.0,50.5,0.0,4.144,정상
CL01701,2026-07-17 23:53,A,냉동2,-18.38,-15.57,84.3,34.0,51.0,0.0,4.028,정상
CL01019,2026-06-28 23:47,B,냉동3,-17.7,-14.9,92.0,9.0,53.3,23.1,4.482,정상
CL01428,2026-07-10 03:24,B,냉동1,-18.58,-16.06,86.7,4.0,43.9,0.0,3.303,정상
CL02999,2026-08-22 19:13,A,냉동2,-17.79,-14.92,82.9,71.0,48.2,12.2,4.175,정상
CL03258,2026-08-30 08:32,B,냉동1,-17.86,-15.33,86.3,14.0,55.3,17.9,3.902,정상
CL03356,2026-09-01 19:42,C,냉동3,-18.39,-15.65,94.4,25.0,41.8,0.0,3.305,정상
CL00812,2026-06-23 12:41,A,냉동1,-17.43,-14.45,82.0,75.0,45.8,0.0,3.45,정상
CL00401,2026-06-11 23:17,A,냉동1,-18.48,-15.96,84.0,21.0,42.1,0.0,3.275,정상
CL00111,2026-06-04 03:02,A,냉동2,-19.13,-16.04,78.2,8.0,39.5,0.0,3.257,정상
CL02463,2026-08-07 21:00,B,냉동1,-18.25,-15.51,76.4,1.0,45.2,0.0,3.515,정상
CL01843,2026-07-21 23:55,A,냉동1,-17.43,-14.81,75.9,4.0,54.3,0.0,3.937,정상
CL02361,2026-08-04 19:53,C,냉동2,-18.14,-15.57,80.8,27.0,42.1,0.0,3.199,정상
CL01220,2026-07-04 04:44,A,냉동1,-18.26,-15.66,88.8,20.0,43.3,0.0,3.457,정상
CL01210,2026-07-03 18:35,B,냉동1,-17.83,-14.36,84.5,41.0,52.1,0.0,4.19,정상
CL01893,2026-07-23 09:26,B,냉동2,-18.11,-15.14,84.8,51.0,46.1,0.0,3.689,정상
CL00091,2026-06-03 10:20,B,냉동2,-17.71,-15.28,82.3,46.0,51.1,0.0,3.992,정상
CL01379,2026-07-08 20:39,B,냉동3,-17.78,-14.34,85.7,24.0,46.1,0.0,3.696,정상
CL00057,2026-06-02 13:37,C,냉동2,-18.99,-16.53,89.0,34.0,49.7,0.0,4.263,정상
CL00536,2026-06-15 21:04,C,냉동1,-17.91,-14.74,85.1,8.0,53.7,0.0,4.06,정상
CL00076,2026-06-03 02:40,A,냉동1,-17.78,-16.33,89.4,6.0,51.7,0.0,3.878,정상
CL02519,2026-08-09 08:41,C,냉동2,-17.64,-14.86,96.2,170.0,47.5,0.0,3.384,정상
CL03026,2026-08-23 14:10,B,냉동2,-18.57,-15.71,83.1,73.0,45.8,0.0,3.003,정상
CL02258,2026-08-01 23:02,A,냉동1,-17.25,-15.23,,21.0,44.8,0.0,3.432,정상
CL02672,2026-08-13 16:48,A,냉동1,-17.69,-15.17,77.6,14.0,43.8,0.0,3.32,정상
CL01133,2026-07-02 00:43,A,냉동1,-18.3,-15.78,88.5,7.0,44.9,0.0,3.812,정상
CL01870,2026-07-22 17:44,B,냉동1,-17.5,-14.91,86.3,43.0,42.2,0.0,2.882,정상
CL01790,2026-07-20 14:32,B,냉동1,-18.51,-16.57,82.2,19.0,49.3,0.0,4.102,정상
CL02130,2026-07-29 12:12,B,냉동1,-19.52,-17.01,92.1,60.0,47.6,0.0,4.221,정상
CL01715,2026-07-18 07:33,C,냉동3,-17.61,-15.0,76.9,4.0,47.6,0.0,3.438,정상
CL00940,2026-06-26 21:51,C,냉동2,-17.56,-15.6,85.9,28.0,40.4,0.0,3.152,정상
CL02172,2026-07-30 19:18,A,냉동1,-17.92,-15.49,81.7,17.0,52.0,0.0,4.219,정상
CL03333,2026-09-01 05:28,C,냉동1,-18.68,-15.89,79.2,3.0,37.1,0.0,2.828,정상
CL01440,2026-07-10 11:07,B,냉동3,-18.47,-15.08,88.3,53.0,51.6,0.0,4.027,정상
CL00893,2026-06-25 19:14,A,냉동2,-18.35,-15.27,81.1,45.0,42.0,0.0,3.08,정상
CL02101,2026-07-28 15:33,B,냉동3,-17.91,-15.02,91.4,98.0,47.4,12.1,3.757,폐기
CL03320,2026-08-31 21:16,A,냉동1,-16.64,-15.78,92.6,267.0,48.0,0.0,3.574,정상
CL01514,2026-07-12 12:38,A,냉동2,-17.93,-14.92,84.7,75.0,48.4,0.0,4.179,정상
CL03252,2026-08-30 03:58,C,냉동1,-16.96,-14.16,87.5,2.0,50.6,0.0,3.665,정상
CL01384,2026-07-08 23:35,B,냉동1,-17.6,-14.69,87.1,21.0,47.6,0.0,3.704,정상
CL02639,2026-08-12 20:17,A,냉동2,-18.25,-15.93,92.2,11.0,40.8,0.0,3.319,정상
CL01423,2026-07-09 23:50,A,냉동2,-17.98,-15.15,82.9,15.0,44.8,0.0,3.356,정상
CL01610,2026-07-15 03:25,B,냉동2,-15.7,-13.23,84.7,2.0,60.0,0.0,4.963,폐기
CL01697,2026-07-17 21:10,C,냉동2,-19.0,-16.55,82.1,2.0,36.0,0.0,2.456,정상
CL01588,2026-07-14 12:27,A,냉동2,-18.47,-15.88,85.5,77.0,41.4,0.0,2.954,정상
CL03108,2026-08-25 17:17,C,냉동2,-18.02,-15.59,86.0,37.0,45.4,0.0,3.186,정상
CL00481,2026-06-14 06:20,A,냉동2,-17.81,-14.46,86.7,26.0,53.9,0.0,4.081,정상
CL01634,2026-07-15 21:30,C,냉동2,-18.24,-15.28,91.4,6.0,39.4,0.0,2.956,정상
CL03260,2026-08-30 10:14,B,냉동1,-17.33,-14.74,87.6,22.0,54.4,0.0,4.278,정상
CL01073,2026-06-30 09:02,B,냉동2,-19.03,-16.68,84.8,11.0,37.4,0.0,2.592,정상
CL02734,2026-08-15 09:06,A,냉동2,-16.92,-14.58,80.3,5.0,56.0,0.0,4.069,정상
CL02157,2026-07-30 06:04,A,냉동3,-17.74,-14.47,80.6,7.0,55.3,0.0,4.946,정상
CL03176,2026-08-27 18:17,B,냉동3,-17.91,-15.0,80.4,41.0,46.2,0.0,3.359,정상
CL02508,2026-08-09 02:14,A,냉동2,-18.68,-16.32,84.1,17.0,38.5,0.0,2.921,정상
CL01601,2026-07-14 20:48,A,냉동3,-18.58,-15.81,85.0,22.0,38.7,0.0,3.243,정상
CL00896,2026-06-25 20:24,B,냉동1,-17.39,-14.52,75.2,1.0,53.0,0.0,4.55,정상
CL00539,2026-06-16 00:38,A,냉동3,-17.46,-14.9,78.8,5.0,53.5,0.0,3.904,정상
CL00218,2026-06-07 06:04,A,냉동3,-18.42,-15.13,88.3,3.0,45.5,0.0,3.478,정상
CL00869,2026-06-25 04:06,C,냉동3,-18.94,-15.72,79.0,41.0,45.8,18.8,4.054,정상
CL00819,2026-06-23 16:10,B,냉동3,-17.86,-15.25,82.6,82.0,56.6,0.0,4.306,정상
CL00324,2026-06-10 01:53,A,냉동2,-18.23,-15.54,82.3,12.0,42.1,0.0,3.205,정상
CL01400,2026-07-09 08:01,C,냉동1,-17.25,-14.72,82.2,12.0,53.5,0.0,4.164,정상
CL00101,2026-06-03 19:03,A,냉동1,-17.99,-15.09,80.7,60.0,58.0,0.0,4.412,정상
CL01297,2026-07-06 11:49,A,냉동2,-17.45,-14.81,82.8,46.0,54.7,0.0,4.319,폐기
CL01403,2026-07-09 10:16,A,냉동1,-17.84,-15.63,80.5,64.0,51.0,20.1,4.345,정상
CL01530,2026-07-13 02:14,B,냉동1,-18.36,-15.86,82.2,24.0,46.3,0.0,3.88,정상
CL02788,2026-08-16 16:32,B,냉동2,-18.27,-15.06,83.6,66.0,54.5,0.0,4.241,정상
CL03124,2026-08-26 05:56,A,냉동3,-18.73,-16.62,80.8,2.0,39.0,0.0,3.004,정상
CL01099,2026-06-30 23:14,B,냉동3,-17.99,-15.07,89.6,19.0,45.9,0.0,3.506,정상
CL01505,2026-07-12 04:36,B,냉동1,-18.33,-15.6,83.6,7.0,43.5,0.0,3.188,정상
CL01849,2026-07-22 03:44,A,냉동3,-18.45,-16.14,82.0,11.0,46.2,0.0,3.725,정상
CL02007,2026-07-26 08:37,A,냉동1,-18.21,-16.46,87.0,11.0,41.5,13.0,3.279,정상
CL01378,2026-07-08 19:51,C,냉동2,-17.45,-14.84,86.0,65.0,49.6,0.0,3.861,정상
CL00232,2026-06-07 15:39,A,냉동1,-17.55,-15.06,80.0,52.0,51.6,24.7,4.495,정상
CL02910,2026-08-20 03:43,B,냉동2,-17.86,-15.63,81.6,20.0,47.9,18.4,4.086,정상
CL00039,2026-06-02 01:21,B,냉동3,-18.27,-15.05,83.5,11.0,54.7,0.0,4.264,정상
CL01359,2026-07-08 01:59,A,냉동1,-17.76,-14.72,76.6,28.0,47.7,0.0,3.685,정상
CL00484,2026-06-14 09:44,B,냉동1,-17.51,-15.45,79.4,39.0,53.8,0.0,3.935,정상
CL01156,2026-07-02 14:12,A,냉동2,-17.38,-14.57,91.5,90.0,54.9,0.0,4.069,정상
CL01419,2026-07-09 21:24,A,냉동2,-18.58,-16.42,82.3,1.0,38.4,0.0,2.771,정상
CL02395,2026-08-05 21:45,B,냉동3,-19.05,-16.07,82.8,13.0,47.5,0.0,3.598,정상
CL03126,2026-08-26 08:04,B,냉동3,-17.89,-15.36,80.5,94.0,50.8,11.7,4.329,정상
CL02026,2026-07-26 16:56,A,냉동3,-17.84,-15.55,85.4,2.0,50.8,0.0,3.716,정상
CL00895,2026-06-25 19:59,A,냉동2,-18.77,-16.17,84.0,64.0,44.7,0.0,3.537,정상
CL01768,2026-07-20 02:19,C,냉동1,-18.25,-16.01,81.5,20.0,46.0,0.0,3.498,정상
CL02405,2026-08-06 04:28,B,냉동2,-17.02,-14.35,83.7,21.0,55.2,0.0,3.762,정상
CL01168,2026-07-02 17:55,C,냉동2,-17.88,-15.08,82.8,22.0,44.1,0.0,3.367,정상
CL02423,2026-08-06 15:41,B,냉동2,-18.53,-16.09,90.7,99.0,41.8,0.0,2.972,정상
CL00612,2026-06-17 22:20,B,냉동2,-18.92,-16.74,83.7,5.0,38.8,0.0,3.052,정상
CL02809,2026-08-17 07:57,C,냉동2,-18.89,-16.43,77.3,25.0,45.7,0.0,3.312,정상
CL02599,2026-08-11 18:17,B,냉동1,-18.37,-15.8,89.0,129.0,39.5,0.0,2.633,정상
CL02349,2026-08-04 10:42,A,냉동3,-17.77,-15.3,79.4,32.0,48.0,0.0,4.063,정상
CL02203,2026-07-31 12:25,C,냉동3,-17.17,-14.53,81.6,54.0,55.6,0.0,4.611,정상
CL01899,2026-07-23 13:21,B,냉동1,-17.51,-14.97,87.3,66.0,55.4,0.0,4.243,정상
CL02345,2026-08-04 09:04,B,냉동2,-18.39,-16.13,91.1,29.0,44.1,0.0,3.15,정상
CL01765,2026-07-20 00:38,A,냉동1,-18.12,-15.34,84.0,39.0,46.9,0.0,3.497,정상
CL00790,2026-06-22 19:10,C,냉동1,-17.62,-15.15,86.0,61.0,46.4,0.0,3.689,정상
CL02799,2026-08-17 01:27,B,냉동2,-18.0,-15.89,80.3,8.0,42.4,0.0,3.533,정상
CL00483,2026-06-14 09:18,C,냉동1,-17.45,-14.93,81.3,13.0,50.3,20.7,4.23,정상
CL01396,2026-07-09 07:09,B,냉동2,-18.34,-15.87,91.8,22.0,42.0,0.0,2.874,정상
CL01240,2026-07-04 15:50,B,냉동2,-16.79,-13.95,88.9,61.0,61.2,0.0,4.042,정상
CL02902,2026-08-19 22:50,A,냉동2,-18.34,-15.19,81.6,21.0,45.2,13.7,3.961,정상
CL02878,2026-08-19 04:42,A,냉동1,-18.37,-16.02,83.2,9.0,45.6,0.0,3.709,정상
CL00474,2026-06-13 23:34,A,냉동1,-17.67,-15.22,81.3,12.0,61.4,0.0,4.55,정상
CL00785,2026-06-22 15:32,A,냉동2,-18.1,-15.39,84.1,29.0,40.9,0.0,2.902,정상
CL02749,2026-08-15 18:57,B,냉동2,-17.68,-15.08,76.2,86.0,50.8,0.0,4.075,정상
CL00780,2026-06-22 10:56,A,냉동2,-17.83,-15.43,80.9,29.0,45.2,0.0,3.387,정상
CL01145,2026-07-02 05:13,C,냉동1,-18.12,-16.26,96.5,0.0,46.2,0.0,3.433,정상
CL01987,2026-07-25 22:23,A,냉동2,-18.33,-15.16,77.4,17.0,41.9,0.0,3.023,정상
CL00307,2026-06-09 12:33,B,냉동3,-16.63,-13.78,84.7,84.0,51.9,0.0,3.492,폐기
CL01442,2026-07-10 11:54,B,냉동1,-17.79,-15.28,90.0,26.0,40.9,0.0,3.263,정상
CL03197,2026-08-28 07:52,A,냉동1,-17.59,-14.68,80.9,29.0,52.5,0.0,3.814,정상
CL03359,2026-09-01 20:39,A,냉동2,-18.31,-15.96,85.5,8.0,48.8,15.5,4.058,정상
CL01794,2026-07-20 15:59,C,냉동1,-18.07,-15.23,78.5,101.0,51.3,0.0,3.681,정상
CL02392,2026-08-05 20:03,C,냉동2,-19.09,-15.72,83.4,16.0,40.7,0.0,3.42,폐기
CL01368,2026-07-08 13:07,B,냉동2,-17.97,-15.13,88.9,18.0,42.7,0.0,3.328,정상
CL02124,2026-07-29 07:52,A,냉동1,-17.59,-14.97,86.2,14.0,42.0,0.0,3.374,정상
CL02814,2026-08-17 10:36,C,냉동2,-18.21,-15.32,85.6,57.0,54.8,0.0,4.126,정상
CL00967,2026-06-27 14:28,A,냉동1,-17.73,-14.17,88.3,175.0,44.5,0.0,3.58,정상
CL00164,2026-06-05 20:22,A,냉동1,-18.42,-15.58,83.4,17.0,43.3,0.0,3.486,정상
CL01237,2026-07-04 14:10,A,냉동2,-17.59,-14.48,89.8,36.0,37.6,0.0,2.986,정상
CL03121,2026-08-26 03:46,B,냉동2,-17.52,-15.29,86.0,5.0,51.0,0.0,4.163,정상
CL01174,2026-07-02 21:56,B,냉동2,-18.78,-16.19,80.3,11.0,39.4,12.3,3.64,정상
CL01070,2026-06-30 05:18,C,냉동2,-18.36,-15.0,78.1,10.0,46.8,0.0,3.593,정상
CL00405,2026-06-12 01:06,C,냉동2,-18.02,-15.04,77.4,10.0,54.2,0.0,4.528,폐기
CL02951,2026-08-21 04:26,A,냉동3,-17.88,-15.21,73.2,13.0,47.1,0.0,3.989,정상
CL00500,2026-06-14 21:42,A,냉동3,-18.16,-14.87,86.2,13.0,49.1,0.0,3.391,정상
CL03188,2026-08-28 02:24,B,냉동1,-17.93,-16.41,85.7,25.0,49.8,0.0,4.345,정상
CL01905,2026-07-23 16:20,C,냉동1,-16.87,-13.81,79.3,35.0,50.6,0.0,3.801,정상
CL00040,2026-06-02 01:47,A,냉동1,-17.83,-14.28,79.5,11.0,52.7,0.0,4.02,정상
CL01271,2026-07-05 16:11,C,냉동1,-17.61,-15.07,85.6,78.0,55.5,0.0,4.86,정상
CL03200,2026-08-28 09:30,C,냉동1,-18.52,-15.58,84.7,71.0,37.8,0.0,3.146,정상
CL00513,2026-06-15 06:00,B,냉동2,-17.73,-14.55,84.3,11.0,47.6,0.0,3.431,정상
CL02297,2026-08-02 21:24,B,냉동2,-18.26,-15.64,83.9,5.0,46.4,0.0,3.562,정상
CL02464,2026-08-07 21:17,A,냉동2,-18.66,-16.14,89.1,19.0,47.3,0.0,3.578,정상
CL03141,2026-08-26 18:42,A,냉동2,-18.01,-15.64,83.2,58.0,37.2,0.0,3.137,정상
CL02568,2026-08-10 21:18,A,냉동1,-18.35,-16.04,86.2,1.0,48.3,0.0,3.636,정상
CL01269,2026-07-05 15:38,C,냉동3,-18.43,-16.41,83.3,24.0,45.3,0.0,3.475,정상
CL00493,2026-06-14 18:04,A,냉동1,-18.1,-15.46,87.6,14.0,40.7,0.0,3.208,정상
CL01350,2026-07-07 20:23,C,냉동1,-17.82,-15.19,87.0,21.0,50.1,0.0,3.914,정상
CL00006,2026-06-01 03:10,B,냉동1,-18.12,-16.45,87.2,19.0,52.5,0.0,3.526,정상
CL03129,2026-08-26 10:07,C,냉동2,-18.91,-15.83,92.0,26.0,39.4,14.8,2.882,정상
CL00316,2026-06-09 21:05,C,냉동2,-17.64,-14.88,77.1,4.0,41.3,0.0,2.93,정상
CL01947,2026-07-24 20:16,C,냉동2,-18.55,-15.56,83.5,16.0,51.6,0.0,3.919,정상
CL00946,2026-06-27 02:26,C,냉동1,-18.11,-15.04,83.5,4.0,36.2,0.0,2.769,정상
CL01302,2026-07-06 16:31,C,냉동1,-17.71,-14.74,83.0,34.0,54.2,0.0,3.994,정상
CL00207,2026-06-06 22:22,A,냉동3,-17.47,-15.43,86.2,1.0,47.9,0.0,3.769,정상
CL02929,2026-08-20 15:25,A,냉동1,-17.81,-14.47,90.6,18.0,47.7,0.0,3.733,정상
CL01481,2026-07-11 12:45,A,냉동1,-17.33,-14.91,89.4,11.0,46.5,0.0,3.264,정상
CL01743,2026-07-19 04:38,A,냉동2,-18.37,-15.51,87.8,12.0,47.0,0.0,3.525,정상
CL00178,2026-06-06 02:34,A,냉동3,-19.24,-16.1,88.3,10.0,41.0,0.0,3.377,정상
CL00640,2026-06-18 15:11,C,냉동1,-17.67,-15.64,85.7,20.0,48.4,0.0,3.445,정상
CL00708,2026-06-20 13:20,A,냉동1,-17.82,-15.23,87.3,63.0,52.1,0.0,4.089,정상
CL01213,2026-07-03 22:06,C,냉동1,-18.35,-15.8,81.2,29.0,52.2,0.0,3.889,정상
CL01640,2026-07-16 03:21,B,냉동3,-14.78,-12.19,85.5,13.0,66.5,0.0,5.231,폐기
CL02058,2026-07-27 13:18,A,냉동1,-17.8,-14.6,84.3,14.0,50.1,0.0,3.332,정상
CL02056,2026-07-27 12:22,C,냉동1,-17.3,-14.43,93.1,154.0,54.2,0.0,3.883,정상
CL00239,2026-06-08 00:28,B,냉동1,-18.36,-16.16,88.0,6.0,45.5,0.0,3.075,정상
CL00341,2026-06-10 13:40,B,냉동2,-17.22,-14.64,89.1,130.0,47.7,0.0,3.557,정상
CL01839,2026-07-21 20:34,B,냉동2,-18.59,-16.17,92.7,31.0,43.0,0.0,3.505,정상
CL00661,2026-06-19 06:44,A,냉동1,-18.34,-15.66,90.6,2.0,47.3,0.0,4.17,정상
CL01854,2026-07-22 08:16,B,냉동1,-17.73,-14.95,92.8,44.0,52.0,0.0,3.699,정상
CL02836,2026-08-18 01:21,C,냉동1,-19.05,-15.89,87.6,24.0,45.0,0.0,3.772,정상
CL02556,2026-08-10 12:49,A,냉동2,-17.46,-15.21,82.3,37.0,41.2,0.0,3.303,정상
CL01590,2026-07-14 13:11,C,냉동3,-18.39,-15.08,83.0,101.0,41.7,0.0,3.046,정상
CL02900,2026-08-19 21:58,B,냉동2,-18.95,-16.25,87.0,41.0,43.5,0.0,3.407,정상
CL02427,2026-08-06 18:13,C,냉동2,-17.61,-15.03,87.0,111.0,57.6,0.0,4.729,정상
CL00482,2026-06-14 07:41,C,냉동1,-17.41,-15.12,77.3,17.0,43.4,0.0,3.567,정상
CL03367,2026-09-02 01:54,A,냉동2,-17.79,-15.66,83.9,2.0,51.1,0.0,3.861,정상
CL01729,2026-07-18 19:11,A,냉동1,-17.81,-14.94,84.6,73.0,47.6,0.0,3.427,정상
CL03168,2026-08-27 11:42,A,냉동2,-17.98,-15.25,85.0,72.0,41.4,0.0,3.414,정상
CL01225,2026-07-04 06:19,A,냉동2,-17.63,-14.43,89.3,40.0,48.7,0.0,3.615,정상
CL01194,2026-07-03 08:40,C,냉동3,-17.86,-15.26,83.5,21.0,43.7,0.0,3.161,정상
CL01832,2026-07-21 16:37,B,냉동3,-17.91,-15.0,86.3,153.0,45.8,0.0,3.512,정상
CL02993,2026-08-22 14:21,A,냉동3,-18.86,-15.92,85.6,70.0,46.8,0.0,3.631,정상
CL02888,2026-08-19 14:03,A,냉동1,-18.72,-16.56,90.1,60.0,43.9,0.0,3.464,정상
CL01677,2026-07-17 07:49,C,냉동1,-18.31,-15.12,92.7,5.0,39.6,21.1,3.457,정상
CL01654,2026-07-16 14:26,A,냉동3,-17.94,-15.39,77.5,36.0,49.0,0.0,3.226,정상
CL03035,2026-08-23 17:50,B,냉동1,-15.92,-14.65,98.9,410.0,52.9,0.0,3.973,정상
CL01158,2026-07-02 14:46,C,냉동3,-18.02,-14.94,85.6,21.0,44.2,0.0,3.427,정상
CL02813,2026-08-17 09:56,C,냉동2,-17.79,-15.43,88.6,43.0,48.3,11.4,3.93,정상
CL00924,2026-06-26 10:04,C,냉동2,-16.79,-14.31,81.3,33.0,49.2,0.0,3.715,정상
CL02752,2026-08-15 20:25,A,냉동3,-19.14,-16.41,86.4,70.0,44.1,23.6,4.037,정상
CL02795,2026-08-16 22:51,C,냉동2,-18.32,-15.87,84.4,10.0,46.8,0.0,3.908,정상
CL01311,2026-07-07 00:06,C,냉동3,-17.79,-15.37,84.9,9.0,49.7,0.0,3.355,정상
CL02665,2026-08-13 10:31,A,냉동3,-18.25,-16.31,90.7,51.0,50.6,0.0,4.305,정상
CL01706,2026-07-18 01:22,B,냉동2,-16.31,-13.97,89.0,3.0,58.0,0.0,4.607,폐기
CL02936,2026-08-20 18:32,A,냉동1,-18.37,-16.0,85.0,128.0,51.7,0.0,4.081,정상
CL01308,2026-07-06 21:34,A,냉동1,-18.23,-15.78,89.8,4.0,45.4,0.0,3.614,정상
CL00383,2026-06-11 13:12,B,냉동3,-18.11,-15.29,87.7,110.0,49.0,0.0,4.129,정상
CL01888,2026-07-23 06:10,C,냉동1,-19.1,-17.13,79.8,4.0,43.6,0.0,3.852,정상
CL02671,2026-08-13 16:18,C,냉동1,-17.27,-14.35,87.1,53.0,51.5,0.0,3.96,정상
CL01730,2026-07-18 19:53,B,냉동3,-17.26,-14.17,85.4,96.0,43.7,0.0,3.644,폐기
CL00150,2026-06-05 08:15,A,냉동1,-18.63,-15.61,87.0,151.0,45.0,0.0,3.109,정상
CL00420,2026-06-12 09:00,C,냉동3,-18.62,-15.7,98.2,34.0,49.4,0.0,4.062,정상
CL01342,2026-07-07 17:11,B,냉동1,-17.59,-15.41,86.3,25.0,49.6,0.0,3.992,정상
CL00107,2026-06-03 23:05,C,냉동1,-18.68,-16.72,83.6,4.0,45.8,23.8,3.566,정상
CL01434,2026-07-10 06:33,B,냉동3,-16.92,-13.94,85.7,21.0,49.7,0.0,3.036,정상
CL02971,2026-08-21 19:35,B,냉동2,-18.43,-15.22,94.3,130.0,38.7,0.0,3.171,정상
CL00331,2026-06-10 05:59,C,냉동3,-18.62,-16.02,88.5,10.0,46.9,0.0,3.521,정상
CL03312,2026-08-31 15:36,C,냉동2,-18.55,-16.34,90.9,26.0,36.7,0.0,2.531,정상
CL02685,2026-08-13 23:54,B,냉동1,-18.17,-15.51,90.8,10.0,44.7,0.0,3.272,정상
CL02661,2026-08-13 09:08,B,냉동1,-18.18,-15.36,87.3,54.0,47.7,0.0,3.446,정상
CL01263,2026-07-05 09:37,B,냉동1,-17.14,-14.48,89.7,21.0,54.6,0.0,4.837,정상
CL00806,2026-06-23 06:56,A,냉동2,-17.75,-15.73,85.9,7.0,47.8,0.0,3.305,정상
CL01795,2026-07-20 16:35,A,냉동1,-17.39,-14.34,87.3,42.0,57.0,0.0,4.174,정상
CL03156,2026-08-27 02:31,C,냉동2,-17.58,-14.81,82.5,10.0,49.2,0.0,3.498,정상
CL01542,2026-07-13 08:23,B,냉동2,-17.3,-15.06,87.5,48.0,53.5,0.0,4.032,정상
CL03401,2026-09-02 23:48,C,냉동3,-18.31,-15.94,88.3,22.0,48.2,0.0,3.807,정상
CL02296,2026-08-02 20:13,A,냉동3,-18.14,-14.9,90.9,19.0,46.4,0.0,3.296,정상
CL00701,2026-06-20 08:32,A,냉동1,-17.86,-15.01,79.3,47.0,42.2,0.0,3.552,정상
CL02301,2026-08-03 02:30,C,냉동2,-17.36,-15.04,89.4,18.0,50.7,24.7,4.862,정상
CL01857,2026-07-22 10:19,B,냉동2,-17.51,-14.89,81.8,60.0,50.5,0.0,4.489,정상
CL00625,2026-06-18 06:20,B,냉동2,-17.76,-15.47,76.5,10.0,43.6,0.0,3.885,정상
CL00507,2026-06-15 03:31,C,냉동2,-18.42,-15.1,85.6,19.0,47.1,0.0,3.694,정상
CL02492,2026-08-08 15:25,C,냉동1,-19.01,-16.47,86.1,71.0,39.4,0.0,3.125,정상
CL03117,2026-08-25 23:08,B,냉동3,-18.93,-16.36,86.7,5.0,41.1,0.0,3.092,정상
CL00858,2026-06-24 18:37,B,냉동2,-17.38,-13.97,87.3,41.0,52.3,0.0,3.562,정상
CL01126,2026-07-01 19:29,A,냉동3,-18.47,-15.56,80.8,40.0,42.2,0.0,3.279,정상
CL03368,2026-09-02 02:57,B,냉동2,-18.27,-16.42,81.9,19.0,47.7,0.0,3.527,정상
CL02669,2026-08-13 14:02,B,냉동1,-18.23,-14.94,90.7,59.0,44.4,0.0,3.497,정상
CL00138,2026-06-05 01:57,A,냉동3,-18.11,-14.78,78.2,24.0,42.7,0.0,3.308,정상
CL00996,2026-06-28 11:26,B,냉동2,-18.3,-16.1,89.0,13.0,33.7,0.0,2.52,정상
CL02155,2026-07-30 04:48,C,냉동1,-17.88,-15.9,83.4,5.0,42.8,0.0,3.446,정상
CL00242,2026-06-08 01:30,A,냉동2,-18.46,-15.3,81.5,7.0,46.9,0.0,3.623,정상
CL02518,2026-08-09 08:10,B,냉동2,-17.93,-14.56,89.9,104.0,53.3,0.0,4.644,정상
CL02318,2026-08-03 14:38,B,냉동1,-18.19,-15.46,86.0,20.0,50.1,0.0,4.121,정상
CL02189,2026-07-31 03:14,A,냉동1,-19.1,-16.25,,1.0,40.2,0.0,3.149,정상
CL00043,2026-06-02 04:27,B,냉동2,-19.08,-16.22,82.9,5.0,32.3,0.0,2.518,정상
CL00728,2026-06-21 01:46,C,냉동2,-17.78,-14.7,82.9,4.0,53.2,0.0,3.999,정상
CL02555,2026-08-10 12:08,A,냉동3,-18.07,-15.02,86.7,91.0,46.6,12.0,3.963,정상
CL00849,2026-06-24 09:57,B,냉동2,-18.53,-14.95,81.6,31.0,43.7,0.0,3.246,정상
CL02906,2026-08-20 00:32,C,냉동1,-17.54,-15.1,89.9,65.0,42.6,0.0,3.238,정상
CL02305,2026-08-03 06:19,A,냉동2,-19.11,-16.87,75.2,7.0,45.2,0.0,,정상
CL03330,2026-09-01 03:01,C,냉동2,-18.86,-15.78,78.4,19.0,44.0,0.0,3.124,정상
CL02035,2026-07-26 21:25,A,냉동2,-17.8,-15.26,84.6,22.0,50.4,0.0,4.042,정상
CL01268,2026-07-05 13:42,C,냉동1,-18.04,-15.69,89.6,8.0,43.6,0.0,3.201,정상
CL00294,2026-06-09 03:42,C,냉동3,-18.42,-16.32,90.6,17.0,42.5,0.0,3.108,정상
CL00989,2026-06-28 07:29,A,냉동2,-18.13,-15.17,87.8,22.0,47.1,0.0,3.805,정상
CL01970,2026-07-25 07:30,A,냉동2,-17.67,-15.79,81.5,2.0,41.4,0.0,2.771,정상
CL02049,2026-07-27 07:36,B,냉동3,-19.4,-16.91,85.2,7.0,41.7,0.0,3.065,정상
CL01228,2026-07-04 07:31,B,냉동2,-18.07,-16.07,77.6,7.0,43.0,0.0,3.682,정상
CL01764,2026-07-20 00:17,A,냉동1,-17.67,-14.66,80.1,15.0,44.8,0.0,3.5,정상
CL01710,2026-07-18 05:10,B,냉동1,-16.93,-14.16,87.4,7.0,53.5,0.0,3.999,폐기
CL02958,2026-08-21 10:34,C,냉동3,-18.12,-15.35,87.4,55.0,44.7,0.0,3.252,정상
CL03326,2026-09-01 00:59,A,냉동3,-17.99,-14.85,86.2,16.0,51.7,0.0,4.077,정상
CL00044,2026-06-02 04:51,B,냉동2,-17.57,-14.82,85.7,2.0,52.1,0.0,4.265,정상
CL01536,2026-07-13 05:35,C,냉동3,-18.07,-15.84,81.1,9.0,46.6,0.0,3.589,정상
CL02398,2026-08-05 23:57,C,냉동2,-18.17,-15.56,,28.0,43.5,0.0,3.167,정상
CL01589,2026-07-14 12:46,A,냉동1,-18.86,-16.0,87.6,77.0,45.3,16.1,4.197,정상
CL01192,2026-07-03 07:34,B,냉동2,-18.56,-15.83,84.2,13.0,39.1,0.0,3.012,정상
CL00198,2026-06-06 16:45,C,냉동1,-16.87,-14.29,92.0,18.0,56.6,0.0,4.203,정상
CL00935,2026-06-26 18:42,B,냉동2,-17.91,-14.69,84.8,70.0,55.6,0.0,4.153,정상
CL00610,2026-06-17 21:14,A,냉동2,-17.98,-15.69,,12.0,48.5,0.0,3.673,정상
CL02350,2026-08-04 12:21,B,냉동3,-17.99,-14.9,88.9,87.0,51.5,0.0,3.597,정상
CL02014,2026-07-26 12:39,C,냉동2,-17.83,-14.93,83.1,14.0,45.6,0.0,3.161,정상
CL00381,2026-06-11 12:25,A,냉동1,-16.91,-13.66,78.0,17.0,58.2,0.0,4.739,폐기
CL00834,2026-06-24 01:14,B,냉동1,-18.04,-15.43,83.7,17.0,49.9,0.0,4.232,정상
CL01708,2026-07-18 03:14,C,냉동3,-18.72,-16.23,77.7,11.0,36.9,0.0,3.223,정상
CL00236,2026-06-07 20:31,B,냉동3,-17.69,-14.49,88.3,3.0,51.4,0.0,4.234,정상
CL02543,2026-08-10 02:42,A,냉동1,-18.37,-15.98,88.1,17.0,38.1,0.0,3.007,정상
CL00017,2026-06-01 08:53,C,냉동1,-18.32,-15.39,80.4,70.0,47.8,0.0,3.657,정상
CL02772,2026-08-16 08:23,C,냉동2,-17.98,-15.2,80.2,29.0,43.1,0.0,3.423,정상
CL02781,2026-08-16 13:40,C,냉동1,-17.26,-14.21,78.9,40.0,55.0,0.0,4.585,정상
CL00827,2026-06-23 20:26,A,냉동1,-17.44,-15.2,81.0,18.0,47.3,0.0,3.761,정상
CL00621,2026-06-18 03:47,A,냉동2,-18.19,-15.78,86.2,24.0,37.2,0.0,2.723,정상
CL02607,2026-08-11 22:21,A,냉동1,-18.54,-15.68,88.7,4.0,44.5,0.0,3.579,폐기
CL03102,2026-08-25 12:15,C,냉동1,-17.79,-14.5,77.4,45.0,48.8,0.0,3.845,정상
CL02308,2026-08-03 07:33,A,냉동1,-19.0,-16.33,79.6,14.0,36.9,0.0,2.725,정상
CL03335,2026-09-01 07:40,C,냉동1,-18.24,-15.83,84.5,17.0,35.6,0.0,2.75,정상
CL02839,2026-08-18 04:50,A,냉동3,-18.84,-16.0,77.0,3.0,44.3,0.0,3.625,정상
CL01094,2026-06-30 21:20,A,냉동1,-18.45,-16.11,86.1,6.0,48.4,0.0,3.556,정상
CL00604,2026-06-17 16:26,B,냉동2,-17.45,-15.34,74.1,47.0,47.6,22.7,4.368,정상
CL00402,2026-06-12 00:00,C,냉동1,-17.76,-15.61,83.9,4.0,46.0,0.0,3.95,정상
CL00559,2026-06-16 13:59,B,냉동1,-17.48,-15.42,84.1,132.0,59.4,0.0,4.511,정상
CL03340,2026-09-01 10:27,A,냉동3,-17.96,-15.04,83.1,76.0,53.3,14.1,4.506,정상
CL02060,2026-07-27 14:33,A,냉동3,-18.26,-15.73,85.0,48.0,42.3,0.0,3.43,정상
CL00161,2026-06-05 16:18,B,냉동3,-17.8,-14.56,80.7,70.0,48.0,0.0,3.077,정상
CL00485,2026-06-14 10:17,B,냉동3,-18.52,-15.28,80.5,5.0,42.2,0.0,3.315,정상
CL00389,2026-06-11 16:27,A,냉동3,-17.57,-14.74,90.0,89.0,43.7,0.0,3.538,정상
CL03155,2026-08-27 02:18,C,냉동1,-19.38,-15.88,84.7,16.0,49.2,0.0,3.771,정상
CL01632,2026-07-15 20:59,A,냉동1,-18.84,-15.92,86.6,6.0,37.3,0.0,2.816,정상
CL00225,2026-06-07 11:55,C,냉동3,-18.5,-15.83,87.4,77.0,37.8,0.0,3.208,정상
CL03054,2026-08-24 06:34,A,냉동2,-18.73,-15.92,82.6,16.0,41.9,0.0,3.116,정상
CL00515,2026-06-15 06:42,B,냉동1,-17.12,-13.99,89.1,8.0,52.8,0.0,4.1,정상
CL02576,2026-08-11 03:31,C,냉동3,-18.35,-15.4,85.0,3.0,43.4,0.0,3.3,정상
CL00195,2026-06-06 13:42,B,냉동1,-17.66,-15.28,88.9,7.0,49.4,0.0,3.85,정상
CL01896,2026-07-23 12:03,B,냉동2,-18.18,-15.42,83.5,47.0,43.7,0.0,3.351,정상
CL00352,2026-06-10 19:50,A,냉동1,-16.63,-13.95,85.4,102.0,63.6,0.0,4.21,정상
CL02933,2026-08-20 17:30,C,냉동1,-17.76,-15.31,89.3,49.0,47.1,0.0,3.713,정상
CL02205,2026-07-31 13:08,C,냉동2,-17.15,-15.22,82.1,14.0,50.3,0.0,3.791,정상
CL00713,2026-06-20 16:50,A,냉동2,-17.52,-15.01,85.3,19.0,47.4,0.0,3.743,정상
CL00544,2026-06-16 06:01,A,냉동3,-17.81,-15.31,92.8,4.0,55.8,0.0,4.358,정상
CL03105,2026-08-25 13:42,A,냉동1,-17.98,-14.49,83.4,72.0,46.9,0.0,3.763,정상
CL03161,2026-08-27 04:44,C,냉동3,-16.3,-13.12,79.0,13.0,51.3,0.0,4.216,정상
CL02111,2026-07-28 22:32,A,냉동3,-18.56,-15.78,91.3,13.0,41.7,17.4,3.723,정상
CL00528,2026-06-15 16:13,A,냉동2,-17.33,-16.47,97.3,365.0,42.7,0.0,3.501,정상
CL00086,2026-06-03 08:02,C,냉동2,-17.3,-14.1,83.7,78.0,53.1,0.0,3.897,정상
CL00273,2026-06-08 18:40,C,냉동2,-18.43,-15.39,87.6,59.0,42.5,0.0,3.243,정상
CL03396,2026-09-02 20:14,A,냉동1,-17.71,-15.2,82.8,3.0,45.7,0.0,3.778,정상
CL00346,2026-06-10 16:32,C,냉동2,-18.9,-16.15,87.8,103.0,32.2,0.0,2.502,정상
CL01964,2026-07-25 04:16,A,냉동2,-17.66,-15.61,83.6,25.0,47.3,0.0,3.725,정상
CL02897,2026-08-19 20:05,A,냉동1,-17.77,-15.62,84.6,13.0,49.6,0.0,4.274,정상
CL01390,2026-07-09 03:26,B,냉동1,-18.18,-16.06,89.4,23.0,50.4,0.0,4.601,정상
CL03116,2026-08-25 22:38,B,냉동2,-17.96,-15.13,,4.0,57.0,0.0,4.557,정상
CL02947,2026-08-21 03:11,A,냉동1,-18.81,-16.06,90.3,66.0,44.9,0.0,3.94,정상
CL02533,2026-08-09 18:59,B,냉동3,-17.26,-13.9,84.5,183.0,58.7,25.6,5.23,폐기
CL01951,2026-07-24 21:16,C,냉동2,-17.99,-15.53,89.1,8.0,43.8,0.0,2.966,정상
CL01647,2026-07-16 10:22,A,냉동3,-17.77,-14.83,85.8,38.0,50.8,0.0,3.842,정상
CL02466,2026-08-07 23:34,B,냉동3,-18.42,-16.18,80.1,3.0,50.8,0.0,3.976,정상
CL01659,2026-07-16 19:06,A,냉동1,-17.68,-15.06,86.0,39.0,48.7,0.0,3.847,정상
CL00584,2026-06-17 04:56,B,냉동2,-18.14,-15.47,85.5,3.0,44.7,0.0,3.378,정상
CL01438,2026-07-10 09:13,B,냉동1,-17.31,-14.35,85.8,45.0,49.3,0.0,3.66,정상
CL03062,2026-08-24 12:08,B,냉동1,-17.72,-14.88,86.5,76.0,46.9,0.0,4.255,정상
CL02076,2026-07-28 01:05,C,냉동2,-17.55,-15.62,85.0,7.0,51.1,15.0,4.04,정상
CL01047,2026-06-29 16:01,B,냉동2,-17.83,-15.27,84.6,25.0,49.7,0.0,4.149,정상
CL03017,2026-08-23 09:58,B,냉동1,-18.03,-14.97,86.5,77.0,41.3,0.0,3.128,정상
CL01614,2026-07-15 04:43,C,냉동2,-18.52,-15.53,82.6,50.0,38.8,25.9,3.488,정상
CL00898,2026-06-25 21:02,B,냉동3,-18.23,-15.21,75.8,1.0,48.2,0.0,3.497,정상
CL02441,2026-08-07 05:21,C,냉동3,-17.9,-15.59,80.1,7.0,43.5,16.8,3.53,정상
CL02341,2026-08-04 05:01,C,냉동2,-16.82,-14.06,91.4,16.0,53.0,0.0,3.833,정상
CL02653,2026-08-13 05:18,B,냉동1,-17.67,-15.56,86.4,9.0,38.4,0.0,2.886,정상
CL01209,2026-07-03 18:22,A,냉동1,-17.35,-14.33,82.1,108.0,48.6,0.0,3.464,정상
CL03201,2026-08-28 10:16,C,냉동1,-17.12,-14.8,83.7,9.0,48.3,0.0,3.53,정상
CL01827,2026-07-21 14:56,A,냉동1,-17.73,-15.07,80.2,96.0,38.4,0.0,3.007,정상
CL01067,2026-06-30 03:47,C,냉동2,-18.7,-15.82,74.8,1.0,42.6,0.0,3.407,정상
CL02209,2026-07-31 15:11,B,냉동2,-18.22,-14.91,77.9,79.0,38.9,0.0,2.833,정상
CL00950,2026-06-27 05:17,B,냉동3,-18.41,-15.64,85.6,16.0,41.5,0.0,3.189,정상
CL00318,2026-06-09 22:46,A,냉동1,-18.28,-15.76,87.8,8.0,46.7,0.0,3.437,정상
CL00170,2026-06-05 23:24,B,냉동2,-18.26,-16.43,95.4,25.0,41.8,0.0,2.852,정상
CL01809,2026-07-21 02:47,C,냉동2,-17.46,-15.2,87.0,30.0,46.8,23.7,4.539,정상
CL01806,2026-07-21 01:15,A,냉동3,-17.88,-15.38,87.3,9.0,50.7,0.0,4.265,정상
CL00774,2026-06-22 06:49,B,냉동2,-18.62,-16.09,82.7,16.0,44.8,0.0,3.933,정상
CL01185,2026-07-03 02:22,C,냉동3,-18.02,-14.96,85.4,3.0,44.6,0.0,3.263,정상
CL01533,2026-07-13 04:16,B,냉동1,-18.68,-15.99,90.4,14.0,40.7,0.0,3.204,정상
CL03228,2026-08-29 09:35,B,냉동1,-18.42,-15.51,82.9,64.0,43.1,0.0,3.418,정상
CL02154,2026-07-30 03:47,A,냉동2,-17.82,-14.97,82.4,27.0,48.6,0.0,4.056,정상
CL02004,2026-07-26 06:40,C,냉동3,-18.34,-15.81,85.8,5.0,38.5,0.0,2.93,정상
CL01445,2026-07-10 12:23,A,냉동1,-18.25,-15.96,91.9,20.0,44.6,0.0,3.241,정상
CL03219,2026-08-29 00:43,C,냉동2,-17.86,-15.44,84.4,6.0,42.2,0.0,3.574,정상
CL02300,2026-08-03 00:15,C,냉동1,-18.25,-15.01,76.9,20.0,44.0,0.0,3.108,정상
CL00332,2026-06-10 07:29,A,냉동2,-18.36,-15.43,88.1,17.0,37.2,13.0,2.859,정상
CL02169,2026-07-30 15:49,A,냉동3,-18.51,-15.06,85.7,42.0,47.3,0.0,3.674,정상
CL00203,2026-06-06 19:18,A,냉동2,-17.79,-14.66,81.0,116.0,45.7,0.0,3.848,정상
CL01539,2026-07-13 06:49,A,냉동2,-17.97,-15.06,89.2,36.0,48.0,12.0,4.121,정상
CL01599,2026-07-14 19:45,C,냉동1,-18.38,-15.56,83.1,54.0,44.8,0.0,3.372,정상
CL01370,2026-07-08 15:09,C,냉동2,-17.76,-15.11,88.3,30.0,46.3,0.0,3.256,정상
CL01443,2026-07-10 12:05,A,냉동1,-17.64,-14.11,88.7,36.0,44.8,0.0,3.216,정상
CL01758,2026-07-19 18:50,C,냉동2,-17.05,-13.33,84.7,26.0,50.2,0.0,4.001,폐기
CL00450,2026-06-13 04:24,B,냉동1,-18.27,-16.02,82.4,1.0,54.4,0.0,3.549,정상
CL00079,2026-06-03 04:50,B,냉동1,-17.87,-16.16,86.7,12.0,46.4,0.0,3.818,정상
CL01568,2026-07-14 01:47,B,냉동1,-17.56,-15.22,80.6,55.0,51.8,0.0,4.121,정상
CL00845,2026-06-24 06:59,A,냉동1,-17.94,-14.93,86.3,10.0,51.8,0.0,4.258,정상
CL02523,2026-08-09 11:23,C,냉동1,-18.1,-14.82,91.0,125.0,41.6,21.5,3.515,정상
CL00921,2026-06-26 08:59,B,냉동1,-17.6,-14.08,89.3,32.0,48.7,0.0,3.284,정상
CL02223,2026-08-01 02:32,A,냉동3,-19.44,-17.23,86.4,15.0,38.0,0.0,3.27,정상
CL02241,2026-08-01 15:55,C,냉동3,-17.98,-15.96,87.4,37.0,41.4,0.0,2.974,정상
CL03066,2026-08-24 14:52,C,냉동2,-17.51,-15.12,76.4,52.0,45.5,0.0,3.273,정상
CL01627,2026-07-15 16:31,B,냉동3,-14.97,-11.88,83.3,20.0,61.9,0.0,4.763,폐기
CL03251,2026-08-30 03:33,B,냉동1,-18.01,-15.75,83.7,10.0,48.3,0.0,3.705,정상
CL01125,2026-07-01 18:54,C,냉동2,-18.19,-16.01,87.0,32.0,43.1,0.0,3.53,정상
CL03084,2026-08-25 03:24,C,냉동2,-18.51,-16.06,91.3,21.0,46.1,0.0,3.298,정상
CL01285,2026-07-06 04:59,B,냉동2,-18.64,-15.68,86.5,54.0,51.5,0.0,3.721,정상
CL02115,2026-07-29 01:20,B,냉동1,-17.63,-14.26,91.2,1.0,45.8,0.0,3.33,정상
CL00580,2026-06-17 02:41,A,냉동1,-18.82,-16.05,88.7,4.0,51.6,0.0,3.961,정상
CL02552,2026-08-10 08:22,C,냉동3,-18.04,-15.64,83.3,59.0,49.9,0.0,3.873,정상
CL03143,2026-08-26 20:34,B,냉동3,-17.35,-14.8,83.8,3.0,52.6,0.0,4.194,정상
CL02968,2026-08-21 18:16,B,냉동2,-17.21,-13.84,87.9,57.0,61.8,0.0,4.69,폐기
CL01331,2026-07-07 10:10,B,냉동1,-17.42,-14.74,86.8,27.0,48.3,0.0,3.703,정상
CL00374,2026-06-11 08:19,A,냉동1,-17.91,-15.25,88.6,33.0,43.0,0.0,3.344,정상
CL03185,2026-08-27 23:52,C,냉동2,-17.69,-15.29,78.9,18.0,42.8,0.0,3.159,정상
CL03224,2026-08-29 06:19,B,냉동1,-17.76,-15.64,75.4,13.0,46.4,0.0,3.3,정상
CL02595,2026-08-11 14:47,C,냉동1,-18.23,-15.77,74.8,22.0,52.7,0.0,4.331,정상
CL00327,2026-06-10 03:26,C,냉동2,-18.16,-14.93,85.3,10.0,38.0,0.0,2.609,정상
CL00148,2026-06-05 06:04,A,냉동1,-18.61,-15.96,82.5,9.0,40.5,0.0,3.217,정상
CL01138,2026-07-02 02:33,B,냉동3,-17.5,-15.42,83.1,1.0,48.2,0.0,3.81,정상
CL01887,2026-07-23 05:51,B,냉동2,-17.72,-15.16,87.7,0.0,54.9,18.9,3.823,정상
CL02593,2026-08-11 13:58,B,냉동2,-17.44,-15.07,80.3,68.0,48.2,0.0,3.806,정상
CL00067,2026-06-02 18:18,A,냉동1,-18.51,-16.24,79.2,20.0,40.7,0.0,2.968,정상
CL01975,2026-07-25 14:32,A,냉동2,-17.11,-15.18,85.3,32.0,58.2,0.0,4.348,정상
CL00678,2026-06-19 16:13,A,냉동3,-18.1,-15.74,87.9,23.0,43.5,0.0,3.578,정상
CL02587,2026-08-11 08:54,B,냉동3,-16.66,-14.28,79.8,63.0,48.0,0.0,3.161,폐기
CL00682,2026-06-19 18:54,A,냉동1,-18.82,-15.89,75.8,44.0,37.0,0.0,2.814,정상
CL00985,2026-06-28 05:41,A,냉동1,-18.41,-15.4,89.6,31.0,42.1,0.0,3.156,정상
CL03272,2026-08-30 16:25,C,냉동3,-17.09,-14.58,91.7,36.0,59.8,0.0,4.49,정상
CL02758,2026-08-16 01:26,A,냉동1,-18.21,-15.33,85.8,8.0,44.2,0.0,3.312,정상
CL01990,2026-07-25 23:47,B,냉동2,-17.59,-14.56,88.7,54.0,45.6,0.0,3.729,정상
CL01998,2026-07-26 04:20,B,냉동2,-17.78,-14.68,81.4,10.0,42.4,0.0,3.199,정상
CL00108,2026-06-04 01:06,A,냉동1,-17.98,-15.42,83.6,8.0,51.2,0.0,4.231,정상
CL02930,2026-08-20 15:39,B,냉동3,-19.15,-16.3,84.0,34.0,38.6,0.0,3.295,정상
CL02812,2026-08-17 09:34,B,냉동1,-17.66,-14.48,81.8,59.0,54.6,0.0,4.501,정상
CL01985,2026-07-25 21:51,A,냉동1,-18.74,-15.97,92.0,46.0,38.5,0.0,3.123,정상
CL02804,2026-08-17 04:30,A,냉동1,-19.32,-16.2,91.0,19.0,40.0,25.4,3.559,정상
CL02726,2026-08-15 02:04,B,냉동3,-18.63,-16.64,78.9,24.0,37.5,24.4,3.798,정상
CL01325,2026-07-07 07:09,A,냉동2,-18.53,-15.63,85.1,26.0,46.7,0.0,3.549,정상
CL01115,2026-07-01 11:20,B,냉동1,-17.39,-14.76,91.8,93.0,52.1,0.0,4.048,정상
CL01822,2026-07-21 11:31,A,냉동1,-17.88,-15.77,86.2,57.0,48.8,0.0,3.937,정상
CL01785,2026-07-20 12:42,A,냉동2,-18.51,-15.44,89.5,166.0,47.6,0.0,3.405,정상
CL01748,2026-07-19 10:35,B,냉동3,-17.71,-15.43,91.8,85.0,43.7,0.0,3.266,정상
CL02986,2026-08-22 07:26,A,냉동2,-18.38,-15.77,83.3,2.0,46.8,19.9,4.409,정상
CL00492,2026-06-14 16:58,A,냉동3,-17.95,-14.68,81.4,23.0,47.5,0.0,3.639,정상
CL02224,2026-08-01 03:51,C,냉동1,-17.74,-15.63,91.3,4.0,48.1,0.0,3.832,정상
CL03177,2026-08-27 19:06,B,냉동1,-17.51,-15.65,87.0,375.0,35.7,0.0,2.551,정상
CL00147,2026-06-05 05:50,B,냉동1,-18.19,-15.97,85.8,22.0,41.5,0.0,2.912,정상
CL02273,2026-08-02 06:44,C,냉동1,-18.5,-16.32,81.2,4.0,45.3,0.0,3.046,정상
CL00171,2026-06-05 23:39,C,냉동2,-17.94,-15.49,80.2,21.0,52.6,0.0,4.045,정상
CL01910,2026-07-23 19:41,C,냉동1,-17.6,-14.67,88.6,33.0,48.5,0.0,4.083,정상
CL02426,2026-08-06 17:04,C,냉동1,-17.39,-14.59,90.1,48.0,57.6,0.0,4.631,정상
CL02925,2026-08-20 12:26,C,냉동3,-18.13,-15.49,83.4,32.0,48.6,0.0,3.639,정상
CL01154,2026-07-02 13:12,C,냉동2,-18.01,-14.43,78.1,45.0,45.4,0.0,3.216,정상
CL02386,2026-08-05 16:14,B,냉동1,-18.35,-15.31,90.8,70.0,43.0,0.0,2.626,정상
CL00376,2026-06-11 08:58,B,냉동1,-18.19,-15.63,91.4,30.0,44.3,0.0,3.181,정상
CL00293,2026-06-09 03:40,B,냉동2,-18.76,-15.99,80.6,40.0,42.4,0.0,3.088,정상
CL02470,2026-08-08 02:40,A,냉동1,-19.06,-15.74,83.6,21.0,44.6,0.0,3.411,정상
CL02081,2026-07-28 02:40,A,냉동2,-17.43,-14.65,80.2,13.0,54.9,0.0,4.509,정상
CL02240,2026-08-01 15:27,A,냉동1,-17.92,-15.79,77.5,61.0,51.2,0.0,3.666,정상
CL02133,2026-07-29 13:56,C,냉동3,-18.27,-15.34,82.9,44.0,41.6,0.0,3.246,정상
CL03285,2026-08-31 01:01,B,냉동1,-18.34,-14.76,83.3,20.0,36.5,0.0,2.614,정상
CL00768,2026-06-22 03:39,C,냉동2,-17.45,-15.27,85.0,5.0,48.5,0.0,3.896,정상
CL00862,2026-06-24 22:36,A,냉동1,-18.38,-15.06,88.1,18.0,53.6,0.0,3.749,정상
CL01734,2026-07-18 20:49,A,냉동1,-19.05,-16.87,89.1,5.0,42.9,0.0,3.171,정상
CL01861,2026-07-22 12:15,A,냉동2,-18.09,-15.57,92.7,45.0,43.2,0.0,3.425,폐기
CL00432,2026-06-12 17:16,C,냉동1,-17.87,-15.06,84.9,70.0,46.3,0.0,3.467,정상
CL00449,2026-06-13 03:50,A,냉동1,-17.63,-14.9,85.1,4.0,43.0,25.4,3.735,정상
CL00874,2026-06-25 05:58,B,냉동2,-18.71,-15.79,89.5,21.0,44.3,0.0,3.18,정상
CL02942,2026-08-21 00:48,B,냉동1,-18.45,-15.72,85.3,6.0,49.9,0.0,4.096,정상
CL01682,2026-07-17 11:13,B,냉동2,-14.1,-11.24,86.0,189.0,69.5,0.0,5.541,폐기
CL01567,2026-07-14 00:16,A,냉동2,-17.51,-15.53,88.7,17.0,50.5,0.0,3.728,정상
CL01653,2026-07-16 13:45,B,냉동3,-14.28,-10.49,96.8,82.0,68.4,0.0,5.211,폐기
CL02926,2026-08-20 13:20,A,냉동1,-19.02,-16.32,80.9,42.0,39.5,0.0,3.037,정상
CL02011,2026-07-26 11:39,A,냉동3,-18.15,-16.02,88.7,38.0,54.3,0.0,3.913,정상
CL00360,2026-06-11 00:01,A,냉동1,-18.39,-16.06,89.8,3.0,49.8,0.0,3.892,정상
CL02388,2026-08-05 18:21,B,냉동1,-17.4,-14.66,85.7,15.0,53.3,0.0,4.393,정상
CL00627,2026-06-18 07:16,B,냉동2,-18.41,-16.34,83.4,2.0,46.0,0.0,3.173,정상
CL01981,2026-07-25 17:30,A,냉동1,-16.91,-14.24,88.6,85.0,59.6,0.0,5.182,정상
CL00220,2026-06-07 08:39,B,냉동1,-17.13,-14.52,84.1,83.0,52.4,0.0,3.518,정상
CL02505,2026-08-09 00:54,A,냉동3,-17.78,-15.53,82.9,19.0,56.4,0.0,4.422,정상
CL00163,2026-06-05 17:16,B,냉동3,-16.94,-14.73,83.1,38.0,49.0,0.0,3.883,정상
CL02981,2026-08-22 02:59,A,냉동2,-17.87,-14.5,86.5,40.0,51.0,0.0,3.993,정상
CL03052,2026-08-24 04:58,A,냉동3,-19.4,-16.96,85.9,16.0,41.0,0.0,3.153,정상
CL03365,2026-09-02 01:05,A,냉동3,-17.9,-15.24,92.6,40.0,57.4,0.0,4.29,정상
CL01699,2026-07-17 22:52,C,냉동2,-19.16,-16.1,89.1,5.0,40.2,0.0,3.015,정상
CL01371,2026-07-08 15:51,C,냉동1,-17.93,-14.92,83.3,75.0,57.7,0.0,4.618,정상
CL00363,2026-06-11 01:32,A,냉동1,-19.19,-16.31,82.5,9.0,34.4,0.0,2.769,정상
CL01917,2026-07-24 03:05,C,냉동1,-17.76,-15.2,90.2,4.0,46.8,0.0,3.881,정상
CL01714,2026-07-18 07:17,B,냉동2,-16.16,-13.7,91.9,3.0,58.0,0.0,4.856,폐기
CL03058,2026-08-24 10:03,C,냉동1,-15.35,-14.0,92.0,380.0,48.9,0.0,3.976,폐기
CL01027,2026-06-29 03:33,B,냉동3,-18.74,-15.75,81.2,1.0,34.3,0.0,2.508,정상
CL02667,2026-08-13 12:52,C,냉동3,-18.47,-15.46,76.1,50.0,44.4,19.3,4.0,정상
CL03354,2026-09-01 18:35,A,냉동2,-17.14,-14.12,86.6,112.0,45.4,0.0,3.258,정상
CL00129,2026-06-04 16:30,A,냉동1,-17.58,-14.32,84.8,61.0,54.6,17.8,4.017,정상
CL01288,2026-07-06 07:37,B,냉동1,-18.83,-16.49,80.5,1.0,45.8,0.0,3.496,정상
CL00566,2026-06-16 19:51,A,냉동2,-18.83,-16.14,82.5,25.0,36.2,13.7,3.156,정상
CL00167,2026-06-05 22:07,C,냉동1,-17.42,-15.04,78.7,4.0,60.0,0.0,4.827,정상
CL02482,2026-08-08 08:42,A,냉동1,-18.43,-15.08,88.7,80.0,44.6,0.0,3.461,정상
CL02357,2026-08-04 15:34,C,냉동2,-18.39,-16.14,83.8,77.0,50.8,24.2,4.124,정상
CL00511,2026-06-15 04:28,C,냉동2,-18.75,-15.73,82.2,1.0,42.6,0.0,3.3,정상
CL02290,2026-08-02 16:56,C,냉동2,-19.08,-16.4,90.7,124.0,48.8,0.0,3.372,정상
CL00601,2026-06-17 15:35,A,냉동3,-17.9,-15.59,94.9,27.0,45.8,0.0,3.392,정상
CL01069,2026-06-30 04:48,A,냉동1,-18.33,-15.55,86.5,3.0,46.0,0.0,3.587,정상
CL00160,2026-06-05 15:51,B,냉동3,-17.44,-14.09,80.6,30.0,54.7,0.0,4.395,정상
CL02743,2026-08-15 15:32,A,냉동3,-17.9,-14.54,84.7,74.0,53.8,0.0,4.321,정상
CL00384,2026-06-11 13:38,B,냉동2,-17.78,-15.54,85.8,72.0,39.2,0.0,3.205,정상
CL02678,2026-08-13 20:42,C,냉동1,-18.04,-15.19,82.8,8.0,45.5,24.4,4.039,정상
CL02924,2026-08-20 12:01,A,냉동2,-17.56,-14.61,78.7,25.0,44.0,17.2,3.899,정상
CL01329,2026-07-07 09:25,C,냉동2,-18.17,-16.01,89.5,36.0,50.6,14.5,4.18,정상
CL02873,2026-08-19 02:21,C,냉동2,-18.37,-15.41,81.9,9.0,45.2,0.0,3.67,정상
CL02092,2026-07-28 09:36,C,냉동1,-18.03,-15.81,86.7,45.0,47.6,0.0,3.2,정상
CL00947,2026-06-27 03:24,A,냉동3,-17.99,-15.51,84.1,26.0,46.5,0.0,3.443,정상
CL02592,2026-08-11 13:23,A,냉동2,-16.91,-14.35,79.5,36.0,49.2,0.0,3.776,정상
CL00400,2026-06-11 22:53,B,냉동3,-18.35,-15.05,,25.0,39.3,0.0,,정상
CL02861,2026-08-18 17:01,C,냉동2,-17.82,-15.14,79.7,28.0,43.0,0.0,3.47,정상
CL02262,2026-08-02 01:44,C,냉동1,-18.26,-16.36,85.3,7.0,47.4,0.0,3.588,정상
CL01164,2026-07-02 17:01,B,냉동3,-17.97,-14.89,89.6,32.0,46.6,0.0,3.646,정상
CL00408,2026-06-12 02:38,A,냉동2,-17.7,-14.82,,5.0,55.7,0.0,4.117,정상
CL00735,2026-06-21 06:30,A,냉동2,-17.62,-15.19,88.7,2.0,44.8,0.0,3.534,정상
CL01025,2026-06-29 02:19,C,냉동2,-18.45,-15.91,82.0,9.0,46.0,0.0,3.573,정상
CL02171,2026-07-30 18:32,B,냉동3,-17.72,-14.75,84.9,56.0,43.9,0.0,3.242,정상
CL02967,2026-08-21 16:54,A,냉동1,-18.19,-15.47,84.4,79.0,47.7,0.0,3.86,정상
CL02272,2026-08-02 06:02,C,냉동1,-18.11,-15.9,79.6,13.0,47.8,0.0,3.921,정상
CL02703,2026-08-14 12:30,C,냉동2,-17.5,-15.14,87.6,177.0,48.5,0.0,3.591,정상
CL01475,2026-07-11 06:10,B,냉동3,-18.06,-15.09,81.8,9.0,42.6,0.0,2.891,정상
CL03021,2026-08-23 12:00,B,냉동2,-17.67,-15.07,84.6,58.0,39.8,0.0,3.193,정상
CL01754,2026-07-19 14:23,A,냉동1,-18.79,-16.35,88.1,19.0,46.3,0.0,3.38,정상
CL01181,2026-07-03 01:23,A,냉동1,-18.47,-16.05,87.2,3.0,48.4,0.0,3.691,정상
CL00902,2026-06-25 22:44,A,냉동1,-17.61,-15.13,87.2,1.0,48.4,19.4,4.395,정상
CL01259,2026-07-05 08:09,C,냉동2,-16.64,-14.24,89.5,49.0,55.8,0.0,4.988,폐기
CL00870,2026-06-25 04:15,C,냉동2,-17.18,-14.23,84.9,10.0,50.5,0.0,4.024,정상
CL02742,2026-08-15 14:23,A,냉동3,-18.35,-15.08,83.1,52.0,42.6,0.0,3.536,정상
CL01113,2026-07-01 10:26,A,냉동2,-18.77,-16.51,92.6,47.0,41.8,0.0,3.268,정상
CL00538,2026-06-15 23:51,C,냉동2,-18.63,-16.29,75.9,1.0,42.9,0.0,3.118,정상
CL02649,2026-08-13 03:35,A,냉동2,-17.41,-14.78,88.2,11.0,44.3,0.0,3.427,정상
CL02753,2026-08-15 21:17,B,냉동3,-18.8,-16.28,84.9,19.0,48.1,0.0,4.01,폐기
CL00395,2026-06-11 19:46,A,냉동2,-17.72,-15.81,81.6,84.0,47.8,0.0,3.467,정상
CL02164,2026-07-30 12:08,A,냉동1,-18.58,-15.17,79.1,152.0,37.6,0.0,3.008,정상
CL03313,2026-08-31 16:07,C,냉동3,-17.93,-15.11,90.6,36.0,50.1,0.0,3.881,폐기
CL02966,2026-08-21 16:41,B,냉동1,-18.16,-15.88,77.9,4.0,47.8,0.0,3.794,정상
CL03323,2026-08-31 23:25,B,냉동3,-18.31,-15.08,80.2,4.0,43.2,0.0,3.452,정상
CL02903,2026-08-19 22:58,C,냉동3,-17.85,-15.53,78.9,106.0,45.8,0.0,3.297,정상
CL02899,2026-08-19 20:59,A,냉동1,-17.3,-15.05,80.2,7.0,57.1,0.0,4.017,정상
CL02786,2026-08-16 15:16,A,냉동3,-17.83,-15.07,82.4,13.0,50.3,23.7,4.094,정상
CL01011,2026-06-28 17:38,B,냉동1,-18.7,-15.93,81.7,102.0,43.9,0.0,3.719,정상
CL01740,2026-07-19 02:00,C,냉동1,-18.22,-15.69,81.0,4.0,40.6,0.0,3.11,정상
CL00456,2026-06-13 09:22,B,냉동3,-18.34,-16.05,83.9,76.0,40.7,0.0,3.384,정상
CL02121,2026-07-29 05:27,B,냉동2,-18.07,-14.5,80.6,4.0,41.0,0.0,3.141,정상
CL00009,2026-06-01 04:19,B,냉동1,-18.35,-15.7,83.4,33.0,40.2,18.8,3.449,정상
CL03404,2026-09-03 03:37,C,냉동1,-18.37,-16.04,80.6,2.0,62.6,0.0,5.172,정상
CL02503,2026-08-08 22:19,C,냉동1,-18.22,-15.67,83.9,8.0,46.0,20.0,4.141,정상
CL02336,2026-08-04 02:10,C,냉동2,-18.89,-16.45,86.1,4.0,46.3,0.0,3.176,정상
CL00828,2026-06-23 21:12,B,냉동1,-17.66,-15.0,81.9,3.0,51.7,0.0,4.057,정상
CL00628,2026-06-18 07:49,B,냉동1,-18.15,-15.29,86.3,39.0,46.5,0.0,3.09,정상
CL01786,2026-07-20 12:49,C,냉동1,-18.22,-15.18,85.8,15.0,40.4,0.0,3.098,정상
CL02740,2026-08-15 13:20,A,냉동1,-17.41,-14.77,81.7,64.0,53.3,0.0,4.124,정상
CL02207,2026-07-31 14:00,A,냉동3,-17.38,-14.61,86.8,16.0,42.6,0.0,2.948,정상
CL00055,2026-06-02 12:58,C,냉동3,-19.04,-16.33,78.9,51.0,49.3,0.0,3.858,정상
CL02945,2026-08-21 01:45,B,냉동2,-18.4,-15.31,88.6,13.0,44.2,0.0,3.726,정상
CL02252,2026-08-01 21:20,C,냉동3,-17.53,-14.65,88.1,6.0,53.9,0.0,4.376,정상
CL00745,2026-06-21 13:33,C,냉동3,-17.98,-14.72,84.1,181.0,45.8,0.0,4.259,정상
CL01556,2026-07-13 18:27,A,냉동3,-18.67,-15.97,76.4,29.0,35.0,0.0,2.813,정상
CL01774,2026-07-20 06:18,A,냉동1,-18.59,-15.64,85.9,43.0,49.7,0.0,3.865,정상
CL01143,2026-07-02 04:50,A,냉동1,-18.31,-16.01,86.1,11.0,42.3,0.0,3.504,정상
CL01704,2026-07-18 00:54,B,냉동1,-15.93,-13.24,94.4,30.0,59.3,0.0,4.561,폐기
CL01812,2026-07-21 03:56,A,냉동3,-18.06,-15.66,91.7,38.0,53.2,0.0,4.175,정상
CL00695,2026-06-20 04:31,A,냉동1,-19.38,-16.43,81.2,1.0,31.5,0.0,2.42,정상
CL01717,2026-07-18 07:54,A,냉동3,-17.72,-14.44,84.0,12.0,51.8,0.0,4.44,정상
CL01345,2026-07-07 17:39,C,냉동2,-17.39,-15.23,82.4,22.0,48.3,12.9,3.964,정상
CL02024,2026-07-26 16:40,C,냉동1,-16.73,-13.93,87.3,18.0,54.9,0.0,4.183,정상
CL00799,2026-06-23 00:16,A,냉동2,-18.23,-15.64,85.5,12.0,45.7,0.0,3.154,정상
CL02490,2026-08-08 14:29,A,냉동1,-17.81,-15.34,74.6,36.0,48.0,0.0,3.383,정상
CL02560,2026-08-10 15:01,A,냉동3,-17.73,-15.75,86.2,113.0,47.9,0.0,3.617,정상
CL01208,2026-07-03 18:02,C,냉동1,-17.51,-14.58,88.8,11.0,48.0,20.6,4.516,정상
CL03044,2026-08-23 23:36,B,냉동1,-18.76,-16.33,89.0,0.0,38.4,0.0,3.214,정상
CL03046,2026-08-24 00:55,A,냉동1,-17.6,-14.74,85.5,21.0,46.8,0.0,3.304,정상
CL00283,2026-06-08 22:23,A,냉동3,-18.23,-15.95,82.4,8.0,38.3,0.0,3.379,정상
CL02039,2026-07-26 22:35,B,냉동1,-18.92,-16.4,85.3,5.0,39.2,0.0,3.255,정상
CL01909,2026-07-23 19:01,A,냉동1,-19.11,-16.51,87.8,44.0,41.5,0.0,3.268,정상
CL01605,2026-07-14 23:26,A,냉동3,-18.72,-17.03,86.9,14.0,44.9,0.0,3.17,정상
CL01265,2026-07-05 10:34,C,냉동1,-17.79,-15.4,79.3,46.0,38.4,0.0,3.198,정상
CL00634,2026-06-18 11:21,A,냉동2,-17.31,-14.33,91.3,149.0,46.7,0.0,4.124,정상
CL02713,2026-08-14 17:26,C,냉동1,-17.3,-14.49,79.3,48.0,49.0,0.0,3.578,정상
CL00168,2026-06-05 23:02,B,냉동1,-18.15,-14.87,81.0,22.0,46.7,13.7,4.04,정상
CL00674,2026-06-19 14:06,A,냉동1,-17.65,-15.51,86.3,36.0,44.0,0.0,3.207,폐기
CL03263,2026-08-30 11:40,A,냉동1,-17.38,-14.7,88.0,33.0,49.6,0.0,4.334,정상
CL00438,2026-06-12 22:37,B,냉동2,-16.7,-15.59,88.7,330.0,50.7,0.0,3.443,정상
CL01739,2026-07-19 00:46,C,냉동2,-18.12,-15.31,82.1,7.0,43.9,0.0,3.558,정상
CL02113,2026-07-29 00:05,C,냉동1,-17.24,-14.19,85.3,3.0,51.8,0.0,4.448,정상
CL02820,2026-08-17 14:32,C,냉동1,-17.31,-14.6,89.1,33.0,43.1,0.0,3.004,정상
CL02183,2026-07-31 00:15,B,냉동1,-18.21,-15.87,78.1,13.0,42.1,0.0,3.568,정상
CL00399,2026-06-11 21:20,A,냉동2,-18.27,-16.39,82.4,40.0,48.5,0.0,3.903,정상
CL01408,2026-07-09 15:07,A,냉동3,-18.38,-15.89,89.2,33.0,54.1,0.0,4.612,정상
CL02266,2026-08-02 03:30,B,냉동2,-18.5,-15.54,79.9,40.0,43.5,0.0,3.056,정상
CL02823,2026-08-17 17:19,C,냉동2,-18.11,-15.28,84.5,22.0,44.3,0.0,3.635,정상
CL00020,2026-06-01 10:00,A,냉동3,-18.79,-15.59,88.9,47.0,38.6,0.0,3.149,정상
CL01999,2026-07-26 04:50,A,냉동3,-19.17,-16.5,86.7,16.0,40.7,0.0,2.954,정상
CL03334,2026-09-01 07:09,A,냉동2,-18.56,-15.61,82.6,8.0,45.2,0.0,3.442,정상
CL02332,2026-08-04 00:35,B,냉동1,-18.76,-15.87,90.1,21.0,40.2,0.0,3.015,정상
CL00864,2026-06-25 00:52,A,냉동1,-18.96,-16.15,85.6,23.0,43.9,25.8,4.061,정상
CL01066,2026-06-30 03:27,B,냉동2,-18.07,-15.72,76.6,2.0,44.3,0.0,3.09,정상
CL02952,2026-08-21 04:45,B,냉동1,-17.8,-15.33,91.4,3.0,50.6,0.0,3.822,정상
CL01348,2026-07-07 19:13,A,냉동2,-17.64,-15.41,86.7,18.0,47.7,0.0,3.784,폐기
CL02385,2026-08-05 15:43,C,냉동2,-17.25,-14.59,79.9,18.0,48.3,0.0,3.654,정상
CL00494,2026-06-14 18:35,B,냉동1,-18.86,-15.77,80.9,57.0,41.1,0.0,2.797,정상
CL01148,2026-07-02 06:32,B,냉동3,-19.32,-17.17,87.0,46.0,33.6,0.0,2.435,정상
CL03068,2026-08-24 15:47,B,냉동2,-18.41,-15.87,83.1,98.0,48.0,0.0,3.947,정상
CL01035,2026-06-29 08:49,A,냉동2,-18.41,-16.12,81.8,39.0,48.1,12.5,4.111,정상
CL01823,2026-07-21 12:02,B,냉동3,-18.02,-15.58,83.0,10.0,42.1,0.0,3.261,정상
CL02846,2026-08-18 09:27,A,냉동1,-17.55,-16.0,81.6,70.0,42.2,0.0,3.393,정상
CL02153,2026-07-30 03:34,B,냉동2,-17.64,-15.34,84.4,15.0,48.0,0.0,,정상
CL01431,2026-07-10 04:24,A,냉동2,-18.19,-15.72,86.0,14.0,37.5,0.0,2.478,정상
CL00027,2026-06-01 15:22,B,냉동3,-17.34,-14.87,84.3,95.0,51.6,0.0,3.823,정상
CL03246,2026-08-29 23:28,C,냉동3,-18.58,-15.97,81.6,21.0,47.7,0.0,3.658,정상
CL00065,2026-06-02 17:50,B,냉동1,-17.3,-14.17,84.9,90.0,51.9,0.0,3.619,정상
CL00182,2026-06-06 05:39,A,냉동1,-18.87,-16.29,84.8,6.0,38.8,11.7,2.929,정상
CL00873,2026-06-25 05:53,A,냉동3,-18.44,-15.75,79.9,3.0,44.1,0.0,3.44,정상
CL02634,2026-08-12 16:26,A,냉동3,-17.5,-15.5,80.8,38.0,41.5,0.0,3.314,정상
CL00130,2026-06-04 16:56,C,냉동1,-17.13,-13.82,80.6,40.0,46.5,0.0,4.121,정상
CL03002,2026-08-22 20:08,B,냉동2,-17.53,-15.21,78.4,12.0,53.0,0.0,3.782,폐기
CL00137,2026-06-04 23:43,A,냉동1,-18.38,-15.81,81.1,11.0,47.3,15.6,3.944,정상
CL03013,2026-08-23 05:51,A,냉동1,-17.82,-15.45,90.4,0.0,47.6,0.0,3.475,정상
CL02735,2026-08-15 09:23,B,냉동2,-18.08,-15.28,82.6,22.0,41.4,0.0,3.154,정상
CL01716,2026-07-18 07:50,B,냉동1,-16.37,-13.51,86.6,2.0,53.6,0.0,4.411,폐기
CL00197,2026-06-06 15:36,C,냉동2,-17.89,-16.27,79.8,46.0,49.0,0.0,4.051,정상
CL01044,2026-06-29 12:22,B,냉동3,-17.43,-15.38,97.4,254.0,47.3,0.0,3.612,정상
CL03056,2026-08-24 08:27,A,냉동1,-17.61,-14.89,82.8,27.0,45.3,0.0,3.296,정상
CL01648,2026-07-16 10:59,C,냉동3,-18.18,-16.09,81.3,23.0,48.9,0.0,3.621,정상
CL00767,2026-06-22 03:17,B,냉동2,-18.6,-16.44,85.6,3.0,49.1,0.0,3.726,정상
CL01335,2026-07-07 12:44,A,냉동2,-17.2,-15.02,77.7,5.0,51.0,0.0,4.17,정상
CL02017,2026-07-26 13:43,A,냉동3,-17.13,-14.31,88.3,101.0,54.9,0.0,3.982,폐기
CL02407,2026-08-06 04:56,A,냉동2,-18.89,-16.6,81.8,1.0,44.0,0.0,3.77,정상
CL00664,2026-06-19 08:36,B,냉동3,-17.28,-13.89,84.4,40.0,55.3,0.0,4.313,정상
CL00345,2026-06-10 15:13,A,냉동1,-18.25,-14.66,81.3,91.0,40.4,0.0,3.402,정상
CL00757,2026-06-21 21:16,C,냉동2,-18.36,-16.48,89.6,1.0,52.4,0.0,4.291,정상
CL02783,2026-08-16 14:21,C,냉동1,-18.86,-16.51,84.3,60.0,48.7,25.3,4.28,정상
CL02362,2026-08-04 20:01,C,냉동2,-17.32,-14.33,80.3,33.0,51.3,0.0,3.384,정상
CL00413,2026-06-12 05:11,B,냉동1,-18.11,-15.31,84.0,14.0,38.9,0.0,3.087,정상
CL00833,2026-06-24 00:17,C,냉동2,-17.68,-14.45,81.5,38.0,42.2,0.0,2.99,정상
CL00892,2026-06-25 18:46,C,냉동1,-18.58,-16.48,83.1,30.0,45.6,0.0,3.276,정상
CL02548,2026-08-10 05:56,A,냉동2,-19.06,-15.88,85.5,6.0,36.4,0.0,2.926,정상
CL02877,2026-08-19 04:08,A,냉동2,-17.79,-14.55,84.2,24.0,44.1,0.0,3.31,정상
CL01652,2026-07-16 13:34,A,냉동3,-17.92,-15.96,71.7,12.0,51.0,17.3,4.522,정상
CL01000,2026-06-28 13:35,A,냉동2,-18.44,-16.55,84.6,49.0,42.7,0.0,3.223,정상
CL02847,2026-08-18 09:41,A,냉동3,-18.39,-15.79,89.0,26.0,40.4,0.0,2.775,정상
CL02078,2026-07-28 01:33,A,냉동1,-18.78,-16.82,89.9,3.0,48.1,0.0,3.53,정상
CL00166,2026-06-05 21:06,A,냉동2,-18.33,-15.12,84.5,13.0,50.4,0.0,3.623,정상
CL03309,2026-08-31 14:07,B,냉동1,-17.64,-15.56,83.1,23.0,49.9,22.4,4.226,정상
CL01018,2026-06-28 23:08,A,냉동1,-17.63,-13.88,86.4,20.0,40.6,0.0,3.427,정상
CL01490,2026-07-11 19:21,A,냉동1,-17.58,-15.07,89.0,60.0,51.7,0.0,4.221,정상
CL01920,2026-07-24 05:06,B,냉동3,-17.78,-15.22,79.1,15.0,42.6,0.0,3.258,정상
CL01388,2026-07-09 02:49,B,냉동1,-17.72,-14.5,77.7,9.0,44.1,0.0,3.447,정상
CL01669,2026-07-17 03:13,C,냉동2,-17.4,-14.62,82.8,7.0,54.7,0.0,4.104,정상
CL02161,2026-07-30 09:44,A,냉동1,-18.5,-16.06,87.9,72.0,39.9,0.0,2.867,정상
CL01119,2026-07-01 15:24,C,냉동2,-18.56,-15.86,84.2,21.0,48.4,0.0,3.648,정상
CL02528,2026-08-09 16:43,B,냉동1,-17.72,-14.81,82.2,53.0,49.8,0.0,3.306,정상
CL02486,2026-08-08 12:50,B,냉동2,-18.31,-14.98,84.4,39.0,44.4,0.0,3.667,정상
CL01890,2026-07-23 07:33,B,냉동1,-16.94,-14.8,81.1,9.0,52.4,0.0,4.131,정상
CL01278,2026-07-05 21:49,A,냉동1,-18.33,-15.44,86.8,30.0,38.3,0.0,2.929,정상
CL02825,2026-08-17 19:10,C,냉동3,-17.49,-13.91,91.3,158.0,43.8,0.0,3.374,정상
CL01942,2026-07-24 16:54,A,냉동1,-17.64,-15.19,82.0,16.0,57.6,0.0,4.114,정상
CL02551,2026-08-10 07:55,C,냉동3,-17.63,-14.55,84.2,4.0,53.8,0.0,4.234,정상
CL00788,2026-06-22 18:02,C,냉동2,-17.5,-14.78,79.1,31.0,42.9,25.2,3.84,정상
CL01957,2026-07-24 23:51,A,냉동1,-17.98,-15.07,88.9,4.0,47.2,20.6,3.658,정상
CL02824,2026-08-17 18:33,B,냉동2,-18.44,-16.62,83.2,13.0,44.2,0.0,3.631,정상
CL01894,2026-07-23 10:07,C,냉동2,-18.49,-15.5,84.8,45.0,49.6,0.0,3.449,정상
CL01636,2026-07-15 23:27,A,냉동1,-18.5,-15.94,75.4,6.0,46.0,0.0,3.431,정상
CL01170,2026-07-02 20:09,B,냉동3,-17.37,-14.53,83.8,31.0,53.3,0.0,4.422,정상
CL00441,2026-06-13 01:10,B,냉동1,-18.46,-16.59,81.4,19.0,47.5,0.0,3.735,정상
CL01336,2026-07-07 14:12,A,냉동1,-17.81,-14.68,83.0,36.0,49.5,0.0,4.148,정상
CL02289,2026-08-02 14:57,A,냉동1,-18.56,-16.77,83.3,19.0,42.4,0.0,3.731,정상
CL02344,2026-08-04 08:13,B,냉동2,-18.07,-16.37,88.6,19.0,50.7,0.0,3.578,정상
CL01723,2026-07-18 14:11,A,냉동1,-18.16,-14.6,85.0,81.0,53.7,0.0,3.883,정상
CL02919,2026-08-20 09:03,C,냉동2,-17.57,-14.91,85.2,15.0,52.3,0.0,4.019,정상
CL01750,2026-07-19 12:00,C,냉동1,-17.48,-15.36,91.5,91.0,52.8,0.0,3.987,정상
CL01925,2026-07-24 07:28,A,냉동3,-17.83,-15.27,80.7,4.0,41.9,0.0,3.363,정상
CL01577,2026-07-14 05:39,A,냉동1,-19.13,-16.35,82.8,12.0,38.1,0.0,3.124,정상
CL02456,2026-08-07 16:50,C,냉동1,-18.82,-15.66,88.3,92.0,40.8,0.0,3.23,정상
CL02390,2026-08-05 19:09,A,냉동1,-18.16,-15.45,85.4,55.0,46.9,0.0,3.47,정상
CL00748,2026-06-21 15:52,C,냉동1,-17.77,-15.27,77.6,26.0,45.0,0.0,2.851,정상
CL02554,2026-08-10 09:41,B,냉동1,-17.73,-14.89,76.0,97.0,42.3,0.0,3.346,정상
CL00123,2026-06-04 11:30,B,냉동3,-17.29,-14.55,91.7,40.0,52.4,0.0,4.036,정상
CL03024,2026-08-23 13:43,B,냉동2,-17.02,-15.09,90.5,234.0,45.3,0.0,3.254,정상
CL01140,2026-07-02 03:54,B,냉동1,-18.53,-15.35,85.5,0.0,44.6,0.0,3.174,정상
CL02616,2026-08-12 03:24,B,냉동1,-18.55,-15.49,86.3,33.0,47.2,0.0,3.187,정상
CL00104,2026-06-03 21:18,A,냉동1,-17.59,-15.05,90.7,2.0,53.9,0.0,4.168,정상
CL03379,2026-09-02 09:02,A,냉동3,-17.79,-14.74,92.4,66.0,50.8,0.0,3.835,정상
CL02208,2026-07-31 15:06,C,냉동2,-18.43,-16.02,85.6,16.0,35.7,0.0,2.616,정상
CL00429,2026-06-12 14:26,C,냉동1,-18.14,-15.18,85.9,33.0,41.9,0.0,3.346,정상
CL02194,2026-07-31 06:42,A,냉동1,-18.14,-15.85,83.6,4.0,47.9,0.0,3.219,정상
CL02140,2026-07-29 20:15,B,냉동2,-18.78,-15.85,85.8,43.0,34.8,0.0,2.479,정상
CL03187,2026-08-28 01:07,A,냉동1,-18.39,-16.19,90.2,3.0,38.2,0.0,2.745,정상
CL01281,2026-07-06 01:15,A,냉동3,-18.15,-15.54,95.4,21.0,52.9,0.0,3.466,정상
CL00543,2026-06-16 03:00,A,냉동2,-18.62,-15.28,79.8,8.0,50.7,0.0,3.875,정상
CL02659,2026-08-13 08:39,A,냉동2,-17.07,-13.86,92.7,59.0,48.5,0.0,3.493,정상
CL00722,2026-06-20 22:12,C,냉동1,-18.81,-16.1,74.0,7.0,37.5,0.0,3.127,정상
CL02589,2026-08-11 09:33,B,냉동1,-18.36,-15.32,88.8,40.0,41.7,18.8,3.537,정상
CL03280,2026-08-30 20:26,A,냉동1,-18.37,-15.3,83.1,2.0,46.8,0.0,3.854,정상
CL01392,2026-07-09 04:46,A,냉동3,-18.23,-16.07,79.2,43.0,50.2,0.0,3.439,정상
CL00970,2026-06-27 18:29,A,냉동1,-16.72,-14.66,83.7,26.0,58.7,0.0,4.812,정상
CL03042,2026-08-23 22:26,C,냉동3,-18.05,-15.55,79.2,9.0,52.4,0.0,,정상
CL02644,2026-08-13 00:09,C,냉동2,-17.28,-14.44,80.9,6.0,50.7,0.0,3.656,정상
CL02718,2026-08-14 19:26,B,냉동2,-18.06,-14.96,83.1,28.0,46.5,0.0,3.653,정상
CL01941,2026-07-24 16:49,B,냉동3,-17.69,-15.27,79.2,12.0,44.7,0.0,3.785,정상
CL01453,2026-07-10 17:16,C,냉동2,-18.19,-15.12,85.0,88.0,45.6,0.0,3.082,정상
CL02396,2026-08-05 22:08,B,냉동1,-18.26,-15.67,77.1,10.0,55.7,0.0,4.214,정상
CL02620,2026-08-12 06:30,A,냉동3,-18.1,-15.68,78.4,9.0,50.6,0.0,3.933,정상
CL02196,2026-07-31 08:42,A,냉동3,-17.21,-14.87,91.9,83.0,46.6,0.0,3.823,정상
CL02085,2026-07-28 05:01,B,냉동1,-18.04,-15.72,87.0,5.0,53.9,15.0,4.328,정상
CL02045,2026-07-27 03:04,B,냉동3,-17.85,-15.07,90.0,2.0,48.0,0.0,3.79,정상
CL01312,2026-07-07 00:49,A,냉동2,-17.81,-15.18,82.0,35.0,49.7,0.0,3.891,정상
CL00053,2026-06-02 12:35,C,냉동2,-18.25,-15.37,82.7,30.0,54.5,0.0,4.416,정상
CL00073,2026-06-03 00:15,B,냉동3,-17.77,-15.04,87.5,27.0,51.9,0.0,4.054,정상
CL02632,2026-08-12 15:04,A,냉동2,-16.93,-14.32,81.3,52.0,45.7,24.0,3.891,정상
CL00497,2026-06-14 20:28,C,냉동2,-19.68,-17.29,87.5,12.0,42.0,0.0,3.23,정상
CL01372,2026-07-08 16:49,A,냉동2,-17.45,-14.69,83.0,22.0,50.5,0.0,3.608,정상
CL03164,2026-08-27 08:38,C,냉동3,-18.83,-16.26,85.5,19.0,48.3,0.0,4.445,정상
CL02455,2026-08-07 16:04,A,냉동2,-19.07,-15.81,92.2,61.0,48.1,0.0,3.411,정상
CL01779,2026-07-20 08:41,A,냉동2,-16.83,-13.83,86.2,122.0,48.0,0.0,3.428,정상
CL02287,2026-08-02 13:47,C,냉동2,-18.14,-15.0,81.2,43.0,39.4,0.0,2.991,정상
CL01454,2026-07-10 17:36,B,냉동2,-18.45,-15.65,87.6,37.0,46.2,0.0,3.316,정상
CL02802,2026-08-17 03:36,A,냉동2,-16.54,-14.69,96.3,236.0,48.5,0.0,3.288,정상
CL02222,2026-08-01 01:32,C,냉동1,-18.26,-15.32,82.8,3.0,47.9,0.0,3.254,정상
CL01031,2026-06-29 06:29,B,냉동3,-18.52,-16.89,85.6,5.0,42.3,0.0,2.899,정상
CL02778,2026-08-16 11:56,B,냉동2,-17.12,-15.09,91.2,28.0,57.5,0.0,4.381,정상
CL00791,2026-06-22 19:30,A,냉동1,-17.95,-15.34,83.1,54.0,50.3,0.0,3.938,정상
CL03292,2026-08-31 04:18,A,냉동2,-18.94,-16.64,82.0,12.0,39.8,0.0,3.314,정상
CL02843,2026-08-18 08:27,A,냉동1,-18.48,-16.84,81.0,43.0,40.2,0.0,3.06,정상
CL02002,2026-07-26 06:05,B,냉동2,-18.0,-15.35,93.1,8.0,47.7,0.0,3.853,정상
CL03319,2026-08-31 18:55,C,냉동3,-17.37,-13.11,85.6,242.0,49.6,0.0,3.718,정상
CL00421,2026-06-12 09:06,A,냉동3,-18.58,-15.88,87.0,154.0,44.0,0.0,3.067,정상
CL01660,2026-07-16 19:52,B,냉동1,-15.14,-12.93,95.6,219.0,54.2,0.0,4.327,폐기
CL01544,2026-07-13 09:26,A,냉동2,-17.52,-14.93,90.4,70.0,46.6,0.0,3.39,정상
CL02507,2026-08-09 02:02,B,냉동1,-18.76,-16.55,81.5,3.0,36.6,0.0,2.631,정상
CL00531,2026-06-15 18:05,B,냉동1,-17.06,-14.54,,32.0,53.8,0.0,4.082,정상
CL02850,2026-08-18 12:06,B,냉동3,-18.62,-15.86,90.8,12.0,40.2,14.3,3.601,정상
CL01024,2026-06-29 01:51,B,냉동1,-17.81,-14.63,86.2,76.0,59.7,0.0,4.699,정상
CL03051,2026-08-24 03:41,C,냉동2,-18.0,-15.31,87.1,25.0,52.5,0.0,4.656,정상
CL02257,2026-08-01 22:43,A,냉동3,-18.01,-16.0,86.0,14.0,50.7,0.0,4.359,정상
CL00356,2026-06-10 21:51,B,냉동2,-17.36,-15.79,94.6,340.0,46.1,0.0,3.141,정상
CL00727,2026-06-21 00:50,A,냉동2,-18.82,-16.33,86.2,1.0,41.4,0.0,3.26,정상
CL01944,2026-07-24 17:23,B,냉동1,-18.88,-16.55,91.0,20.0,47.5,0.0,3.422,정상
CL00913,2026-06-26 05:07,C,냉동1,-18.16,-15.86,85.1,29.0,56.0,0.0,4.735,정상
CL03007,2026-08-22 23:31,C,냉동1,-17.88,-15.11,84.6,11.0,40.8,19.6,3.729,정상
CL00670,2026-06-19 12:02,A,냉동1,-17.74,-15.4,83.7,65.0,47.8,0.0,2.747,정상
CL00349,2026-06-10 18:29,B,냉동3,-17.94,-15.32,82.0,46.0,54.5,0.0,4.098,정상
CL02367,2026-08-05 01:49,A,냉동1,-18.48,-15.16,86.6,5.0,43.7,0.0,3.493,정상
CL02964,2026-08-21 15:01,A,냉동2,-18.81,-15.51,89.7,102.0,41.7,0.0,3.128,정상
CL02987,2026-08-22 08:26,B,냉동2,-16.96,-14.08,85.8,4.0,52.9,0.0,4.77,정상
CL02497,2026-08-08 17:40,A,냉동1,-18.26,-15.14,83.9,39.0,40.0,0.0,3.15,정상
CL00415,2026-06-12 05:55,A,냉동1,-18.83,-16.54,84.2,43.0,42.2,23.6,3.925,정상
CL02806,2026-08-17 05:43,A,냉동3,-18.23,-15.41,84.6,21.0,46.6,0.0,2.978,정상
CL01129,2026-07-01 21:53,A,냉동1,-18.14,-15.71,81.8,5.0,51.0,0.0,3.744,정상
CL02255,2026-08-01 22:20,B,냉동3,-18.78,-15.75,77.2,1.0,43.6,0.0,3.54,정상
CL02911,2026-08-20 04:20,B,냉동3,-18.13,-15.03,77.8,44.0,43.2,0.0,3.66,정상
CL00969,2026-06-27 17:53,A,냉동3,-18.03,-15.26,87.5,21.0,43.1,0.0,2.875,정상
CL03131,2026-08-26 12:14,C,냉동2,-18.35,-15.78,89.8,64.0,50.6,0.0,3.729,정상
CL03276,2026-08-30 19:22,B,냉동2,-17.41,-14.66,87.2,16.0,53.1,14.6,4.403,정상
CL00607,2026-06-17 18:59,C,냉동2,-17.81,-14.98,74.0,142.0,49.9,16.2,4.197,정상
CL02898,2026-08-19 20:52,B,냉동1,-18.17,-15.4,92.8,20.0,45.8,0.0,3.698,정상
CL01249,2026-07-04 23:45,A,냉동1,-18.1,-15.37,90.1,11.0,38.1,0.0,3.198,정상
CL02374,2026-08-05 07:23,C,냉동2,-18.32,-15.57,84.6,22.0,41.9,0.0,3.457,정상
CL01982,2026-07-25 18:57,A,냉동2,-17.24,-14.8,88.5,44.0,51.3,0.0,3.925,정상
CL00288,2026-06-09 01:19,B,냉동3,-18.15,-15.27,79.1,5.0,42.0,0.0,3.692,정상
CL02397,2026-08-05 22:25,B,냉동1,-18.26,-15.83,77.6,6.0,47.9,0.0,3.92,정상
CL02021,2026-07-26 15:43,C,냉동3,-17.29,-14.66,88.5,49.0,50.0,0.0,3.431,정상
CL02057,2026-07-27 12:58,A,냉동1,-17.89,-14.52,87.7,37.0,46.5,0.0,3.364,정상
CL00102,2026-06-03 19:34,B,냉동1,-16.0,-15.06,92.9,421.0,53.8,22.8,4.565,폐기
CL00354,2026-06-10 21:02,B,냉동2,-18.75,-16.51,85.6,2.0,44.6,19.6,3.46,정상
CL02991,2026-08-22 14:01,A,냉동2,-17.84,-14.58,86.4,79.0,45.1,12.4,3.909,정상
CL01034,2026-06-29 08:07,A,냉동1,-17.63,-15.71,89.5,47.0,54.4,0.0,4.549,정상
CL00859,2026-06-24 18:48,B,냉동3,-18.33,-15.05,79.1,13.0,47.1,0.0,3.369,정상
CL00372,2026-06-11 07:40,A,냉동2,-19.28,-16.92,96.2,6.0,53.2,0.0,4.274,정상
CL00464,2026-06-13 16:43,C,냉동3,-18.4,-15.44,84.8,96.0,45.5,0.0,3.503,정상
CL01009,2026-06-28 16:53,B,냉동3,-17.35,-14.96,82.9,39.0,49.6,0.0,4.142,정상
CL01008,2026-06-28 16:49,A,냉동1,-18.11,-15.34,86.5,97.0,48.7,0.0,3.675,정상
CL01088,2026-06-30 19:25,A,냉동1,-17.53,-14.84,88.3,62.0,46.3,0.0,3.659,정상
CL02025,2026-07-26 16:44,C,냉동2,-17.68,-14.94,86.1,5.0,52.3,0.0,4.208,정상
CL01355,2026-07-07 23:54,C,냉동3,-18.8,-14.98,86.0,2.0,44.7,0.0,3.322,정상
CL00196,2026-06-06 14:09,B,냉동2,-18.09,-15.41,84.8,38.0,39.8,0.0,3.277,정상
CL02739,2026-08-15 13:08,C,냉동1,-17.66,-14.52,83.1,38.0,45.6,0.0,3.426,정상
CL03351,2026-09-01 17:20,C,냉동2,-17.71,-15.43,75.6,21.0,53.1,0.0,3.895,정상
CL00228,2026-06-07 13:58,A,냉동1,-18.1,-15.72,82.7,29.0,47.2,20.0,4.094,정상
CL01808,2026-07-21 02:39,B,냉동2,-18.06,-16.07,89.0,10.0,47.6,0.0,3.836,정상
CL00208,2026-06-06 23:23,C,냉동3,-17.84,-15.3,78.9,2.0,53.1,0.0,4.441,정상
CL02798,2026-08-17 00:50,B,냉동2,-18.54,-16.04,80.2,14.0,51.2,0.0,3.864,정상
CL01013,2026-06-28 19:01,C,냉동3,-18.52,-16.46,79.5,13.0,45.8,0.0,3.655,정상
CL01851,2026-07-22 04:47,A,냉동2,-16.04,-15.56,90.6,315.0,50.8,0.0,3.815,정상
CL01080,2026-06-30 13:41,B,냉동2,-17.19,-14.33,94.1,59.0,47.4,0.0,3.596,정상
CL02221,2026-08-01 00:58,A,냉동1,-18.2,-14.85,84.4,18.0,42.1,0.0,3.172,정상
CL02089,2026-07-28 08:31,C,냉동2,-18.43,-15.9,92.4,25.0,40.1,0.0,3.309,정상
CL02496,2026-08-08 17:24,C,냉동1,-17.29,-13.66,91.2,149.0,46.9,0.0,3.786,정상
CL03212,2026-08-28 16:16,B,냉동2,-17.45,-14.82,85.2,7.0,52.9,0.0,4.475,정상
CL00622,2026-06-18 04:14,C,냉동3,-17.4,-14.67,80.6,58.0,48.5,0.0,3.118,정상
CL02173,2026-07-30 19:40,C,냉동2,-17.27,-14.6,86.2,23.0,52.8,0.0,3.959,정상
CL01966,2026-07-25 05:18,A,냉동1,-19.12,-17.02,87.0,2.0,42.9,0.0,3.434,정상
CL02322,2026-08-03 16:17,C,냉동3,-19.11,-16.36,96.2,109.0,45.0,0.0,3.491,정상
CL00030,2026-06-01 19:32,B,냉동3,-18.0,-15.46,87.3,65.0,42.6,0.0,3.53,정상
CL00026,2026-06-01 14:27,C,냉동3,-17.61,-14.28,87.4,75.0,46.5,0.0,3.4,정상
CL00991,2026-06-28 08:19,A,냉동2,-17.19,-15.43,83.5,25.0,51.0,0.0,3.881,정상
CL02031,2026-07-26 18:26,A,냉동1,-17.48,-15.03,77.5,57.0,47.2,0.0,3.634,정상
CL00280,2026-06-08 21:35,C,냉동2,-18.27,-16.17,80.0,2.0,39.5,0.0,3.066,정상
CL02319,2026-08-03 14:45,C,냉동1,-17.44,-15.01,82.1,20.0,54.7,21.3,4.899,정상
CL01356,2026-07-08 00:54,A,냉동3,-18.71,-16.22,82.1,9.0,41.6,0.0,3.08,정상
CL01449,2026-07-10 14:52,B,냉동2,-18.25,-14.9,84.8,125.0,51.6,0.0,3.546,정상
CL01952,2026-07-24 21:31,B,냉동1,-17.64,-14.41,85.8,1.0,48.7,0.0,3.579,정상
CL02391,2026-08-05 19:24,B,냉동1,-17.63,-15.01,87.0,28.0,54.3,0.0,4.286,정상
CL01032,2026-06-29 06:39,C,냉동1,-18.34,-15.94,80.4,7.0,49.6,0.0,4.056,정상
CL00769,2026-06-22 04:09,C,냉동2,-18.62,-16.49,87.8,14.0,45.5,0.0,3.434,정상
CL00606,2026-06-17 18:06,A,냉동2,-17.35,-14.16,84.8,74.0,51.4,0.0,3.884,정상
CL01195,2026-07-03 10:10,A,냉동2,-18.41,-15.91,87.6,74.0,45.3,0.0,3.317,정상
CL02193,2026-07-31 05:57,B,냉동2,-17.96,-14.97,78.9,9.0,40.8,0.0,3.0,정상
CL01500,2026-07-12 02:24,A,냉동2,-17.46,-14.77,79.5,10.0,48.1,0.0,3.825,정상
CL02176,2026-07-30 21:16,A,냉동1,-18.45,-16.38,92.3,8.0,41.2,0.0,2.896,정상
CL01775,2026-07-20 06:31,B,냉동1,-17.8,-14.77,81.4,31.0,43.5,0.0,3.722,정상
CL00611,2026-06-17 21:58,C,냉동3,-17.8,-15.82,,2.0,47.6,0.0,3.832,정상
CL02720,2026-08-14 20:42,A,냉동2,-18.13,-15.54,87.4,1.0,48.9,22.1,4.198,정상
CL02259,2026-08-01 23:50,B,냉동2,-18.69,-16.08,79.5,13.0,49.4,0.0,3.778,정상
CL01607,2026-07-14 23:52,B,냉동1,-16.23,-13.1,89.0,0.0,53.4,0.0,4.502,폐기
CL00948,2026-06-27 03:56,B,냉동1,-18.69,-16.34,86.8,2.0,43.2,0.0,3.606,정상
CL00951,2026-06-27 05:41,A,냉동1,-18.14,-15.3,86.5,17.0,49.0,0.0,3.671,정상
CL00353,2026-06-10 20:27,C,냉동1,-17.19,-14.02,95.7,2.0,49.6,0.0,3.437,정상
CL01116,2026-07-01 12:20,C,냉동1,-18.25,-14.97,85.3,107.0,40.7,0.0,3.492,정상
CL03387,2026-09-02 15:26,A,냉동2,-17.4,-15.32,87.0,63.0,52.4,0.0,4.017,정상
CL01661,2026-07-16 20:13,B,냉동3,-15.38,-12.32,92.8,61.0,57.1,0.0,4.801,폐기
CL00428,2026-06-12 13:28,A,냉동1,-17.84,-15.55,82.4,20.0,44.0,0.0,3.614,정상
CL01472,2026-07-11 04:25,A,냉동1,-18.33,-15.28,79.7,14.0,46.0,0.0,3.727,정상
CL02651,2026-08-13 04:23,B,냉동1,-18.4,-15.29,85.1,24.0,41.7,0.0,3.087,정상
CL00881,2026-06-25 11:23,B,냉동2,-18.56,-16.19,85.7,17.0,37.7,20.5,3.161,정상
CL02887,2026-08-19 12:53,C,냉동3,-17.72,-15.51,84.7,13.0,52.6,0.0,4.398,정상
CL01959,2026-07-25 00:11,B,냉동1,-18.05,-14.72,92.0,24.0,44.0,0.0,3.623,정상
CL01135,2026-07-02 01:15,B,냉동1,-18.83,-15.49,86.0,1.0,49.2,0.0,3.694,정상
CL00591,2026-06-17 07:29,C,냉동2,-18.25,-16.07,83.8,31.0,39.7,0.0,3.066,정상
CL01831,2026-07-21 16:33,B,냉동2,-18.15,-15.58,87.8,137.0,48.1,12.0,3.85,정상
CL03037,2026-08-23 19:59,B,냉동3,-18.46,-15.75,87.2,38.0,45.5,0.0,3.228,정상
CL03241,2026-08-29 20:38,C,냉동3,-18.86,-16.07,90.3,0.0,43.7,17.1,3.449,정상
CL02763,2026-08-16 04:59,B,냉동1,-18.52,-16.01,80.2,10.0,37.7,0.0,2.705,정상
CL01903,2026-07-23 15:37,C,냉동2,-17.39,-15.31,87.1,30.0,54.6,0.0,4.7,정상
CL01178,2026-07-02 23:35,B,냉동3,-18.84,-15.4,91.6,26.0,46.8,0.0,3.884,정상
CL03412,2026-09-03 09:19,B,냉동1,-18.33,-15.78,88.2,67.0,42.6,0.0,3.274,폐기
CL00642,2026-06-18 16:14,B,냉동1,-17.78,-14.5,82.8,272.0,50.1,0.0,3.966,정상
CL02233,2026-08-01 10:33,B,냉동3,-16.74,-15.48,93.8,429.0,51.3,0.0,3.781,정상
CL01098,2026-06-30 22:30,B,냉동1,-18.47,-16.08,84.1,51.0,43.5,0.0,3.715,정상
CL01394,2026-07-09 05:42,C,냉동3,-18.35,-16.05,,6.0,55.4,0.0,4.214,정상
CL00358,2026-06-10 23:14,B,냉동1,-17.07,-16.12,94.3,289.0,39.3,0.0,3.255,정상
CL02454,2026-08-07 14:53,A,냉동2,-17.92,-14.96,93.7,71.0,50.4,0.0,3.71,정상
CL03205,2026-08-28 12:23,A,냉동2,-16.69,-14.11,87.0,53.0,47.8,0.0,4.155,폐기
CL01291,2026-07-06 08:52,C,냉동3,-17.76,-14.7,84.0,56.0,49.5,0.0,3.755,정상
CL01284,2026-07-06 04:01,C,냉동3,-17.65,-14.8,81.6,16.0,51.4,0.0,4.164,정상
CL02328,2026-08-03 22:14,A,냉동1,-17.5,-15.11,80.8,7.0,51.2,0.0,3.955,정상
CL00993,2026-06-28 09:20,A,냉동3,-18.37,-14.97,92.8,91.0,44.6,0.0,3.474,정상
CL00775,2026-06-22 07:15,A,냉동2,-17.81,-15.1,85.7,9.0,48.7,15.5,4.091,정상
CL00267,2026-06-08 13:20,C,냉동2,-17.54,-15.41,90.6,11.0,48.3,25.8,4.219,정상
CL00994,2026-06-28 09:55,A,냉동3,-18.11,-15.0,90.7,158.0,49.5,0.0,4.379,정상
CL02038,2026-07-26 22:18,B,냉동3,-18.35,-15.39,83.4,32.0,54.0,0.0,4.357,정상
CL01585,2026-07-14 11:02,A,냉동3,-18.26,-15.82,84.2,88.0,41.9,0.0,3.231,정상
CL00391,2026-06-11 17:07,B,냉동1,-18.19,-15.02,82.7,96.0,44.5,0.0,2.898,정상
CL00564,2026-06-16 17:24,B,냉동1,-16.66,-13.99,94.6,100.0,49.1,0.0,3.704,폐기
CL00099,2026-06-03 18:38,C,냉동1,-18.64,-16.48,85.4,17.0,44.7,0.0,3.19,정상
CL00445,2026-06-13 02:20,A,냉동2,-17.71,-15.09,88.5,2.0,47.5,0.0,3.634,정상
CL00100,2026-06-03 18:43,C,냉동2,-19.03,-15.77,87.1,35.0,44.6,0.0,3.711,정상
CL01932,2026-07-24 10:14,B,냉동2,-17.32,-14.53,83.4,138.0,53.5,0.0,4.13,정상
CL02995,2026-08-22 15:46,A,냉동3,-18.27,-14.88,84.3,59.0,43.4,12.9,3.233,정상
CL00980,2026-06-28 01:52,A,냉동1,-17.57,-14.47,80.7,13.0,45.0,0.0,3.597,정상
CL01532,2026-07-13 03:17,B,냉동1,-18.99,-16.54,79.7,46.0,47.8,0.0,3.672,정상
CL03376,2026-09-02 07:14,B,냉동3,-18.42,-15.63,82.0,11.0,45.1,0.0,3.155,정상
CL02142,2026-07-29 21:46,B,냉동1,-18.06,-15.4,90.6,28.0,47.2,0.0,3.198,정상
CL01845,2026-07-22 01:02,C,냉동1,-18.68,-17.07,80.0,15.0,38.1,0.0,3.125,정상
CL01547,2026-07-13 11:14,B,냉동1,-17.51,-15.4,86.7,33.0,48.9,0.0,3.757,정상
CL00574,2026-06-16 23:58,A,냉동2,-18.66,-16.4,88.7,6.0,43.6,0.0,2.919,정상
CL02487,2026-08-08 13:04,A,냉동2,-17.84,-15.4,87.3,28.0,49.8,0.0,3.736,정상
CL02003,2026-07-26 06:24,B,냉동2,-17.99,-15.18,88.8,5.0,45.0,0.0,3.153,정상
CL00595,2026-06-17 10:39,A,냉동2,-17.88,-15.28,89.6,101.0,44.0,0.0,3.695,정상
CL00278,2026-06-08 21:03,A,냉동3,-18.43,-15.69,85.7,10.0,43.8,0.0,3.408,정상
CL01900,2026-07-23 13:56,C,냉동3,-17.79,-14.92,73.5,127.0,46.2,0.0,3.509,정상
CL03047,2026-08-24 01:05,B,냉동2,-17.93,-15.91,,16.0,51.3,0.0,4.063,정상
CL00639,2026-06-18 14:51,B,냉동2,-17.83,-14.57,80.4,19.0,45.0,21.3,3.771,정상
CL01971,2026-07-25 07:50,A,냉동2,-19.36,-16.89,83.1,0.0,43.5,0.0,3.273,정상
CL00615,2026-06-18 00:19,B,냉동1,-18.63,-16.22,84.9,5.0,36.9,0.0,2.822,정상
CL02128,2026-07-29 11:02,A,냉동1,-17.67,-14.97,88.8,139.0,55.7,15.8,4.921,정상
CL00052,2026-06-02 11:14,B,냉동1,-18.47,-15.18,85.7,117.0,50.5,0.0,3.819,정상
CL01184,2026-07-03 02:10,B,냉동1,-17.97,-15.37,88.8,2.0,46.9,0.0,3.782,정상
CL02647,2026-08-13 01:00,C,냉동1,-17.61,-15.09,85.2,7.0,46.6,0.0,3.316,정상
CL00416,2026-06-12 06:19,A,냉동2,-17.96,-15.09,86.0,2.0,41.0,0.0,3.378,정상
CL02097,2026-07-28 13:45,A,냉동1,-18.44,-15.94,90.0,39.0,45.4,0.0,3.459,정상
CL01124,2026-07-01 18:20,C,냉동2,-18.62,-15.93,83.6,31.0,52.4,0.0,4.113,정상
CL03073,2026-08-24 21:10,C,냉동3,-19.26,-16.62,84.5,18.0,39.6,0.0,2.878,정상
CL00251,2026-06-08 07:09,B,냉동2,-18.48,-15.44,80.1,52.0,41.6,0.0,3.417,정상
CL03278,2026-08-30 19:49,C,냉동2,-18.51,-14.93,82.4,111.0,48.8,0.0,3.454,정상
CL01363,2026-07-08 08:27,B,냉동2,-17.52,-14.46,92.7,76.0,44.4,0.0,3.384,정상
CL01385,2026-07-09 00:40,A,냉동2,-18.09,-15.41,79.5,24.0,47.1,0.0,3.466,정상
CL02960,2026-08-21 11:50,C,냉동2,-18.56,-15.58,87.2,92.0,46.1,0.0,3.491,정상
CL03093,2026-08-25 07:53,A,냉동2,-18.05,-14.62,86.9,9.0,43.9,0.0,3.995,정상
CL03192,2026-08-28 04:44,C,냉동3,-18.95,-16.52,82.9,12.0,45.9,0.0,3.272,정상
CL00285,2026-06-08 23:45,B,냉동1,-18.32,-15.74,76.8,2.0,41.8,0.0,2.976,정상
CL00724,2026-06-20 23:14,B,냉동2,-18.14,-15.48,83.5,9.0,48.2,0.0,3.773,정상
CL02330,2026-08-03 22:59,B,냉동3,-18.1,-14.36,85.8,5.0,42.6,0.0,3.167,정상
CL02866,2026-08-18 20:08,A,냉동1,-18.3,-15.92,,13.0,38.5,0.0,2.98,정상
CL02721,2026-08-14 21:39,B,냉동3,-17.36,-14.84,77.4,15.0,50.4,18.8,4.571,정상
CL02637,2026-08-12 18:31,B,냉동1,-18.3,-15.29,83.7,61.0,39.9,0.0,3.199,정상
CL00216,2026-06-07 03:36,B,냉동3,-18.21,-15.5,76.5,7.0,44.8,0.0,3.505,정상
CL00589,2026-06-17 06:48,B,냉동1,-17.91,-15.25,84.6,18.0,54.6,0.0,4.257,정상
CL01340,2026-07-07 16:48,C,냉동1,-17.48,-14.08,91.1,25.0,45.1,0.0,3.458,정상
CL00451,2026-06-13 05:08,C,냉동2,-17.64,-14.85,91.5,18.0,42.5,0.0,2.96,정상
CL00930,2026-06-26 15:44,C,냉동3,-17.94,-15.94,80.0,54.0,39.7,0.0,3.036,정상
CL00551,2026-06-16 09:59,A,냉동3,-18.09,-15.38,90.8,34.0,46.2,0.0,3.395,정상
CL01059,2026-06-30 00:22,B,냉동2,-18.33,-15.97,86.3,13.0,41.5,0.0,3.559,정상
CL01207,2026-07-03 17:18,C,냉동1,-17.26,-15.71,93.0,420.0,43.2,17.0,3.481,정상
CL00255,2026-06-08 08:36,B,냉동2,-19.19,-16.17,88.7,25.0,46.3,0.0,3.735,정상
CL00206,2026-06-06 21:48,C,냉동1,-17.67,-15.1,86.1,12.0,51.5,0.0,3.821,정상
CL02770,2026-08-16 07:06,C,냉동1,-18.01,-15.04,91.8,15.0,44.9,0.0,3.53,정상
CL01746,2026-07-19 07:24,A,냉동2,-19.06,-16.35,89.3,8.0,44.6,14.3,4.162,정상
CL01645,2026-07-16 06:38,A,냉동1,-18.3,-15.87,84.9,34.0,40.9,0.0,3.145,정상
CL00697,2026-06-20 06:25,A,냉동3,-18.14,-14.99,83.5,31.0,44.8,0.0,3.467,정상
CL01624,2026-07-15 14:13,C,냉동1,-17.76,-14.39,90.4,76.0,50.9,0.0,3.893,정상
CL01521,2026-07-12 18:21,C,냉동2,-17.18,-14.06,81.4,53.0,53.5,0.0,4.114,정상
CL01667,2026-07-17 02:27,B,냉동2,-14.71,-11.6,,10.0,56.4,0.0,3.906,폐기
CL01805,2026-07-21 00:51,C,냉동2,-18.8,-15.78,92.6,8.0,42.5,0.0,3.374,정상
CL02872,2026-08-19 01:43,C,냉동3,-17.44,-14.84,,3.0,44.1,0.0,3.416,정상
CL02895,2026-08-19 18:21,B,냉동1,-18.24,-15.71,83.2,49.0,46.6,15.3,3.758,정상
CL01364,2026-07-08 10:15,A,냉동1,-17.22,-14.46,92.9,122.0,50.7,0.0,4.069,정상
CL00643,2026-06-18 16:40,B,냉동1,-18.35,-15.56,85.0,40.0,51.3,0.0,3.65,정상
CL00852,2026-06-24 12:38,A,냉동1,-17.62,-14.44,85.5,79.0,49.5,0.0,3.765,정상
CL03079,2026-08-25 01:17,B,냉동3,-17.76,-14.45,90.6,79.0,52.8,0.0,3.856,정상
CL01361,2026-07-08 04:52,B,냉동3,-19.11,-16.53,86.6,1.0,41.3,0.0,3.283,정상
CL02033,2026-07-26 20:17,C,냉동3,-17.76,-15.07,83.7,10.0,50.6,0.0,3.727,정상
CL03399,2026-09-02 21:43,A,냉동2,-17.37,-15.01,82.7,25.0,49.0,0.0,4.13,정상
CL00626,2026-06-18 06:30,A,냉동1,-19.07,-16.78,85.7,2.0,46.9,0.0,3.474,정상
CL03172,2026-08-27 13:38,A,냉동2,-17.42,-14.99,80.0,35.0,51.3,0.0,4.11,정상
CL00820,2026-06-23 17:16,A,냉동3,-17.74,-14.78,93.2,47.0,44.8,0.0,3.52,정상
CL01353,2026-07-07 22:39,C,냉동3,-18.45,-15.7,84.7,3.0,37.1,0.0,3.155,정상
CL00992,2026-06-28 08:56,C,냉동2,-17.52,-14.72,86.1,42.0,49.0,0.0,3.944,정상
CL00618,2026-06-18 01:38,B,냉동2,-18.78,-16.22,87.2,3.0,39.4,0.0,2.786,정상
CL01871,2026-07-22 18:52,A,냉동3,-17.2,-14.49,82.3,90.0,48.9,0.0,3.553,정상
CL02684,2026-08-13 23:12,B,냉동2,-18.87,-15.77,90.5,21.0,41.3,0.0,3.106,정상
CL03059,2026-08-24 10:35,C,냉동2,-18.66,-15.55,83.9,57.0,36.5,0.0,2.506,정상
CL03294,2026-08-31 05:40,A,냉동1,-18.38,-15.59,86.1,16.0,32.7,0.0,2.54,정상
CL00906,2026-06-26 01:44,A,냉동2,-17.6,-15.73,80.5,12.0,55.2,0.0,3.888,정상
CL01862,2026-07-22 12:48,B,냉동3,-18.08,-15.2,87.7,86.0,41.1,0.0,2.816,정상
CL01953,2026-07-24 21:54,A,냉동1,-18.73,-16.36,79.5,20.0,48.9,0.0,3.857,정상
CL03269,2026-08-30 14:35,B,냉동1,-18.23,-15.96,84.0,21.0,41.3,0.0,3.436,정상
CL01958,2026-07-24 23:55,A,냉동3,-18.71,-15.88,83.8,8.0,40.4,0.0,3.244,정상
CL03078,2026-08-25 01:02,B,냉동1,-18.49,-15.77,84.1,15.0,42.2,25.1,4.191,정상
CL01498,2026-07-12 01:19,B,냉동2,-19.6,-17.4,87.1,15.0,40.5,0.0,3.431,정상
CL02852,2026-08-18 12:43,B,냉동1,-17.74,-15.13,88.9,18.0,42.7,0.0,3.31,정상
CL02586,2026-08-11 07:54,B,냉동1,-17.71,-15.07,80.7,22.0,49.2,0.0,3.532,정상
CL01656,2026-07-16 14:44,C,냉동1,-18.01,-15.27,84.2,110.0,35.0,0.0,2.622,정상
CL02765,2026-08-16 05:25,A,냉동1,-17.93,-15.0,86.5,6.0,46.4,0.0,3.329,정상
CL01517,2026-07-12 14:04,B,냉동1,-17.66,-14.32,88.6,102.0,54.1,0.0,4.251,정상
CL01381,2026-07-08 22:16,A,냉동2,-16.71,-15.51,88.5,344.0,38.2,0.0,3.043,폐기
CL03134,2026-08-26 13:06,B,냉동2,-18.04,-14.92,85.8,37.0,48.3,0.0,3.814,정상
CL01989,2026-07-25 23:01,B,냉동2,-17.8,-15.28,72.3,4.0,54.7,0.0,3.976,정상
CL00758,2026-06-21 21:45,A,냉동2,-18.2,-15.91,80.5,12.0,45.7,0.0,3.371,정상
CL00630,2026-06-18 08:43,B,냉동2,-18.65,-15.47,83.4,48.0,47.4,0.0,3.469,정상
CL02047,2026-07-27 06:06,B,냉동2,-18.36,-16.05,84.8,23.0,41.4,0.0,3.271,정상
CL02654,2026-08-13 06:20,C,냉동3,-19.44,-16.61,82.7,10.0,35.5,24.6,3.103,정상
CL02384,2026-08-05 15:13,B,냉동1,-17.12,-14.67,89.6,20.0,54.2,0.0,4.4,정상
CL02419,2026-08-06 13:26,B,냉동2,-17.47,-14.42,85.7,73.0,51.1,0.0,4.159,정상
CL01362,2026-07-08 06:30,A,냉동2,-17.61,-15.28,87.2,1.0,51.6,0.0,3.955,정상
CL02636,2026-08-12 17:34,C,냉동3,-17.78,-14.88,84.5,95.0,42.5,0.0,3.381,정상
CL02416,2026-08-06 11:14,C,냉동2,-19.18,-16.17,83.5,55.0,38.9,0.0,3.33,정상
CL01578,2026-07-14 07:05,A,냉동1,-18.07,-15.31,88.0,6.0,43.9,0.0,3.27,정상
CL03358,2026-09-01 20:18,C,냉동1,-17.16,-15.13,84.2,8.0,59.0,0.0,5.047,정상
CL00126,2026-06-04 14:08,A,냉동2,-17.76,-15.71,82.6,31.0,47.6,0.0,3.471,정상
CL01828,2026-07-21 15:27,C,냉동2,-17.59,-15.11,81.2,109.0,50.7,0.0,3.942,정상
CL03281,2026-08-30 22:23,C,냉동1,-18.45,-15.54,81.8,8.0,40.5,0.0,3.171,정상
CL02326,2026-08-03 19:51,B,냉동1,-18.24,-14.99,85.0,10.0,42.2,0.0,3.087,정상
CL00435,2026-06-12 20:42,B,냉동1,-18.11,-15.66,83.9,12.0,48.5,0.0,3.862,정상
CL02650,2026-08-13 03:53,A,냉동2,-17.69,-14.49,89.5,11.0,49.2,0.0,3.89,정상
CL02817,2026-08-17 11:59,A,냉동1,-17.96,-14.57,88.2,146.0,46.7,0.0,3.551,정상
CL02363,2026-08-04 23:16,C,냉동2,-17.68,-14.88,78.1,4.0,52.9,0.0,4.106,정상
CL02125,2026-07-29 09:20,C,냉동2,-16.21,-15.14,84.3,449.0,48.7,0.0,3.372,폐기
CL01053,2026-06-29 21:37,C,냉동1,-17.69,-14.57,82.7,38.0,56.5,18.3,4.857,정상
CL00005,2026-06-01 03:06,B,냉동1,-17.1,-13.9,83.9,28.0,46.7,0.0,3.615,정상
CL00323,2026-06-10 01:22,A,냉동1,-19.25,-16.35,90.3,8.0,41.7,0.0,3.162,정상
CL03123,2026-08-26 04:58,A,냉동1,-18.46,-15.87,83.4,19.0,48.5,0.0,3.657,정상
CL01550,2026-07-13 14:51,A,냉동2,-16.86,-14.15,90.0,88.0,53.5,0.0,4.457,정상
CL03289,2026-08-31 02:30,B,냉동3,-17.63,-15.3,86.7,19.0,50.2,0.0,,정상
CL01801,2026-07-20 21:46,B,냉동2,-18.95,-15.5,82.9,22.0,40.1,0.0,3.11,정상
CL01161,2026-07-02 15:49,A,냉동1,-17.73,-14.97,82.2,63.0,45.5,0.0,3.868,정상
CL01889,2026-07-23 06:47,C,냉동1,-18.83,-15.42,76.3,17.0,44.9,0.0,3.769,정상
CL01427,2026-07-10 01:53,B,냉동3,-18.92,-16.57,85.3,8.0,35.5,0.0,2.682,정상
CL02941,2026-08-20 23:52,A,냉동1,-17.78,-15.46,76.4,45.0,48.7,0.0,4.042,정상
CL02226,2026-08-01 04:19,B,냉동1,-18.41,-15.52,82.0,8.0,50.0,0.0,3.661,정상
CL00620,2026-06-18 02:42,B,냉동1,-17.24,-14.16,85.3,15.0,51.6,0.0,3.78,정상
CL00252,2026-06-08 07:47,B,냉동2,-17.96,-15.8,87.3,44.0,43.5,0.0,3.421,정상
CL00234,2026-06-07 17:00,A,냉동2,-18.58,-15.53,77.9,26.0,39.0,0.0,2.569,정상
CL03233,2026-08-29 13:53,B,냉동1,-17.68,-15.34,82.4,30.0,51.8,0.0,3.806,정상
CL02469,2026-08-08 01:56,B,냉동1,-18.82,-16.46,81.3,22.0,44.1,13.0,3.907,정상
CL00675,2026-06-19 15:15,A,냉동2,-17.64,-14.58,84.2,47.0,45.8,0.0,3.557,정상
CL00569,2026-06-16 21:27,A,냉동1,-17.68,-15.22,83.5,12.0,43.8,0.0,3.419,정상
CL01886,2026-07-23 05:12,A,냉동3,-17.38,-14.99,77.6,8.0,57.2,13.7,4.611,정상
CL03318,2026-08-31 18:39,A,냉동1,-16.65,-14.49,83.2,70.0,55.0,0.0,4.028,정상
CL00192,2026-06-06 11:34,B,냉동2,-17.92,-14.45,85.8,71.0,47.0,0.0,3.386,정상
CL02666,2026-08-13 12:13,B,냉동3,-17.75,-14.98,92.5,86.0,53.0,0.0,4.159,정상
CL02353,2026-08-04 13:30,B,냉동1,-17.67,-15.45,89.0,75.0,53.6,0.0,3.776,정상
CL01162,2026-07-02 15:52,B,냉동3,-17.52,-15.19,87.3,32.0,44.7,0.0,3.534,정상
CL02476,2026-08-08 06:27,C,냉동2,-18.2,-15.24,82.7,13.0,57.8,0.0,4.303,정상
CL02756,2026-08-15 22:46,A,냉동3,-17.53,-14.55,85.4,6.0,55.5,0.0,3.746,정상
CL00177,2026-06-06 01:53,A,냉동1,-16.63,-14.07,91.2,17.0,50.3,0.0,3.875,폐기
CL03344,2026-09-01 12:24,B,냉동1,-17.73,-15.75,83.5,51.0,46.5,0.0,3.285,정상
CL00749,2026-06-21 16:09,A,냉동2,-18.53,-15.94,87.0,54.0,43.1,0.0,3.337,정상
CL00105,2026-06-03 21:48,C,냉동1,-18.31,-15.87,87.4,24.0,42.8,20.5,3.789,정상
CL01668,2026-07-17 02:34,A,냉동1,-19.84,-17.55,80.6,12.0,43.0,0.0,3.248,정상
CL02931,2026-08-20 16:43,A,냉동1,-18.44,-16.2,78.1,22.0,41.2,0.0,3.34,정상
