cell_id,inspected_at,line,shift,open_voltage_V,capacity_mAh,internal_resistance_mOhm,thickness_mm,weight_g,charge_time_min,chamber_temp_C,chamber_humidity_pct,inspector,result
CELL-00001,2026-03-02 09:01,B라인,주간,3.679,4957.2,20.71,11.072,69.53,73.5,27.1,41.1,한서린,합격
CELL-00002,2026-03-02 09:52,B라인,야간,3.662,4821.1,18.68,10.876,72.42,80.1,24.7,46.3,박정민,합격
CELL-00003,2026-03-02 10:35,B라인,주간,3.585,4769.6,21.58,11.126,70.21,74.3,23.3,40.1,한서린,합격
CELL-00004,2026-03-02 12:08,B라인,주간,3.719,5092.1,21.24,10.862,70.85,57.0,26.3,46.6,한서린,합격
CELL-00005,2026-03-02 12:21,B라인,주간,3.638,4814.8,15.06,10.897,69.72,63.0,24.0,52.0,박정민,합격
CELL-00006,2026-03-02 13:27,C라인,주간,3.667,4855.1,31.3,10.992,69.7,72.0,23.9,43.0,이하영,불합격
CELL-00007,2026-03-02 13:41,C라인,야간,3.711,5162.3,24.53,11.117,71.12,69.2,21.1,,이하영,합격
CELL-00008,2026-03-02 16:21,B라인,주간,3.685,4935.9,21.14,10.763,68.51,84.4,24.7,41.9,김수현,합격
CELL-00009,2026-03-02 16:24,B라인,주간,3.742,4878.5,17.76,11.065,70.18,74.6,23.7,36.9,박정민,합격
CELL-00010,2026-03-02 18:01,A라인,주간,3.687,4999.4,23.91,10.836,71.09,76.7,20.1,33.8,박정민,합격
CELL-00011,2026-03-02 19:09,A라인,주간,3.64,5017.5,13.52,11.13,70.3,71.5,22.7,63.9,이하영,합격
CELL-00012,2026-03-02 19:30,A라인,주간,3.606,5021.1,23.55,10.964,69.54,66.4,26.0,49.4,박정민,합격
CELL-00013,2026-03-02 19:56,A라인,주간,3.642,4841.6,21.44,11.034,70.45,61.2,,65.3,박정민,합격
CELL-00014,2026-03-02 20:23,B라인,야간,3.727,5176.5,24.78,11.184,71.92,69.8,22.5,43.0,정우석,합격
CELL-00015,2026-03-02 21:11,A라인,주간,3.658,4984.0,20.27,10.913,68.88,61.7,24.6,31.6,정우석,합격
CELL-00016,2026-03-02 21:20,A라인,주간,3.669,4996.3,26.32,11.15,70.1,70.8,22.3,42.7,김수현,합격
CELL-00017,2026-03-02 22:58,B라인,주간,3.696,4916.8,20.86,11.045,71.44,84.5,23.6,42.5,정우석,합격
CELL-00018,2026-03-03 02:28,B라인,주간,3.708,4969.7,18.3,11.182,70.31,72.2,24.3,47.2,이하영,합격
CELL-00019,2026-03-03 06:29,A라인,주간,3.662,4928.1,17.61,11.041,69.75,66.5,23.8,48.0,정우석,합격
CELL-00020,2026-03-03 06:42,A라인,야간,3.679,4887.8,20.1,10.876,71.46,76.8,24.1,30.2,김수현,합격
CELL-00021,2026-03-03 07:40,A라인,주간,3.684,4795.3,19.84,11.025,70.28,69.0,23.7,55.1,이하영,합격
CELL-00022,2026-03-03 07:41,C라인,야간,3.671,4986.5,22.19,10.934,68.95,73.1,21.9,36.7,한서린,합격
CELL-00023,2026-03-03 07:41,C라인,야간,3.648,5012.3,29.33,10.908,70.08,71.5,22.7,46.3,이하영,합격
CELL-00024,2026-03-03 08:19,A라인,주간,3.723,5048.7,20.96,11.282,70.71,72.7,22.8,55.0,김수현,합격
CELL-00025,2026-03-03 10:08,C라인,주간,3.663,4958.6,24.58,10.892,71.89,71.5,25.6,49.8,한서린,합격
CELL-00026,2026-03-03 13:59,B라인,주간,3.677,4912.0,26.2,11.046,70.11,74.9,28.6,59.4,박정민,합격
CELL-00027,2026-03-03 14:34,B라인,주간,3.649,4813.2,21.66,11.253,70.3,84.3,21.0,23.8,김수현,합격
CELL-00028,2026-03-03 14:59,A라인,주간,3.649,5135.7,17.45,11.318,70.03,59.2,25.8,57.6,박정민,합격
CELL-00029,2026-03-03 15:14,A라인,주간,3.699,4840.5,21.66,11.012,70.0,72.7,27.8,54.1,한서린,합격
CELL-00030,2026-03-03 18:26,A라인,주간,3.708,4668.1,22.7,10.696,70.67,77.7,24.1,44.3,김수현,불합격
CELL-00031,2026-03-03 19:31,A라인,야간,3.7,4697.3,17.57,11.009,69.21,81.7,24.3,31.7,김수현,합격
CELL-00032,2026-03-03 19:38,A라인,야간,3.634,4861.1,22.36,10.884,71.37,72.3,20.5,42.5,한서린,합격
CELL-00033,2026-03-03 21:50,B라인,주간,3.691,4943.3,15.53,11.11,68.05,72.8,25.6,38.5,박정민,합격
CELL-00034,2026-03-03 21:56,C라인,주간,3.648,4944.7,21.49,10.887,71.32,67.5,22.9,,한서린,합격
CELL-00035,2026-03-03 22:49,B라인,주간,3.713,4983.3,23.62,11.202,69.92,74.6,25.6,35.6,한서린,합격
CELL-00036,2026-03-03 23:38,C라인,주간,3.727,4808.5,28.66,11.095,70.79,74.0,23.4,43.7,김수현,합격
CELL-00037,2026-03-04 00:45,B라인,주간,3.654,4695.9,27.04,11.209,70.63,75.7,22.9,53.8,박정민,합격
CELL-00038,2026-03-04 00:55,A라인,주간,3.734,4796.7,20.53,10.801,71.25,74.9,23.7,41.8,김수현,합격
CELL-00039,2026-03-04 01:02,B라인,야간,3.723,4818.5,18.68,10.921,71.48,69.6,23.7,50.2,정우석,합격
CELL-00040,2026-03-04 01:07,A라인,주간,3.655,4895.2,20.39,10.927,69.24,64.8,,51.8,이하영,합격
CELL-00041,2026-03-04 02:21,A라인,주간,3.686,4971.9,25.8,11.241,69.47,62.4,21.9,51.1,한서린,합격
CELL-00042,2026-03-04 02:41,B라인,주간,3.709,4844.9,23.14,10.918,71.0,73.4,24.8,34.2,정우석,합격
CELL-00043,2026-03-04 03:15,A라인,주간,3.715,4840.7,13.78,11.257,70.25,66.0,27.7,54.0,한서린,합격
CELL-00044,2026-03-04 03:31,A라인,주간,3.665,4920.7,14.69,11.062,70.73,75.0,24.0,53.0,박정민,합격
CELL-00045,2026-03-04 03:41,A라인,주간,3.704,5008.0,18.05,11.228,71.94,64.4,24.1,47.1,한서린,합격
CELL-00046,2026-03-04 04:57,A라인,주간,3.708,5151.7,23.56,10.96,70.0,64.4,23.4,40.4,박정민,합격
CELL-00047,2026-03-04 06:52,B라인,주간,3.658,4928.7,23.83,10.898,69.77,62.1,22.9,41.1,정우석,합격
CELL-00048,2026-03-04 07:45,A라인,주간,3.706,4824.8,26.65,10.725,68.62,80.6,23.0,55.1,한서린,합격
CELL-00049,2026-03-04 08:39,A라인,주간,3.693,4976.6,21.44,11.083,69.91,68.2,25.8,,이하영,합격
CELL-00050,2026-03-04 10:34,C라인,야간,3.678,4937.2,22.97,11.151,71.34,60.3,18.0,38.0,김수현,합격
CELL-00051,2026-03-04 10:53,B라인,주간,3.713,5043.1,24.05,11.131,70.55,64.7,26.7,55.0,한서린,합격
CELL-00052,2026-03-04 11:37,B라인,야간,3.669,4873.5,20.81,11.058,71.33,66.8,,41.2,박정민,합격
CELL-00053,2026-03-04 11:47,C라인,야간,3.698,5121.1,19.79,10.84,71.35,64.5,19.8,44.2,한서린,합격
CELL-00054,2026-03-04 11:55,B라인,주간,3.726,4846.7,18.64,11.368,70.46,70.0,23.3,35.2,박정민,합격
CELL-00055,2026-03-04 14:24,A라인,야간,3.717,4808.6,13.42,10.771,70.61,66.1,20.1,32.0,김수현,합격
CELL-00056,2026-03-04 15:31,C라인,주간,3.718,4958.3,22.79,11.19,70.83,60.6,22.0,38.1,김수현,합격
CELL-00057,2026-03-04 15:59,C라인,야간,3.68,5039.3,18.23,11.429,70.03,71.3,23.6,49.9,이하영,합격
CELL-00058,2026-03-04 17:26,B라인,야간,3.645,4758.9,12.25,10.936,69.46,72.3,22.3,48.1,김수현,합격
CELL-00059,2026-03-04 22:02,A라인,야간,3.659,4887.6,18.42,11.011,72.44,65.8,24.5,40.6,김수현,합격
CELL-00060,2026-03-05 00:22,C라인,주간,3.711,5071.0,14.07,10.951,69.85,71.6,25.1,40.6,정우석,합격
CELL-00061,2026-03-05 06:31,A라인,야간,3.713,4723.8,18.16,11.119,70.78,63.5,21.8,36.4,이하영,합격
CELL-00062,2026-03-05 06:51,A라인,주간,3.7,4962.3,24.98,11.283,72.44,74.6,21.6,39.8,김수현,합격
CELL-00063,2026-03-05 08:09,B라인,야간,3.654,4729.3,19.65,10.86,71.95,55.4,23.0,58.2,박정민,합격
CELL-00064,2026-03-05 10:31,A라인,야간,3.684,5050.2,19.73,10.97,70.16,77.1,22.2,40.4,김수현,합격
CELL-00065,2026-03-05 10:46,C라인,주간,3.727,4865.3,25.25,10.626,70.08,64.6,26.3,29.2,한서린,합격
CELL-00066,2026-03-05 13:15,B라인,주간,3.709,5073.2,27.98,11.367,69.59,80.4,22.7,44.7,박정민,합격
CELL-00067,2026-03-05 13:22,A라인,주간,3.631,4930.8,19.89,11.215,69.94,75.5,22.0,41.9,정우석,합격
CELL-00068,2026-03-05 13:25,C라인,주간,3.589,4966.7,24.08,11.033,69.26,64.4,21.0,34.5,김수현,합격
CELL-00069,2026-03-05 14:40,C라인,야간,3.725,4926.3,22.54,10.585,70.14,65.8,25.7,33.9,정우석,합격
CELL-00070,2026-03-05 16:28,A라인,야간,3.674,5156.3,18.02,10.935,68.72,67.5,21.8,47.9,김수현,합격
CELL-00071,2026-03-05 18:20,B라인,주간,3.679,4964.5,25.31,11.126,69.0,66.2,24.7,34.3,정우석,합격
CELL-00072,2026-03-05 19:00,A라인,주간,3.642,4929.9,25.0,10.906,69.46,70.7,22.8,39.6,정우석,합격
CELL-00073,2026-03-05 19:00,B라인,주간,3.766,4895.9,23.19,10.986,70.31,75.4,23.3,41.0,김수현,합격
CELL-00074,2026-03-05 19:48,A라인,주간,3.714,4989.0,20.24,11.339,66.73,66.4,26.3,31.0,김수현,합격
CELL-00075,2026-03-05 19:56,B라인,주간,3.655,4861.9,22.33,11.199,70.63,76.2,24.5,25.2,김수현,합격
CELL-00076,2026-03-05 20:44,B라인,주간,3.661,4994.8,25.99,11.016,70.25,74.5,22.1,41.0,한서린,합격
CELL-00077,2026-03-05 20:53,B라인,주간,3.701,4765.9,30.02,10.971,69.93,70.5,27.9,57.5,이하영,불합격
CELL-00078,2026-03-05 21:12,A라인,야간,3.666,4869.4,24.63,10.647,70.35,70.3,23.7,14.8,김수현,합격
CELL-00079,2026-03-05 21:37,C라인,주간,3.719,4744.3,21.43,11.366,68.31,65.8,25.1,60.5,정우석,합격
CELL-00080,2026-03-05 22:26,A라인,주간,3.639,5032.2,20.47,11.055,71.09,73.9,24.5,23.8,정우석,합격
CELL-00081,2026-03-05 23:48,A라인,주간,3.681,4964.3,22.55,11.211,70.65,59.3,24.0,50.8,김수현,합격
CELL-00082,2026-03-06 01:53,B라인,야간,3.679,4863.2,23.72,11.109,70.01,70.4,20.8,52.7,한서린,합격
CELL-00083,2026-03-06 03:58,B라인,주간,3.657,4800.7,20.96,10.965,69.59,81.1,25.9,39.9,한서린,합격
CELL-00084,2026-03-06 04:38,B라인,주간,3.623,4914.8,25.34,11.121,69.27,78.6,24.9,46.6,한서린,합격
CELL-00085,2026-03-06 04:39,B라인,주간,3.721,4939.4,19.77,10.982,70.4,84.8,25.1,54.5,이하영,합격
CELL-00086,2026-03-06 06:49,A라인,주간,3.733,4921.2,24.91,11.071,71.25,83.5,28.5,50.6,정우석,불합격
CELL-00087,2026-03-06 08:34,C라인,주간,3.687,4886.6,20.23,10.977,71.24,69.5,27.6,47.7,이하영,합격
CELL-00088,2026-03-06 09:33,A라인,주간,3.708,4730.4,25.18,11.086,70.64,75.9,25.7,55.1,김수현,불합격
CELL-00089,2026-03-06 13:07,A라인,야간,3.611,4822.1,18.31,11.238,70.83,68.0,21.1,58.0,한서린,합격
CELL-00090,2026-03-06 14:37,A라인,주간,3.652,4927.5,26.05,11.075,70.39,72.2,23.5,53.4,이하영,합격
CELL-00091,2026-03-06 14:59,B라인,주간,3.737,4886.2,19.8,11.094,70.38,69.1,26.0,31.7,한서린,합격
CELL-00092,2026-03-06 15:54,C라인,야간,3.691,5097.8,20.4,10.78,70.63,75.5,26.1,45.2,이하영,합격
CELL-00093,2026-03-06 16:14,B라인,야간,3.628,4985.3,23.63,11.462,68.99,69.6,22.1,,박정민,합격
CELL-00094,2026-03-06 16:31,B라인,야간,3.731,4750.9,20.73,10.675,70.05,66.7,21.2,42.2,박정민,합격
CELL-00095,2026-03-06 16:41,A라인,주간,3.695,4975.3,20.39,10.812,69.55,57.8,24.8,42.3,한서린,합격
CELL-00096,2026-03-06 17:19,C라인,주간,3.63,4877.9,19.29,10.852,70.45,80.3,25.8,50.6,박정민,합격
CELL-00097,2026-03-06 19:12,B라인,야간,3.711,4898.9,32.8,11.785,67.7,69.9,21.8,35.0,정우석,불합격
CELL-00098,2026-03-06 19:20,B라인,주간,3.663,4662.1,18.69,10.78,70.49,62.2,23.3,49.5,김수현,합격
CELL-00099,2026-03-06 19:37,B라인,야간,3.698,4950.2,20.69,11.099,71.63,83.4,22.6,33.7,김수현,합격
CELL-00100,2026-03-06 19:40,A라인,주간,3.727,5003.9,27.5,10.733,70.88,60.7,23.4,33.1,박정민,합격
CELL-00101,2026-03-06 21:17,B라인,주간,3.744,4943.0,19.19,10.817,70.72,77.4,22.7,52.7,정우석,합격
CELL-00102,2026-03-06 23:09,C라인,야간,3.699,4828.2,17.29,11.098,70.73,65.5,21.5,43.7,정우석,합격
CELL-00103,2026-03-07 01:46,A라인,주간,3.668,4933.9,19.08,11.257,70.63,68.1,25.0,48.1,이하영,합격
CELL-00104,2026-03-07 01:50,C라인,주간,3.697,4881.6,17.08,10.931,69.17,65.4,25.1,30.2,한서린,합격
CELL-00105,2026-03-07 02:48,A라인,주간,3.672,4796.8,12.63,10.943,69.01,77.0,27.9,52.5,박정민,합격
CELL-00106,2026-03-07 02:49,C라인,야간,3.748,4985.0,23.46,10.797,69.89,82.2,18.7,52.7,한서린,합격
CELL-00107,2026-03-07 03:54,A라인,주간,3.714,5076.2,15.94,11.257,70.78,68.2,23.3,46.4,박정민,합격
CELL-00108,2026-03-07 05:44,A라인,야간,3.709,4864.6,22.39,11.003,71.91,90.8,21.0,42.0,한서린,합격
CELL-00109,2026-03-07 06:35,B라인,주간,3.565,4994.3,19.47,11.285,70.14,66.8,23.1,38.8,한서린,합격
CELL-00110,2026-03-07 07:04,C라인,주간,3.672,5020.3,24.8,11.025,71.32,64.5,24.2,40.7,한서린,합격
CELL-00111,2026-03-07 07:26,B라인,주간,3.672,4776.1,17.81,11.176,68.54,61.4,24.6,50.4,정우석,합격
CELL-00112,2026-03-07 07:45,A라인,야간,3.667,4864.1,25.15,11.257,71.39,64.7,19.2,38.0,한서린,합격
CELL-00113,2026-03-07 08:16,A라인,야간,3.669,4790.3,21.0,10.506,70.38,68.6,21.3,40.4,정우석,합격
CELL-00114,2026-03-07 11:40,A라인,야간,3.707,4860.4,14.73,10.946,70.11,79.6,23.3,37.7,박정민,합격
CELL-00115,2026-03-07 12:04,C라인,주간,3.675,4683.0,18.77,10.949,70.96,67.5,25.6,43.5,김수현,합격
CELL-00116,2026-03-07 12:58,B라인,주간,3.714,4834.6,17.62,10.748,70.45,71.0,24.9,51.0,김수현,합격
CELL-00117,2026-03-07 13:34,B라인,주간,3.608,4778.5,20.31,11.058,70.32,71.2,27.7,43.4,정우석,합격
CELL-00118,2026-03-07 13:50,A라인,주간,3.682,4877.6,22.25,11.108,68.78,83.0,23.4,51.5,이하영,합격
CELL-00119,2026-03-07 15:33,C라인,주간,3.631,4801.5,19.95,10.97,70.5,78.7,22.8,52.8,이하영,합격
CELL-00120,2026-03-07 16:30,C라인,야간,3.668,4979.6,23.79,10.999,69.36,67.8,24.6,49.3,박정민,합격
CELL-00121,2026-03-07 17:31,A라인,야간,3.647,4801.2,22.97,11.127,71.04,66.0,24.8,59.6,정우석,합격
CELL-00122,2026-03-07 18:30,A라인,야간,3.699,4882.7,20.61,11.298,70.32,72.5,24.9,45.8,정우석,합격
CELL-00123,2026-03-07 19:08,A라인,야간,3.71,5181.3,20.69,11.006,70.34,82.4,20.6,40.0,박정민,합격
CELL-00124,2026-03-07 20:30,B라인,주간,3.776,4915.5,25.08,11.082,70.73,77.1,22.6,43.6,김수현,합격
CELL-00125,2026-03-07 20:45,A라인,주간,3.679,4845.8,23.87,10.99,70.2,62.7,21.7,53.1,김수현,합격
CELL-00126,2026-03-07 20:53,C라인,야간,3.663,4764.1,21.81,11.103,70.8,73.7,23.0,48.9,김수현,합격
CELL-00127,2026-03-07 21:09,B라인,주간,3.74,4634.8,17.85,11.39,69.42,65.7,22.3,36.5,김수현,합격
CELL-00128,2026-03-07 21:12,B라인,주간,3.654,4952.0,23.57,10.983,68.99,73.2,25.7,35.7,이하영,합격
CELL-00129,2026-03-08 00:11,B라인,야간,3.65,4497.2,18.47,10.838,70.48,69.3,19.6,50.9,정우석,불합격
CELL-00130,2026-03-08 02:00,A라인,야간,3.663,4787.7,18.14,11.042,70.98,75.8,21.9,48.3,이하영,합격
CELL-00131,2026-03-08 04:19,A라인,주간,3.705,5020.4,17.13,10.615,72.23,79.5,23.5,34.8,김수현,합격
CELL-00132,2026-03-08 05:19,C라인,주간,3.692,5091.0,23.14,10.921,69.64,68.8,26.1,58.1,한서린,합격
CELL-00133,2026-03-08 07:57,A라인,주간,3.662,5196.0,25.32,11.042,70.49,63.9,26.9,64.5,한서린,합격
CELL-00134,2026-03-08 08:15,B라인,야간,3.669,4865.6,22.33,11.317,70.65,76.1,19.3,48.1,박정민,합격
CELL-00135,2026-03-08 08:45,A라인,야간,3.651,4821.5,24.79,11.119,70.02,62.8,26.7,45.6,한서린,합격
CELL-00136,2026-03-08 10:16,A라인,주간,3.635,4870.6,23.65,11.134,69.46,57.4,26.1,33.0,한서린,합격
CELL-00137,2026-03-08 10:34,B라인,야간,3.628,4790.8,18.75,11.061,70.94,65.3,21.6,55.3,이하영,합격
CELL-00138,2026-03-08 10:51,B라인,주간,3.65,4835.1,19.68,11.084,70.55,73.6,21.3,,박정민,합격
CELL-00139,2026-03-08 10:56,C라인,야간,3.633,4797.9,25.01,11.15,70.18,77.8,20.6,30.4,이하영,합격
CELL-00140,2026-03-08 11:01,A라인,주간,3.672,4877.9,20.31,11.022,70.33,66.5,21.7,38.9,정우석,합격
CELL-00141,2026-03-08 12:45,B라인,주간,3.661,4951.7,17.36,10.956,70.18,73.4,28.2,50.3,이하영,합격
CELL-00142,2026-03-08 14:36,C라인,주간,3.689,4754.6,20.4,10.956,68.35,63.6,25.7,46.4,한서린,합격
CELL-00143,2026-03-08 14:37,C라인,주간,3.682,4757.3,25.18,10.764,68.93,82.6,26.1,46.5,이하영,불합격
CELL-00144,2026-03-08 14:59,C라인,야간,3.714,4974.9,24.85,11.102,69.67,72.6,20.1,37.2,김수현,합격
CELL-00145,2026-03-08 18:41,B라인,야간,3.686,4928.5,24.67,11.403,68.67,75.1,20.6,51.3,김수현,합격
CELL-00146,2026-03-08 18:56,A라인,야간,3.686,4752.9,17.91,10.783,70.27,72.1,21.0,50.5,이하영,합격
CELL-00147,2026-03-08 19:15,B라인,주간,3.65,4781.9,16.65,11.13,69.85,62.7,25.8,44.7,박정민,합격
CELL-00148,2026-03-08 19:51,B라인,야간,3.65,4747.8,20.4,11.056,70.02,67.9,27.1,30.8,정우석,합격
CELL-00149,2026-03-08 21:52,B라인,야간,3.683,4625.3,20.32,11.117,71.45,62.6,19.1,68.9,김수현,합격
CELL-00150,2026-03-08 21:56,C라인,야간,3.645,4845.5,29.31,11.058,69.23,69.6,20.5,27.6,이하영,합격
CELL-00151,2026-03-08 23:56,B라인,야간,3.686,4865.4,20.78,10.883,69.26,67.6,27.8,42.7,김수현,합격
CELL-00152,2026-03-09 00:23,B라인,주간,3.692,4794.8,18.09,11.391,69.55,82.7,26.8,47.1,김수현,합격
CELL-00153,2026-03-09 03:15,C라인,야간,3.685,5049.0,21.47,11.243,71.56,71.6,23.3,39.4,박정민,합격
CELL-00154,2026-03-09 03:43,A라인,야간,3.696,5004.7,25.78,10.748,70.74,64.2,24.3,50.5,박정민,합격
CELL-00155,2026-03-09 05:16,A라인,야간,3.689,4885.3,21.15,10.913,69.27,69.7,22.5,42.4,박정민,합격
CELL-00156,2026-03-09 06:39,B라인,야간,3.686,4959.3,18.45,11.177,69.33,84.8,20.2,43.6,박정민,합격
CELL-00157,2026-03-09 09:31,B라인,야간,3.723,4968.0,19.39,10.862,69.9,69.4,24.7,39.7,이하영,합격
CELL-00158,2026-03-09 10:29,A라인,야간,3.669,4881.2,22.07,11.268,71.16,64.7,21.4,51.2,정우석,합격
CELL-00159,2026-03-09 12:26,A라인,주간,3.694,4754.1,24.25,10.807,71.32,,24.7,54.5,이하영,합격
CELL-00160,2026-03-09 16:27,B라인,주간,3.644,4830.5,20.76,10.989,69.57,59.2,23.8,47.1,김수현,합격
CELL-00161,2026-03-09 17:29,C라인,주간,3.718,4998.5,28.76,11.428,71.27,60.9,24.0,49.3,한서린,합격
CELL-00162,2026-03-09 17:33,A라인,야간,3.663,4878.4,25.81,11.434,72.21,71.0,23.1,52.8,김수현,합격
CELL-00163,2026-03-09 18:51,C라인,야간,3.726,5112.9,22.9,10.878,70.47,76.4,22.3,34.2,정우석,합격
CELL-00164,2026-03-09 19:08,B라인,야간,3.645,4837.7,22.15,11.102,69.64,59.6,22.8,42.8,한서린,합격
CELL-00165,2026-03-09 19:18,B라인,야간,3.634,4706.9,26.46,11.061,70.44,81.7,20.6,48.6,박정민,합격
CELL-00166,2026-03-09 20:10,C라인,주간,3.678,4996.7,20.73,11.002,68.88,79.7,24.9,55.3,박정민,합격
CELL-00167,2026-03-09 20:12,C라인,야간,3.685,4901.2,20.11,11.149,70.35,60.8,19.7,23.4,박정민,합격
CELL-00168,2026-03-09 21:04,A라인,야간,3.658,5059.5,21.95,11.066,71.17,66.2,27.4,39.2,한서린,합격
CELL-00169,2026-03-09 21:21,A라인,주간,3.595,5026.3,21.19,11.096,70.82,65.9,21.2,48.3,정우석,합격
CELL-00170,2026-03-09 23:51,A라인,주간,3.663,4742.6,17.48,10.846,69.48,60.3,20.9,55.2,정우석,합격
CELL-00171,2026-03-10 00:24,A라인,주간,3.732,4967.6,22.4,10.763,71.41,67.4,19.5,52.0,한서린,합격
CELL-00172,2026-03-10 02:21,C라인,야간,3.669,4922.6,21.55,10.722,70.65,65.0,18.5,,한서린,합격
CELL-00173,2026-03-10 02:58,B라인,주간,3.684,4646.7,21.63,11.102,69.67,67.2,26.4,49.8,김수현,합격
CELL-00174,2026-03-10 03:54,B라인,주간,3.702,4712.3,19.28,10.81,70.37,66.4,29.6,44.5,이하영,합격
CELL-00175,2026-03-10 04:11,B라인,주간,3.698,5273.7,13.42,10.816,70.48,57.5,,46.5,박정민,합격
CELL-00176,2026-03-10 04:25,A라인,야간,3.613,5096.5,18.38,10.945,69.57,80.3,22.6,33.2,김수현,합격
CELL-00177,2026-03-10 04:47,A라인,야간,3.747,4939.3,21.45,10.879,70.69,74.0,19.1,35.0,이하영,합격
CELL-00178,2026-03-10 05:07,C라인,주간,3.679,4746.3,28.92,10.979,70.22,68.9,24.4,47.8,정우석,합격
CELL-00179,2026-03-10 06:05,A라인,주간,3.674,4959.0,21.77,10.87,69.32,72.2,24.6,45.6,박정민,합격
CELL-00180,2026-03-10 06:25,B라인,주간,3.63,4856.0,18.42,11.108,70.39,56.3,20.7,41.7,이하영,합격
CELL-00181,2026-03-10 06:42,C라인,주간,3.672,4760.7,22.67,10.741,68.36,69.7,22.5,46.8,한서린,합격
CELL-00182,2026-03-10 06:42,A라인,야간,3.701,4901.1,20.84,10.763,70.37,74.7,23.1,50.9,박정민,합격
CELL-00183,2026-03-10 06:58,A라인,야간,3.694,4927.1,17.85,10.888,70.74,79.1,22.7,48.8,정우석,합격
CELL-00184,2026-03-10 08:50,A라인,주간,3.692,4827.4,19.91,11.003,70.31,73.2,23.2,47.4,정우석,합격
CELL-00185,2026-03-10 10:08,B라인,주간,3.635,4768.4,19.33,10.837,71.48,74.6,21.8,42.5,박정민,합격
CELL-00186,2026-03-10 10:12,A라인,주간,3.713,4856.5,17.45,11.413,71.49,78.4,23.0,47.3,정우석,합격
CELL-00187,2026-03-10 10:14,C라인,야간,3.689,4807.6,20.64,10.576,69.76,74.2,23.2,49.9,한서린,합격
CELL-00188,2026-03-10 12:55,A라인,주간,3.669,5055.7,21.34,10.939,68.74,71.1,22.4,42.3,한서린,합격
CELL-00189,2026-03-10 14:31,A라인,주간,3.718,4811.3,20.8,10.834,70.82,64.3,20.3,46.6,이하영,합격
CELL-00190,2026-03-10 15:31,B라인,주간,3.632,4945.2,22.61,10.827,70.34,71.4,24.3,51.5,정우석,합격
CELL-00191,2026-03-10 15:35,B라인,주간,3.711,4882.8,19.74,11.301,70.42,83.6,21.8,70.4,이하영,합격
CELL-00192,2026-03-10 16:10,B라인,주간,3.735,5038.2,20.07,11.087,69.72,72.6,28.3,54.3,김수현,합격
CELL-00193,2026-03-10 16:11,C라인,주간,3.668,4860.6,21.69,10.928,71.56,73.3,25.6,44.0,박정민,합격
CELL-00194,2026-03-10 16:13,B라인,야간,3.653,5101.9,17.86,10.703,70.17,74.0,18.9,48.7,박정민,합격
CELL-00195,2026-03-10 16:21,B라인,주간,3.721,4753.9,20.85,11.032,70.57,74.9,22.9,39.4,정우석,합격
CELL-00196,2026-03-10 19:25,B라인,야간,3.647,4885.0,22.74,10.765,71.55,71.1,19.3,39.1,한서린,합격
CELL-00197,2026-03-10 21:11,A라인,주간,3.682,4766.0,20.57,10.832,69.27,63.8,23.7,59.0,정우석,합격
CELL-00198,2026-03-10 22:24,C라인,야간,3.651,4810.1,24.16,11.029,70.52,59.0,19.0,44.9,김수현,합격
CELL-00199,2026-03-10 22:37,A라인,야간,3.685,4841.0,21.88,11.042,70.18,76.0,22.4,51.6,김수현,합격
CELL-00200,2026-03-10 23:14,B라인,주간,3.738,4710.5,20.18,10.927,70.36,79.0,26.5,60.0,김수현,합격
CELL-00201,2026-03-11 00:20,A라인,야간,3.695,5041.4,21.82,11.116,69.3,87.4,18.9,40.6,김수현,합격
CELL-00202,2026-03-11 01:16,A라인,주간,3.691,4663.1,23.25,11.161,70.69,70.0,18.8,45.1,이하영,합격
CELL-00203,2026-03-11 02:18,A라인,야간,3.669,4955.3,26.62,11.304,71.03,83.0,24.8,36.9,박정민,불합격
CELL-00204,2026-03-11 02:52,C라인,주간,3.706,4777.2,23.29,10.774,69.96,59.1,24.6,55.5,이하영,합격
CELL-00205,2026-03-11 03:44,B라인,주간,3.686,4828.4,22.42,10.902,70.04,71.7,21.9,54.2,박정민,합격
CELL-00206,2026-03-11 03:44,B라인,야간,3.67,4751.1,27.11,11.154,69.44,57.6,24.2,48.8,이하영,합격
CELL-00207,2026-03-11 05:15,A라인,주간,3.597,4964.8,23.27,10.696,71.46,90.3,25.8,44.0,박정민,합격
CELL-00208,2026-03-11 06:52,B라인,주간,3.711,4987.6,19.61,10.911,69.34,68.5,26.0,37.3,한서린,합격
CELL-00209,2026-03-11 07:14,B라인,주간,3.671,4883.9,25.22,10.749,71.01,56.7,22.9,50.1,이하영,합격
CELL-00210,2026-03-11 07:30,C라인,주간,3.69,5100.2,21.76,11.22,71.15,82.5,22.0,39.3,한서린,합격
CELL-00211,2026-03-11 07:59,A라인,주간,3.606,4839.4,20.89,11.024,70.58,66.7,24.4,,이하영,합격
CELL-00212,2026-03-11 08:40,B라인,주간,3.664,4886.7,20.02,10.686,69.98,77.3,24.7,51.8,김수현,합격
CELL-00213,2026-03-11 09:03,B라인,야간,3.667,4844.3,25.2,11.495,70.32,53.7,24.6,39.2,김수현,합격
CELL-00214,2026-03-11 10:18,C라인,주간,3.717,4922.2,28.41,10.905,70.63,74.0,21.8,40.8,정우석,합격
CELL-00215,2026-03-11 12:43,C라인,주간,3.662,4847.7,25.5,10.706,71.17,72.0,24.9,51.3,정우석,합격
CELL-00216,2026-03-11 12:53,B라인,주간,3.667,4839.8,20.8,10.906,71.06,75.3,25.6,52.7,박정민,합격
CELL-00217,2026-03-11 13:03,A라인,주간,3.661,5188.7,22.22,11.202,70.6,72.9,20.7,36.4,한서린,합격
CELL-00218,2026-03-11 13:34,B라인,야간,3.684,4814.3,23.51,11.103,71.38,66.4,20.6,53.0,박정민,합격
CELL-00219,2026-03-11 14:37,B라인,주간,3.729,4868.7,26.57,10.938,70.98,75.0,24.6,33.9,김수현,합격
CELL-00220,2026-03-11 15:15,C라인,야간,3.7,4714.6,25.92,11.067,71.15,67.0,25.7,,정우석,합격
CELL-00221,2026-03-11 18:19,A라인,야간,3.72,4694.2,24.21,10.969,69.91,56.8,27.1,47.0,박정민,합격
CELL-00222,2026-03-11 18:33,C라인,주간,3.675,4866.2,27.47,11.094,69.58,69.9,23.6,50.5,박정민,합격
CELL-00223,2026-03-11 18:54,C라인,야간,3.712,5064.7,24.59,11.052,71.75,76.5,20.6,40.2,김수현,합격
CELL-00224,2026-03-11 18:57,B라인,야간,3.712,4877.1,24.06,10.982,69.58,63.9,21.7,47.9,김수현,합격
CELL-00225,2026-03-11 19:01,A라인,야간,3.573,4979.9,18.89,11.027,70.38,70.1,23.0,54.8,이하영,합격
CELL-00226,2026-03-11 20:33,A라인,주간,3.67,4932.6,22.05,10.835,68.77,72.4,23.6,50.8,김수현,합격
CELL-00227,2026-03-11 20:43,B라인,주간,3.679,4759.0,18.7,10.699,71.5,79.7,27.4,34.9,한서린,합격
CELL-00228,2026-03-11 21:22,A라인,주간,3.672,5148.2,20.79,10.664,71.87,61.9,20.9,42.2,이하영,합격
CELL-00229,2026-03-11 21:26,C라인,주간,3.659,5118.7,26.85,10.951,70.86,65.0,25.1,62.8,박정민,합격
CELL-00230,2026-03-11 21:36,A라인,주간,3.682,5038.7,21.44,11.092,68.92,74.7,23.6,50.9,이하영,합격
CELL-00231,2026-03-11 21:37,B라인,주간,3.669,4639.0,20.4,11.003,70.14,60.6,24.5,42.3,이하영,합격
CELL-00232,2026-03-12 00:12,A라인,주간,3.691,4987.7,23.03,10.97,69.14,59.0,27.6,41.0,한서린,합격
CELL-00233,2026-03-12 01:12,B라인,주간,3.721,4786.5,17.78,10.807,68.9,67.8,25.0,38.1,정우석,합격
CELL-00234,2026-03-12 01:37,A라인,야간,3.757,4935.5,17.5,11.085,70.08,74.7,21.9,51.6,이하영,합격
CELL-00235,2026-03-12 04:06,C라인,주간,3.677,4991.9,20.81,11.007,70.03,74.1,24.0,37.9,이하영,합격
CELL-00236,2026-03-12 04:20,C라인,야간,3.735,4937.8,21.85,11.201,70.63,73.0,23.7,,정우석,합격
CELL-00237,2026-03-12 04:28,A라인,야간,3.756,4980.5,22.93,11.267,71.4,65.2,23.1,41.4,박정민,합격
CELL-00238,2026-03-12 04:55,C라인,야간,3.688,4970.0,20.42,11.519,70.47,73.0,17.9,62.9,김수현,합격
CELL-00239,2026-03-12 06:49,C라인,주간,3.68,4970.6,21.55,11.223,69.89,66.6,21.8,49.1,한서린,합격
CELL-00240,2026-03-12 07:49,A라인,야간,3.679,5221.4,26.55,11.268,70.43,72.1,23.2,,한서린,합격
CELL-00241,2026-03-12 08:21,A라인,주간,3.706,4903.6,26.44,10.766,69.3,74.5,26.7,48.7,이하영,합격
CELL-00242,2026-03-12 09:21,A라인,야간,3.675,4788.1,25.94,10.677,70.52,65.7,20.5,37.2,박정민,합격
CELL-00243,2026-03-12 10:36,B라인,주간,3.655,4877.0,21.42,11.171,70.54,80.7,29.7,39.8,한서린,합격
CELL-00244,2026-03-12 12:28,C라인,야간,3.65,4962.6,23.44,10.9,69.68,69.5,24.7,43.2,이하영,합격
CELL-00245,2026-03-12 13:48,A라인,주간,3.674,4998.6,22.6,10.809,69.86,70.1,30.1,35.0,박정민,합격
CELL-00246,2026-03-12 17:47,A라인,주간,3.75,4979.9,29.27,10.991,70.07,63.4,24.6,43.5,박정민,합격
CELL-00247,2026-03-12 19:02,C라인,주간,3.676,4766.6,23.08,11.147,69.09,64.9,21.1,47.7,박정민,합격
CELL-00248,2026-03-12 21:41,C라인,주간,3.621,4966.7,22.04,10.852,70.64,63.4,23.5,38.9,김수현,합격
CELL-00249,2026-03-12 21:55,A라인,야간,3.691,5228.1,15.69,10.852,70.58,67.6,21.2,59.3,정우석,합격
CELL-00250,2026-03-12 22:32,A라인,주간,3.755,5034.7,25.3,10.946,70.32,69.8,25.2,41.2,정우석,합격
CELL-00251,2026-03-12 23:00,A라인,주간,3.679,4877.6,25.69,11.128,70.47,70.2,25.1,34.0,한서린,합격
CELL-00252,2026-03-12 23:02,C라인,야간,3.657,5205.0,21.4,10.662,70.45,62.6,21.1,43.6,정우석,합격
CELL-00253,2026-03-12 23:04,B라인,야간,3.677,4783.3,21.06,11.019,69.54,70.8,25.3,48.6,이하영,합격
CELL-00254,2026-03-13 00:04,A라인,주간,3.797,4940.7,18.83,11.049,71.47,77.7,24.9,36.7,한서린,합격
CELL-00255,2026-03-13 00:40,B라인,야간,3.636,4668.7,23.89,10.823,70.78,63.7,24.0,41.7,한서린,합격
CELL-00256,2026-03-13 01:13,C라인,주간,3.705,4860.5,24.45,10.969,70.09,67.1,23.3,38.5,이하영,합격
CELL-00257,2026-03-13 01:20,B라인,주간,3.691,5086.4,18.74,10.717,70.89,80.1,24.5,36.3,정우석,합격
CELL-00258,2026-03-13 02:20,A라인,야간,3.744,4778.6,22.69,10.978,70.88,67.1,25.3,48.5,이하영,합격
CELL-00259,2026-03-13 03:02,C라인,주간,3.684,5100.9,28.67,10.924,69.4,76.4,23.0,51.0,김수현,합격
CELL-00260,2026-03-13 04:41,B라인,야간,3.706,5101.4,18.05,10.912,69.86,60.0,19.4,44.0,박정민,합격
CELL-00261,2026-03-13 05:15,A라인,주간,3.686,4881.5,22.71,11.168,71.58,72.4,24.1,52.9,이하영,합격
CELL-00262,2026-03-13 07:01,B라인,야간,3.683,4941.4,19.67,11.054,67.32,63.0,23.3,54.3,정우석,합격
CELL-00263,2026-03-13 08:44,C라인,야간,3.684,4897.0,18.94,11.202,71.28,80.9,24.1,47.2,정우석,합격
CELL-00264,2026-03-13 09:32,A라인,야간,3.683,5014.7,19.86,11.159,71.76,71.1,18.9,37.2,이하영,합격
CELL-00265,2026-03-13 09:38,C라인,야간,3.656,4940.1,28.22,10.776,69.58,75.7,23.4,34.3,정우석,합격
CELL-00266,2026-03-13 12:16,C라인,주간,3.671,5042.2,25.63,11.139,69.85,78.3,20.3,,한서린,불합격
CELL-00267,2026-03-13 13:22,B라인,주간,3.683,4690.4,15.0,11.089,69.92,71.4,23.6,44.7,한서린,합격
CELL-00268,2026-03-13 16:34,A라인,주간,3.676,4881.8,21.87,11.293,68.4,65.6,23.5,45.0,한서린,합격
CELL-00269,2026-03-13 17:25,C라인,주간,3.682,4987.4,20.07,11.076,71.28,69.8,24.3,49.2,이하영,합격
CELL-00270,2026-03-13 18:10,C라인,주간,3.737,4907.4,17.61,10.728,69.02,84.9,24.1,48.5,박정민,합격
CELL-00271,2026-03-13 19:31,A라인,주간,3.668,4604.7,25.15,11.077,70.42,73.9,25.4,53.5,박정민,합격
CELL-00272,2026-03-13 21:06,B라인,야간,3.729,4822.9,19.72,11.295,69.8,70.2,25.1,55.8,정우석,합격
CELL-00273,2026-03-13 21:34,A라인,주간,3.65,5035.0,22.35,10.92,69.02,71.4,23.5,42.6,이하영,합격
CELL-00274,2026-03-13 23:25,A라인,야간,3.693,4619.7,27.45,10.847,69.74,84.1,22.0,,한서린,불합격
CELL-00275,2026-03-14 00:28,A라인,야간,3.693,4803.8,26.35,10.863,70.43,68.3,21.7,36.8,박정민,합격
CELL-00276,2026-03-14 00:42,B라인,야간,3.695,4796.6,24.37,10.963,69.15,72.1,24.8,41.2,박정민,합격
CELL-00277,2026-03-14 03:01,A라인,주간,3.683,4888.7,24.59,11.126,71.23,60.9,28.9,53.8,이하영,합격
CELL-00278,2026-03-14 04:23,C라인,주간,3.685,4828.8,19.83,10.833,69.07,71.1,25.2,45.7,박정민,합격
CELL-00279,2026-03-14 04:31,B라인,주간,3.621,5042.2,13.73,10.738,70.14,71.0,22.2,35.9,한서린,합격
CELL-00280,2026-03-14 05:33,C라인,야간,3.699,5093.0,15.8,11.309,70.95,63.4,20.2,48.0,한서린,합격
CELL-00281,2026-03-14 05:59,C라인,주간,3.68,4986.8,24.91,10.745,69.95,62.7,28.1,35.6,이하영,합격
CELL-00282,2026-03-14 06:33,A라인,주간,3.681,4889.4,20.19,11.031,71.21,79.9,23.8,47.8,정우석,합격
CELL-00283,2026-03-14 08:18,B라인,야간,3.661,4854.6,21.05,10.969,70.43,71.7,27.2,39.7,이하영,합격
CELL-00284,2026-03-14 09:06,B라인,주간,3.628,4847.4,30.32,10.833,71.75,68.8,22.6,35.8,정우석,합격
CELL-00285,2026-03-14 09:07,B라인,주간,3.689,4593.2,26.29,11.217,69.83,66.6,27.7,41.4,정우석,불합격
CELL-00286,2026-03-14 09:15,A라인,주간,3.691,4904.7,25.14,11.414,70.83,68.1,22.9,46.9,이하영,불합격
CELL-00287,2026-03-14 09:37,A라인,야간,3.697,4760.2,16.86,10.68,69.6,65.9,19.0,54.2,이하영,합격
CELL-00288,2026-03-14 10:24,A라인,주간,3.655,4857.4,19.22,11.06,70.84,82.2,23.9,42.8,이하영,합격
CELL-00289,2026-03-14 11:06,B라인,주간,3.619,4994.8,27.12,11.35,70.41,75.0,21.9,40.5,이하영,합격
CELL-00290,2026-03-14 12:02,A라인,주간,3.692,5071.5,25.92,10.998,69.43,79.2,22.5,29.8,김수현,합격
CELL-00291,2026-03-14 12:49,A라인,주간,3.68,4980.4,18.89,11.022,69.97,70.7,25.4,35.2,박정민,합격
CELL-00292,2026-03-14 13:07,B라인,주간,3.687,4732.8,20.17,11.196,70.78,64.0,26.5,38.6,이하영,합격
CELL-00293,2026-03-14 13:20,A라인,주간,3.649,4831.7,23.92,10.988,70.5,59.5,20.8,53.8,김수현,합격
CELL-00294,2026-03-14 14:50,B라인,야간,3.714,4826.0,16.31,11.192,69.54,80.9,28.3,40.6,이하영,합격
CELL-00295,2026-03-14 15:55,B라인,주간,3.629,4923.4,14.42,11.256,70.74,59.6,27.9,53.2,김수현,합격
CELL-00296,2026-03-14 18:13,C라인,야간,3.706,4915.0,24.79,11.197,69.78,58.0,23.9,44.7,이하영,합격
CELL-00297,2026-03-14 19:18,B라인,야간,3.693,5044.8,23.81,11.134,70.5,69.1,25.9,46.0,이하영,합격
CELL-00298,2026-03-14 20:55,B라인,야간,3.686,4779.0,19.66,11.022,69.85,70.9,22.7,23.6,한서린,합격
CELL-00299,2026-03-14 22:17,A라인,주간,3.671,4937.6,22.81,11.202,70.18,70.8,24.9,44.8,이하영,합격
CELL-00300,2026-03-14 22:23,B라인,야간,3.603,4734.8,13.26,10.996,69.85,64.1,20.5,,김수현,합격
CELL-00301,2026-03-14 22:52,B라인,주간,3.696,4765.2,26.53,10.976,69.48,69.6,20.1,52.3,한서린,합격
CELL-00302,2026-03-14 23:15,C라인,주간,3.737,5134.8,24.49,10.892,69.55,76.7,25.9,34.9,한서린,합격
CELL-00303,2026-03-15 01:14,A라인,주간,3.734,4860.1,21.83,10.976,69.77,75.8,23.6,48.8,김수현,합격
CELL-00304,2026-03-15 01:29,C라인,야간,3.714,5016.2,28.94,11.246,69.81,66.0,25.4,49.0,박정민,합격
CELL-00305,2026-03-15 02:01,A라인,주간,3.63,4966.5,25.85,10.921,68.49,61.9,28.8,43.0,이하영,합격
CELL-00306,2026-03-15 05:23,A라인,주간,3.685,4910.4,29.79,10.985,71.12,66.2,24.4,41.3,정우석,합격
CELL-00307,2026-03-15 06:34,B라인,야간,3.626,4915.7,20.12,11.071,70.16,71.6,24.5,,정우석,합격
CELL-00308,2026-03-15 07:35,A라인,주간,3.721,4801.1,20.4,10.932,69.62,73.2,26.1,40.3,이하영,합격
CELL-00309,2026-03-15 07:58,B라인,야간,3.669,4974.8,23.48,11.005,71.43,69.6,22.8,58.8,한서린,합격
CELL-00310,2026-03-15 08:06,A라인,야간,3.729,4861.8,23.36,11.016,70.8,67.9,22.0,37.0,정우석,합격
CELL-00311,2026-03-15 08:49,C라인,주간,3.728,4811.0,25.09,11.18,71.72,77.4,21.9,43.7,이하영,합격
CELL-00312,2026-03-15 09:14,B라인,야간,3.658,4996.4,18.13,11.079,68.83,76.3,,46.2,김수현,합격
CELL-00313,2026-03-15 09:33,A라인,야간,3.68,5096.9,19.56,11.131,69.97,70.7,20.4,23.4,김수현,합격
CELL-00314,2026-03-15 11:24,B라인,주간,3.702,4952.8,25.35,11.022,69.75,75.4,,50.5,박정민,합격
CELL-00315,2026-03-15 12:45,A라인,야간,3.657,4790.8,15.86,10.758,70.09,91.2,18.2,42.5,이하영,합격
CELL-00316,2026-03-15 14:35,B라인,주간,3.717,4997.5,21.42,10.696,71.37,72.4,21.5,39.0,한서린,합격
CELL-00317,2026-03-15 16:48,C라인,야간,3.708,4821.5,22.17,11.015,70.22,76.4,23.5,37.6,정우석,합격
CELL-00318,2026-03-15 17:51,A라인,야간,3.682,4848.4,19.48,10.907,70.58,78.6,23.6,55.9,한서린,합격
CELL-00319,2026-03-15 19:02,B라인,주간,3.607,4838.2,22.09,11.251,69.25,70.1,23.3,,박정민,합격
CELL-00320,2026-03-15 19:06,B라인,야간,3.674,4668.7,20.28,11.311,70.9,74.2,22.3,51.7,김수현,합격
CELL-00321,2026-03-15 19:19,C라인,주간,3.735,4919.0,25.24,11.007,69.91,60.6,26.1,50.8,정우석,합격
CELL-00322,2026-03-15 19:36,A라인,주간,3.684,4996.4,17.01,10.605,71.34,72.6,24.9,39.5,이하영,합격
CELL-00323,2026-03-15 19:55,B라인,주간,3.695,4824.8,11.1,10.994,70.88,71.8,20.6,48.3,이하영,합격
CELL-00324,2026-03-15 21:13,A라인,주간,3.757,4953.8,24.81,11.082,72.87,77.0,24.5,40.1,박정민,합격
CELL-00325,2026-03-15 21:51,A라인,주간,3.674,4631.1,20.3,10.498,69.48,68.0,25.7,39.4,정우석,불합격
CELL-00326,2026-03-15 22:17,A라인,주간,3.75,4994.7,28.5,10.987,70.73,84.3,21.8,40.7,박정민,합격
CELL-00327,2026-03-16 01:21,A라인,주간,3.634,4707.2,23.48,11.014,69.97,59.8,24.8,51.3,박정민,합격
CELL-00328,2026-03-16 01:50,A라인,주간,3.763,4801.2,23.34,10.892,70.35,82.9,26.8,42.9,한서린,합격
CELL-00329,2026-03-16 03:41,B라인,야간,3.675,4794.1,21.39,11.261,69.16,70.8,21.9,44.9,이하영,합격
CELL-00330,2026-03-16 03:55,C라인,주간,3.631,4778.1,30.02,10.584,70.19,71.1,26.0,39.2,박정민,불합격
CELL-00331,2026-03-16 05:35,A라인,주간,3.679,5015.8,24.76,10.956,68.81,56.2,24.3,39.6,박정민,합격
CELL-00332,2026-03-16 06:33,A라인,주간,3.641,5132.9,16.47,10.944,68.71,71.4,24.4,46.4,한서린,합격
CELL-00333,2026-03-16 06:40,A라인,야간,3.678,5024.8,19.2,10.68,70.76,74.8,21.6,,김수현,합격
CELL-00334,2026-03-16 07:30,B라인,주간,3.625,4732.3,23.36,10.791,69.93,72.0,22.8,38.9,한서린,합격
CELL-00335,2026-03-16 08:42,B라인,주간,3.66,4882.2,16.53,10.798,70.57,74.8,25.4,42.7,이하영,합격
CELL-00336,2026-03-16 09:26,B라인,야간,3.704,4808.8,15.49,10.979,69.87,74.1,23.6,47.1,이하영,합격
CELL-00337,2026-03-16 11:16,B라인,야간,3.696,4980.2,20.08,11.118,70.37,70.2,24.4,56.7,정우석,합격
CELL-00338,2026-03-16 12:25,A라인,야간,3.649,4893.0,24.16,10.966,69.2,78.1,23.0,37.4,한서린,합격
CELL-00339,2026-03-16 13:02,C라인,주간,3.658,4905.0,21.6,10.906,70.44,77.8,22.7,36.6,김수현,합격
CELL-00340,2026-03-16 13:11,A라인,야간,3.692,5011.2,27.01,10.644,71.72,62.7,25.1,41.9,박정민,합격
CELL-00341,2026-03-16 13:34,B라인,야간,3.605,4933.7,24.56,10.779,71.33,74.7,23.5,26.9,박정민,합격
CELL-00342,2026-03-16 14:57,C라인,주간,3.608,4805.9,18.58,11.156,68.59,68.9,20.6,37.4,박정민,합격
CELL-00343,2026-03-16 15:19,A라인,주간,3.695,4898.2,24.91,10.784,68.9,76.4,23.1,47.3,김수현,합격
CELL-00344,2026-03-16 19:01,C라인,야간,3.634,4969.1,22.29,11.123,69.94,57.3,22.0,48.8,박정민,합격
CELL-00345,2026-03-16 20:39,B라인,야간,3.637,4698.8,21.13,11.026,71.5,74.4,22.6,44.5,한서린,합격
CELL-00346,2026-03-16 22:06,A라인,주간,3.638,4983.6,24.18,10.887,71.61,75.7,21.3,37.0,박정민,합격
CELL-00347,2026-03-17 00:16,A라인,야간,3.692,5056.8,26.1,10.928,71.33,70.9,24.3,30.2,이하영,합격
CELL-00348,2026-03-17 00:17,A라인,주간,3.668,5007.3,22.46,10.913,69.08,70.6,25.9,44.6,박정민,합격
CELL-00349,2026-03-17 03:31,C라인,주간,3.648,5059.2,22.18,11.272,70.41,74.4,25.7,44.5,김수현,합격
CELL-00350,2026-03-17 03:48,A라인,야간,3.722,4903.5,24.75,10.822,69.12,77.1,19.3,,한서린,합격
CELL-00351,2026-03-17 04:00,A라인,야간,3.72,4759.5,21.23,11.205,70.74,91.3,24.8,,박정민,합격
CELL-00352,2026-03-17 04:02,B라인,주간,3.691,4758.2,23.68,11.269,71.17,73.5,21.9,40.6,이하영,합격
CELL-00353,2026-03-17 05:28,B라인,주간,3.64,5068.6,20.78,11.053,69.42,76.1,25.0,47.2,정우석,합격
CELL-00354,2026-03-17 06:41,C라인,주간,3.682,5050.1,26.89,11.087,70.81,79.5,24.9,53.6,한서린,합격
CELL-00355,2026-03-17 07:32,B라인,야간,3.649,4891.0,15.96,10.879,69.74,78.8,24.1,40.1,김수현,합격
CELL-00356,2026-03-17 08:24,B라인,야간,3.604,4704.7,15.4,11.373,69.5,68.9,21.5,42.4,한서린,합격
CELL-00357,2026-03-17 09:09,A라인,야간,3.696,4966.4,24.32,11.144,70.18,72.4,20.8,45.1,정우석,합격
CELL-00358,2026-03-17 09:27,C라인,야간,3.688,4822.5,21.14,10.775,71.14,,21.3,40.9,정우석,합격
CELL-00359,2026-03-17 09:36,C라인,주간,3.725,5061.3,15.94,11.224,69.67,68.5,25.5,45.3,김수현,합격
CELL-00360,2026-03-17 09:51,B라인,야간,3.621,4878.5,22.36,11.174,69.59,73.3,26.4,51.0,이하영,합격
CELL-00361,2026-03-17 11:06,A라인,주간,3.687,4820.2,21.56,11.234,70.08,73.3,22.1,54.5,김수현,합격
CELL-00362,2026-03-17 11:10,A라인,주간,3.724,4993.3,20.67,11.384,69.95,69.6,24.4,46.2,김수현,합격
CELL-00363,2026-03-17 12:35,C라인,야간,3.661,4807.3,29.5,10.985,69.89,72.2,26.4,54.4,이하영,불합격
CELL-00364,2026-03-17 12:46,A라인,주간,3.633,5223.4,22.15,11.443,71.09,68.8,22.0,39.1,박정민,합격
CELL-00365,2026-03-17 15:12,A라인,야간,3.619,4829.4,23.77,10.939,72.27,60.6,20.6,41.4,이하영,합격
CELL-00366,2026-03-17 15:26,B라인,야간,3.594,5088.8,22.51,10.997,69.93,73.8,21.0,59.8,이하영,합격
CELL-00367,2026-03-17 15:28,A라인,야간,3.608,5003.1,22.82,10.94,68.84,71.4,21.6,29.2,이하영,합격
CELL-00368,2026-03-17 17:34,B라인,야간,3.713,4901.2,25.45,11.223,70.23,73.3,23.7,57.5,한서린,불합격
CELL-00369,2026-03-17 18:14,C라인,주간,3.769,4913.2,18.86,10.947,71.34,70.5,25.2,53.0,한서린,합격
CELL-00370,2026-03-17 18:16,A라인,야간,3.689,4566.9,23.86,11.162,70.68,91.0,26.1,52.2,김수현,불합격
CELL-00371,2026-03-17 19:55,B라인,주간,3.657,4755.5,18.97,11.026,71.49,71.2,26.9,38.9,김수현,합격
CELL-00372,2026-03-17 20:40,C라인,주간,3.7,5241.9,19.66,11.28,71.27,82.0,25.2,56.5,김수현,합격
CELL-00373,2026-03-17 21:20,A라인,주간,3.699,4794.0,21.02,10.771,70.21,77.6,23.5,39.8,정우석,합격
CELL-00374,2026-03-17 22:53,B라인,주간,3.654,4855.9,24.59,10.621,68.96,62.7,27.1,54.5,김수현,합격
CELL-00375,2026-03-17 23:47,C라인,주간,3.634,4776.7,21.28,10.783,69.85,68.9,24.0,52.2,한서린,불합격
CELL-00376,2026-03-18 00:16,A라인,주간,3.645,4949.6,21.77,11.088,69.52,69.7,28.6,53.3,정우석,합격
CELL-00377,2026-03-18 04:04,A라인,야간,3.696,4722.4,22.13,10.827,68.39,66.6,20.5,37.8,김수현,합격
CELL-00378,2026-03-18 05:07,A라인,주간,3.699,4961.7,24.08,10.785,70.1,73.2,26.3,50.0,이하영,합격
CELL-00379,2026-03-18 06:49,C라인,주간,3.646,4930.6,24.0,11.052,69.2,69.7,26.0,47.6,박정민,합격
CELL-00380,2026-03-18 07:09,B라인,야간,3.717,4935.8,24.07,11.264,69.86,84.0,22.7,57.5,김수현,합격
CELL-00381,2026-03-18 07:20,C라인,주간,3.733,5085.7,25.78,11.444,70.28,85.4,22.4,43.8,김수현,합격
CELL-00382,2026-03-18 08:16,A라인,주간,3.626,4896.8,26.89,11.223,71.86,62.5,24.0,45.8,김수현,합격
CELL-00383,2026-03-18 09:48,C라인,주간,3.616,4818.4,27.32,11.079,69.37,73.8,23.3,,정우석,합격
CELL-00384,2026-03-18 10:02,A라인,야간,3.714,4927.2,21.15,10.995,71.77,65.8,,,한서린,합격
CELL-00385,2026-03-18 10:16,C라인,주간,3.627,4980.2,24.09,11.126,69.08,61.0,24.4,36.1,김수현,합격
CELL-00386,2026-03-18 10:41,A라인,주간,3.692,4923.1,23.66,10.85,69.27,64.2,23.9,58.4,정우석,합격
CELL-00387,2026-03-18 17:01,C라인,주간,3.671,4960.5,15.01,11.146,70.49,59.2,25.2,35.6,정우석,합격
CELL-00388,2026-03-18 17:45,C라인,주간,3.676,4877.6,22.95,11.095,69.59,73.1,25.8,40.5,정우석,합격
CELL-00389,2026-03-18 17:55,B라인,주간,3.675,4865.7,21.96,11.232,68.91,72.6,25.3,53.7,김수현,불합격
CELL-00390,2026-03-18 18:08,B라인,주간,3.668,4608.6,24.81,11.229,70.9,64.0,22.3,46.8,김수현,불합격
CELL-00391,2026-03-18 18:32,A라인,야간,3.665,4991.0,18.96,10.994,71.16,77.2,20.3,31.7,이하영,합격
CELL-00392,2026-03-18 21:56,A라인,야간,3.669,4868.4,19.5,11.16,69.92,67.5,21.6,30.7,김수현,합격
CELL-00393,2026-03-18 22:01,A라인,야간,3.691,5034.1,18.29,11.201,70.35,71.5,24.1,45.0,한서린,합격
CELL-00394,2026-03-18 23:02,A라인,야간,3.706,4752.4,19.81,10.965,68.42,69.2,19.9,42.0,한서린,합격
CELL-00395,2026-03-18 23:17,C라인,야간,3.608,4913.7,17.4,10.972,69.31,75.0,23.1,52.8,정우석,합격
CELL-00396,2026-03-18 23:36,C라인,주간,3.659,4940.4,21.69,10.801,69.93,85.9,29.0,46.6,정우석,합격
CELL-00397,2026-03-19 01:44,B라인,야간,3.643,4754.8,22.8,11.186,70.48,66.2,24.9,42.3,정우석,합격
CELL-00398,2026-03-19 02:01,C라인,주간,3.659,4826.8,23.63,11.273,72.17,73.1,23.2,38.3,정우석,합격
CELL-00399,2026-03-19 04:02,B라인,주간,3.752,4734.4,15.02,11.206,69.18,82.9,28.4,55.5,정우석,합격
CELL-00400,2026-03-19 04:50,C라인,주간,3.616,4856.9,19.99,10.993,69.91,63.7,27.4,32.4,이하영,합격
CELL-00401,2026-03-19 08:36,B라인,주간,3.656,4908.7,26.83,11.203,69.46,73.6,24.0,43.3,한서린,불합격
CELL-00402,2026-03-19 09:43,C라인,야간,3.684,4838.8,22.32,11.366,70.77,63.1,25.6,39.1,이하영,합격
CELL-00403,2026-03-19 12:51,C라인,야간,3.667,4951.7,23.44,11.063,70.98,70.4,24.5,50.9,박정민,합격
CELL-00404,2026-03-19 14:27,A라인,야간,3.726,4928.7,25.49,10.789,69.64,70.3,16.6,46.9,이하영,합격
CELL-00405,2026-03-19 14:29,B라인,야간,3.739,4871.8,20.88,10.929,69.03,62.4,25.0,42.2,박정민,합격
CELL-00406,2026-03-19 14:45,A라인,주간,3.65,4786.8,22.09,10.689,70.13,75.4,25.5,29.7,이하영,합격
CELL-00407,2026-03-19 15:23,B라인,야간,3.659,5122.2,21.22,11.195,67.25,76.3,21.8,25.4,정우석,합격
CELL-00408,2026-03-19 16:37,A라인,주간,3.676,4891.1,22.95,11.157,68.56,61.7,22.7,53.4,이하영,합격
CELL-00409,2026-03-19 16:38,C라인,주간,3.688,4924.1,27.2,10.802,69.86,59.3,23.9,57.0,이하영,합격
CELL-00410,2026-03-19 17:51,C라인,야간,3.628,4933.3,25.86,11.332,70.77,80.4,19.4,42.6,김수현,불합격
CELL-00411,2026-03-19 19:07,A라인,주간,3.651,4911.9,25.05,11.022,70.42,65.4,27.6,32.1,정우석,합격
CELL-00412,2026-03-19 19:38,A라인,주간,3.679,4896.0,20.13,10.563,70.03,75.4,21.9,42.7,한서린,합격
CELL-00413,2026-03-19 20:46,A라인,주간,3.709,5100.7,19.18,10.766,69.9,64.7,22.4,53.8,이하영,합격
CELL-00414,2026-03-19 21:03,B라인,주간,3.703,4955.2,23.1,11.03,69.7,68.7,25.8,29.8,정우석,합격
CELL-00415,2026-03-19 22:04,B라인,주간,3.678,4946.7,26.85,11.213,69.72,64.4,21.8,44.4,박정민,합격
CELL-00416,2026-03-19 23:43,A라인,주간,3.673,5107.2,21.29,10.976,71.14,75.4,27.1,54.4,박정민,합격
CELL-00417,2026-03-19 23:55,B라인,주간,3.623,4795.9,19.85,10.947,69.31,69.8,23.5,45.7,박정민,합격
CELL-00418,2026-03-20 00:07,A라인,주간,3.613,5058.2,23.98,10.629,70.28,74.9,26.0,35.5,이하영,합격
CELL-00419,2026-03-20 00:46,C라인,야간,3.654,4899.1,23.12,11.069,69.17,84.3,24.0,43.6,김수현,합격
CELL-00420,2026-03-20 00:51,A라인,야간,3.672,4768.2,23.86,11.02,70.89,73.2,26.6,26.9,정우석,합격
CELL-00421,2026-03-20 03:08,A라인,야간,3.731,4944.8,20.04,10.818,70.45,70.4,20.7,49.2,김수현,합격
CELL-00422,2026-03-20 03:34,C라인,주간,3.715,4770.0,23.89,10.97,70.99,,22.6,33.7,이하영,합격
CELL-00423,2026-03-20 03:50,A라인,야간,3.719,5012.7,23.99,10.925,70.11,69.7,21.2,46.9,이하영,합격
CELL-00424,2026-03-20 04:47,A라인,야간,3.665,4676.7,18.07,10.732,68.78,74.2,21.2,38.8,한서린,합격
CELL-00425,2026-03-20 05:10,A라인,야간,3.7,4836.3,16.97,10.942,70.44,74.5,19.4,42.8,정우석,합격
CELL-00426,2026-03-20 08:00,A라인,주간,3.679,4850.6,26.43,10.758,70.68,70.7,22.0,45.9,이하영,합격
CELL-00427,2026-03-20 10:07,A라인,야간,3.678,5259.7,22.39,11.26,70.4,64.5,20.2,38.4,정우석,합격
CELL-00428,2026-03-20 11:23,B라인,야간,3.753,4734.4,27.73,10.757,68.26,72.1,21.7,44.5,한서린,불합격
CELL-00429,2026-03-20 11:28,B라인,야간,3.667,4923.9,23.59,10.72,70.02,55.8,18.4,29.7,박정민,합격
CELL-00430,2026-03-20 11:39,B라인,주간,3.733,4459.0,19.6,10.934,70.47,69.3,26.5,57.9,정우석,합격
CELL-00431,2026-03-20 13:04,B라인,주간,3.695,5043.1,19.58,11.092,70.68,65.3,25.4,37.1,이하영,합격
CELL-00432,2026-03-20 13:10,B라인,야간,3.672,4590.4,24.7,11.341,71.52,86.9,21.8,47.0,한서린,불합격
CELL-00433,2026-03-20 13:17,B라인,주간,3.718,4886.4,19.3,10.876,71.44,73.2,22.9,37.5,이하영,합격
CELL-00434,2026-03-20 13:57,C라인,주간,3.699,4978.0,20.64,11.151,71.2,86.6,27.5,50.9,한서린,합격
CELL-00435,2026-03-20 15:24,A라인,야간,3.752,4785.5,21.15,10.912,69.93,76.7,23.2,50.5,정우석,합격
CELL-00436,2026-03-20 15:35,B라인,주간,3.676,4944.9,20.51,11.018,68.96,79.1,20.9,44.6,정우석,합격
CELL-00437,2026-03-20 15:38,B라인,주간,3.663,4916.2,23.42,10.917,69.06,74.4,23.3,58.4,박정민,합격
CELL-00438,2026-03-20 15:54,A라인,야간,3.74,4957.2,18.07,10.622,72.3,66.7,25.5,32.3,이하영,합격
CELL-00439,2026-03-20 17:21,A라인,주간,3.653,4775.0,20.4,10.91,69.35,72.5,23.4,44.4,이하영,합격
CELL-00440,2026-03-20 17:32,B라인,주간,3.704,4815.8,20.26,10.855,70.2,62.1,28.4,51.6,박정민,합격
CELL-00441,2026-03-20 17:59,B라인,주간,3.675,4621.8,20.95,11.249,69.61,67.8,21.4,59.8,한서린,합격
CELL-00442,2026-03-20 20:53,B라인,주간,3.674,4881.4,24.14,11.117,70.05,74.5,24.8,39.3,김수현,합격
CELL-00443,2026-03-20 22:01,B라인,주간,3.697,5091.5,20.13,11.233,69.73,77.3,20.8,57.6,정우석,합격
CELL-00444,2026-03-20 22:21,A라인,야간,3.677,4643.4,17.76,11.026,68.88,60.3,21.1,38.9,한서린,합격
CELL-00445,2026-03-20 23:02,C라인,야간,3.741,4908.1,22.82,10.836,69.35,67.3,18.8,48.9,한서린,합격
CELL-00446,2026-03-21 00:24,A라인,주간,3.667,5004.9,23.6,10.846,69.25,74.3,26.5,49.0,이하영,합격
CELL-00447,2026-03-21 00:56,A라인,주간,3.684,4928.1,24.42,11.024,69.79,80.0,24.5,53.1,한서린,합격
CELL-00448,2026-03-21 01:13,B라인,야간,3.692,5049.5,19.99,10.949,69.78,61.9,22.3,44.2,박정민,합격
CELL-00449,2026-03-21 01:48,B라인,주간,3.645,4581.1,24.73,11.117,70.23,73.0,19.2,61.7,김수현,합격
CELL-00450,2026-03-21 06:55,A라인,주간,3.668,4941.3,19.77,10.77,70.62,79.9,24.2,37.2,박정민,합격
CELL-00451,2026-03-21 07:06,A라인,주간,3.711,5079.2,19.23,11.507,72.16,60.0,27.4,45.6,이하영,합격
CELL-00452,2026-03-21 10:05,C라인,야간,3.651,4905.1,26.34,11.245,70.2,,22.3,44.3,정우석,합격
CELL-00453,2026-03-21 10:05,B라인,주간,3.679,5001.3,20.48,11.288,70.82,66.7,27.2,44.9,이하영,합격
CELL-00454,2026-03-21 10:35,B라인,주간,3.724,4746.6,21.89,10.961,69.96,72.2,25.5,54.3,이하영,합격
CELL-00455,2026-03-21 11:29,A라인,야간,3.67,4897.2,18.4,10.972,69.83,,23.0,43.4,한서린,합격
CELL-00456,2026-03-21 11:55,A라인,주간,3.68,4856.7,18.27,10.89,71.87,70.4,20.1,,김수현,합격
CELL-00457,2026-03-21 11:56,A라인,주간,3.636,4759.4,23.8,11.023,70.5,72.5,24.5,46.1,한서린,합격
CELL-00458,2026-03-21 12:54,A라인,주간,3.696,4817.9,26.81,11.193,70.77,60.4,25.1,42.1,한서린,합격
CELL-00459,2026-03-21 12:59,A라인,주간,3.694,4956.5,16.61,10.61,70.3,84.5,25.5,48.0,정우석,합격
CELL-00460,2026-03-21 12:59,B라인,주간,3.736,4928.7,22.17,10.957,70.82,75.9,25.3,45.2,정우석,합격
CELL-00461,2026-03-21 13:03,C라인,야간,3.684,4739.5,21.43,11.307,69.18,72.9,24.2,40.0,정우석,합격
CELL-00462,2026-03-21 14:01,A라인,주간,3.649,4912.2,23.38,10.899,68.08,71.0,25.2,41.1,한서린,합격
CELL-00463,2026-03-21 15:11,B라인,야간,3.726,4749.6,13.27,10.957,69.58,63.2,21.4,36.9,정우석,합격
CELL-00464,2026-03-21 15:46,B라인,야간,3.726,4801.0,23.77,10.915,70.84,70.9,21.7,34.4,한서린,합격
CELL-00465,2026-03-21 15:51,C라인,주간,3.697,4845.7,24.09,11.193,69.86,72.9,23.0,39.8,정우석,합격
CELL-00466,2026-03-21 16:18,B라인,주간,3.663,4700.3,20.81,10.848,70.49,60.8,24.5,49.3,한서린,합격
CELL-00467,2026-03-21 16:52,B라인,주간,3.694,4688.3,25.0,10.83,70.64,60.4,21.2,51.6,정우석,합격
CELL-00468,2026-03-21 17:35,A라인,주간,3.656,5251.9,23.6,11.083,70.21,76.6,24.9,,박정민,합격
CELL-00469,2026-03-21 19:55,C라인,야간,3.687,4828.9,22.78,10.801,70.99,71.2,21.8,40.5,정우석,합격
CELL-00470,2026-03-21 20:08,C라인,야간,3.721,4616.0,22.03,10.984,69.75,79.2,24.9,43.4,정우석,합격
CELL-00471,2026-03-21 20:42,C라인,주간,3.707,4889.3,20.59,11.098,69.53,68.1,22.4,41.5,한서린,합격
CELL-00472,2026-03-21 21:01,A라인,주간,3.675,4950.8,22.75,10.828,69.81,70.0,24.8,46.0,박정민,합격
CELL-00473,2026-03-21 22:07,A라인,주간,3.686,4917.1,23.46,10.794,70.47,72.0,21.6,37.5,김수현,합격
CELL-00474,2026-03-21 22:26,A라인,야간,3.637,4978.2,23.23,11.219,71.93,70.8,24.8,41.6,박정민,합격
CELL-00475,2026-03-21 22:49,B라인,야간,3.698,4663.0,21.24,11.102,69.71,74.1,21.9,48.8,김수현,합격
CELL-00476,2026-03-21 23:05,A라인,야간,3.681,4956.5,15.27,11.064,69.08,80.0,25.4,56.4,한서린,합격
CELL-00477,2026-03-21 23:35,A라인,주간,3.656,4843.4,21.82,10.947,68.94,66.9,28.6,41.0,김수현,합격
CELL-00478,2026-03-22 00:42,C라인,주간,3.697,4955.5,19.17,11.466,70.71,68.4,23.2,50.3,박정민,합격
CELL-00479,2026-03-22 01:53,A라인,주간,3.647,4916.0,19.5,11.188,71.47,79.5,23.6,50.4,김수현,합격
CELL-00480,2026-03-22 02:22,B라인,주간,3.703,5019.4,22.65,10.602,70.27,59.6,22.7,46.9,이하영,합격
CELL-00481,2026-03-22 06:42,B라인,야간,3.682,4630.3,19.7,11.1,70.25,81.2,21.2,62.2,이하영,합격
CELL-00482,2026-03-22 06:52,C라인,야간,3.63,4728.9,26.32,10.5,70.07,85.1,22.0,42.9,박정민,불합격
CELL-00483,2026-03-22 07:39,C라인,야간,3.621,4722.7,29.24,11.036,70.58,77.9,22.6,27.0,이하영,합격
CELL-00484,2026-03-22 08:54,C라인,야간,3.648,5001.0,18.12,10.976,70.51,63.4,20.0,43.3,김수현,합격
CELL-00485,2026-03-22 09:13,C라인,주간,3.679,4810.6,24.1,11.452,72.35,79.2,28.1,49.5,박정민,불합격
CELL-00486,2026-03-22 09:56,A라인,주간,3.709,4960.9,21.12,10.816,70.79,69.8,26.5,44.9,이하영,합격
CELL-00487,2026-03-22 09:56,A라인,주간,3.751,4925.2,23.24,11.228,71.33,65.9,24.7,55.1,이하영,합격
CELL-00488,2026-03-22 10:11,C라인,주간,3.646,4591.1,27.0,11.027,70.53,67.7,23.8,51.7,정우석,합격
CELL-00489,2026-03-22 10:20,A라인,주간,3.753,4931.7,24.46,10.683,70.75,71.6,27.5,31.2,박정민,합격
CELL-00490,2026-03-22 10:56,A라인,주간,3.682,5054.0,25.91,11.199,69.31,80.1,23.1,62.3,박정민,합격
CELL-00491,2026-03-22 11:07,C라인,주간,3.697,4697.5,19.53,11.131,69.58,75.0,,56.4,정우석,합격
CELL-00492,2026-03-22 11:08,C라인,주간,3.682,4932.7,14.39,10.736,69.86,83.7,20.9,35.7,이하영,합격
CELL-00493,2026-03-22 13:06,A라인,주간,3.665,4939.6,20.7,10.848,68.81,74.9,22.5,36.1,이하영,합격
CELL-00494,2026-03-22 13:34,C라인,주간,3.658,5086.0,19.67,11.011,71.15,80.8,26.0,55.9,정우석,합격
CELL-00495,2026-03-22 17:23,A라인,야간,3.602,4818.2,19.37,11.255,71.17,85.2,21.1,26.8,이하영,합격
CELL-00496,2026-03-22 17:57,A라인,주간,3.705,4937.4,20.08,10.725,70.1,67.7,26.4,47.6,정우석,합격
CELL-00497,2026-03-22 19:16,B라인,야간,3.663,4904.2,22.03,11.124,71.62,70.8,23.7,45.9,이하영,합격
CELL-00498,2026-03-22 19:59,A라인,야간,3.737,5014.5,24.19,11.101,71.32,64.8,21.7,59.1,이하영,합격
CELL-00499,2026-03-22 20:16,A라인,야간,3.678,5081.8,13.87,10.861,70.29,78.6,21.9,57.2,김수현,합격
CELL-00500,2026-03-22 20:46,C라인,야간,3.707,4834.3,22.56,11.169,68.22,67.5,26.5,50.2,김수현,합격
CELL-00501,2026-03-22 21:11,C라인,야간,3.71,4889.1,21.7,11.117,68.32,76.6,26.2,33.0,정우석,합격
CELL-00502,2026-03-22 21:14,C라인,야간,3.717,5025.3,31.39,11.006,70.76,60.3,21.4,66.0,박정민,합격
CELL-00503,2026-03-22 21:33,C라인,주간,3.675,4881.7,24.63,11.232,70.14,71.5,23.9,47.0,한서린,불합격
CELL-00504,2026-03-22 23:54,A라인,주간,3.682,5113.9,28.43,10.884,69.85,67.7,25.9,54.9,한서린,합격
CELL-00505,2026-03-23 00:22,A라인,야간,3.705,4705.5,16.73,10.891,70.77,66.2,19.4,43.8,한서린,합격
CELL-00506,2026-03-23 01:44,B라인,야간,3.701,4942.4,20.89,10.935,69.64,77.6,21.3,52.3,김수현,합격
CELL-00507,2026-03-23 01:46,A라인,야간,3.742,5005.7,25.05,10.693,69.56,80.6,21.9,45.5,박정민,합격
CELL-00508,2026-03-23 02:05,A라인,야간,3.658,4876.0,14.67,11.044,70.38,71.2,26.5,62.5,한서린,합격
CELL-00509,2026-03-23 02:30,B라인,주간,3.732,4843.7,22.21,11.262,69.55,68.0,27.0,33.8,김수현,합격
CELL-00510,2026-03-23 03:01,A라인,주간,3.65,5002.7,17.71,11.12,69.78,75.7,23.8,38.6,정우석,합격
CELL-00511,2026-03-23 04:58,B라인,주간,3.668,4678.7,19.36,11.13,70.76,68.0,26.0,56.6,김수현,합격
CELL-00512,2026-03-23 05:01,B라인,주간,3.668,4909.1,25.98,11.123,71.53,62.6,23.5,48.0,정우석,합격
CELL-00513,2026-03-23 06:19,A라인,야간,3.72,4978.0,23.51,10.932,70.11,81.7,24.0,33.2,한서린,합격
CELL-00514,2026-03-23 08:15,A라인,야간,3.727,5119.1,17.18,10.918,69.63,56.4,23.2,43.1,이하영,합격
CELL-00515,2026-03-23 08:56,A라인,야간,3.724,4861.7,9.55,10.886,70.24,76.1,20.9,,한서린,합격
CELL-00516,2026-03-23 09:21,A라인,야간,3.685,5010.0,17.23,11.148,69.91,71.4,24.5,48.8,한서린,합격
CELL-00517,2026-03-23 10:58,B라인,주간,3.74,4944.2,18.35,11.059,71.52,74.2,24.5,37.6,정우석,합격
CELL-00518,2026-03-23 11:18,A라인,주간,3.636,4926.1,20.71,10.895,69.69,75.9,23.9,40.8,이하영,합격
CELL-00519,2026-03-23 11:49,A라인,주간,3.722,4875.5,22.55,10.869,70.17,86.9,20.7,44.8,박정민,합격
CELL-00520,2026-03-23 12:05,B라인,주간,3.6,5020.9,17.39,10.949,69.94,58.0,24.1,55.2,한서린,합격
CELL-00521,2026-03-23 13:00,B라인,야간,3.726,4797.0,18.09,10.998,71.38,68.4,24.8,35.2,이하영,합격
CELL-00522,2026-03-23 13:01,C라인,주간,3.618,4951.9,22.17,11.281,69.86,70.5,25.1,37.1,한서린,합격
CELL-00523,2026-03-23 13:07,B라인,주간,3.71,5047.8,19.39,10.628,70.01,75.2,25.7,46.3,이하영,합격
CELL-00524,2026-03-23 15:06,B라인,야간,3.623,4848.3,23.69,11.253,69.73,72.3,26.0,35.0,박정민,합격
CELL-00525,2026-03-23 17:15,C라인,주간,3.715,4940.7,22.52,10.636,69.83,69.5,27.1,,이하영,합격
CELL-00526,2026-03-23 18:08,C라인,주간,3.672,4865.3,22.07,10.701,70.58,69.3,26.9,44.6,김수현,합격
CELL-00527,2026-03-23 19:23,B라인,야간,3.744,4836.1,18.81,10.724,70.07,77.1,23.3,41.5,정우석,합격
CELL-00528,2026-03-23 20:33,A라인,주간,3.67,4668.0,25.64,10.995,69.46,58.0,24.1,42.8,박정민,합격
CELL-00529,2026-03-23 21:24,A라인,주간,3.664,5018.9,18.12,11.151,68.6,72.7,26.0,47.8,정우석,합격
CELL-00530,2026-03-23 22:23,B라인,야간,3.645,4910.4,20.1,10.771,69.61,56.1,23.4,54.1,정우석,합격
CELL-00531,2026-03-23 23:22,B라인,주간,3.687,4759.3,22.71,10.926,70.64,68.5,24.3,41.4,김수현,합격
CELL-00532,2026-03-24 00:53,C라인,야간,3.673,4622.4,21.94,11.299,69.97,75.7,21.2,41.6,박정민,합격
CELL-00533,2026-03-24 01:03,B라인,주간,3.673,4754.7,21.42,10.984,68.31,62.9,28.8,,김수현,합격
CELL-00534,2026-03-24 01:28,A라인,야간,3.64,4800.1,17.61,11.261,70.48,64.6,25.2,45.6,이하영,합격
CELL-00535,2026-03-24 01:34,B라인,주간,3.624,4961.2,21.05,10.998,70.39,70.2,24.7,46.5,김수현,합격
CELL-00536,2026-03-24 03:10,A라인,야간,3.632,5009.1,22.98,10.997,69.73,77.8,,,정우석,합격
CELL-00537,2026-03-24 03:13,A라인,주간,3.659,5203.1,21.33,11.143,71.66,78.7,28.5,40.4,박정민,합격
CELL-00538,2026-03-24 03:38,A라인,주간,3.643,4923.0,19.36,10.977,69.81,75.8,22.1,55.1,김수현,합격
CELL-00539,2026-03-24 04:05,C라인,주간,3.643,4927.1,17.32,11.012,71.1,70.7,24.5,28.3,박정민,합격
CELL-00540,2026-03-24 08:30,A라인,야간,3.675,5076.3,22.81,11.047,70.85,66.3,19.3,40.9,김수현,합격
CELL-00541,2026-03-24 08:56,A라인,주간,3.737,4842.3,25.39,11.062,69.13,78.2,27.8,53.5,한서린,합격
CELL-00542,2026-03-24 09:07,A라인,주간,3.662,5128.3,18.87,11.082,72.42,64.7,24.7,42.9,이하영,합격
CELL-00543,2026-03-24 09:36,C라인,주간,3.631,5026.5,25.11,11.443,69.19,72.4,22.6,48.4,박정민,합격
CELL-00544,2026-03-24 09:56,B라인,야간,3.72,5004.4,14.32,11.106,70.49,72.5,22.1,34.4,이하영,합격
CELL-00545,2026-03-24 10:35,A라인,주간,3.637,5023.5,17.44,10.969,71.69,70.6,23.2,37.9,정우석,합격
CELL-00546,2026-03-24 11:19,B라인,주간,3.653,4908.6,20.8,10.784,68.55,62.2,22.4,46.5,이하영,합격
CELL-00547,2026-03-24 11:26,C라인,야간,3.673,4745.5,18.02,11.271,70.09,76.3,25.0,31.5,정우석,합격
CELL-00548,2026-03-24 12:33,A라인,주간,3.696,4660.0,29.22,10.906,68.61,70.4,24.3,48.7,이하영,불합격
CELL-00549,2026-03-24 12:45,C라인,야간,3.712,4971.6,23.52,10.96,68.18,86.1,23.7,31.7,한서린,합격
CELL-00550,2026-03-24 13:42,C라인,야간,3.683,5027.2,21.64,10.942,70.91,71.8,23.6,,김수현,합격
CELL-00551,2026-03-24 13:52,B라인,주간,3.571,4944.7,22.51,11.152,70.61,65.0,24.2,38.2,이하영,합격
CELL-00552,2026-03-24 14:53,C라인,야간,3.757,5050.1,27.64,11.32,70.28,74.5,22.4,40.0,정우석,합격
CELL-00553,2026-03-24 16:34,B라인,야간,3.714,4761.1,25.91,10.795,69.12,62.4,25.7,50.0,정우석,합격
CELL-00554,2026-03-24 16:47,C라인,주간,3.651,5012.9,25.68,10.923,69.68,70.5,25.8,59.6,이하영,합격
CELL-00555,2026-03-24 16:48,B라인,야간,3.678,4922.7,23.59,10.924,71.06,75.8,21.3,37.8,정우석,합격
CELL-00556,2026-03-24 18:33,B라인,주간,3.632,4912.0,23.48,11.232,69.83,66.1,25.0,43.3,김수현,합격
CELL-00557,2026-03-24 18:56,B라인,주간,3.63,4859.3,20.05,10.868,70.53,71.1,19.0,48.5,정우석,합격
CELL-00558,2026-03-24 20:20,C라인,주간,3.764,4800.6,22.42,10.927,69.83,65.6,23.1,38.0,이하영,합격
CELL-00559,2026-03-24 20:33,A라인,주간,3.743,5096.3,17.62,10.896,70.17,68.2,26.8,40.8,박정민,합격
CELL-00560,2026-03-25 03:16,A라인,야간,3.711,4904.7,17.95,10.781,68.51,87.7,25.2,40.2,김수현,합격
CELL-00561,2026-03-25 03:51,A라인,주간,3.721,4957.5,18.84,11.247,69.42,70.3,26.2,43.5,이하영,합격
CELL-00562,2026-03-25 04:16,C라인,주간,3.704,4853.4,18.11,10.855,70.13,73.3,23.4,49.7,박정민,합격
CELL-00563,2026-03-25 04:24,A라인,주간,3.731,4797.8,23.43,10.865,70.28,66.1,23.9,54.8,박정민,불합격
CELL-00564,2026-03-25 05:10,B라인,주간,3.707,5037.4,26.09,10.871,70.69,57.1,26.2,38.9,정우석,합격
CELL-00565,2026-03-25 07:19,B라인,야간,3.644,4933.5,18.63,10.985,70.46,79.5,25.5,53.1,한서린,합격
CELL-00566,2026-03-25 12:09,B라인,주간,3.692,5051.1,21.45,11.101,70.09,60.9,20.7,51.2,박정민,합격
CELL-00567,2026-03-25 13:47,B라인,야간,3.662,5000.9,25.75,11.025,69.34,61.3,25.7,46.5,박정민,합격
CELL-00568,2026-03-25 16:27,C라인,주간,3.688,4956.1,18.99,11.258,70.19,77.0,25.8,,이하영,합격
CELL-00569,2026-03-25 16:33,B라인,주간,3.663,4935.9,14.37,10.896,70.41,62.7,25.2,39.3,김수현,합격
CELL-00570,2026-03-25 18:24,B라인,야간,3.632,4844.3,29.81,10.83,69.58,69.2,21.9,36.0,이하영,불합격
CELL-00571,2026-03-25 19:07,A라인,야간,3.687,4873.2,24.4,10.946,71.49,74.3,16.8,45.8,정우석,합격
CELL-00572,2026-03-25 19:25,A라인,주간,3.67,5163.4,16.7,11.096,71.52,71.2,27.2,47.4,정우석,합격
CELL-00573,2026-03-25 20:48,B라인,주간,3.661,5162.6,18.94,11.263,71.23,69.7,25.6,45.2,정우석,합격
CELL-00574,2026-03-25 21:34,A라인,야간,3.668,4874.7,25.52,10.955,69.18,71.0,23.8,53.6,박정민,합격
CELL-00575,2026-03-25 21:40,A라인,주간,3.675,4868.5,29.4,11.125,72.19,74.0,24.8,,이하영,합격
CELL-00576,2026-03-25 22:23,B라인,주간,3.676,5022.6,26.24,10.829,71.27,70.4,24.4,40.3,한서린,합격
CELL-00577,2026-03-26 00:27,B라인,주간,3.757,5149.5,19.12,10.992,70.04,68.5,22.8,46.8,김수현,합격
CELL-00578,2026-03-26 00:37,A라인,주간,3.768,4874.8,16.87,10.736,70.06,62.2,24.7,46.4,이하영,합격
CELL-00579,2026-03-26 00:42,C라인,주간,3.591,5058.1,25.95,10.888,70.5,67.3,28.8,47.3,한서린,합격
CELL-00580,2026-03-26 00:58,B라인,야간,3.692,4623.9,25.67,11.056,69.68,69.3,28.7,43.6,한서린,합격
CELL-00581,2026-03-26 02:03,B라인,야간,3.684,4808.2,20.34,10.908,71.02,57.0,23.1,39.6,이하영,합격
CELL-00582,2026-03-26 02:34,B라인,주간,3.628,5177.8,22.87,10.932,69.64,69.9,25.7,38.2,한서린,합격
CELL-00583,2026-03-26 02:36,A라인,야간,3.605,4756.2,18.29,11.334,69.81,52.2,26.4,51.2,정우석,합격
CELL-00584,2026-03-26 03:45,B라인,야간,3.709,5117.0,16.93,10.835,71.33,74.7,20.4,36.5,정우석,합격
CELL-00585,2026-03-26 06:22,A라인,야간,3.712,4906.6,26.62,11.157,71.06,78.3,22.9,44.1,이하영,합격
CELL-00586,2026-03-26 06:47,B라인,주간,3.618,4720.4,20.05,11.169,69.51,69.8,26.1,43.4,한서린,합격
CELL-00587,2026-03-26 06:48,B라인,야간,3.748,4684.9,25.33,11.003,69.2,78.1,24.7,51.9,정우석,합격
CELL-00588,2026-03-26 06:58,B라인,주간,3.663,4843.7,26.27,11.073,69.04,78.0,25.6,43.2,정우석,불합격
CELL-00589,2026-03-26 07:43,B라인,주간,3.72,4939.0,18.1,11.151,70.01,70.0,21.6,53.6,한서린,합격
CELL-00590,2026-03-26 10:28,C라인,야간,3.691,4902.1,20.47,11.043,69.74,69.2,18.5,59.3,김수현,합격
CELL-00591,2026-03-26 12:00,A라인,야간,3.707,4881.3,25.3,11.127,68.19,61.7,26.1,51.0,한서린,합격
CELL-00592,2026-03-26 12:07,A라인,야간,3.649,4846.7,31.68,11.121,69.13,66.7,26.1,47.8,김수현,불합격
CELL-00593,2026-03-26 13:55,C라인,주간,3.645,4696.9,21.6,11.095,71.76,79.9,26.0,52.0,정우석,합격
CELL-00594,2026-03-26 14:23,A라인,주간,3.665,4654.5,22.31,10.997,70.66,72.0,21.3,50.0,정우석,합격
CELL-00595,2026-03-26 15:07,B라인,주간,3.655,5021.7,29.03,10.865,71.59,62.2,23.3,34.8,박정민,합격
CELL-00596,2026-03-26 15:43,C라인,주간,3.647,4822.4,21.0,10.924,71.01,78.2,22.7,38.1,한서린,합격
CELL-00597,2026-03-26 19:40,C라인,주간,3.693,5022.7,26.49,10.589,70.34,75.6,22.9,51.2,한서린,합격
CELL-00598,2026-03-26 19:49,A라인,야간,3.597,5055.2,23.08,10.732,69.39,74.1,22.7,40.8,한서린,합격
CELL-00599,2026-03-26 20:20,C라인,야간,3.671,4785.5,22.27,10.514,71.62,65.8,24.0,31.6,정우석,합격
CELL-00600,2026-03-26 21:48,A라인,주간,3.611,4931.8,20.52,10.96,70.84,62.4,23.1,44.8,한서린,합격
CELL-00601,2026-03-26 22:42,A라인,주간,3.637,4753.2,22.64,10.849,69.78,74.1,25.2,,이하영,합격
CELL-00602,2026-03-26 23:06,A라인,주간,3.686,4781.0,27.12,10.89,68.62,77.4,23.4,65.5,한서린,합격
CELL-00603,2026-03-26 23:44,A라인,주간,3.65,4817.6,20.84,11.096,70.39,75.1,23.0,47.0,김수현,합격
CELL-00604,2026-03-27 01:01,C라인,주간,3.663,5017.6,21.96,11.013,72.1,68.6,25.1,42.6,정우석,합격
CELL-00605,2026-03-27 02:14,A라인,주간,3.685,5025.1,22.42,11.133,70.24,74.6,19.8,46.8,이하영,합격
CELL-00606,2026-03-27 03:55,A라인,야간,3.665,4957.5,19.4,10.983,70.32,73.0,23.5,44.3,이하영,합격
CELL-00607,2026-03-27 06:10,B라인,주간,3.681,4856.7,22.26,10.823,70.06,79.8,23.2,,한서린,합격
CELL-00608,2026-03-27 06:17,C라인,주간,3.669,5105.2,20.56,11.102,68.44,62.5,22.1,57.5,김수현,합격
CELL-00609,2026-03-27 06:49,B라인,야간,3.615,4806.6,16.93,11.02,70.6,60.9,28.5,33.8,한서린,합격
CELL-00610,2026-03-27 07:25,A라인,야간,3.677,5048.4,23.09,10.915,70.47,65.2,19.5,47.6,박정민,합격
CELL-00611,2026-03-27 09:10,A라인,주간,3.718,4929.3,21.78,11.11,71.14,72.5,22.7,50.4,이하영,합격
CELL-00612,2026-03-27 09:20,C라인,주간,3.73,5187.5,28.48,11.114,70.94,69.7,27.0,55.9,김수현,합격
CELL-00613,2026-03-27 10:02,A라인,야간,3.729,4765.4,18.42,11.083,69.29,60.8,22.0,41.3,이하영,합격
CELL-00614,2026-03-27 14:08,C라인,주간,3.708,4907.0,23.59,11.219,70.17,64.1,28.5,59.1,김수현,합격
CELL-00615,2026-03-27 15:10,A라인,주간,3.687,5017.8,23.82,10.872,71.52,75.3,28.2,39.5,이하영,합격
CELL-00616,2026-03-27 15:51,B라인,주간,3.726,5169.0,20.47,11.063,69.93,70.9,26.7,48.5,한서린,합격
CELL-00617,2026-03-27 16:10,A라인,주간,3.691,4658.1,18.99,11.038,71.87,71.9,19.4,45.9,이하영,합격
CELL-00618,2026-03-27 16:21,B라인,주간,3.69,4596.0,22.57,11.72,70.24,79.0,23.7,39.5,김수현,불합격
CELL-00619,2026-03-27 17:32,A라인,주간,3.677,5023.2,17.18,11.187,70.39,79.3,,56.9,김수현,합격
CELL-00620,2026-03-27 17:39,A라인,주간,3.696,5038.1,14.31,10.809,69.77,80.1,22.0,44.3,한서린,합격
CELL-00621,2026-03-27 17:57,C라인,주간,3.686,5034.9,18.65,10.871,71.07,67.1,23.7,54.3,이하영,합격
CELL-00622,2026-03-27 19:56,A라인,야간,3.752,4808.5,25.41,11.162,70.59,65.6,25.7,31.9,정우석,불합격
CELL-00623,2026-03-27 19:59,A라인,주간,3.677,5022.8,25.28,11.222,70.01,72.9,23.5,45.0,이하영,합격
CELL-00624,2026-03-27 20:01,C라인,주간,3.632,4858.5,17.43,10.824,70.44,62.1,23.5,41.9,한서린,합격
CELL-00625,2026-03-27 20:36,B라인,주간,3.737,4850.6,19.62,11.104,70.02,63.3,28.6,61.7,박정민,합격
CELL-00626,2026-03-27 20:36,C라인,야간,3.716,4796.1,19.73,10.672,69.46,71.6,25.0,57.9,정우석,합격
CELL-00627,2026-03-27 21:08,C라인,주간,3.695,4835.5,24.4,11.185,69.14,79.7,19.8,44.3,정우석,합격
CELL-00628,2026-03-27 21:36,A라인,야간,3.671,5039.0,25.06,10.679,71.44,71.7,23.4,54.8,이하영,합격
CELL-00629,2026-03-27 21:50,C라인,주간,3.659,5032.2,26.39,10.687,68.28,73.4,24.1,38.8,정우석,합격
CELL-00630,2026-03-27 22:18,B라인,야간,3.68,4857.6,19.82,11.065,71.7,79.2,22.8,50.7,이하영,합격
CELL-00631,2026-03-28 00:09,B라인,주간,3.671,4947.5,20.9,11.161,69.68,68.2,27.4,,정우석,합격
CELL-00632,2026-03-28 01:43,C라인,야간,3.634,4884.9,20.98,11.049,71.17,67.3,21.0,35.6,이하영,합격
CELL-00633,2026-03-28 02:51,A라인,주간,3.659,4931.4,24.47,10.886,71.12,78.8,26.3,48.1,김수현,합격
CELL-00634,2026-03-28 05:20,B라인,야간,3.678,4977.3,20.38,10.957,69.79,81.9,16.6,57.8,김수현,합격
CELL-00635,2026-03-28 07:42,B라인,주간,3.698,4884.9,18.26,11.173,70.76,62.5,28.4,52.3,이하영,합격
CELL-00636,2026-03-28 08:00,A라인,야간,3.634,4916.9,22.98,10.727,69.87,43.1,23.4,48.5,김수현,합격
CELL-00637,2026-03-28 09:28,B라인,주간,3.686,4890.7,14.92,11.179,69.97,53.0,21.3,38.6,정우석,합격
CELL-00638,2026-03-28 10:23,A라인,야간,3.722,5040.2,18.5,11.167,69.75,62.2,25.2,49.8,정우석,합격
CELL-00639,2026-03-28 11:09,A라인,주간,3.59,5148.4,18.21,10.978,69.7,70.8,24.4,24.8,박정민,합격
CELL-00640,2026-03-28 11:27,C라인,주간,3.745,4646.6,28.44,11.21,70.05,76.2,27.2,48.1,김수현,불합격
CELL-00641,2026-03-28 11:30,B라인,야간,3.688,4864.0,24.0,10.591,71.51,66.1,21.7,55.1,이하영,합격
CELL-00642,2026-03-28 11:46,A라인,야간,3.705,4837.8,24.63,10.626,70.35,83.8,24.2,46.8,이하영,불합격
CELL-00643,2026-03-28 11:54,C라인,주간,3.653,4987.4,17.71,11.174,70.34,73.5,24.1,49.5,박정민,합격
CELL-00644,2026-03-28 12:30,C라인,주간,3.764,4922.9,28.53,11.314,70.39,68.2,25.3,44.1,정우석,합격
CELL-00645,2026-03-28 12:50,C라인,주간,3.671,5050.0,34.49,11.192,70.33,67.6,27.0,49.2,이하영,불합격
CELL-00646,2026-03-28 13:41,A라인,야간,3.724,4823.1,22.84,10.906,69.48,67.3,21.3,51.3,한서린,합격
CELL-00647,2026-03-28 15:03,A라인,주간,3.674,4950.2,22.49,11.05,68.18,86.5,27.2,47.2,박정민,합격
CELL-00648,2026-03-28 20:33,C라인,주간,3.734,4799.4,23.88,10.937,69.87,70.1,20.3,45.6,한서린,합격
CELL-00649,2026-03-28 21:01,A라인,야간,3.665,4932.7,23.6,11.108,68.55,62.1,21.1,32.2,이하영,합격
CELL-00650,2026-03-28 21:07,C라인,야간,3.72,5094.2,26.07,10.834,69.54,61.5,24.8,48.2,김수현,합격
CELL-00651,2026-03-28 21:48,C라인,야간,3.669,5108.8,24.94,10.724,71.21,68.2,21.7,40.9,이하영,합격
CELL-00652,2026-03-28 21:52,A라인,주간,3.712,5200.6,20.58,10.92,71.32,95.6,21.9,41.2,정우석,합격
CELL-00653,2026-03-28 22:27,A라인,주간,3.724,4819.6,24.58,10.975,71.06,79.4,22.2,53.0,박정민,합격
CELL-00654,2026-03-28 22:32,B라인,야간,3.711,4996.4,26.48,10.908,70.11,74.2,24.7,42.2,정우석,합격
CELL-00655,2026-03-28 23:07,B라인,주간,3.676,4959.5,21.33,11.138,70.5,81.3,20.9,36.8,김수현,합격
CELL-00656,2026-03-28 23:55,A라인,주간,3.668,4846.8,23.6,11.081,69.65,71.7,23.1,30.2,정우석,합격
CELL-00657,2026-03-29 00:08,B라인,야간,3.695,5139.9,22.05,10.89,70.38,63.6,24.7,47.0,한서린,합격
CELL-00658,2026-03-29 02:20,A라인,야간,3.674,5041.0,25.54,11.137,70.08,60.6,20.1,46.0,김수현,합격
CELL-00659,2026-03-29 03:55,B라인,주간,3.71,4622.0,25.12,10.827,70.09,65.8,20.7,53.5,한서린,불합격
CELL-00660,2026-03-29 04:33,B라인,주간,3.625,4748.9,27.61,11.087,70.39,70.3,26.2,42.1,한서린,합격
CELL-00661,2026-03-29 04:43,A라인,주간,3.7,4936.5,20.5,10.929,68.81,76.9,23.7,41.8,박정민,합격
CELL-00662,2026-03-29 07:05,B라인,야간,3.628,4821.2,19.87,10.979,69.59,78.4,21.3,44.4,박정민,합격
CELL-00663,2026-03-29 07:28,B라인,주간,3.685,5028.5,18.8,10.906,69.45,60.0,22.6,26.4,이하영,합격
CELL-00664,2026-03-29 07:50,B라인,야간,3.65,5007.6,28.41,10.75,70.45,68.5,24.7,37.9,박정민,합격
CELL-00665,2026-03-29 08:01,B라인,야간,3.664,4719.0,20.55,10.856,72.71,61.2,25.4,48.1,정우석,합격
CELL-00666,2026-03-29 08:24,A라인,주간,3.641,4845.8,19.84,10.749,69.68,67.7,24.7,,박정민,합격
CELL-00667,2026-03-29 09:21,A라인,야간,3.679,4800.2,18.73,10.965,69.25,77.9,18.8,38.6,한서린,합격
CELL-00668,2026-03-29 09:52,A라인,주간,3.656,4736.8,23.25,11.004,69.29,65.2,24.1,,김수현,합격
CELL-00669,2026-03-29 10:31,A라인,주간,3.686,4902.7,16.41,10.614,69.06,67.6,24.5,39.4,한서린,합격
CELL-00670,2026-03-29 11:03,A라인,야간,3.667,5063.6,20.66,11.181,70.89,77.8,21.3,41.3,박정민,합격
CELL-00671,2026-03-29 12:39,C라인,주간,3.67,4807.4,23.13,11.141,70.81,73.6,23.2,51.2,이하영,합격
CELL-00672,2026-03-29 15:11,A라인,주간,3.687,4981.3,20.86,11.063,71.49,70.3,24.4,38.1,박정민,합격
CELL-00673,2026-03-29 15:30,C라인,야간,3.656,5059.3,26.77,10.992,71.77,75.2,24.3,40.9,정우석,합격
CELL-00674,2026-03-29 17:28,B라인,주간,3.67,4923.0,18.63,10.853,69.32,55.7,21.9,44.0,이하영,합격
CELL-00675,2026-03-29 19:09,B라인,야간,3.669,4837.3,25.57,10.631,70.78,65.7,24.7,40.4,정우석,합격
CELL-00676,2026-03-29 20:01,C라인,야간,3.736,4800.7,29.63,10.757,70.16,72.0,25.5,35.4,정우석,불합격
CELL-00677,2026-03-29 20:26,A라인,주간,3.675,4848.6,21.53,10.764,70.26,82.4,24.1,49.6,박정민,합격
CELL-00678,2026-03-29 22:29,B라인,야간,3.643,4750.3,20.62,11.181,70.37,74.6,22.5,54.7,한서린,합격
CELL-00679,2026-03-29 22:33,A라인,야간,3.653,4912.9,23.49,10.906,70.05,67.5,22.6,44.4,이하영,합격
CELL-00680,2026-03-30 00:17,A라인,주간,3.758,4918.2,17.2,10.993,71.27,71.7,27.5,45.4,한서린,합격
CELL-00681,2026-03-30 03:07,C라인,주간,3.711,4954.2,22.93,10.924,70.5,73.1,21.7,44.3,정우석,합격
CELL-00682,2026-03-30 03:34,C라인,주간,3.634,4934.2,22.56,11.205,71.55,78.1,26.4,42.0,박정민,합격
CELL-00683,2026-03-30 04:03,A라인,야간,3.673,4734.4,24.46,11.025,68.91,67.0,26.4,36.1,박정민,합격
CELL-00684,2026-03-30 05:38,B라인,주간,3.625,4768.3,21.97,11.11,69.7,64.3,22.1,40.7,이하영,합격
CELL-00685,2026-03-30 05:43,C라인,주간,3.705,5005.2,27.37,11.128,69.4,70.5,21.0,46.1,김수현,합격
CELL-00686,2026-03-30 08:17,A라인,주간,3.653,5081.4,22.86,10.908,70.25,75.3,22.5,,박정민,합격
CELL-00687,2026-03-30 08:19,A라인,주간,3.638,4917.5,18.82,11.211,68.97,68.1,22.2,41.9,박정민,합격
CELL-00688,2026-03-30 10:01,C라인,주간,3.618,4798.6,26.96,10.893,70.71,74.0,22.0,53.5,한서린,합격
CELL-00689,2026-03-30 11:26,C라인,주간,3.625,4887.6,25.2,11.175,69.4,70.0,24.8,52.3,김수현,합격
CELL-00690,2026-03-30 11:52,A라인,야간,3.697,5149.4,26.69,11.021,68.96,70.6,24.2,39.6,한서린,합격
CELL-00691,2026-03-30 13:04,A라인,주간,3.699,4876.6,21.98,11.106,69.56,82.8,23.3,43.6,이하영,합격
CELL-00692,2026-03-30 17:07,C라인,주간,3.679,5173.5,18.13,11.257,70.05,70.2,24.8,42.8,한서린,합격
CELL-00693,2026-03-30 17:34,A라인,주간,3.691,5059.7,17.03,11.128,71.88,67.5,23.2,34.4,이하영,합격
CELL-00694,2026-03-30 18:12,C라인,주간,3.693,4974.7,29.62,11.048,71.45,77.0,24.8,49.0,한서린,합격
CELL-00695,2026-03-30 18:25,B라인,주간,3.697,4825.0,27.16,10.588,69.44,79.6,24.6,49.0,김수현,불합격
CELL-00696,2026-03-30 19:10,A라인,주간,3.724,4875.3,20.95,11.042,69.79,69.6,24.7,65.9,정우석,합격
CELL-00697,2026-03-30 19:53,A라인,주간,3.626,4901.6,21.22,10.929,69.82,67.8,21.8,44.1,정우석,합격
CELL-00698,2026-03-30 20:42,A라인,야간,3.712,4806.8,19.52,10.928,70.71,57.9,20.8,43.2,이하영,합격
CELL-00699,2026-03-30 23:34,C라인,야간,3.648,5278.9,26.85,11.324,69.55,64.7,26.7,46.5,한서린,합격
CELL-00700,2026-03-31 01:45,B라인,주간,3.633,4752.1,23.25,10.949,68.89,77.4,23.9,53.5,김수현,합격
CELL-00701,2026-03-31 02:08,B라인,야간,3.721,4918.1,24.4,10.735,69.75,59.9,,31.4,박정민,합격
CELL-00702,2026-03-31 04:18,B라인,주간,3.62,4604.7,25.07,11.018,71.03,66.8,28.0,37.5,김수현,합격
CELL-00703,2026-03-31 05:34,A라인,주간,3.669,5051.6,24.26,10.842,71.32,73.2,25.9,23.6,정우석,합격
CELL-00704,2026-03-31 05:55,A라인,야간,3.65,4786.5,24.73,11.305,70.07,73.8,20.5,51.7,이하영,합격
CELL-00705,2026-03-31 07:07,C라인,주간,3.643,4852.3,23.11,11.109,69.52,74.6,22.6,47.4,한서린,합격
CELL-00706,2026-03-31 11:10,C라인,주간,3.673,4978.9,16.05,11.136,69.32,81.2,27.3,56.3,정우석,합격
CELL-00707,2026-03-31 11:38,A라인,야간,3.732,4843.9,16.9,10.972,71.03,71.7,25.3,45.7,김수현,합격
CELL-00708,2026-03-31 11:49,B라인,주간,3.693,4809.5,21.87,11.07,69.78,74.8,24.2,41.9,이하영,합격
CELL-00709,2026-03-31 12:12,C라인,주간,3.669,4890.9,14.78,11.015,69.18,80.1,27.4,42.3,김수현,합격
CELL-00710,2026-03-31 12:38,B라인,야간,3.714,4846.5,25.07,10.952,71.74,76.3,23.5,39.5,정우석,합격
CELL-00711,2026-03-31 12:59,C라인,야간,3.603,4843.6,20.37,11.111,70.58,76.3,25.3,48.6,김수현,합격
CELL-00712,2026-03-31 13:19,A라인,야간,3.664,4929.5,19.46,11.022,70.15,78.5,23.9,36.7,한서린,합격
CELL-00713,2026-03-31 13:24,A라인,야간,3.699,4996.3,23.25,11.417,69.08,72.3,26.7,44.0,정우석,합격
CELL-00714,2026-03-31 17:58,A라인,주간,3.621,4858.6,21.94,11.166,71.92,77.0,21.2,35.5,정우석,합격
CELL-00715,2026-03-31 18:28,A라인,야간,3.69,4501.2,23.68,10.716,71.14,58.8,23.7,41.1,김수현,불합격
CELL-00716,2026-03-31 18:41,A라인,주간,3.653,4872.2,20.31,11.001,71.8,79.0,22.2,40.2,정우석,합격
CELL-00717,2026-03-31 19:45,B라인,주간,3.671,4880.7,21.69,10.907,68.71,68.8,24.5,33.2,김수현,합격
CELL-00718,2026-03-31 20:30,C라인,주간,3.674,4907.1,26.03,11.132,70.52,70.2,25.5,44.2,김수현,합격
CELL-00719,2026-03-31 21:55,A라인,야간,3.721,5070.6,26.84,11.014,68.55,64.5,24.5,42.5,김수현,합격
CELL-00720,2026-03-31 22:00,C라인,야간,3.667,4637.0,25.87,10.94,71.42,69.2,24.9,50.6,이하영,불합격
CELL-00721,2026-03-31 23:07,C라인,주간,3.699,4728.2,22.9,10.666,70.11,65.5,24.0,45.3,정우석,합격
CELL-00722,2026-03-31 23:14,B라인,야간,3.686,4946.4,21.17,10.968,69.11,65.6,22.0,46.5,한서린,합격
CELL-00723,2026-03-31 23:57,C라인,주간,3.738,4604.8,32.71,11.026,70.53,85.1,23.8,36.5,박정민,불합격
CELL-00724,2026-04-01 00:32,A라인,주간,3.637,4884.2,18.61,11.075,68.8,78.5,27.2,40.2,박정민,합격
CELL-00725,2026-04-01 01:03,A라인,야간,3.707,4965.8,17.47,10.873,70.12,72.3,27.2,41.6,김수현,합격
CELL-00726,2026-04-01 01:25,A라인,주간,3.694,4856.4,19.63,10.841,71.26,81.8,27.0,55.6,박정민,합격
CELL-00727,2026-04-01 02:01,C라인,주간,3.706,4862.8,23.95,11.096,68.98,66.3,25.2,42.4,이하영,합격
CELL-00728,2026-04-01 02:23,A라인,주간,3.705,4700.4,25.25,11.334,71.25,75.9,27.4,44.0,김수현,불합격
CELL-00729,2026-04-01 03:44,A라인,주간,3.677,4689.3,34.39,10.988,69.6,79.6,22.0,40.9,박정민,불합격
CELL-00730,2026-04-01 04:07,A라인,야간,3.734,4761.9,20.95,10.922,69.26,62.0,20.4,44.6,한서린,합격
CELL-00731,2026-04-01 04:17,B라인,야간,3.709,4877.8,19.16,11.119,70.95,66.1,24.6,52.7,김수현,합격
CELL-00732,2026-04-01 04:50,C라인,야간,3.607,5050.3,23.46,10.666,69.7,68.4,21.0,46.0,정우석,합격
CELL-00733,2026-04-01 07:08,C라인,주간,3.707,5125.9,24.26,11.009,69.5,71.6,23.2,48.7,박정민,합격
CELL-00734,2026-04-01 07:45,C라인,야간,3.708,4969.5,19.2,10.905,70.06,75.8,25.8,60.1,박정민,합격
CELL-00735,2026-04-01 07:49,B라인,주간,3.638,5026.0,24.3,11.062,70.74,70.4,,45.0,한서린,합격
CELL-00736,2026-04-01 07:55,B라인,야간,3.714,4959.3,25.07,10.759,69.23,83.0,27.1,46.2,박정민,합격
CELL-00737,2026-04-01 08:03,A라인,주간,3.68,4824.0,22.32,10.963,69.87,64.0,,,김수현,합격
CELL-00738,2026-04-01 09:12,C라인,주간,3.666,4907.2,23.38,10.973,69.59,76.7,22.4,57.8,박정민,합격
CELL-00739,2026-04-01 11:38,C라인,주간,3.676,5126.3,23.14,10.59,69.16,81.9,24.9,41.6,정우석,합격
CELL-00740,2026-04-01 12:29,B라인,야간,3.664,4882.4,24.16,10.946,71.25,79.0,21.9,34.0,한서린,합격
CELL-00741,2026-04-01 16:24,B라인,야간,3.643,4829.3,22.02,10.683,71.75,66.8,23.8,39.9,한서린,합격
CELL-00742,2026-04-01 16:27,B라인,야간,3.605,4946.9,19.28,10.913,71.6,68.2,20.9,42.4,박정민,합격
CELL-00743,2026-04-01 16:56,C라인,주간,3.766,5126.9,22.28,10.964,68.76,65.6,24.0,43.8,박정민,합격
CELL-00744,2026-04-01 17:42,C라인,주간,3.674,5019.6,24.47,11.187,68.76,61.2,21.2,40.1,정우석,합격
CELL-00745,2026-04-01 20:30,A라인,주간,3.671,5025.9,20.81,11.328,70.1,66.1,25.6,32.1,김수현,합격
CELL-00746,2026-04-01 21:10,A라인,야간,3.691,4772.2,22.27,11.207,70.02,67.2,22.4,37.3,김수현,합격
CELL-00747,2026-04-01 21:53,B라인,야간,3.635,4964.4,17.82,10.72,69.69,65.2,23.8,32.6,한서린,합격
CELL-00748,2026-04-01 22:51,A라인,야간,3.686,4680.4,28.4,10.834,69.13,70.5,19.8,51.7,박정민,불합격
CELL-00749,2026-04-01 23:08,B라인,야간,3.693,4769.6,20.97,11.342,71.44,68.6,20.2,48.6,박정민,합격
CELL-00750,2026-04-01 23:28,B라인,주간,3.759,4959.5,20.95,10.586,69.4,59.0,24.2,34.9,한서린,합격
CELL-00751,2026-04-02 00:05,C라인,야간,3.708,4845.0,14.3,11.239,69.73,72.4,22.6,39.8,정우석,합격
CELL-00752,2026-04-02 01:04,B라인,주간,3.659,4793.8,17.26,10.884,70.13,54.3,29.3,38.5,김수현,합격
CELL-00753,2026-04-02 02:34,B라인,주간,3.661,5071.3,24.92,10.835,70.77,70.0,24.8,44.7,한서린,합격
CELL-00754,2026-04-02 02:37,B라인,야간,3.652,4779.2,19.67,10.883,69.0,64.7,,47.0,박정민,합격
CELL-00755,2026-04-02 02:56,B라인,야간,3.733,4989.8,28.47,10.976,70.68,62.1,20.5,40.7,박정민,합격
CELL-00756,2026-04-02 03:00,A라인,주간,3.673,5144.8,22.6,11.002,70.57,81.2,24.7,45.9,한서린,합격
CELL-00757,2026-04-02 03:11,A라인,주간,3.726,5035.3,18.51,10.72,69.69,68.9,22.8,46.6,정우석,합격
CELL-00758,2026-04-02 03:27,C라인,주간,3.685,4813.1,19.1,10.814,70.05,69.4,26.6,33.7,한서린,합격
CELL-00759,2026-04-02 04:43,A라인,야간,3.681,4877.4,24.66,10.889,69.57,71.7,21.8,45.7,이하영,합격
CELL-00760,2026-04-02 04:48,B라인,야간,3.727,4826.6,17.36,11.426,71.53,68.6,22.3,40.1,정우석,합격
CELL-00761,2026-04-02 07:31,A라인,주간,3.62,4868.0,24.78,11.136,70.99,68.7,26.9,41.7,정우석,합격
CELL-00762,2026-04-02 07:37,A라인,주간,3.757,4953.4,23.01,11.063,70.3,84.7,23.9,32.6,이하영,합격
CELL-00763,2026-04-02 11:01,A라인,주간,3.666,4856.1,28.07,10.715,72.07,78.4,25.7,47.5,한서린,불합격
CELL-00764,2026-04-02 11:38,C라인,야간,3.724,4873.3,23.75,11.096,70.36,74.7,21.1,39.9,정우석,합격
CELL-00765,2026-04-02 12:54,A라인,주간,3.653,4870.7,17.08,10.812,71.04,66.0,22.7,39.6,정우석,합격
CELL-00766,2026-04-02 13:10,C라인,주간,3.759,4852.3,19.61,11.099,69.53,82.0,25.7,49.9,한서린,합격
CELL-00767,2026-04-02 13:10,C라인,주간,3.712,4971.4,18.56,10.987,69.64,,24.2,57.0,이하영,합격
CELL-00768,2026-04-02 14:07,B라인,주간,3.672,4889.3,23.63,11.128,70.91,63.0,27.2,50.6,박정민,합격
CELL-00769,2026-04-02 15:27,C라인,주간,3.643,5022.8,22.84,11.19,70.53,69.5,23.6,43.6,김수현,합격
CELL-00770,2026-04-02 15:50,B라인,주간,3.651,4927.3,19.86,10.913,70.3,70.6,24.7,44.4,이하영,합격
CELL-00771,2026-04-02 17:28,B라인,야간,3.705,4977.1,19.93,10.987,69.45,81.8,24.7,46.2,정우석,합격
CELL-00772,2026-04-02 18:31,A라인,주간,3.676,4840.1,21.09,11.331,71.17,77.5,24.4,38.0,김수현,합격
CELL-00773,2026-04-02 20:10,C라인,주간,3.707,4572.4,22.78,11.34,70.99,67.3,25.0,57.3,김수현,불합격
CELL-00774,2026-04-02 20:37,A라인,주간,3.658,4774.1,22.9,10.729,71.94,69.4,,39.9,정우석,합격
CELL-00775,2026-04-02 22:02,B라인,주간,3.693,4584.2,23.6,11.413,69.93,66.6,22.2,57.4,정우석,불합격
CELL-00776,2026-04-02 22:35,A라인,야간,3.669,4593.6,22.63,10.825,70.51,75.0,24.9,53.2,이하영,불합격
CELL-00777,2026-04-02 22:35,C라인,야간,3.654,4798.5,25.55,10.885,70.86,89.1,24.5,49.0,김수현,불합격
CELL-00778,2026-04-03 00:49,A라인,야간,3.706,4863.6,21.76,11.235,69.4,78.0,18.7,38.4,김수현,합격
CELL-00779,2026-04-03 02:25,A라인,주간,3.621,4981.4,24.2,11.377,69.5,68.9,25.5,32.8,박정민,합격
CELL-00780,2026-04-03 02:42,A라인,주간,3.635,5144.2,18.65,11.212,69.88,76.4,25.5,36.4,박정민,합격
CELL-00781,2026-04-03 02:48,A라인,주간,3.701,4819.5,11.19,10.742,71.64,68.5,22.0,50.6,박정민,합격
CELL-00782,2026-04-03 03:00,A라인,주간,3.662,5023.4,20.78,11.052,71.54,65.1,25.3,32.4,이하영,합격
CELL-00783,2026-04-03 04:13,A라인,주간,3.673,4926.6,23.29,11.215,70.5,67.0,27.0,43.7,박정민,합격
CELL-00784,2026-04-03 04:27,C라인,주간,3.649,4991.3,22.95,10.7,68.53,70.8,25.7,38.7,박정민,합격
CELL-00785,2026-04-03 04:31,B라인,야간,3.743,4709.4,18.58,11.249,67.88,75.6,22.7,30.2,한서린,합격
CELL-00786,2026-04-03 06:19,C라인,야간,3.701,5134.3,19.46,11.005,69.45,63.7,22.6,36.6,이하영,합격
CELL-00787,2026-04-03 06:34,B라인,야간,3.668,4576.0,22.07,10.621,69.66,78.1,24.7,43.6,이하영,합격
CELL-00788,2026-04-03 07:35,C라인,주간,3.7,4998.2,21.6,11.086,68.41,65.1,24.2,45.9,한서린,합격
CELL-00789,2026-04-03 07:42,A라인,주간,3.728,5043.5,18.45,11.276,68.35,76.1,25.6,46.0,김수현,합격
CELL-00790,2026-04-03 08:12,A라인,야간,3.648,5230.8,18.66,10.696,69.49,77.9,20.3,45.6,이하영,합격
CELL-00791,2026-04-03 09:10,C라인,야간,3.678,4934.8,23.6,11.371,70.49,78.2,23.0,48.7,김수현,합격
CELL-00792,2026-04-03 10:13,C라인,야간,3.761,4937.2,28.38,11.208,72.76,73.7,21.6,38.6,박정민,합격
CELL-00793,2026-04-03 12:13,B라인,주간,3.697,4848.9,19.26,11.146,70.6,59.0,24.7,51.2,김수현,합격
CELL-00794,2026-04-03 14:33,A라인,주간,3.674,5035.6,25.71,11.19,69.92,73.6,26.7,54.0,김수현,합격
CELL-00795,2026-04-03 15:10,A라인,주간,3.644,5087.1,19.72,10.961,68.19,65.2,24.8,61.3,정우석,합격
CELL-00796,2026-04-03 15:22,A라인,야간,3.677,4900.0,15.59,10.545,72.1,77.2,25.7,44.8,김수현,합격
CELL-00797,2026-04-03 16:00,B라인,주간,3.682,4910.5,24.84,10.982,69.89,58.1,23.8,37.8,정우석,합격
CELL-00798,2026-04-03 16:01,A라인,야간,3.631,4868.1,18.43,11.175,70.01,76.5,20.4,47.6,박정민,합격
CELL-00799,2026-04-03 16:13,C라인,야간,3.692,5029.1,23.94,10.93,68.54,71.4,21.5,40.9,정우석,합격
CELL-00800,2026-04-03 18:08,C라인,야간,3.722,4872.1,25.05,11.166,70.02,70.3,26.8,49.7,한서린,합격
CELL-00801,2026-04-03 21:09,A라인,주간,3.651,4841.1,17.45,11.194,71.96,65.3,25.9,48.4,정우석,합격
CELL-00802,2026-04-03 22:56,A라인,야간,3.73,4989.1,15.98,10.835,69.5,78.3,24.9,42.6,박정민,합격
CELL-00803,2026-04-03 23:16,A라인,주간,3.715,4796.3,17.15,11.211,72.32,65.3,25.6,41.7,김수현,합격
CELL-00804,2026-04-04 04:02,B라인,주간,3.712,4918.3,21.32,10.629,71.11,70.2,20.3,53.7,김수현,합격
CELL-00805,2026-04-04 04:33,B라인,주간,3.66,4912.9,23.59,10.881,69.07,67.0,24.2,55.9,이하영,합격
CELL-00806,2026-04-04 05:00,B라인,야간,3.757,4848.3,26.6,10.833,69.46,68.6,23.2,42.9,이하영,합격
CELL-00807,2026-04-04 05:28,C라인,주간,3.626,5028.7,28.73,10.951,71.77,75.1,23.8,58.9,한서린,합격
CELL-00808,2026-04-04 05:29,C라인,야간,3.703,4908.8,19.99,10.802,70.05,65.1,20.3,40.5,정우석,합격
CELL-00809,2026-04-04 08:38,C라인,야간,3.692,4769.6,17.93,11.11,67.92,65.1,23.1,42.4,이하영,합격
CELL-00810,2026-04-04 10:11,B라인,야간,3.663,4960.8,22.1,11.004,70.79,77.7,23.3,46.4,김수현,합격
CELL-00811,2026-04-04 10:53,B라인,주간,3.66,4817.8,24.95,11.143,68.1,66.8,20.8,,이하영,합격
CELL-00812,2026-04-04 13:47,B라인,주간,3.714,5187.5,18.52,10.654,69.23,77.3,22.9,21.6,정우석,합격
CELL-00813,2026-04-04 16:25,C라인,야간,3.702,4896.6,25.92,10.94,69.4,73.3,24.2,46.3,정우석,합격
CELL-00814,2026-04-04 16:43,A라인,야간,3.706,4958.0,25.0,11.376,69.75,68.6,22.3,27.2,한서린,합격
CELL-00815,2026-04-04 17:35,B라인,야간,3.632,4814.2,26.81,10.881,68.8,61.3,25.1,36.2,박정민,합격
CELL-00816,2026-04-04 17:44,A라인,주간,3.739,4926.5,18.96,10.754,70.27,69.8,28.6,39.1,이하영,합격
CELL-00817,2026-04-04 19:29,A라인,주간,3.663,5003.9,18.99,11.171,69.88,65.0,18.3,47.2,이하영,합격
CELL-00818,2026-04-04 20:30,B라인,주간,3.681,4965.8,26.33,10.719,69.68,75.4,26.2,50.5,정우석,합격
CELL-00819,2026-04-04 21:34,A라인,주간,3.639,4918.2,16.49,11.1,69.93,79.9,27.2,39.4,이하영,합격
CELL-00820,2026-04-04 22:37,B라인,야간,3.68,4733.9,21.05,10.931,70.41,68.2,20.5,51.5,이하영,합격
CELL-00821,2026-04-04 23:07,B라인,주간,3.666,4889.1,16.42,11.244,70.54,72.3,26.1,40.0,정우석,합격
CELL-00822,2026-04-04 23:25,C라인,주간,3.619,5005.1,23.77,10.969,70.47,64.8,22.6,26.8,박정민,합격
CELL-00823,2026-04-05 01:41,A라인,야간,3.717,5047.1,27.39,10.972,69.97,58.6,25.7,52.3,김수현,합격
CELL-00824,2026-04-05 01:45,B라인,야간,3.74,4846.9,23.38,11.184,69.84,68.5,27.5,55.9,정우석,합격
CELL-00825,2026-04-05 01:52,C라인,야간,3.678,5018.3,18.43,11.097,71.32,82.3,23.8,45.4,한서린,합격
CELL-00826,2026-04-05 04:05,B라인,야간,3.68,4939.6,20.93,11.046,70.53,57.0,24.9,59.1,김수현,합격
CELL-00827,2026-04-05 04:29,B라인,주간,3.639,5073.7,28.25,10.908,69.88,68.7,20.5,42.2,한서린,합격
CELL-00828,2026-04-05 06:01,A라인,주간,3.697,4987.4,18.71,10.63,69.32,68.9,20.0,49.1,박정민,합격
CELL-00829,2026-04-05 06:04,C라인,주간,3.638,4871.0,24.43,11.24,70.58,66.4,25.4,40.8,한서린,합격
CELL-00830,2026-04-05 09:49,A라인,야간,3.695,4885.1,22.31,10.809,72.15,68.3,19.5,41.9,정우석,합격
CELL-00831,2026-04-05 10:07,C라인,주간,3.598,4881.3,23.39,11.28,69.59,70.7,27.0,33.3,김수현,합격
CELL-00832,2026-04-05 10:16,B라인,주간,3.639,4732.3,21.08,10.839,68.86,82.4,24.0,38.9,박정민,합격
CELL-00833,2026-04-05 10:43,C라인,야간,3.647,4943.6,27.53,11.262,69.73,77.4,25.7,25.5,한서린,합격
CELL-00834,2026-04-05 11:18,B라인,주간,3.685,4667.9,24.36,11.099,69.34,69.8,24.6,41.8,김수현,합격
CELL-00835,2026-04-05 13:04,B라인,야간,3.718,4980.8,21.79,11.112,70.82,70.3,20.2,,김수현,합격
CELL-00836,2026-04-05 13:39,A라인,주간,3.636,5053.3,28.52,11.052,71.14,78.7,28.2,41.1,박정민,합격
CELL-00837,2026-04-05 13:58,B라인,주간,3.618,4764.7,18.33,11.203,69.73,70.0,25.6,41.7,한서린,합격
CELL-00838,2026-04-05 15:00,A라인,야간,3.623,4950.7,22.88,11.073,72.06,75.5,23.5,42.4,박정민,합격
CELL-00839,2026-04-05 15:11,C라인,주간,3.687,4587.8,25.38,10.792,70.46,70.6,22.4,55.6,한서린,합격
CELL-00840,2026-04-05 15:58,A라인,야간,3.7,4917.2,15.52,11.221,70.59,55.8,23.0,51.1,김수현,합격
CELL-00841,2026-04-05 16:06,A라인,주간,3.676,4995.4,22.86,11.172,69.63,81.4,21.1,36.8,김수현,합격
CELL-00842,2026-04-05 16:14,C라인,주간,3.639,4835.0,24.0,10.876,69.82,69.5,29.0,35.4,정우석,합격
CELL-00843,2026-04-05 16:34,C라인,야간,3.703,4814.9,26.22,11.064,70.6,73.2,27.4,48.3,한서린,합격
CELL-00844,2026-04-05 18:01,B라인,야간,3.666,4924.3,20.89,11.011,70.05,71.4,23.0,42.7,박정민,합격
CELL-00845,2026-04-05 19:25,C라인,야간,3.665,5028.2,22.93,11.116,69.61,71.2,22.4,43.4,한서린,합격
CELL-00846,2026-04-05 19:32,B라인,주간,3.689,4858.9,18.85,11.117,70.1,70.2,23.1,51.2,김수현,합격
CELL-00847,2026-04-05 21:29,B라인,주간,3.634,4658.0,18.83,10.813,70.15,70.8,21.9,32.6,한서린,합격
CELL-00848,2026-04-05 23:13,B라인,주간,3.711,5059.5,22.59,10.641,69.12,70.8,25.1,49.7,한서린,합격
CELL-00849,2026-04-06 00:04,B라인,주간,3.718,4869.1,23.32,10.871,70.07,60.5,20.3,35.5,박정민,합격
CELL-00850,2026-04-06 00:05,C라인,야간,3.676,4677.9,25.7,11.175,68.6,73.6,22.2,47.8,박정민,합격
CELL-00851,2026-04-06 00:48,B라인,야간,3.654,4695.6,22.02,11.345,69.12,69.1,19.9,38.8,한서린,합격
CELL-00852,2026-04-06 00:48,A라인,야간,3.67,5000.6,17.66,11.3,69.29,61.0,23.0,38.6,이하영,합격
CELL-00853,2026-04-06 01:20,A라인,주간,3.769,4860.4,21.67,10.96,70.36,79.7,22.4,42.6,김수현,합격
CELL-00854,2026-04-06 01:42,A라인,야간,3.715,5024.2,21.83,10.972,71.64,67.5,20.7,50.7,박정민,합격
CELL-00855,2026-04-06 01:45,A라인,주간,3.677,4935.2,27.03,10.861,68.82,72.3,20.9,48.3,박정민,합격
CELL-00856,2026-04-06 01:50,C라인,야간,3.681,4772.3,28.58,11.014,69.29,81.2,22.7,51.1,박정민,불합격
CELL-00857,2026-04-06 03:07,C라인,야간,3.638,4861.0,23.87,11.256,70.11,,21.9,39.0,박정민,합격
CELL-00858,2026-04-06 03:19,B라인,야간,3.71,5140.3,20.57,10.73,69.09,73.5,26.0,37.0,김수현,합격
CELL-00859,2026-04-06 05:31,C라인,야간,3.69,4985.0,21.93,11.44,68.89,70.2,22.8,48.4,박정민,합격
CELL-00860,2026-04-06 06:37,B라인,주간,3.675,5107.9,22.59,10.985,69.42,66.2,23.2,48.7,박정민,합격
CELL-00861,2026-04-06 06:42,C라인,야간,3.808,4975.1,27.1,10.671,70.1,65.9,22.9,40.6,한서린,합격
CELL-00862,2026-04-06 06:58,A라인,야간,3.682,4852.1,21.19,10.958,69.96,65.6,24.0,42.2,이하영,합격
CELL-00863,2026-04-06 08:13,A라인,주간,3.673,4928.0,22.99,10.892,71.15,76.1,28.5,38.6,한서린,합격
CELL-00864,2026-04-06 11:18,B라인,주간,3.675,4928.4,26.91,10.916,69.89,,22.4,50.9,박정민,합격
CELL-00865,2026-04-06 12:08,A라인,주간,3.698,5038.8,22.94,11.16,70.51,68.7,29.2,32.8,한서린,합격
CELL-00866,2026-04-06 13:34,B라인,야간,3.672,4751.1,21.9,11.108,69.51,64.2,22.0,36.4,박정민,합격
CELL-00867,2026-04-06 14:24,A라인,주간,3.7,5054.5,25.66,11.016,70.44,75.3,26.5,46.3,박정민,합격
CELL-00868,2026-04-06 14:29,B라인,주간,3.664,5064.9,20.47,10.81,70.24,81.4,21.9,41.3,이하영,합격
CELL-00869,2026-04-06 14:44,B라인,야간,3.678,4908.2,19.7,10.722,69.8,58.6,24.4,40.4,김수현,합격
CELL-00870,2026-04-06 17:33,B라인,주간,3.695,4895.3,21.95,11.096,69.09,58.1,26.1,41.0,이하영,합격
CELL-00871,2026-04-06 17:46,B라인,야간,3.711,4818.4,23.14,10.758,69.29,66.8,23.2,60.5,정우석,합격
CELL-00872,2026-04-06 18:55,B라인,야간,3.672,4958.6,16.29,11.004,69.89,67.1,19.4,51.3,박정민,합격
CELL-00873,2026-04-06 19:41,C라인,야간,3.695,5046.6,24.41,11.061,70.17,66.3,23.4,42.9,김수현,합격
CELL-00874,2026-04-06 19:47,A라인,주간,3.667,4980.8,20.91,10.777,69.57,70.0,24.3,45.8,박정민,합격
CELL-00875,2026-04-06 19:54,A라인,주간,3.689,4697.3,23.17,11.371,70.35,66.9,25.3,61.2,박정민,합격
CELL-00876,2026-04-06 20:17,B라인,야간,3.7,4728.7,19.67,11.275,69.88,71.3,26.5,37.3,이하영,합격
CELL-00877,2026-04-06 20:21,B라인,주간,3.673,4787.6,23.23,10.536,71.25,73.1,25.8,49.1,정우석,불합격
CELL-00878,2026-04-06 20:57,A라인,야간,3.74,4896.2,25.04,10.688,69.89,60.4,20.4,56.4,한서린,합격
CELL-00879,2026-04-06 21:21,C라인,주간,3.657,4929.6,19.81,10.72,70.1,68.0,25.6,55.4,한서린,합격
CELL-00880,2026-04-06 21:35,C라인,주간,3.74,4863.1,25.59,11.223,70.96,70.0,26.0,39.4,정우석,합격
CELL-00881,2026-04-06 22:25,A라인,야간,3.616,4935.3,24.57,11.466,70.17,63.2,16.4,27.6,김수현,합격
CELL-00882,2026-04-06 23:06,A라인,야간,3.698,4909.2,18.96,11.018,71.59,77.2,23.3,66.1,김수현,합격
CELL-00883,2026-04-07 00:21,A라인,야간,3.679,4647.3,21.48,10.873,69.48,67.7,18.0,41.2,김수현,합격
CELL-00884,2026-04-07 03:23,B라인,야간,3.676,4843.3,27.27,10.951,70.05,64.3,22.0,51.3,박정민,합격
CELL-00885,2026-04-07 03:36,A라인,주간,3.7,4867.2,26.62,10.992,69.17,,26.7,47.4,박정민,합격
CELL-00886,2026-04-07 03:49,A라인,주간,3.673,4815.1,21.38,10.981,71.47,58.0,23.5,54.5,정우석,합격
CELL-00887,2026-04-07 04:28,A라인,야간,3.623,5012.6,22.32,10.9,70.94,72.6,22.6,44.3,박정민,합격
CELL-00888,2026-04-07 05:08,A라인,주간,3.65,4687.4,22.26,11.104,69.8,68.9,26.0,35.8,김수현,합격
CELL-00889,2026-04-07 05:52,B라인,야간,3.7,4903.1,18.2,11.141,71.42,81.7,20.9,33.1,김수현,합격
CELL-00890,2026-04-07 07:35,A라인,주간,3.691,4910.2,13.93,10.889,68.68,63.0,28.8,53.3,김수현,합격
CELL-00891,2026-04-07 08:14,A라인,주간,3.635,4975.9,16.84,11.052,70.03,74.4,20.5,34.4,정우석,합격
CELL-00892,2026-04-07 09:31,A라인,야간,3.655,4798.4,23.67,10.962,69.76,69.3,20.9,56.6,한서린,합격
CELL-00893,2026-04-07 09:53,B라인,야간,3.669,4849.4,27.44,11.0,69.84,70.8,21.2,,김수현,합격
CELL-00894,2026-04-07 10:11,A라인,야간,3.665,4881.4,24.06,10.847,70.19,70.3,23.2,53.9,박정민,합격
CELL-00895,2026-04-07 11:49,B라인,주간,3.681,5158.4,22.12,10.78,71.68,68.0,23.0,49.4,김수현,합격
CELL-00896,2026-04-07 13:36,C라인,야간,3.673,4636.9,24.31,10.807,69.19,76.3,25.2,32.4,이하영,합격
CELL-00897,2026-04-07 14:33,B라인,주간,3.638,4927.6,25.12,11.006,70.47,84.2,24.8,46.4,박정민,합격
CELL-00898,2026-04-07 14:54,A라인,야간,3.699,4686.6,23.93,11.065,71.51,71.5,20.2,38.4,김수현,합격
CELL-00899,2026-04-07 16:14,C라인,야간,3.685,5071.7,21.44,11.158,70.97,65.3,21.3,46.9,이하영,합격
CELL-00900,2026-04-07 17:25,A라인,주간,3.669,5110.5,21.42,10.86,71.07,78.0,29.0,58.2,한서린,합격
CELL-00901,2026-04-07 17:28,C라인,야간,3.668,4991.9,26.1,10.86,67.97,76.4,19.8,42.2,이하영,합격
CELL-00902,2026-04-07 18:29,B라인,주간,3.668,5161.0,25.03,10.992,69.98,72.3,24.1,31.0,정우석,합격
CELL-00903,2026-04-07 20:42,B라인,주간,3.724,4950.7,24.16,10.911,67.96,72.4,25.9,43.0,김수현,불합격
CELL-00904,2026-04-07 21:48,A라인,야간,3.67,4739.3,22.49,10.904,71.72,74.3,22.7,58.3,박정민,합격
CELL-00905,2026-04-07 21:55,B라인,주간,3.656,5001.3,19.34,11.317,71.61,73.5,21.1,40.4,이하영,합격
CELL-00906,2026-04-07 22:15,C라인,야간,3.673,4820.2,32.06,11.253,71.79,,22.4,50.9,이하영,불합격
CELL-00907,2026-04-08 01:32,B라인,야간,3.735,4901.1,22.4,10.973,70.16,71.4,25.5,32.2,김수현,합격
CELL-00908,2026-04-08 05:20,B라인,주간,3.695,4551.5,25.7,10.586,70.23,66.5,25.6,40.0,한서린,합격
CELL-00909,2026-04-08 07:02,C라인,주간,3.683,4736.7,27.72,10.816,70.25,74.7,23.1,33.9,박정민,불합격
CELL-00910,2026-04-08 07:52,A라인,야간,3.684,4921.7,20.45,10.955,70.94,76.4,26.7,67.1,이하영,합격
CELL-00911,2026-04-08 08:38,A라인,주간,3.686,4749.5,22.05,10.967,69.6,78.4,25.7,48.4,한서린,합격
CELL-00912,2026-04-08 10:39,B라인,주간,3.713,4756.5,23.88,11.038,70.72,,23.0,42.1,이하영,합격
CELL-00913,2026-04-08 11:14,A라인,주간,3.691,4753.7,21.34,11.367,69.98,55.3,24.7,40.8,김수현,합격
CELL-00914,2026-04-08 11:14,B라인,야간,3.659,4782.7,19.77,10.611,69.77,66.2,23.5,40.4,한서린,합격
CELL-00915,2026-04-08 11:50,B라인,주간,3.745,4746.0,20.11,10.936,70.71,72.1,25.9,42.8,김수현,합격
CELL-00916,2026-04-08 13:06,C라인,주간,3.712,5069.7,20.24,11.01,67.5,73.2,25.9,33.9,정우석,합격
CELL-00917,2026-04-08 15:24,B라인,주간,3.698,4809.0,23.36,11.052,71.24,56.2,24.7,35.6,이하영,합격
CELL-00918,2026-04-08 17:06,A라인,야간,3.648,4798.5,17.06,10.651,71.91,68.6,21.5,52.5,이하영,합격
CELL-00919,2026-04-08 20:07,C라인,주간,3.632,4875.7,25.08,10.846,71.46,76.0,26.1,36.6,한서린,합격
CELL-00920,2026-04-08 20:49,A라인,주간,3.731,5027.4,26.68,11.021,68.89,77.6,20.4,,정우석,합격
CELL-00921,2026-04-08 20:54,B라인,주간,3.65,5073.9,18.81,11.043,70.18,65.0,24.3,52.6,정우석,합격
CELL-00922,2026-04-08 22:11,C라인,주간,3.691,4821.1,26.6,10.959,70.26,69.8,25.2,52.1,한서린,합격
CELL-00923,2026-04-08 22:14,C라인,주간,3.676,4992.2,20.89,11.075,70.75,66.4,26.5,35.2,김수현,합격
CELL-00924,2026-04-08 22:21,A라인,야간,3.665,5132.7,22.78,11.265,69.34,73.2,23.9,43.2,한서린,합격
CELL-00925,2026-04-08 22:32,B라인,주간,3.664,4807.6,24.38,11.059,68.81,66.5,25.8,45.7,김수현,합격
CELL-00926,2026-04-08 23:11,C라인,주간,3.723,4978.0,23.39,11.002,69.61,76.3,24.2,50.6,이하영,합격
CELL-00927,2026-04-08 23:19,A라인,야간,3.729,4740.0,15.93,11.206,69.85,79.4,19.4,43.4,이하영,합격
CELL-00928,2026-04-09 00:48,A라인,야간,3.685,4910.5,23.41,10.928,71.74,69.0,24.1,59.5,한서린,합격
CELL-00929,2026-04-09 00:50,A라인,주간,3.645,4794.5,25.91,11.02,69.87,74.9,28.4,47.1,김수현,합격
CELL-00930,2026-04-09 00:55,C라인,주간,3.674,4831.1,20.2,11.015,71.62,75.1,27.5,42.3,한서린,합격
CELL-00931,2026-04-09 01:39,B라인,주간,3.689,5091.9,23.47,10.829,69.17,76.4,24.9,46.6,한서린,합격
CELL-00932,2026-04-09 06:49,A라인,주간,3.704,4867.5,17.64,11.293,70.24,81.9,22.0,38.0,정우석,합격
CELL-00933,2026-04-09 07:00,A라인,주간,3.701,4657.7,21.85,11.278,70.28,72.0,27.4,38.5,정우석,합격
CELL-00934,2026-04-09 08:50,B라인,주간,3.689,4933.0,23.68,10.721,71.14,80.1,22.8,40.5,이하영,합격
CELL-00935,2026-04-09 08:56,B라인,주간,3.713,4975.8,22.51,11.63,68.66,70.1,25.9,44.5,한서린,합격
CELL-00936,2026-04-09 09:27,B라인,주간,3.732,4929.8,25.49,10.467,70.29,68.5,26.3,46.5,박정민,합격
CELL-00937,2026-04-09 10:49,B라인,야간,3.695,4984.5,26.66,10.738,70.24,71.2,22.6,48.4,한서린,합격
CELL-00938,2026-04-09 12:06,C라인,야간,3.676,4950.2,24.89,11.046,70.25,69.2,22.6,54.9,이하영,합격
CELL-00939,2026-04-09 12:27,C라인,주간,3.709,4891.1,17.46,10.838,70.07,71.8,22.7,42.1,김수현,합격
CELL-00940,2026-04-09 13:39,B라인,주간,3.681,4999.2,28.32,11.064,70.54,60.5,25.8,40.8,한서린,합격
CELL-00941,2026-04-09 13:46,A라인,야간,3.68,4817.3,22.72,11.029,71.3,70.4,23.6,30.1,김수현,합격
CELL-00942,2026-04-09 14:47,A라인,주간,3.743,4953.5,18.28,10.939,70.19,56.8,23.5,41.7,한서린,합격
CELL-00943,2026-04-09 15:08,C라인,주간,3.711,5025.8,22.08,11.209,69.01,80.2,23.4,45.6,박정민,합격
CELL-00944,2026-04-09 15:10,B라인,주간,3.659,4893.0,20.71,10.785,69.4,62.1,23.8,49.8,한서린,합격
CELL-00945,2026-04-09 15:49,B라인,주간,3.706,4894.7,19.98,10.873,69.27,73.8,25.9,33.9,한서린,합격
CELL-00946,2026-04-09 16:59,A라인,야간,3.778,4723.8,15.91,10.958,70.82,73.5,21.3,41.1,정우석,합격
CELL-00947,2026-04-09 17:04,B라인,주간,3.649,4794.8,16.08,10.833,70.47,80.4,21.9,53.8,정우석,합격
CELL-00948,2026-04-09 17:24,B라인,주간,3.676,4946.3,24.75,10.946,69.93,72.3,23.2,47.7,김수현,합격
CELL-00949,2026-04-09 18:46,B라인,주간,3.739,4740.8,18.19,11.032,70.52,59.0,25.6,32.7,한서린,합격
CELL-00950,2026-04-09 19:48,A라인,야간,3.69,4939.5,14.31,11.086,69.66,76.0,25.1,,이하영,합격
CELL-00951,2026-04-09 21:08,C라인,주간,3.654,4773.7,21.64,11.369,68.62,56.0,24.1,32.0,김수현,합격
CELL-00952,2026-04-09 22:00,B라인,야간,3.642,4776.1,23.16,11.314,67.42,64.6,24.7,45.6,박정민,합격
CELL-00953,2026-04-09 22:40,B라인,야간,3.645,5010.4,24.6,10.661,70.0,79.2,23.7,46.1,김수현,합격
CELL-00954,2026-04-09 23:05,A라인,주간,3.664,4926.6,16.63,11.064,69.16,74.9,23.1,42.2,박정민,합격
CELL-00955,2026-04-10 03:29,A라인,야간,3.716,4858.2,25.95,11.195,69.28,61.5,22.3,39.1,한서린,합격
CELL-00956,2026-04-10 05:13,C라인,주간,3.703,4999.8,18.68,11.256,69.33,76.8,27.5,45.2,한서린,합격
CELL-00957,2026-04-10 05:48,A라인,주간,3.689,4968.0,23.74,10.625,71.11,66.8,22.1,55.6,한서린,합격
CELL-00958,2026-04-10 06:14,B라인,주간,3.661,4796.6,21.38,10.989,70.1,72.0,26.1,49.0,김수현,합격
CELL-00959,2026-04-10 08:00,A라인,주간,3.673,4987.1,25.74,11.18,71.59,65.7,23.6,36.1,정우석,합격
CELL-00960,2026-04-10 08:20,A라인,주간,3.704,4990.5,23.16,11.125,70.36,84.3,20.8,50.5,정우석,합격
CELL-00961,2026-04-10 08:28,A라인,주간,3.647,4875.8,20.47,11.052,71.41,78.6,28.0,55.8,이하영,합격
CELL-00962,2026-04-10 09:05,A라인,주간,3.684,5035.8,22.46,11.148,70.13,59.7,29.1,44.8,김수현,합격
CELL-00963,2026-04-10 10:20,C라인,주간,3.637,4766.1,22.82,11.249,69.9,,28.6,28.4,김수현,합격
CELL-00964,2026-04-10 10:35,A라인,주간,3.647,4857.6,23.74,11.032,70.59,82.5,25.7,51.4,정우석,합격
CELL-00965,2026-04-10 12:18,B라인,야간,3.679,4868.1,17.55,10.543,70.64,80.7,24.8,45.9,한서린,합격
CELL-00966,2026-04-10 15:25,B라인,주간,3.654,4978.7,22.87,11.376,70.41,67.6,23.9,48.0,이하영,합격
CELL-00967,2026-04-10 17:06,C라인,야간,3.746,5213.2,25.63,10.789,71.04,63.7,26.2,49.8,한서린,합격
CELL-00968,2026-04-10 17:29,A라인,야간,3.652,5119.9,25.55,11.033,70.42,71.3,24.0,38.1,김수현,합격
CELL-00969,2026-04-10 17:45,B라인,주간,3.683,4728.4,18.83,10.935,69.92,75.5,23.1,28.0,이하영,합격
CELL-00970,2026-04-10 18:58,C라인,야간,3.669,4944.6,17.79,11.236,72.27,71.4,25.8,34.2,한서린,합격
CELL-00971,2026-04-10 19:30,B라인,야간,3.718,4943.0,13.51,11.166,72.22,70.0,17.0,,박정민,합격
CELL-00972,2026-04-10 19:40,B라인,주간,3.665,4968.1,24.98,11.071,71.36,77.6,23.9,45.4,이하영,합격
CELL-00973,2026-04-10 20:03,A라인,주간,3.585,4928.1,17.69,11.206,71.7,67.6,24.2,57.4,한서린,합격
CELL-00974,2026-04-10 23:49,C라인,주간,3.677,4772.3,19.9,10.877,69.89,74.7,26.9,39.4,한서린,합격
CELL-00975,2026-04-11 00:35,A라인,주간,3.647,4997.2,25.17,11.066,69.51,76.8,22.3,48.1,이하영,합격
CELL-00976,2026-04-11 04:55,B라인,야간,3.742,4756.8,16.39,10.865,70.98,64.9,22.2,50.9,한서린,합격
CELL-00977,2026-04-11 05:43,C라인,주간,3.648,4865.3,24.19,10.814,69.35,71.5,22.9,27.2,김수현,합격
CELL-00978,2026-04-11 06:48,B라인,주간,3.69,4801.9,17.5,10.891,72.3,73.0,28.8,58.8,김수현,합격
CELL-00979,2026-04-11 07:54,A라인,주간,3.635,4897.6,15.72,11.021,71.26,85.2,24.4,54.7,정우석,합격
CELL-00980,2026-04-11 09:34,A라인,야간,3.662,4907.6,18.8,11.144,69.91,59.4,22.7,52.6,한서린,합격
CELL-00981,2026-04-11 09:52,B라인,주간,3.707,4987.4,24.35,11.409,69.17,60.5,20.6,40.7,정우석,합격
CELL-00982,2026-04-11 12:35,C라인,야간,3.678,4750.1,22.73,11.075,68.25,59.6,21.7,39.8,이하영,합격
CELL-00983,2026-04-11 13:43,B라인,야간,3.661,4599.4,29.54,11.184,70.45,82.1,21.6,58.5,한서린,불합격
CELL-00984,2026-04-11 15:31,C라인,주간,3.587,4754.9,25.45,11.015,70.53,71.8,22.6,46.9,김수현,합격
CELL-00985,2026-04-11 16:39,C라인,주간,3.698,4747.6,24.82,11.089,71.25,71.1,26.1,,이하영,합격
CELL-00986,2026-04-11 18:31,A라인,주간,3.653,4770.7,25.15,11.057,70.99,71.2,24.5,35.4,김수현,합격
CELL-00987,2026-04-11 19:09,B라인,야간,3.689,4886.7,26.14,10.926,68.68,75.2,23.9,47.2,한서린,합격
CELL-00988,2026-04-11 20:29,A라인,주간,3.634,4930.1,20.66,11.065,71.34,73.4,25.0,41.9,정우석,합격
CELL-00989,2026-04-11 20:33,A라인,주간,3.655,4964.1,17.79,10.859,70.3,82.3,21.8,49.2,김수현,합격
CELL-00990,2026-04-11 20:54,C라인,주간,3.718,4883.2,21.3,11.127,70.42,76.1,20.7,45.3,이하영,합격
CELL-00991,2026-04-11 22:36,B라인,주간,3.703,4766.9,27.57,11.113,71.09,71.7,24.7,51.0,한서린,불합격
CELL-00992,2026-04-11 22:49,B라인,주간,3.604,4764.1,22.06,10.897,71.43,80.0,27.9,42.2,이하영,합격
CELL-00993,2026-04-11 23:32,B라인,야간,3.712,5054.9,22.35,10.991,69.31,73.8,22.2,44.8,이하영,합격
CELL-00994,2026-04-12 00:07,B라인,야간,3.677,5018.3,26.52,11.165,69.32,89.8,20.8,49.8,박정민,합격
CELL-00995,2026-04-12 00:56,B라인,주간,3.661,4868.4,20.99,11.39,70.31,69.2,18.9,45.7,김수현,합격
CELL-00996,2026-04-12 02:14,C라인,야간,3.654,4876.7,19.9,10.838,69.78,78.1,23.3,43.2,김수현,합격
CELL-00997,2026-04-12 02:17,A라인,야간,3.645,4846.9,21.67,10.967,69.0,80.4,27.5,44.6,김수현,합격
CELL-00998,2026-04-12 02:41,A라인,야간,3.683,4918.8,23.1,11.264,69.34,64.2,21.7,38.0,김수현,합격
CELL-00999,2026-04-12 02:51,B라인,주간,3.669,4978.9,25.59,10.888,69.61,68.2,22.2,31.1,박정민,합격
CELL-01000,2026-04-12 03:12,C라인,주간,3.639,4891.3,22.19,10.946,71.21,73.0,25.6,42.8,한서린,합격
CELL-01001,2026-04-12 03:56,B라인,주간,3.645,4886.3,20.84,11.018,70.93,67.7,22.2,48.2,김수현,합격
CELL-01002,2026-04-12 07:48,C라인,주간,3.69,4894.0,22.68,10.826,70.22,68.2,24.3,56.2,박정민,합격
CELL-01003,2026-04-12 08:08,A라인,주간,3.627,4707.1,18.59,11.057,70.75,63.9,24.4,39.2,이하영,합격
CELL-01004,2026-04-12 08:51,A라인,주간,3.718,4776.7,19.33,11.044,69.47,76.1,24.4,50.9,김수현,합격
CELL-01005,2026-04-12 11:30,A라인,주간,3.722,5017.6,24.0,10.952,71.58,67.2,25.4,44.5,한서린,합격
CELL-01006,2026-04-12 12:30,C라인,주간,3.657,4825.8,22.87,11.144,70.88,68.8,24.2,38.0,김수현,합격
CELL-01007,2026-04-12 13:09,B라인,주간,3.709,4787.9,21.36,11.047,69.98,79.8,26.8,49.5,이하영,합격
CELL-01008,2026-04-12 13:30,B라인,야간,3.666,4761.9,26.86,11.026,70.79,69.9,23.7,37.8,김수현,합격
CELL-01009,2026-04-12 14:21,B라인,주간,3.722,4884.2,17.83,10.807,69.54,81.6,25.7,36.8,한서린,합격
CELL-01010,2026-04-12 14:43,A라인,주간,3.685,4853.9,16.25,10.969,70.07,79.1,23.8,42.2,김수현,합격
CELL-01011,2026-04-12 16:38,C라인,야간,3.64,4663.3,14.67,11.248,70.71,72.7,25.2,44.6,박정민,합격
CELL-01012,2026-04-12 16:52,C라인,주간,3.714,4755.7,30.91,11.076,70.36,69.4,26.9,42.8,한서린,합격
CELL-01013,2026-04-12 17:49,B라인,야간,3.72,4881.6,18.63,10.768,69.93,66.5,24.1,47.1,이하영,합격
CELL-01014,2026-04-12 17:54,C라인,야간,3.691,4948.9,27.19,11.238,71.2,72.2,25.3,53.0,김수현,합격
CELL-01015,2026-04-12 18:21,A라인,주간,3.717,4757.5,13.72,11.174,69.7,84.2,25.9,55.6,정우석,합격
CELL-01016,2026-04-12 18:28,A라인,야간,3.719,5074.0,26.99,11.181,68.93,67.2,20.8,50.4,정우석,합격
CELL-01017,2026-04-12 19:52,A라인,야간,3.687,5028.6,26.47,11.362,70.15,71.7,19.4,58.4,정우석,합격
CELL-01018,2026-04-12 20:22,B라인,야간,3.743,4902.6,21.42,10.813,71.08,62.4,24.4,48.5,한서린,합격
CELL-01019,2026-04-12 21:13,C라인,야간,3.652,5123.5,18.33,11.038,69.91,77.7,23.1,36.4,이하영,합격
CELL-01020,2026-04-12 21:16,B라인,주간,3.62,5167.4,23.62,10.898,69.13,71.6,22.7,34.6,박정민,합격
CELL-01021,2026-04-12 22:28,C라인,야간,3.7,4742.8,25.64,10.911,70.63,54.7,22.9,32.2,박정민,합격
CELL-01022,2026-04-12 23:42,B라인,주간,3.671,4783.1,21.98,10.741,68.31,75.9,25.3,57.1,김수현,합격
CELL-01023,2026-04-12 23:45,A라인,주간,3.631,4813.0,20.42,10.893,71.14,75.7,23.9,47.7,김수현,합격
CELL-01024,2026-04-13 00:21,C라인,야간,3.657,4867.3,19.46,11.126,68.36,67.6,21.9,47.2,박정민,합격
CELL-01025,2026-04-13 00:25,B라인,야간,3.723,4649.7,21.62,11.178,70.55,63.7,21.8,41.3,이하영,합격
CELL-01026,2026-04-13 00:27,A라인,주간,3.702,4858.3,27.64,10.962,70.0,71.6,19.4,44.6,이하영,합격
CELL-01027,2026-04-13 02:12,B라인,주간,3.66,5075.6,20.09,10.98,70.41,76.7,23.7,31.9,정우석,합격
CELL-01028,2026-04-13 02:43,B라인,주간,3.729,4896.2,25.79,10.807,72.15,57.1,21.5,39.5,박정민,합격
CELL-01029,2026-04-13 04:53,B라인,야간,3.693,5068.7,15.79,10.755,68.52,65.4,23.6,42.8,한서린,합격
CELL-01030,2026-04-13 04:53,A라인,주간,3.66,4837.5,22.99,11.07,71.53,57.9,27.1,41.8,김수현,합격
CELL-01031,2026-04-13 06:28,B라인,야간,3.718,4887.7,21.75,10.905,70.38,94.7,19.8,52.6,한서린,합격
CELL-01032,2026-04-13 06:39,B라인,야간,3.701,5042.1,20.83,11.112,69.12,63.7,19.3,31.6,이하영,합격
CELL-01033,2026-04-13 07:30,C라인,야간,3.653,5147.4,19.4,11.088,69.57,63.4,24.5,53.7,박정민,합격
CELL-01034,2026-04-13 07:40,B라인,주간,3.627,4977.4,20.13,11.136,69.04,62.6,25.4,45.4,정우석,합격
CELL-01035,2026-04-13 08:12,B라인,주간,3.652,4820.1,25.63,10.836,70.46,75.8,23.1,51.7,이하영,합격
CELL-01036,2026-04-13 10:14,C라인,야간,3.671,4732.4,17.55,10.799,70.24,81.0,22.8,41.0,김수현,합격
CELL-01037,2026-04-13 11:14,B라인,야간,3.679,4896.9,22.38,10.948,70.35,78.4,21.2,44.4,김수현,합격
CELL-01038,2026-04-13 12:13,C라인,야간,3.647,5035.5,20.31,10.717,69.58,72.4,,30.4,김수현,합격
CELL-01039,2026-04-13 13:05,B라인,주간,3.68,5116.6,20.68,10.995,71.04,81.0,23.9,45.3,박정민,합격
CELL-01040,2026-04-13 14:24,C라인,주간,3.618,4889.6,20.83,10.953,69.26,69.3,19.8,49.9,한서린,합격
CELL-01041,2026-04-13 14:32,B라인,주간,3.719,4793.1,21.71,11.001,71.74,65.7,18.7,37.8,박정민,합격
CELL-01042,2026-04-13 14:54,A라인,주간,3.657,5112.6,18.47,11.003,69.87,70.4,22.8,49.6,이하영,합격
CELL-01043,2026-04-13 15:26,A라인,주간,3.75,5028.3,20.44,10.494,70.66,74.4,24.4,35.5,정우석,합격
CELL-01044,2026-04-13 16:18,A라인,주간,3.689,5133.4,23.62,11.101,70.29,62.8,23.7,49.7,한서린,합격
CELL-01045,2026-04-13 19:14,A라인,야간,3.655,5091.0,25.34,11.298,71.08,64.3,26.8,38.1,박정민,합격
CELL-01046,2026-04-13 19:43,A라인,주간,3.632,4870.8,23.83,10.817,69.4,64.9,25.9,31.4,정우석,합격
CELL-01047,2026-04-13 21:37,C라인,주간,3.629,4631.9,22.9,11.116,68.69,71.6,28.9,32.6,이하영,합격
CELL-01048,2026-04-13 22:46,A라인,야간,3.689,5017.0,23.83,11.039,71.42,62.5,24.5,36.8,박정민,합격
CELL-01049,2026-04-13 23:24,A라인,주간,3.704,4978.1,20.78,10.961,70.53,76.7,26.0,43.3,한서린,합격
CELL-01050,2026-04-14 00:12,C라인,야간,3.73,5239.3,21.22,11.182,70.81,66.3,22.5,52.8,이하영,합격
CELL-01051,2026-04-14 00:55,A라인,주간,3.744,4787.6,21.16,11.069,71.41,62.7,23.5,52.6,김수현,합격
CELL-01052,2026-04-14 04:15,A라인,주간,3.749,4781.8,25.26,10.946,71.31,65.9,22.4,44.5,한서린,합격
CELL-01053,2026-04-14 04:37,A라인,야간,3.718,4885.4,28.35,11.462,69.93,59.6,24.1,36.0,박정민,불합격
CELL-01054,2026-04-14 08:07,A라인,주간,3.657,4881.9,20.3,11.1,68.99,,28.1,38.8,이하영,합격
CELL-01055,2026-04-14 08:17,A라인,주간,3.677,4912.2,26.71,11.493,69.71,72.9,20.0,56.2,정우석,합격
CELL-01056,2026-04-14 08:38,A라인,주간,3.635,4955.5,20.78,10.866,69.7,65.0,28.2,52.2,박정민,합격
CELL-01057,2026-04-14 09:35,B라인,야간,3.694,4870.3,20.28,10.945,69.37,81.4,19.7,45.6,정우석,합격
CELL-01058,2026-04-14 11:37,A라인,야간,3.72,5019.1,19.85,10.911,70.05,78.3,19.3,37.3,김수현,합격
CELL-01059,2026-04-14 12:28,B라인,주간,3.759,5039.9,22.82,11.055,70.01,69.0,21.2,,한서린,합격
CELL-01060,2026-04-14 12:50,C라인,주간,3.673,4879.1,25.48,10.947,70.3,80.7,26.8,34.0,김수현,합격
CELL-01061,2026-04-14 13:07,C라인,주간,3.673,4954.2,24.51,10.949,69.74,76.1,27.0,45.8,정우석,합격
CELL-01062,2026-04-14 15:51,C라인,주간,3.609,5080.3,29.16,10.981,69.37,84.4,23.1,43.2,이하영,합격
CELL-01063,2026-04-14 17:40,A라인,주간,3.708,4961.0,26.72,10.834,69.31,65.7,28.4,30.7,김수현,합격
CELL-01064,2026-04-14 17:58,C라인,주간,3.697,4923.0,26.72,10.999,70.01,74.2,24.4,36.6,박정민,합격
CELL-01065,2026-04-14 18:15,B라인,주간,3.665,4882.9,26.38,10.75,69.86,83.2,22.2,46.5,김수현,합격
CELL-01066,2026-04-14 19:03,C라인,주간,3.672,4784.4,21.02,10.788,70.74,66.0,30.1,34.6,박정민,합격
CELL-01067,2026-04-14 19:18,B라인,주간,3.678,4848.8,17.23,10.965,69.16,70.2,23.7,36.6,박정민,합격
CELL-01068,2026-04-14 19:27,B라인,야간,3.749,5091.8,25.15,11.118,69.59,,20.3,49.8,김수현,합격
CELL-01069,2026-04-14 19:27,C라인,주간,3.663,4737.4,19.44,11.049,71.57,70.1,24.9,46.9,김수현,합격
CELL-01070,2026-04-14 19:52,A라인,야간,3.73,4772.8,18.82,10.913,71.65,77.1,21.8,52.5,박정민,합격
CELL-01071,2026-04-15 03:07,A라인,주간,3.66,4934.4,23.77,11.144,70.46,70.8,23.0,45.4,한서린,합격
CELL-01072,2026-04-15 03:11,B라인,주간,3.649,4711.2,20.87,10.9,69.29,63.5,23.3,52.2,이하영,합격
CELL-01073,2026-04-15 05:21,A라인,야간,3.621,4887.9,26.07,10.737,70.51,75.0,21.2,43.9,김수현,합격
CELL-01074,2026-04-15 05:32,C라인,야간,3.671,4924.6,20.2,11.164,70.94,65.3,19.6,43.6,정우석,합격
CELL-01075,2026-04-15 06:05,B라인,주간,3.698,5150.4,23.94,10.909,71.87,69.7,26.7,51.0,박정민,합격
CELL-01076,2026-04-15 06:15,A라인,야간,3.68,4804.1,22.85,10.955,71.0,69.9,21.7,41.9,김수현,합격
CELL-01077,2026-04-15 06:16,B라인,주간,3.627,4955.5,23.77,10.775,69.06,79.1,25.3,48.1,김수현,합격
CELL-01078,2026-04-15 06:29,B라인,주간,3.641,4737.7,25.8,10.706,69.71,68.4,29.1,58.8,김수현,합격
CELL-01079,2026-04-15 08:05,C라인,야간,3.662,4830.4,27.46,10.948,69.91,68.7,22.8,38.6,한서린,합격
CELL-01080,2026-04-15 09:12,A라인,주간,3.691,5159.2,24.64,10.8,68.35,72.5,23.3,49.2,김수현,합격
CELL-01081,2026-04-15 10:34,C라인,주간,3.7,4814.7,21.43,11.012,70.4,59.2,23.6,46.9,정우석,합격
CELL-01082,2026-04-15 11:35,A라인,주간,3.652,5130.7,23.43,11.077,68.75,72.1,23.3,53.4,김수현,합격
CELL-01083,2026-04-15 12:09,A라인,주간,3.715,4812.4,23.18,10.976,68.52,63.0,24.4,21.4,정우석,합격
CELL-01084,2026-04-15 14:41,C라인,야간,3.658,4949.9,23.68,11.045,70.95,69.0,21.4,48.4,정우석,합격
CELL-01085,2026-04-15 15:02,C라인,주간,3.65,4917.2,25.1,10.951,69.21,68.4,31.1,49.8,정우석,합격
CELL-01086,2026-04-15 15:26,A라인,주간,3.708,4909.9,20.6,10.827,68.47,66.1,30.3,54.0,정우석,합격
CELL-01087,2026-04-15 15:44,A라인,주간,3.675,4738.4,19.65,10.855,69.06,69.4,22.3,51.6,박정민,합격
CELL-01088,2026-04-15 17:37,B라인,야간,3.664,4993.3,21.31,10.784,69.6,79.7,23.5,59.1,한서린,합격
CELL-01089,2026-04-15 18:26,B라인,주간,3.666,4814.3,21.39,11.047,71.71,71.3,21.6,38.0,한서린,합격
CELL-01090,2026-04-15 19:32,C라인,야간,3.677,4846.6,21.8,10.762,70.83,72.9,19.1,39.7,박정민,합격
CELL-01091,2026-04-15 20:13,B라인,야간,3.631,4715.9,19.81,11.134,67.97,59.9,23.0,47.3,김수현,합격
CELL-01092,2026-04-15 21:05,B라인,주간,3.727,4904.2,17.12,11.236,70.09,48.9,23.4,43.4,이하영,합격
CELL-01093,2026-04-15 22:17,B라인,주간,3.687,4822.3,20.24,10.815,70.32,66.8,21.5,,정우석,합격
CELL-01094,2026-04-15 22:29,B라인,야간,3.742,4763.2,17.86,11.135,69.3,69.4,23.0,33.8,정우석,합격
CELL-01095,2026-04-15 22:44,C라인,야간,3.683,4736.3,24.81,11.075,70.93,84.1,22.1,49.8,김수현,합격
CELL-01096,2026-04-16 00:59,C라인,주간,3.655,4860.0,23.46,10.918,70.09,69.7,25.7,34.0,이하영,합격
CELL-01097,2026-04-16 01:38,A라인,야간,3.63,4859.5,19.05,10.979,71.3,71.2,20.8,35.2,박정민,합격
CELL-01098,2026-04-16 02:41,A라인,야간,3.677,4835.2,19.1,11.26,69.06,66.2,24.1,23.9,한서린,합격
CELL-01099,2026-04-16 04:55,A라인,주간,3.735,4816.4,22.85,11.21,72.3,74.4,22.9,39.4,박정민,합격
CELL-01100,2026-04-16 08:20,B라인,야간,3.726,4890.9,18.4,11.084,70.99,75.5,21.3,49.3,김수현,합격
CELL-01101,2026-04-16 10:12,C라인,야간,3.731,4763.1,22.19,10.797,69.06,63.7,20.3,53.7,김수현,합격
CELL-01102,2026-04-16 11:28,A라인,야간,3.685,5037.9,25.19,10.835,69.85,69.8,22.7,49.1,이하영,합격
CELL-01103,2026-04-16 13:20,A라인,야간,3.66,4778.8,15.69,10.983,71.69,71.3,23.4,45.8,이하영,합격
CELL-01104,2026-04-16 13:21,A라인,주간,3.63,4784.1,19.74,11.247,69.25,77.7,25.7,35.6,이하영,합격
CELL-01105,2026-04-16 13:28,A라인,주간,3.693,4891.6,16.7,11.046,70.05,69.4,24.1,36.1,한서린,합격
CELL-01106,2026-04-16 14:13,B라인,주간,3.661,4840.0,21.06,10.854,69.42,78.8,29.5,45.2,정우석,합격
CELL-01107,2026-04-16 16:37,B라인,주간,3.714,4806.3,14.92,10.751,70.23,72.9,24.9,42.8,이하영,합격
CELL-01108,2026-04-16 17:26,B라인,주간,3.713,4890.5,19.06,11.031,69.81,60.1,25.4,48.5,박정민,합격
CELL-01109,2026-04-16 18:12,C라인,주간,3.722,4949.0,21.09,10.761,69.97,76.6,27.6,51.5,김수현,합격
CELL-01110,2026-04-16 18:32,A라인,야간,3.654,4848.4,25.16,11.043,69.69,68.0,20.0,48.8,박정민,합격
CELL-01111,2026-04-16 19:24,A라인,야간,3.715,4919.4,18.89,11.222,70.24,74.2,23.8,51.8,한서린,합격
CELL-01112,2026-04-16 20:52,C라인,야간,3.715,5050.2,19.76,11.456,69.4,79.9,25.3,38.2,김수현,합격
CELL-01113,2026-04-16 22:16,B라인,주간,3.719,5013.8,22.96,10.854,68.88,60.9,20.2,47.0,이하영,합격
CELL-01114,2026-04-17 00:53,C라인,주간,3.716,4965.2,21.0,10.746,70.8,65.5,25.6,43.3,박정민,합격
CELL-01115,2026-04-17 00:58,C라인,야간,3.636,5001.0,21.77,10.722,71.22,70.4,27.0,63.1,한서린,합격
CELL-01116,2026-04-17 01:53,A라인,야간,3.663,4782.6,22.52,10.923,69.87,71.4,20.6,55.4,박정민,합격
CELL-01117,2026-04-17 02:31,B라인,주간,3.714,4779.5,20.87,10.951,70.87,72.4,21.0,37.2,박정민,합격
CELL-01118,2026-04-17 02:53,C라인,주간,3.717,4824.1,21.69,10.814,69.37,67.4,24.1,37.8,한서린,합격
CELL-01119,2026-04-17 04:15,A라인,주간,3.643,4893.7,16.3,10.823,69.04,62.9,21.5,50.8,한서린,합격
CELL-01120,2026-04-17 04:21,B라인,주간,3.673,4909.3,21.87,10.931,71.3,67.8,20.1,26.1,한서린,합격
CELL-01121,2026-04-17 04:57,B라인,주간,3.687,4655.7,22.63,11.188,68.86,73.3,25.4,46.4,김수현,합격
CELL-01122,2026-04-17 06:43,B라인,야간,3.675,4838.6,20.66,10.771,69.85,70.3,18.9,51.7,이하영,합격
CELL-01123,2026-04-17 07:21,B라인,주간,3.747,4770.3,20.35,11.171,67.86,66.8,25.8,48.0,한서린,합격
CELL-01124,2026-04-17 07:35,B라인,주간,3.673,4703.6,21.59,10.724,69.66,69.7,24.3,29.9,박정민,합격
CELL-01125,2026-04-17 07:48,C라인,야간,3.694,5131.6,24.25,11.291,69.44,69.2,27.5,40.6,김수현,합격
CELL-01126,2026-04-17 09:27,A라인,주간,3.756,4972.4,17.86,11.127,69.41,71.4,27.8,35.5,박정민,합격
CELL-01127,2026-04-17 10:21,C라인,주간,3.683,5014.3,25.59,11.236,69.87,63.8,29.7,55.0,김수현,합격
CELL-01128,2026-04-17 11:27,A라인,주간,3.715,5058.7,14.98,11.04,68.39,79.9,25.7,54.2,박정민,합격
CELL-01129,2026-04-17 11:29,C라인,주간,3.644,4810.9,20.14,10.687,70.56,65.3,25.8,56.3,김수현,합격
CELL-01130,2026-04-17 11:44,C라인,야간,3.678,5111.8,31.82,11.084,70.11,80.7,25.4,45.2,이하영,합격
CELL-01131,2026-04-17 11:47,C라인,야간,3.728,4833.3,22.79,10.609,70.24,78.9,23.1,57.0,이하영,합격
CELL-01132,2026-04-17 12:16,B라인,야간,3.683,5009.2,18.59,10.658,70.14,76.5,25.2,50.8,김수현,합격
CELL-01133,2026-04-17 13:35,A라인,야간,3.684,4956.1,21.47,11.319,71.87,,17.7,40.8,한서린,합격
CELL-01134,2026-04-17 17:58,B라인,주간,3.66,4840.1,18.96,11.118,70.49,78.4,23.6,54.0,정우석,합격
CELL-01135,2026-04-17 18:17,B라인,주간,3.692,4825.8,23.83,11.038,70.83,73.2,23.6,43.8,박정민,합격
CELL-01136,2026-04-17 19:05,A라인,주간,3.72,4770.4,25.29,11.119,67.72,76.2,19.4,40.8,김수현,합격
CELL-01137,2026-04-17 20:44,B라인,주간,3.628,4815.9,22.3,10.921,68.86,80.0,22.3,51.7,박정민,합격
CELL-01138,2026-04-17 21:57,C라인,주간,3.706,4999.3,24.58,11.202,68.96,84.2,27.5,46.4,정우석,합격
CELL-01139,2026-04-18 00:11,A라인,야간,3.641,4692.6,29.61,11.141,70.49,71.0,21.4,48.4,정우석,불합격
CELL-01140,2026-04-18 00:23,B라인,야간,3.67,4686.9,21.35,11.038,69.96,80.2,28.3,50.4,정우석,합격
CELL-01141,2026-04-18 03:15,A라인,주간,3.678,4975.8,18.51,10.921,70.41,79.3,22.9,42.0,이하영,합격
CELL-01142,2026-04-18 03:33,C라인,주간,3.71,4838.7,18.41,10.811,70.73,56.6,22.6,40.9,김수현,합격
CELL-01143,2026-04-18 07:24,C라인,주간,3.688,5043.5,23.2,10.979,70.41,63.4,20.3,46.9,이하영,합격
CELL-01144,2026-04-18 09:07,B라인,주간,3.702,5035.5,15.4,11.058,71.19,63.1,23.8,38.5,정우석,합격
CELL-01145,2026-04-18 09:21,A라인,야간,3.708,5061.5,17.9,11.209,71.86,65.6,23.0,28.8,이하영,합격
CELL-01146,2026-04-18 09:41,C라인,주간,3.655,5149.1,20.18,11.223,72.77,66.4,,34.9,한서린,합격
CELL-01147,2026-04-18 10:15,A라인,야간,3.697,4962.4,18.17,10.85,69.79,74.2,25.0,45.7,한서린,합격
CELL-01148,2026-04-18 13:27,B라인,주간,3.746,4984.8,16.34,11.193,68.42,63.5,25.4,43.1,이하영,합격
CELL-01149,2026-04-18 14:21,A라인,야간,3.71,4966.4,25.0,11.038,71.22,73.5,24.6,49.2,정우석,합격
CELL-01150,2026-04-18 14:54,B라인,주간,3.655,4810.2,25.72,10.969,72.05,68.7,23.4,52.4,한서린,합격
CELL-01151,2026-04-18 16:09,B라인,야간,3.67,4923.2,25.69,10.698,70.43,58.7,26.5,46.6,박정민,합격
CELL-01152,2026-04-18 17:02,A라인,야간,3.689,4880.1,21.69,11.419,70.5,92.3,18.5,,이하영,합격
CELL-01153,2026-04-18 18:15,B라인,주간,3.733,4727.6,20.56,10.849,72.15,74.5,22.7,39.6,정우석,합격
CELL-01154,2026-04-18 19:42,A라인,주간,3.698,4808.0,21.25,10.776,70.1,71.5,25.7,45.6,김수현,합격
CELL-01155,2026-04-18 19:47,C라인,주간,3.618,4978.7,24.4,11.237,70.08,74.8,18.9,36.5,박정민,합격
CELL-01156,2026-04-18 20:38,B라인,주간,3.679,4700.9,20.91,11.232,69.93,65.3,22.2,49.5,이하영,합격
CELL-01157,2026-04-18 21:43,C라인,야간,3.713,5038.0,21.72,11.064,69.18,72.6,24.2,42.1,이하영,합격
CELL-01158,2026-04-18 23:52,B라인,주간,3.659,4791.1,20.28,10.68,70.56,66.9,26.0,43.2,박정민,합격
CELL-01159,2026-04-19 00:36,B라인,주간,3.675,4720.3,18.94,11.415,71.63,76.0,21.8,37.1,김수현,합격
CELL-01160,2026-04-19 02:29,C라인,주간,3.697,4964.3,19.54,11.219,71.07,68.1,22.8,35.0,한서린,합격
CELL-01161,2026-04-19 03:41,B라인,야간,3.666,4546.2,23.84,11.149,70.82,85.9,19.1,53.8,김수현,불합격
CELL-01162,2026-04-19 03:42,C라인,주간,3.667,4790.8,29.58,10.76,69.1,79.5,23.8,45.8,박정민,합격
CELL-01163,2026-04-19 04:22,C라인,야간,3.692,5097.1,25.47,10.592,70.81,70.8,25.3,49.3,이하영,합격
CELL-01164,2026-04-19 05:10,A라인,야간,3.686,4847.2,20.86,11.385,70.02,59.3,23.6,38.1,한서린,합격
CELL-01165,2026-04-19 05:27,B라인,주간,3.714,4841.4,20.15,10.964,70.33,68.9,22.9,52.5,김수현,합격
CELL-01166,2026-04-19 05:31,C라인,야간,3.69,4938.6,27.22,10.975,70.28,78.1,25.0,44.8,박정민,합격
CELL-01167,2026-04-19 06:22,B라인,야간,3.736,4875.6,26.86,10.86,69.78,68.1,26.4,49.2,한서린,합격
CELL-01168,2026-04-19 06:50,B라인,야간,3.667,4713.0,20.23,10.939,71.47,69.5,21.0,46.7,이하영,합격
CELL-01169,2026-04-19 07:10,C라인,주간,3.619,4670.5,21.63,11.293,70.17,77.4,26.3,37.9,김수현,합격
CELL-01170,2026-04-19 09:27,C라인,주간,3.702,4862.0,22.37,10.802,70.46,76.0,20.7,46.6,박정민,합격
CELL-01171,2026-04-19 09:42,A라인,야간,3.693,5066.1,19.03,10.891,68.94,,21.5,38.2,한서린,합격
CELL-01172,2026-04-19 10:47,A라인,주간,3.669,5020.3,19.83,10.714,69.12,86.5,21.8,46.0,이하영,합격
CELL-01173,2026-04-19 15:05,B라인,주간,3.703,4775.8,20.65,10.823,70.27,68.3,24.9,57.2,한서린,합격
CELL-01174,2026-04-19 15:54,A라인,야간,3.672,4981.5,22.61,10.52,69.98,68.7,23.8,35.4,김수현,합격
CELL-01175,2026-04-19 17:02,C라인,주간,3.645,5080.9,15.01,10.77,70.24,61.7,22.0,39.6,김수현,합격
CELL-01176,2026-04-19 17:19,A라인,주간,3.678,4593.4,16.11,10.743,71.13,65.3,24.4,51.4,한서린,합격
CELL-01177,2026-04-19 18:56,B라인,야간,3.711,4758.3,20.99,10.997,69.27,72.0,20.8,48.1,박정민,합격
CELL-01178,2026-04-19 19:42,A라인,주간,3.64,4792.1,19.02,10.946,71.12,67.1,27.3,36.4,정우석,합격
CELL-01179,2026-04-19 20:21,B라인,야간,3.667,4909.2,21.98,10.813,71.9,70.7,24.1,57.2,정우석,합격
CELL-01180,2026-04-19 20:23,C라인,야간,3.693,4874.4,24.24,11.029,70.14,73.6,21.1,43.8,정우석,합격
CELL-01181,2026-04-19 20:29,A라인,주간,3.753,4885.6,21.32,11.115,71.17,69.1,20.7,41.6,김수현,합격
CELL-01182,2026-04-19 21:22,A라인,주간,3.679,4850.8,21.83,10.925,70.77,69.4,25.8,40.5,정우석,합격
CELL-01183,2026-04-20 00:12,B라인,주간,3.685,4915.2,19.5,10.905,68.22,82.5,25.8,49.2,정우석,합격
CELL-01184,2026-04-20 00:24,B라인,주간,3.674,5038.4,18.03,10.946,71.5,60.5,24.0,36.7,김수현,합격
CELL-01185,2026-04-20 01:35,A라인,야간,3.683,4601.1,21.55,11.281,70.9,73.3,23.7,43.7,정우석,합격
CELL-01186,2026-04-20 02:32,B라인,야간,3.661,4925.9,26.02,11.331,70.87,72.8,25.1,41.1,한서린,합격
CELL-01187,2026-04-20 04:41,C라인,주간,3.653,4865.6,25.69,10.91,71.81,72.6,26.3,36.0,박정민,합격
CELL-01188,2026-04-20 05:53,B라인,주간,3.66,4742.1,21.38,10.904,68.35,76.3,25.9,44.6,박정민,합격
CELL-01189,2026-04-20 06:44,C라인,야간,3.712,4942.9,24.76,11.001,71.14,65.0,21.0,45.6,김수현,합격
CELL-01190,2026-04-20 08:23,B라인,주간,3.674,5101.4,20.09,11.018,71.38,72.7,22.5,40.6,정우석,합격
CELL-01191,2026-04-20 09:23,B라인,주간,3.663,4808.9,21.12,10.621,70.96,71.9,22.7,56.4,이하영,합격
CELL-01192,2026-04-20 11:42,C라인,야간,3.722,5006.0,22.0,11.237,69.75,71.3,23.5,39.5,김수현,합격
CELL-01193,2026-04-20 12:10,B라인,주간,3.728,4818.5,24.74,10.845,70.02,74.6,23.6,42.3,정우석,합격
CELL-01194,2026-04-20 13:03,A라인,주간,3.705,4759.7,25.52,10.824,69.88,77.2,23.2,50.8,이하영,불합격
CELL-01195,2026-04-20 13:45,B라인,주간,3.673,4885.0,20.05,10.696,69.5,60.3,23.0,41.3,김수현,합격
CELL-01196,2026-04-20 13:52,A라인,야간,3.731,5121.7,25.0,11.134,70.11,67.9,24.3,61.6,정우석,합격
CELL-01197,2026-04-20 14:14,C라인,야간,3.745,4810.2,18.15,11.145,70.54,66.3,24.5,52.1,정우석,합격
CELL-01198,2026-04-20 14:54,B라인,주간,3.609,5043.9,23.21,11.083,69.46,67.1,25.2,47.3,한서린,합격
CELL-01199,2026-04-20 15:00,C라인,주간,3.771,4661.7,27.39,11.163,71.01,72.4,27.3,51.3,정우석,불합격
CELL-01200,2026-04-20 15:39,A라인,주간,3.72,5003.1,18.61,11.205,69.27,64.7,25.8,59.8,한서린,합격
CELL-01201,2026-04-20 15:52,B라인,주간,3.746,4832.8,29.26,11.151,68.3,72.2,22.2,44.1,박정민,합격
CELL-01202,2026-04-20 18:00,A라인,주간,3.714,4851.3,26.4,11.1,70.68,72.7,25.8,39.8,이하영,합격
CELL-01203,2026-04-20 18:17,A라인,주간,3.69,4945.2,19.84,11.224,70.27,66.3,24.3,33.1,정우석,합격
CELL-01204,2026-04-20 18:58,C라인,주간,3.741,4992.2,28.43,10.674,69.7,70.6,24.6,43.5,박정민,합격
CELL-01205,2026-04-20 21:33,C라인,주간,3.622,4902.7,21.34,11.205,69.44,78.9,20.5,50.4,김수현,합격
CELL-01206,2026-04-20 23:54,C라인,주간,3.732,4938.9,21.34,11.001,68.81,74.3,24.0,40.5,김수현,합격
CELL-01207,2026-04-21 00:52,B라인,주간,3.639,4992.1,17.81,10.761,69.41,75.4,25.6,56.9,김수현,합격
CELL-01208,2026-04-21 01:17,A라인,야간,3.66,5136.4,23.75,11.051,69.7,75.9,22.4,44.1,김수현,합격
CELL-01209,2026-04-21 02:05,C라인,야간,3.699,4985.9,20.58,11.182,70.41,70.2,22.5,51.1,정우석,합격
CELL-01210,2026-04-21 03:41,C라인,야간,3.653,5230.2,20.27,11.085,70.96,55.3,23.0,56.4,정우석,합격
CELL-01211,2026-04-21 05:50,C라인,야간,3.632,4833.7,27.43,11.046,69.21,82.8,21.6,41.9,정우석,합격
CELL-01212,2026-04-21 06:26,B라인,주간,3.637,4992.5,21.31,10.957,71.7,76.8,22.8,42.5,박정민,합격
CELL-01213,2026-04-21 07:25,A라인,주간,3.683,5005.7,25.27,10.831,70.59,74.2,26.1,30.0,이하영,합격
CELL-01214,2026-04-21 07:40,A라인,주간,3.703,4864.8,17.89,11.177,71.77,75.5,20.8,54.6,김수현,합격
CELL-01215,2026-04-21 07:41,A라인,야간,3.695,4956.6,26.74,11.099,69.11,82.2,19.6,42.0,이하영,합격
CELL-01216,2026-04-21 07:59,B라인,주간,3.729,4691.3,23.55,11.158,69.29,82.2,23.4,43.4,한서린,합격
CELL-01217,2026-04-21 09:12,B라인,주간,3.647,4962.1,22.23,11.112,69.73,70.1,23.7,45.8,박정민,합격
CELL-01218,2026-04-21 10:08,A라인,주간,3.724,4919.9,22.92,10.79,70.77,64.2,23.2,49.9,김수현,합격
CELL-01219,2026-04-21 10:38,C라인,주간,3.648,4872.8,20.31,10.981,71.2,71.8,26.9,48.4,이하영,합격
CELL-01220,2026-04-21 11:29,B라인,야간,3.657,4803.1,22.51,11.038,69.36,78.1,24.3,29.1,한서린,합격
CELL-01221,2026-04-21 11:37,A라인,주간,3.659,4830.2,20.5,11.043,69.26,60.1,20.4,47.9,한서린,합격
CELL-01222,2026-04-21 12:20,B라인,주간,3.706,4756.9,19.58,10.803,69.26,78.1,18.3,32.3,한서린,합격
CELL-01223,2026-04-21 14:19,A라인,야간,3.682,4960.7,21.87,11.032,70.35,70.2,18.7,33.4,박정민,합격
CELL-01224,2026-04-21 14:38,B라인,야간,3.708,4836.5,23.21,10.947,70.21,68.1,21.3,52.8,김수현,합격
CELL-01225,2026-04-21 15:15,C라인,야간,3.645,4880.3,27.55,10.391,70.05,63.2,19.2,43.0,정우석,불합격
CELL-01226,2026-04-21 15:21,B라인,주간,3.716,4848.0,19.69,10.935,69.15,66.3,27.9,29.3,김수현,합격
CELL-01227,2026-04-21 18:03,B라인,야간,3.679,5017.7,22.46,11.19,70.94,70.3,,46.8,한서린,합격
CELL-01228,2026-04-21 19:12,B라인,주간,3.622,4630.4,21.44,10.977,67.11,76.0,24.3,51.0,한서린,합격
CELL-01229,2026-04-21 20:11,C라인,주간,3.69,4654.5,14.88,11.11,71.08,68.5,25.0,48.0,박정민,합격
CELL-01230,2026-04-21 22:46,A라인,주간,3.688,4734.3,19.91,11.118,69.57,69.6,24.6,42.4,박정민,합격
CELL-01231,2026-04-22 00:00,C라인,주간,3.73,5030.0,15.94,10.908,70.55,79.8,23.1,39.0,박정민,합격
CELL-01232,2026-04-22 00:54,B라인,야간,3.722,4791.6,19.06,10.803,69.29,72.9,21.3,,김수현,합격
CELL-01233,2026-04-22 02:31,A라인,야간,3.734,4879.4,23.06,11.002,71.59,70.5,21.4,36.8,정우석,합격
CELL-01234,2026-04-22 03:09,C라인,주간,3.708,4997.5,26.18,10.909,70.17,72.9,25.3,55.0,김수현,합격
CELL-01235,2026-04-22 05:12,A라인,주간,3.692,4901.3,18.18,11.131,69.96,70.7,23.9,48.6,이하영,합격
CELL-01236,2026-04-22 06:09,B라인,야간,3.657,4796.0,23.65,11.244,69.42,60.1,22.2,35.3,김수현,합격
CELL-01237,2026-04-22 06:22,A라인,야간,3.683,4754.1,24.49,10.499,71.26,75.9,24.2,39.7,정우석,불합격
CELL-01238,2026-04-22 08:09,C라인,주간,3.681,5062.3,22.03,11.039,69.42,64.0,24.5,59.3,한서린,합격
CELL-01239,2026-04-22 10:50,B라인,주간,3.668,4541.6,30.43,11.213,71.19,75.1,21.4,42.3,정우석,불합격
CELL-01240,2026-04-22 11:14,A라인,주간,3.649,4856.3,22.88,11.08,69.55,80.0,24.1,43.7,김수현,합격
CELL-01241,2026-04-22 16:21,A라인,야간,3.651,4828.0,16.05,11.043,70.7,70.0,20.6,48.0,정우석,합격
CELL-01242,2026-04-22 16:56,B라인,야간,3.677,5012.9,19.81,11.141,69.58,76.7,22.3,42.0,정우석,합격
CELL-01243,2026-04-22 19:51,B라인,주간,3.7,4961.8,22.75,11.303,68.73,68.0,24.9,57.2,이하영,합격
CELL-01244,2026-04-22 20:30,B라인,야간,3.604,4980.3,23.37,11.08,67.33,62.2,26.0,55.1,이하영,합격
CELL-01245,2026-04-22 20:47,C라인,주간,3.619,4825.4,19.59,10.992,69.98,77.9,24.3,48.6,이하영,합격
CELL-01246,2026-04-22 22:24,B라인,주간,3.735,4797.1,21.76,10.931,71.42,66.5,22.8,49.3,정우석,합격
CELL-01247,2026-04-22 23:38,B라인,주간,3.676,4905.1,20.43,11.048,72.77,72.7,23.1,37.9,김수현,합격
CELL-01248,2026-04-23 01:20,C라인,주간,3.668,4906.5,25.0,10.934,71.36,71.7,28.1,40.2,이하영,합격
CELL-01249,2026-04-23 01:23,A라인,주간,3.635,4640.5,18.6,10.882,72.16,79.2,20.9,40.4,정우석,합격
CELL-01250,2026-04-23 01:48,A라인,주간,3.675,4889.4,19.1,10.776,70.54,76.9,29.2,56.1,이하영,합격
CELL-01251,2026-04-23 03:35,C라인,주간,3.69,5070.1,24.62,11.115,68.94,64.8,22.1,58.2,한서린,합격
CELL-01252,2026-04-23 05:09,B라인,야간,3.684,4788.5,23.66,10.999,70.03,68.0,22.5,44.7,박정민,합격
CELL-01253,2026-04-23 06:02,B라인,야간,3.751,4785.8,18.57,11.282,70.26,63.8,24.6,58.1,정우석,합격
CELL-01254,2026-04-23 06:20,A라인,주간,3.641,4714.3,19.74,11.067,70.61,70.9,24.9,47.5,박정민,합격
CELL-01255,2026-04-23 07:34,B라인,주간,3.719,4808.3,19.33,10.962,70.51,72.9,26.9,55.7,김수현,합격
CELL-01256,2026-04-23 07:54,A라인,야간,3.74,5209.2,15.15,11.012,70.42,70.1,22.9,50.3,정우석,합격
CELL-01257,2026-04-23 07:59,A라인,야간,3.695,4981.4,18.53,10.649,70.15,77.7,26.0,44.3,김수현,합격
CELL-01258,2026-04-23 08:20,A라인,야간,3.714,5093.3,22.17,11.199,70.1,71.3,25.4,46.6,한서린,합격
CELL-01259,2026-04-23 09:03,C라인,야간,3.72,4818.3,23.51,10.83,70.41,68.0,20.0,44.2,박정민,합격
CELL-01260,2026-04-23 11:55,C라인,야간,3.645,5078.9,14.52,10.733,68.81,76.3,21.6,48.6,한서린,합격
CELL-01261,2026-04-23 12:49,A라인,주간,3.751,4994.1,16.51,11.014,70.82,60.4,21.0,48.5,김수현,합격
CELL-01262,2026-04-23 13:20,A라인,야간,3.671,4869.1,24.21,11.135,70.27,73.6,23.5,43.3,정우석,합격
CELL-01263,2026-04-23 17:01,A라인,주간,3.688,4796.0,24.9,11.284,70.45,70.2,23.6,41.7,이하영,합격
CELL-01264,2026-04-23 17:24,C라인,야간,3.661,4854.6,22.45,10.77,69.2,61.4,21.9,29.7,박정민,합격
CELL-01265,2026-04-23 18:02,A라인,야간,3.713,4925.1,23.46,10.942,69.66,70.0,21.6,42.2,이하영,합격
CELL-01266,2026-04-23 19:10,B라인,주간,3.663,5057.2,23.6,11.318,71.3,78.4,23.8,55.1,이하영,합격
CELL-01267,2026-04-23 19:30,B라인,주간,3.642,4893.7,24.29,10.952,70.8,79.5,24.6,26.8,이하영,합격
CELL-01268,2026-04-23 20:04,B라인,야간,3.709,4798.5,16.08,10.932,69.22,67.5,22.6,39.3,한서린,합격
CELL-01269,2026-04-23 21:35,A라인,주간,3.637,4928.4,24.52,11.042,71.02,69.3,22.1,42.3,박정민,합격
CELL-01270,2026-04-23 22:13,A라인,주간,3.701,4822.6,22.16,11.028,68.17,64.0,23.2,,이하영,합격
CELL-01271,2026-04-23 22:18,A라인,주간,3.711,4864.0,20.47,11.094,71.29,67.2,24.3,45.9,박정민,합격
CELL-01272,2026-04-23 23:57,A라인,주간,3.693,4743.6,23.23,11.044,70.51,67.4,28.0,39.5,한서린,합격
CELL-01273,2026-04-24 00:20,C라인,주간,3.717,5005.8,26.22,10.893,70.0,69.1,24.9,42.2,한서린,합격
CELL-01274,2026-04-24 01:11,C라인,주간,3.695,5048.1,20.0,10.887,71.13,67.9,26.4,42.7,한서린,합격
CELL-01275,2026-04-24 03:58,C라인,야간,3.663,4834.6,31.39,10.756,70.8,59.7,22.0,35.3,한서린,불합격
CELL-01276,2026-04-24 06:20,A라인,야간,3.589,4486.3,24.11,11.305,70.42,67.3,23.6,41.5,박정민,합격
CELL-01277,2026-04-24 06:39,C라인,야간,3.634,4873.3,19.02,11.07,68.31,70.4,20.4,45.3,박정민,합격
CELL-01278,2026-04-24 06:53,B라인,주간,3.718,4854.3,21.62,10.986,69.56,64.6,26.0,45.0,박정민,합격
CELL-01279,2026-04-24 07:12,A라인,주간,3.7,5093.3,21.7,11.225,70.61,83.7,25.9,40.2,정우석,합격
CELL-01280,2026-04-24 07:40,A라인,야간,3.676,4871.6,21.1,10.873,68.53,81.6,23.3,41.1,김수현,합격
CELL-01281,2026-04-24 08:36,A라인,야간,3.67,4747.2,19.54,10.676,70.83,76.5,25.0,47.7,한서린,합격
CELL-01282,2026-04-24 10:05,B라인,주간,3.679,4604.3,20.13,11.163,70.1,79.0,25.2,39.4,박정민,합격
CELL-01283,2026-04-24 10:16,B라인,주간,3.651,5087.3,17.48,11.315,71.19,63.5,25.0,50.3,이하영,합격
CELL-01284,2026-04-24 10:42,C라인,야간,3.729,4984.8,25.24,11.194,70.24,76.1,23.3,32.0,김수현,합격
CELL-01285,2026-04-24 11:32,C라인,주간,3.734,4947.9,15.9,11.02,70.1,67.2,27.2,40.4,한서린,합격
CELL-01286,2026-04-24 12:51,C라인,주간,3.68,4791.2,23.43,11.072,71.93,68.4,22.0,64.1,이하영,합격
CELL-01287,2026-04-24 12:57,B라인,야간,3.732,4883.8,19.65,10.793,71.58,68.1,21.5,26.8,정우석,합격
CELL-01288,2026-04-24 13:07,A라인,주간,3.737,5043.2,21.82,11.25,72.04,60.3,23.5,42.0,이하영,합격
CELL-01289,2026-04-24 13:25,B라인,주간,3.68,4895.9,11.02,10.94,70.25,67.8,21.1,30.0,박정민,합격
CELL-01290,2026-04-24 14:50,C라인,야간,3.661,5073.0,27.69,11.071,71.46,60.5,19.7,36.5,정우석,합격
CELL-01291,2026-04-24 15:06,B라인,주간,3.705,5171.0,22.61,10.877,70.56,77.1,26.2,37.5,정우석,합격
CELL-01292,2026-04-24 15:20,C라인,주간,3.718,4960.4,24.19,11.057,70.7,62.8,24.4,33.2,한서린,합격
CELL-01293,2026-04-24 16:15,B라인,주간,3.7,4804.1,22.74,11.185,70.56,62.0,20.4,56.1,한서린,합격
CELL-01294,2026-04-24 16:33,C라인,야간,3.687,4741.9,21.43,11.168,71.63,,22.4,37.0,정우석,합격
CELL-01295,2026-04-24 17:02,A라인,야간,3.657,5044.9,19.75,11.053,70.22,60.4,21.2,36.9,김수현,합격
CELL-01296,2026-04-24 17:34,A라인,야간,3.768,5046.9,21.09,11.214,71.23,75.9,22.3,55.9,김수현,합격
CELL-01297,2026-04-24 18:22,B라인,야간,3.683,4782.4,23.16,10.778,69.99,77.8,21.3,47.1,이하영,합격
CELL-01298,2026-04-24 18:47,B라인,주간,3.662,4864.1,21.17,11.329,68.93,66.3,25.2,45.3,한서린,합격
CELL-01299,2026-04-24 19:39,C라인,주간,3.712,4515.0,33.73,10.923,69.45,75.2,23.1,41.9,김수현,불합격
CELL-01300,2026-04-24 21:25,A라인,주간,3.693,4931.4,29.17,10.654,70.67,62.8,25.0,30.7,이하영,합격
CELL-01301,2026-04-24 21:42,A라인,야간,3.688,5031.9,22.86,11.048,69.41,80.6,24.7,46.9,정우석,합격
CELL-01302,2026-04-24 21:45,A라인,주간,3.642,4783.0,21.81,10.832,71.1,59.6,22.1,39.0,이하영,합격
CELL-01303,2026-04-24 21:55,C라인,주간,3.704,4926.2,21.9,11.145,70.93,79.2,23.4,51.6,정우석,합격
CELL-01304,2026-04-24 23:55,B라인,주간,3.753,5067.8,19.0,10.756,69.72,70.6,20.5,42.1,한서린,합격
CELL-01305,2026-04-25 00:17,A라인,야간,3.624,4735.7,21.99,10.677,70.51,68.1,17.2,34.6,한서린,합격
CELL-01306,2026-04-25 01:35,C라인,야간,3.682,4869.5,16.33,11.147,71.2,66.8,23.0,55.7,한서린,합격
CELL-01307,2026-04-25 01:36,A라인,주간,3.665,4984.2,27.81,10.922,70.11,72.9,23.3,27.6,박정민,합격
CELL-01308,2026-04-25 03:59,B라인,주간,3.671,4721.9,20.27,10.831,69.47,87.3,30.4,40.1,이하영,불합격
CELL-01309,2026-04-25 04:13,A라인,주간,3.689,4788.9,20.55,11.024,68.82,75.9,,55.5,정우석,합격
CELL-01310,2026-04-25 04:45,B라인,주간,3.661,4871.1,21.94,10.998,70.74,69.9,24.4,46.9,이하영,합격
CELL-01311,2026-04-25 05:54,A라인,야간,3.631,4722.4,16.86,10.558,69.63,69.9,23.0,41.7,정우석,합격
CELL-01312,2026-04-25 08:54,B라인,주간,3.69,4879.5,24.74,10.966,69.75,62.7,26.9,42.6,한서린,합격
CELL-01313,2026-04-25 09:05,A라인,주간,3.598,5012.5,22.5,10.876,69.68,72.5,20.6,52.7,이하영,합격
CELL-01314,2026-04-25 09:15,A라인,야간,3.693,4954.0,19.57,11.138,68.85,81.1,23.9,52.3,정우석,합격
CELL-01315,2026-04-25 09:58,C라인,주간,3.655,4769.0,25.43,11.178,69.49,83.1,19.1,53.7,정우석,합격
CELL-01316,2026-04-25 09:59,A라인,야간,3.693,4978.4,21.04,11.136,70.88,65.0,20.6,39.3,한서린,합격
CELL-01317,2026-04-25 10:09,B라인,주간,3.723,5012.3,20.13,10.763,71.04,63.4,22.7,60.2,한서린,합격
CELL-01318,2026-04-25 14:08,C라인,주간,3.692,4746.8,23.59,11.095,71.55,71.6,22.2,54.7,한서린,합격
CELL-01319,2026-04-25 14:58,B라인,야간,3.678,4968.1,25.68,10.933,69.33,81.7,24.1,45.4,박정민,합격
CELL-01320,2026-04-25 15:56,A라인,주간,3.693,4925.5,16.83,11.234,71.05,72.8,25.0,36.1,정우석,합격
CELL-01321,2026-04-25 18:39,A라인,야간,3.687,4720.1,16.01,10.946,69.36,64.0,19.7,49.3,박정민,합격
CELL-01322,2026-04-25 18:58,B라인,주간,3.691,4836.8,21.11,10.77,69.88,72.2,25.2,49.2,한서린,합격
CELL-01323,2026-04-25 19:47,A라인,주간,3.701,4901.9,17.2,11.1,69.35,76.9,22.0,33.0,김수현,합격
CELL-01324,2026-04-25 20:26,A라인,야간,3.676,5193.9,20.48,10.839,67.76,71.8,24.6,42.8,김수현,합격
CELL-01325,2026-04-25 20:33,C라인,야간,3.677,4829.9,24.73,11.038,70.17,71.9,24.8,39.7,이하영,합격
CELL-01326,2026-04-25 20:38,A라인,야간,3.711,5003.2,25.57,10.893,70.6,68.4,23.9,49.1,한서린,합격
CELL-01327,2026-04-25 22:26,A라인,야간,3.738,4986.0,19.52,10.787,69.93,61.9,22.4,41.7,이하영,합격
CELL-01328,2026-04-25 22:38,B라인,야간,3.65,4755.4,17.26,11.094,71.06,65.0,24.8,49.6,한서린,합격
CELL-01329,2026-04-26 05:03,A라인,야간,3.632,4826.7,18.5,10.966,71.0,61.1,22.6,52.1,김수현,합격
CELL-01330,2026-04-26 06:01,B라인,주간,3.681,4947.8,24.46,11.013,68.46,61.3,24.9,34.9,김수현,합격
CELL-01331,2026-04-26 06:14,B라인,주간,3.707,4773.1,21.3,11.051,70.02,70.1,25.5,42.4,한서린,합격
CELL-01332,2026-04-26 06:18,A라인,야간,3.629,5052.2,13.71,10.985,70.58,72.9,22.3,37.9,한서린,합격
CELL-01333,2026-04-26 08:24,A라인,야간,3.759,4782.7,23.82,11.182,71.09,68.8,23.0,43.3,김수현,합격
CELL-01334,2026-04-26 08:40,A라인,주간,3.611,5097.5,20.87,11.172,70.99,79.3,26.0,49.4,정우석,합격
CELL-01335,2026-04-26 10:43,B라인,야간,3.692,4940.1,20.66,10.88,69.97,61.8,25.3,44.1,박정민,합격
CELL-01336,2026-04-26 11:17,B라인,주간,3.645,4667.5,21.09,11.079,69.44,67.5,22.3,43.6,한서린,합격
CELL-01337,2026-04-26 11:51,A라인,주간,3.622,4974.4,26.26,10.801,69.58,77.4,25.6,37.7,박정민,합격
CELL-01338,2026-04-26 13:31,A라인,야간,3.747,4948.2,26.64,10.978,70.32,71.0,22.2,48.7,정우석,합격
CELL-01339,2026-04-26 13:47,B라인,주간,3.764,4806.7,20.87,11.051,70.44,57.7,23.9,44.9,한서린,합격
CELL-01340,2026-04-26 15:29,A라인,주간,3.737,5001.5,18.16,10.93,71.3,67.9,28.4,56.1,이하영,합격
CELL-01341,2026-04-26 17:56,B라인,야간,3.745,4799.6,17.39,10.965,69.17,67.5,24.8,43.1,박정민,합격
CELL-01342,2026-04-26 20:13,B라인,주간,3.68,4985.2,23.7,11.02,70.83,81.2,23.6,42.4,이하영,합격
CELL-01343,2026-04-26 20:15,A라인,야간,3.689,5090.8,22.62,10.983,67.67,66.5,24.0,55.7,한서린,합격
CELL-01344,2026-04-26 20:48,A라인,야간,3.611,4999.3,24.5,10.877,68.74,69.0,21.9,48.4,박정민,합격
CELL-01345,2026-04-26 22:30,A라인,주간,3.614,4834.4,18.55,11.175,71.46,72.7,26.2,31.3,박정민,합격
CELL-01346,2026-04-26 23:34,A라인,주간,3.727,4890.8,19.52,10.844,71.37,66.5,27.3,42.9,박정민,합격
CELL-01347,2026-04-27 01:00,A라인,야간,3.615,4773.2,21.79,10.741,69.46,68.3,,63.1,이하영,합격
CELL-01348,2026-04-27 01:15,A라인,주간,3.69,5259.2,18.56,10.991,68.98,75.5,26.6,47.0,이하영,합격
CELL-01349,2026-04-27 01:34,A라인,주간,3.658,5047.3,23.94,10.909,69.0,62.4,21.5,38.0,김수현,합격
CELL-01350,2026-04-27 02:02,C라인,주간,3.734,4964.5,25.15,10.838,70.39,70.5,26.1,39.9,김수현,합격
CELL-01351,2026-04-27 03:01,A라인,야간,3.691,4928.1,20.99,11.369,69.09,71.4,25.5,51.6,이하영,합격
CELL-01352,2026-04-27 03:27,A라인,주간,3.714,4883.2,21.81,10.915,69.72,80.9,22.3,34.4,이하영,합격
CELL-01353,2026-04-27 04:02,A라인,야간,3.701,4987.9,24.96,11.011,69.41,57.4,20.5,45.8,김수현,합격
CELL-01354,2026-04-27 04:46,B라인,야간,3.682,4897.0,19.31,11.038,69.76,58.6,22.5,40.5,박정민,합격
CELL-01355,2026-04-27 05:35,C라인,주간,3.727,4878.7,24.33,10.897,70.69,71.1,24.0,42.9,한서린,합격
CELL-01356,2026-04-27 06:09,A라인,주간,3.736,4866.9,19.87,11.179,70.61,73.9,27.2,40.9,이하영,합격
CELL-01357,2026-04-27 06:13,C라인,주간,3.699,4935.1,26.04,11.087,69.31,68.4,24.2,51.7,정우석,합격
CELL-01358,2026-04-27 07:13,A라인,주간,3.616,5042.8,17.34,10.856,68.17,72.1,25.9,39.8,이하영,합격
CELL-01359,2026-04-27 07:23,A라인,주간,3.678,4684.9,23.24,10.939,70.76,75.1,24.4,35.2,정우석,합격
CELL-01360,2026-04-27 07:59,A라인,야간,3.716,4907.7,10.07,11.071,68.9,58.8,22.9,40.3,김수현,합격
CELL-01361,2026-04-27 08:44,C라인,주간,3.727,5026.5,23.17,11.276,71.05,69.9,23.2,42.7,박정민,합격
CELL-01362,2026-04-27 10:57,A라인,야간,3.712,5012.2,21.46,10.832,69.64,72.6,23.8,39.2,이하영,합격
CELL-01363,2026-04-27 13:14,C라인,주간,3.648,4837.2,18.69,11.273,69.99,68.4,24.1,29.9,박정민,합격
CELL-01364,2026-04-27 14:24,A라인,야간,3.658,4650.2,28.59,10.862,69.64,65.8,22.2,60.3,한서린,불합격
CELL-01365,2026-04-27 14:48,C라인,주간,3.687,4968.8,23.09,11.209,69.91,70.5,20.8,49.3,박정민,합격
CELL-01366,2026-04-27 15:04,C라인,야간,3.686,4879.8,21.18,10.791,69.35,66.9,25.2,49.0,김수현,합격
CELL-01367,2026-04-27 18:40,A라인,야간,3.721,4875.9,17.71,10.753,70.56,79.0,28.1,52.4,정우석,합격
CELL-01368,2026-04-27 19:42,C라인,주간,3.655,5011.7,26.72,10.974,69.74,60.8,23.4,52.7,이하영,합격
CELL-01369,2026-04-27 20:56,A라인,야간,3.653,4819.9,21.91,11.042,68.72,74.1,23.4,46.4,김수현,합격
CELL-01370,2026-04-27 22:46,A라인,야간,3.681,4841.9,21.88,11.391,68.55,73.2,26.6,45.0,이하영,합격
CELL-01371,2026-04-28 01:36,A라인,주간,3.713,4957.4,17.9,11.162,69.79,61.5,25.7,62.2,김수현,합격
CELL-01372,2026-04-28 03:13,A라인,주간,3.617,4793.8,14.49,10.935,70.57,79.8,24.9,34.7,김수현,합격
CELL-01373,2026-04-28 04:58,A라인,주간,3.733,5188.3,24.08,10.906,70.73,74.3,27.0,35.2,한서린,합격
CELL-01374,2026-04-28 07:44,A라인,야간,3.736,4906.1,21.58,10.99,71.89,80.7,22.0,51.3,한서린,합격
CELL-01375,2026-04-28 09:42,A라인,야간,3.652,4987.3,22.45,11.028,70.74,69.3,21.5,48.5,이하영,합격
CELL-01376,2026-04-28 10:09,A라인,주간,3.704,5151.1,21.51,10.877,69.85,66.9,21.8,36.9,김수현,합격
CELL-01377,2026-04-28 10:47,C라인,주간,3.673,4800.0,23.02,10.795,69.76,69.5,23.2,53.6,정우석,합격
CELL-01378,2026-04-28 11:10,A라인,야간,3.65,4791.4,16.11,11.155,70.1,66.8,22.6,36.4,정우석,합격
CELL-01379,2026-04-28 12:02,B라인,주간,3.707,5074.8,19.82,11.388,69.08,81.0,25.6,,박정민,합격
CELL-01380,2026-04-28 12:49,A라인,야간,3.669,4931.9,23.49,11.332,69.84,68.9,25.2,54.3,김수현,합격
CELL-01381,2026-04-28 13:03,C라인,야간,3.688,5208.2,28.27,11.176,70.41,82.5,22.7,52.9,이하영,합격
CELL-01382,2026-04-28 13:07,B라인,야간,3.681,4825.2,17.07,10.937,69.98,81.0,22.3,50.7,이하영,합격
CELL-01383,2026-04-28 14:31,A라인,야간,3.665,5043.1,29.87,10.994,70.84,85.6,21.1,37.8,이하영,합격
CELL-01384,2026-04-28 15:48,B라인,야간,3.661,4998.5,14.19,11.069,71.23,71.9,22.9,32.5,이하영,합격
CELL-01385,2026-04-28 17:07,B라인,야간,3.712,4822.1,20.85,10.834,68.88,66.5,20.2,43.5,한서린,합격
CELL-01386,2026-04-28 17:30,B라인,야간,3.674,5114.1,16.51,11.261,69.93,72.6,21.7,36.4,박정민,합격
CELL-01387,2026-04-28 18:00,B라인,주간,3.654,4953.2,21.44,11.22,70.06,69.6,24.0,50.4,정우석,합격
CELL-01388,2026-04-28 20:29,B라인,야간,3.645,4967.8,19.08,11.019,68.71,79.3,23.8,43.1,이하영,합격
CELL-01389,2026-04-28 20:47,B라인,야간,3.66,4906.1,19.35,11.1,69.22,67.3,24.4,49.4,이하영,합격
CELL-01390,2026-04-28 23:31,B라인,야간,3.66,5024.9,17.55,11.138,68.71,63.0,25.8,48.4,박정민,합격
CELL-01391,2026-04-29 00:17,B라인,주간,3.599,4803.0,25.4,11.172,69.39,73.5,,45.9,정우석,합격
CELL-01392,2026-04-29 03:20,A라인,주간,3.619,5173.3,23.52,11.077,70.01,75.4,21.0,60.7,박정민,합격
CELL-01393,2026-04-29 05:45,A라인,주간,3.723,4926.0,25.2,11.255,70.01,70.8,26.4,52.7,김수현,합격
CELL-01394,2026-04-29 05:54,A라인,주간,3.68,4888.1,19.36,10.948,69.89,71.0,25.5,42.5,이하영,합격
CELL-01395,2026-04-29 05:59,A라인,야간,3.744,4966.3,12.26,10.756,70.69,70.7,20.1,57.0,정우석,합격
CELL-01396,2026-04-29 06:58,C라인,야간,3.64,4972.6,25.34,11.212,70.19,81.5,20.8,,정우석,합격
CELL-01397,2026-04-29 09:03,C라인,주간,3.713,4818.5,26.56,10.912,69.86,82.2,25.1,40.4,한서린,불합격
CELL-01398,2026-04-29 11:22,A라인,주간,3.662,4938.9,21.11,10.863,71.06,80.3,25.6,49.7,한서린,합격
CELL-01399,2026-04-29 12:45,A라인,야간,3.652,5093.8,29.56,10.639,71.29,82.1,25.7,41.3,박정민,불합격
CELL-01400,2026-04-29 14:23,A라인,주간,3.663,4744.2,19.69,11.128,68.14,80.2,21.1,47.1,이하영,합격
CELL-01401,2026-04-29 15:19,C라인,주간,3.715,4821.5,20.24,10.772,70.39,71.9,25.8,39.3,김수현,합격
CELL-01402,2026-04-29 16:03,B라인,야간,3.674,4985.1,21.13,10.748,71.3,68.5,20.1,50.3,정우석,합격
CELL-01403,2026-04-29 16:35,A라인,주간,3.72,4922.1,17.12,11.069,69.29,71.1,24.8,38.4,김수현,합격
CELL-01404,2026-04-29 16:57,C라인,주간,3.635,5249.2,26.28,10.906,69.63,70.0,26.7,51.4,정우석,합격
CELL-01405,2026-04-29 20:31,A라인,야간,3.622,4941.3,21.28,11.177,71.39,68.4,22.0,41.8,한서린,합격
CELL-01406,2026-04-29 21:00,A라인,주간,3.714,4774.3,20.96,11.251,69.93,75.3,23.4,33.5,김수현,합격
CELL-01407,2026-04-30 00:18,C라인,야간,3.694,5111.2,16.51,10.986,70.28,71.3,25.7,54.6,박정민,합격
CELL-01408,2026-04-30 01:21,A라인,야간,3.695,4837.3,21.49,10.853,69.71,77.9,26.4,32.0,김수현,합격
CELL-01409,2026-04-30 04:26,C라인,주간,3.675,5026.2,32.19,10.934,71.24,76.0,25.3,47.2,박정민,합격
CELL-01410,2026-04-30 04:50,B라인,야간,3.627,5051.1,23.63,10.88,71.12,56.1,20.0,36.1,박정민,합격
CELL-01411,2026-04-30 05:01,B라인,야간,3.695,4650.0,17.89,11.201,72.0,60.3,22.2,49.1,박정민,합격
CELL-01412,2026-04-30 05:30,A라인,주간,3.644,5112.8,26.66,10.843,69.71,68.1,22.9,47.6,박정민,합격
CELL-01413,2026-04-30 06:15,B라인,야간,3.636,5117.3,17.23,10.858,69.02,66.9,21.7,45.2,한서린,합격
CELL-01414,2026-04-30 07:54,C라인,야간,3.669,4800.1,26.55,10.885,71.46,82.0,18.6,52.0,정우석,불합격
CELL-01415,2026-04-30 08:13,C라인,야간,3.609,4995.4,27.39,10.958,69.53,73.1,23.9,52.0,한서린,합격
CELL-01416,2026-04-30 09:09,C라인,주간,3.689,5054.0,19.08,10.938,71.36,62.9,21.6,46.1,박정민,합격
CELL-01417,2026-04-30 10:10,A라인,주간,3.704,4762.5,23.76,10.672,68.81,71.8,25.0,43.7,이하영,합격
CELL-01418,2026-04-30 10:55,C라인,주간,3.659,4743.6,29.42,10.993,71.22,61.7,24.2,,이하영,합격
CELL-01419,2026-04-30 11:05,B라인,주간,3.675,4917.2,15.8,10.74,70.39,62.8,21.9,49.0,박정민,합격
CELL-01420,2026-04-30 13:51,A라인,주간,3.719,4827.4,18.6,11.004,71.89,61.6,25.0,32.3,이하영,합격
CELL-01421,2026-04-30 14:05,C라인,주간,3.682,4688.6,22.93,10.798,70.72,67.2,24.2,40.7,한서린,합격
CELL-01422,2026-04-30 16:34,A라인,주간,3.754,5022.7,25.68,11.469,69.91,65.0,,52.1,박정민,합격
CELL-01423,2026-04-30 19:06,A라인,주간,3.748,5072.1,20.01,11.053,69.44,65.0,22.7,36.9,박정민,합격
CELL-01424,2026-04-30 19:46,B라인,야간,3.715,4976.0,12.86,10.786,71.65,66.7,26.8,40.8,한서린,합격
CELL-01425,2026-04-30 20:27,B라인,야간,3.739,4944.0,25.23,10.703,70.81,79.5,20.0,,한서린,합격
CELL-01426,2026-04-30 23:12,C라인,야간,3.678,5162.0,23.28,11.337,70.54,64.3,17.7,52.2,박정민,합격
CELL-01427,2026-05-01 00:18,A라인,야간,3.667,5094.7,24.32,10.942,70.31,72.7,22.0,32.8,박정민,합격
CELL-01428,2026-05-01 00:39,A라인,야간,3.674,4838.5,27.59,11.253,69.55,74.0,23.8,,박정민,합격
CELL-01429,2026-05-01 00:55,B라인,야간,3.674,4799.1,21.9,11.031,69.46,65.2,24.7,39.9,김수현,합격
CELL-01430,2026-05-01 01:18,C라인,야간,3.675,4825.6,19.17,11.119,71.28,74.4,25.8,50.6,이하영,합격
CELL-01431,2026-05-01 03:30,A라인,야간,3.631,4856.4,20.36,10.819,68.9,73.9,23.2,44.9,정우석,합격
CELL-01432,2026-05-01 03:37,A라인,야간,3.726,4876.4,24.11,10.972,69.6,72.9,25.9,39.1,박정민,합격
CELL-01433,2026-05-01 03:55,A라인,야간,3.716,4877.1,22.22,10.841,70.62,68.5,24.2,41.1,박정민,합격
CELL-01434,2026-05-01 05:07,B라인,야간,3.753,4917.9,13.92,11.158,69.83,75.6,19.7,38.9,한서린,합격
CELL-01435,2026-05-01 05:58,B라인,주간,3.657,4942.2,17.58,11.388,69.87,66.9,25.2,46.9,김수현,합격
CELL-01436,2026-05-01 09:08,B라인,주간,3.608,5015.6,23.78,10.909,70.5,78.2,24.8,54.9,박정민,합격
CELL-01437,2026-05-01 09:09,B라인,주간,3.652,5038.3,12.4,11.124,69.46,70.6,22.6,38.2,정우석,합격
CELL-01438,2026-05-01 10:17,C라인,주간,3.771,4861.0,27.26,11.069,69.4,71.6,24.8,36.0,한서린,합격
CELL-01439,2026-05-01 12:45,A라인,주간,3.711,5197.5,20.46,11.221,71.59,77.6,27.1,45.9,정우석,합격
CELL-01440,2026-05-01 13:01,B라인,야간,3.626,4958.3,21.98,10.852,70.84,67.4,23.9,44.2,이하영,합격
CELL-01441,2026-05-01 14:04,A라인,주간,3.638,4778.1,23.11,11.095,72.2,66.5,22.5,38.7,박정민,합격
CELL-01442,2026-05-01 14:26,B라인,주간,3.655,4765.4,20.48,10.929,70.32,66.9,27.2,49.0,정우석,합격
CELL-01443,2026-05-01 14:40,A라인,주간,3.66,4892.0,25.57,11.449,71.39,83.8,23.8,48.4,정우석,합격
CELL-01444,2026-05-01 15:30,B라인,주간,3.65,4821.6,22.71,10.979,69.65,71.8,25.9,32.3,김수현,합격
CELL-01445,2026-05-01 19:29,A라인,주간,3.681,4657.4,19.39,10.862,69.94,75.4,23.4,45.9,이하영,합격
CELL-01446,2026-05-01 20:04,C라인,주간,3.718,4673.8,18.25,11.095,69.4,70.3,25.0,44.3,박정민,합격
CELL-01447,2026-05-01 21:30,C라인,야간,3.706,4997.6,18.93,11.011,71.92,77.6,24.1,38.1,한서린,합격
CELL-01448,2026-05-01 21:47,B라인,주간,3.671,4840.3,24.7,10.634,69.25,69.7,24.2,43.8,이하영,합격
CELL-01449,2026-05-01 22:03,B라인,야간,3.664,4782.0,22.62,11.301,70.07,74.5,,48.5,정우석,합격
CELL-01450,2026-05-02 00:05,C라인,주간,3.644,5073.2,24.37,10.729,69.78,79.9,26.2,49.8,김수현,합격
CELL-01451,2026-05-02 00:30,A라인,주간,3.684,4816.6,22.43,11.053,71.02,67.8,22.8,44.8,박정민,합격
CELL-01452,2026-05-02 00:44,A라인,야간,3.662,4860.5,23.26,11.094,70.68,69.6,23.4,53.9,이하영,합격
CELL-01453,2026-05-02 01:10,C라인,주간,3.654,5089.2,21.56,10.774,71.0,71.6,26.3,43.0,정우석,합격
CELL-01454,2026-05-02 01:30,A라인,주간,3.713,4756.5,17.16,10.693,69.96,74.8,24.9,47.6,정우석,합격
CELL-01455,2026-05-02 05:18,C라인,주간,3.637,4832.1,15.97,10.916,71.84,70.7,22.0,43.6,김수현,합격
CELL-01456,2026-05-02 06:08,C라인,야간,3.709,5048.6,22.47,11.035,71.39,71.3,26.8,,정우석,합격
CELL-01457,2026-05-02 06:27,B라인,야간,3.688,4908.3,20.61,11.021,71.43,69.6,22.8,41.9,박정민,합격
CELL-01458,2026-05-02 07:57,A라인,야간,3.755,4866.3,18.64,10.943,69.16,60.3,25.0,60.7,이하영,합격
CELL-01459,2026-05-02 08:02,C라인,주간,3.725,5059.0,18.33,11.019,70.55,65.3,25.7,34.0,박정민,합격
CELL-01460,2026-05-02 08:56,C라인,야간,3.674,4685.5,23.75,10.619,69.34,55.3,18.2,55.3,정우석,합격
CELL-01461,2026-05-02 10:07,B라인,주간,3.668,4924.1,22.11,11.047,70.35,67.8,20.9,40.6,박정민,합격
CELL-01462,2026-05-02 10:20,B라인,야간,3.644,4846.0,21.96,11.232,69.12,67.5,25.0,,김수현,합격
CELL-01463,2026-05-02 11:21,B라인,주간,3.586,4952.8,18.89,11.147,70.25,76.3,26.8,38.9,한서린,합격
CELL-01464,2026-05-02 11:51,A라인,주간,3.679,5095.8,14.89,10.985,70.01,71.5,21.8,,한서린,합격
CELL-01465,2026-05-02 12:44,C라인,야간,3.677,4933.3,22.09,11.447,71.32,81.2,27.7,35.4,이하영,합격
CELL-01466,2026-05-02 15:26,A라인,주간,3.608,4806.8,15.12,11.032,70.06,65.1,23.9,54.1,한서린,합격
CELL-01467,2026-05-02 16:02,C라인,야간,3.593,4933.8,22.56,11.114,70.63,69.9,24.0,32.6,정우석,합격
CELL-01468,2026-05-02 18:17,A라인,야간,3.695,4871.6,19.89,10.991,69.74,77.1,23.2,48.7,한서린,합격
CELL-01469,2026-05-03 00:16,C라인,주간,3.761,4791.7,24.19,10.698,70.74,54.9,22.0,55.4,박정민,합격
CELL-01470,2026-05-03 00:23,B라인,주간,3.657,4740.7,23.2,11.211,69.77,57.0,25.0,34.4,김수현,합격
CELL-01471,2026-05-03 00:50,A라인,야간,3.675,4693.9,30.81,11.017,71.14,70.8,26.1,49.7,박정민,불합격
CELL-01472,2026-05-03 02:41,C라인,주간,3.702,4784.6,23.31,10.896,69.83,67.9,28.5,27.4,이하영,합격
CELL-01473,2026-05-03 02:58,A라인,야간,3.636,4748.4,28.15,10.764,70.23,61.4,25.6,36.7,정우석,불합격
CELL-01474,2026-05-03 03:07,B라인,주간,3.657,4666.7,20.09,11.167,69.47,58.9,23.8,48.1,박정민,합격
CELL-01475,2026-05-03 04:45,B라인,주간,3.688,4965.8,21.11,11.05,69.26,57.9,25.3,60.3,정우석,합격
CELL-01476,2026-05-03 05:37,C라인,주간,3.699,4953.6,26.56,10.976,70.75,63.6,22.9,33.3,김수현,합격
CELL-01477,2026-05-03 07:17,A라인,야간,3.74,4791.9,19.8,10.798,70.8,65.0,19.0,44.0,김수현,합격
CELL-01478,2026-05-03 08:08,A라인,야간,3.702,4713.0,22.66,11.321,69.72,80.0,25.4,44.9,김수현,합격
CELL-01479,2026-05-03 10:58,B라인,야간,3.684,4907.7,21.6,11.089,69.56,71.2,20.5,49.6,김수현,합격
CELL-01480,2026-05-03 12:19,C라인,야간,3.695,4936.0,19.55,11.343,69.87,67.2,,39.2,김수현,합격
CELL-01481,2026-05-03 12:19,B라인,야간,3.682,4750.6,19.52,11.123,69.38,68.6,22.8,35.7,이하영,합격
CELL-01482,2026-05-03 12:35,B라인,주간,3.652,4727.9,19.63,10.814,69.47,70.1,27.0,39.9,김수현,합격
CELL-01483,2026-05-03 13:01,B라인,야간,3.684,4875.7,19.96,11.29,71.87,55.6,23.1,65.5,김수현,합격
CELL-01484,2026-05-03 13:21,C라인,주간,3.676,5044.7,24.22,11.069,72.19,78.2,24.7,,정우석,합격
CELL-01485,2026-05-03 13:26,C라인,주간,3.655,4855.9,24.63,10.767,70.59,77.8,24.5,51.2,정우석,합격
CELL-01486,2026-05-03 14:20,A라인,주간,3.716,4917.0,21.56,11.007,68.45,70.0,23.2,55.1,정우석,합격
CELL-01487,2026-05-03 14:22,B라인,야간,3.649,4939.0,20.26,11.033,69.49,,26.0,41.9,김수현,합격
CELL-01488,2026-05-03 14:42,B라인,야간,3.685,4890.3,26.56,10.943,71.88,74.5,22.3,43.6,김수현,합격
CELL-01489,2026-05-03 14:45,C라인,야간,3.732,4931.9,22.72,10.972,69.04,69.5,24.5,45.3,이하영,합격
CELL-01490,2026-05-03 15:22,C라인,야간,3.669,4974.8,25.89,10.712,69.17,74.4,25.2,39.4,이하영,합격
CELL-01491,2026-05-03 15:42,A라인,야간,3.707,5030.2,20.56,11.264,71.11,73.1,24.2,,이하영,합격
CELL-01492,2026-05-03 15:45,A라인,야간,3.69,4763.9,25.37,11.199,70.48,64.3,23.7,,정우석,합격
CELL-01493,2026-05-03 16:29,A라인,야간,3.737,5031.5,19.86,10.572,68.59,73.8,23.0,38.0,이하영,합격
CELL-01494,2026-05-03 18:22,B라인,야간,3.74,4958.1,21.86,11.171,69.4,66.3,21.2,45.4,박정민,합격
CELL-01495,2026-05-03 19:33,B라인,주간,3.668,5038.9,20.32,11.04,69.88,70.1,26.8,53.4,박정민,합격
CELL-01496,2026-05-03 20:03,C라인,야간,3.65,4967.7,17.68,11.077,71.38,50.2,21.6,50.3,박정민,합격
CELL-01497,2026-05-03 20:23,C라인,주간,3.681,4987.8,25.63,11.188,70.83,71.5,26.6,36.5,박정민,합격
CELL-01498,2026-05-03 20:45,A라인,주간,3.65,4917.6,19.71,10.566,70.35,70.8,25.8,37.9,박정민,합격
CELL-01499,2026-05-03 20:46,C라인,야간,3.664,4981.3,27.16,10.829,71.0,83.5,23.1,44.5,한서린,합격
CELL-01500,2026-05-03 20:52,C라인,주간,3.712,4882.3,26.54,10.739,68.9,69.4,22.6,42.8,한서린,합격
CELL-01501,2026-05-03 21:20,A라인,주간,3.722,5053.2,22.5,11.417,69.64,60.5,22.7,42.0,정우석,합격
CELL-01502,2026-05-03 21:23,A라인,야간,3.673,4647.9,24.25,10.695,70.38,82.0,19.2,47.6,박정민,합격
CELL-01503,2026-05-04 00:29,B라인,야간,3.672,4696.2,28.57,11.12,70.88,68.6,22.2,52.5,정우석,합격
CELL-01504,2026-05-04 02:40,A라인,야간,3.636,4876.9,28.02,11.222,69.79,70.1,18.4,45.3,이하영,합격
CELL-01505,2026-05-04 04:15,A라인,주간,3.57,4892.3,17.99,10.651,69.89,77.3,22.2,37.2,정우석,합격
CELL-01506,2026-05-04 05:16,B라인,야간,3.731,4950.6,20.06,11.014,72.56,66.8,19.9,42.8,김수현,합격
CELL-01507,2026-05-04 05:30,A라인,주간,3.664,4840.7,16.86,10.817,70.4,66.0,26.4,44.4,김수현,합격
CELL-01508,2026-05-04 07:32,B라인,주간,3.73,5009.8,25.99,11.175,71.06,66.0,22.6,32.4,한서린,합격
CELL-01509,2026-05-04 07:47,A라인,주간,3.594,4919.7,26.13,10.848,70.73,79.6,26.2,56.3,한서린,합격
CELL-01510,2026-05-04 08:30,B라인,주간,3.639,4798.1,17.46,10.739,68.35,63.3,26.9,56.8,이하영,합격
CELL-01511,2026-05-04 11:17,B라인,주간,3.703,4807.8,27.5,10.895,69.0,80.9,21.4,46.7,이하영,불합격
CELL-01512,2026-05-04 12:46,B라인,주간,3.681,4757.7,23.89,10.629,70.22,65.2,26.1,53.1,김수현,합격
CELL-01513,2026-05-04 13:02,C라인,주간,3.667,4853.9,22.59,11.05,70.08,66.9,18.3,43.7,이하영,합격
CELL-01514,2026-05-04 14:12,A라인,야간,3.687,4960.5,19.04,10.97,70.83,,22.7,44.6,김수현,합격
CELL-01515,2026-05-04 14:22,A라인,야간,3.686,4843.0,17.7,11.006,70.5,64.6,22.6,40.9,정우석,합격
CELL-01516,2026-05-04 17:46,B라인,야간,3.65,4699.0,27.88,10.647,70.4,72.8,19.7,40.3,김수현,불합격
CELL-01517,2026-05-04 19:22,C라인,주간,3.652,4876.8,23.31,10.901,70.62,72.2,27.1,51.9,박정민,합격
CELL-01518,2026-05-04 21:23,A라인,주간,3.664,4860.8,20.24,10.745,69.37,67.0,28.0,56.8,정우석,합격
CELL-01519,2026-05-04 21:43,B라인,야간,3.705,4770.9,22.24,10.91,70.03,77.1,24.1,62.9,김수현,합격
CELL-01520,2026-05-04 23:13,A라인,주간,3.688,4981.9,23.32,10.886,67.14,69.9,23.2,37.8,정우석,합격
CELL-01521,2026-05-05 02:09,A라인,주간,3.649,4689.1,20.91,10.86,69.02,70.9,28.3,37.6,한서린,합격
CELL-01522,2026-05-05 02:48,A라인,주간,3.69,4843.9,26.62,10.876,70.03,79.4,25.0,57.9,김수현,합격
CELL-01523,2026-05-05 03:30,B라인,주간,3.718,4778.9,24.51,11.034,70.12,70.4,24.6,55.9,정우석,합격
CELL-01524,2026-05-05 05:24,A라인,주간,3.659,4798.4,22.04,11.015,69.64,71.0,24.8,35.6,정우석,합격
CELL-01525,2026-05-05 05:30,A라인,주간,3.658,4980.8,17.85,10.776,70.1,66.6,21.5,60.7,이하영,합격
CELL-01526,2026-05-05 07:13,B라인,주간,3.65,4755.6,17.37,10.976,71.57,78.2,19.0,52.4,김수현,합격
CELL-01527,2026-05-05 07:45,B라인,야간,3.735,4876.7,26.39,10.934,71.05,69.0,26.7,51.0,이하영,합격
CELL-01528,2026-05-05 08:14,C라인,주간,3.676,4902.2,24.81,11.069,70.7,66.0,25.2,56.3,한서린,합격
CELL-01529,2026-05-05 10:04,B라인,야간,3.658,4944.9,14.47,10.938,69.4,70.2,19.3,50.2,박정민,합격
CELL-01530,2026-05-05 11:41,A라인,주간,3.717,5167.6,27.31,11.24,69.98,65.7,28.3,36.3,김수현,합격
CELL-01531,2026-05-05 11:45,C라인,주간,3.602,4889.2,21.6,10.907,70.4,73.3,27.2,57.2,김수현,합격
CELL-01532,2026-05-05 13:02,A라인,주간,3.689,4957.6,18.12,10.894,70.67,73.9,25.1,45.2,김수현,합격
CELL-01533,2026-05-05 14:53,A라인,야간,3.659,4970.6,30.69,11.04,71.46,71.3,,43.9,정우석,합격
CELL-01534,2026-05-05 15:35,B라인,야간,3.707,4735.5,16.73,10.599,69.85,79.9,25.0,49.1,정우석,합격
CELL-01535,2026-05-05 16:25,B라인,주간,3.723,4615.6,15.24,11.216,68.52,71.1,22.0,53.6,박정민,합격
CELL-01536,2026-05-05 16:39,A라인,주간,3.703,4941.7,19.36,10.756,69.64,71.0,23.8,44.3,박정민,합격
CELL-01537,2026-05-05 16:43,A라인,야간,3.665,4892.8,21.04,10.909,70.88,75.9,22.6,37.4,김수현,합격
CELL-01538,2026-05-05 16:52,B라인,주간,3.657,4916.9,21.48,11.063,68.39,82.0,25.1,49.6,박정민,합격
CELL-01539,2026-05-05 17:05,B라인,야간,3.677,4664.1,18.69,11.021,69.48,67.0,25.5,47.8,박정민,합격
CELL-01540,2026-05-05 20:01,A라인,주간,3.701,4810.0,22.17,11.076,69.09,70.0,26.0,,정우석,합격
CELL-01541,2026-05-05 20:01,A라인,야간,3.685,4954.5,21.11,11.102,70.48,70.0,20.0,51.5,정우석,합격
CELL-01542,2026-05-05 21:57,A라인,야간,3.691,5024.7,24.55,11.264,70.32,64.1,26.9,49.5,김수현,합격
CELL-01543,2026-05-05 21:59,A라인,야간,3.712,4642.4,20.38,10.945,69.08,71.8,,51.1,한서린,합격
CELL-01544,2026-05-05 23:12,C라인,주간,3.653,4776.5,23.84,10.649,68.6,68.5,24.4,42.5,김수현,합격
CELL-01545,2026-05-05 23:50,C라인,주간,3.604,4909.1,18.58,11.114,70.13,68.0,24.1,36.0,정우석,합격
CELL-01546,2026-05-06 00:46,C라인,야간,3.656,4924.3,24.88,11.183,70.41,84.2,22.3,55.1,이하영,합격
CELL-01547,2026-05-06 00:58,A라인,야간,3.715,5262.0,29.59,11.143,70.64,64.5,21.9,41.5,한서린,합격
CELL-01548,2026-05-06 02:26,A라인,야간,3.765,4865.8,19.86,11.064,70.24,75.5,24.6,49.1,박정민,합격
CELL-01549,2026-05-06 03:07,A라인,주간,3.701,4974.7,22.28,11.116,69.01,66.2,27.6,50.8,이하영,합격
CELL-01550,2026-05-06 04:45,A라인,주간,3.653,4879.9,22.39,10.745,71.59,74.2,23.1,39.2,박정민,합격
CELL-01551,2026-05-06 05:30,B라인,주간,3.706,5037.4,27.41,10.98,70.71,69.7,23.6,56.2,박정민,합격
CELL-01552,2026-05-06 05:39,A라인,야간,3.658,4817.2,18.59,11.194,70.54,73.8,28.4,42.5,한서린,합격
CELL-01553,2026-05-06 06:30,B라인,주간,3.699,4844.7,21.97,11.384,69.95,74.6,24.2,61.5,이하영,합격
CELL-01554,2026-05-06 09:20,A라인,야간,3.699,5018.8,22.31,11.225,69.48,76.0,24.1,42.9,김수현,합격
CELL-01555,2026-05-06 09:52,B라인,주간,3.625,4831.3,22.27,11.011,69.8,64.6,24.4,29.9,김수현,합격
CELL-01556,2026-05-06 11:14,A라인,주간,3.673,4707.4,15.56,10.923,69.45,64.3,21.6,63.6,정우석,합격
CELL-01557,2026-05-06 13:40,B라인,야간,3.645,4858.1,21.32,11.162,70.42,72.3,22.9,52.0,이하영,합격
CELL-01558,2026-05-06 13:52,C라인,주간,3.651,5099.9,26.1,11.12,70.0,65.1,24.2,38.3,정우석,합격
CELL-01559,2026-05-06 14:51,A라인,야간,3.722,4840.5,13.83,10.877,69.17,66.3,24.2,50.4,박정민,합격
CELL-01560,2026-05-06 15:37,C라인,주간,3.655,4920.7,21.76,10.954,70.19,72.3,20.5,46.4,한서린,합격
CELL-01561,2026-05-06 15:46,A라인,야간,3.653,4860.9,22.98,10.836,70.37,69.0,22.9,35.6,박정민,합격
CELL-01562,2026-05-06 15:53,A라인,주간,3.648,5049.8,20.58,10.951,71.3,57.2,22.5,57.5,한서린,합격
CELL-01563,2026-05-06 16:06,A라인,주간,3.748,4899.1,20.21,11.382,71.05,77.5,22.7,39.0,한서린,합격
CELL-01564,2026-05-06 17:13,C라인,야간,3.651,4885.0,23.2,11.171,68.91,81.1,22.5,34.4,이하영,합격
CELL-01565,2026-05-06 18:13,A라인,야간,3.616,4641.7,26.59,11.289,68.98,74.2,20.2,36.4,한서린,불합격
CELL-01566,2026-05-06 23:28,B라인,주간,3.664,4790.9,20.41,11.248,70.86,76.2,25.9,47.8,김수현,합격
CELL-01567,2026-05-06 23:33,C라인,야간,3.733,5071.1,20.67,10.91,71.03,66.1,23.4,54.8,박정민,합격
CELL-01568,2026-05-06 23:58,C라인,야간,3.713,4833.5,14.32,11.348,68.66,64.1,22.1,43.4,정우석,합격
CELL-01569,2026-05-07 01:12,A라인,야간,3.66,4985.1,25.42,10.877,71.06,77.0,21.0,46.3,이하영,합격
CELL-01570,2026-05-07 01:14,A라인,야간,3.729,4985.7,22.91,10.684,69.21,62.3,21.0,43.8,김수현,합격
CELL-01571,2026-05-07 02:36,B라인,야간,3.642,4829.8,22.37,11.145,70.24,56.2,22.4,38.4,한서린,합격
CELL-01572,2026-05-07 03:28,B라인,야간,3.617,4964.8,18.25,11.52,70.54,73.9,22.8,33.4,박정민,합격
CELL-01573,2026-05-07 03:29,B라인,야간,3.663,5008.6,11.29,10.902,69.71,63.3,22.0,57.7,박정민,합격
CELL-01574,2026-05-07 03:42,A라인,주간,3.713,4853.3,18.65,11.191,70.83,67.9,22.0,40.1,김수현,합격
CELL-01575,2026-05-07 03:42,B라인,야간,3.67,4780.6,21.4,10.798,71.0,75.5,26.7,59.5,정우석,합격
CELL-01576,2026-05-07 05:58,A라인,주간,3.668,4581.4,17.18,10.974,71.09,68.2,22.7,41.0,이하영,합격
CELL-01577,2026-05-07 07:01,A라인,야간,3.671,4973.0,22.54,11.394,70.53,76.1,25.3,59.7,정우석,합격
CELL-01578,2026-05-07 07:21,B라인,주간,3.669,4939.8,14.39,10.79,69.24,77.5,24.3,58.3,한서린,합격
CELL-01579,2026-05-07 07:31,B라인,야간,3.683,4892.9,21.91,10.583,70.55,69.9,22.3,54.3,정우석,합격
CELL-01580,2026-05-07 08:11,B라인,야간,3.725,4869.8,19.06,10.829,70.05,78.6,24.0,46.2,정우석,합격
CELL-01581,2026-05-07 08:29,C라인,주간,3.691,4820.9,17.05,11.317,70.32,63.4,27.0,43.1,이하영,합격
CELL-01582,2026-05-07 11:54,A라인,주간,3.645,5017.0,19.49,11.027,68.23,63.7,24.5,49.8,정우석,합격
CELL-01583,2026-05-07 13:25,A라인,야간,3.633,4932.2,23.32,11.186,69.2,71.7,21.0,42.3,박정민,합격
CELL-01584,2026-05-07 13:46,B라인,야간,3.682,4757.5,19.93,10.658,67.6,70.4,25.2,42.5,이하영,합격
CELL-01585,2026-05-07 15:10,B라인,야간,3.687,4788.6,11.45,11.167,69.72,73.8,24.2,41.3,김수현,합격
CELL-01586,2026-05-07 15:38,C라인,주간,3.688,4824.4,23.74,10.679,68.72,70.3,23.0,44.8,한서린,합격
CELL-01587,2026-05-07 15:52,C라인,주간,3.714,4752.8,27.23,10.384,71.04,71.5,24.9,39.9,정우석,불합격
CELL-01588,2026-05-07 15:56,B라인,주간,3.681,4879.9,14.3,10.973,69.02,88.9,25.5,36.8,한서린,합격
CELL-01589,2026-05-07 16:05,C라인,주간,3.684,5134.7,26.83,10.98,68.92,77.3,26.0,32.9,박정민,합격
CELL-01590,2026-05-07 18:33,A라인,야간,3.62,4908.8,24.46,10.99,68.74,70.3,22.2,44.8,박정민,합격
CELL-01591,2026-05-07 18:55,A라인,주간,3.666,4851.5,28.24,10.544,70.28,65.8,26.7,42.6,한서린,합격
CELL-01592,2026-05-07 19:51,B라인,주간,3.64,4843.7,22.84,10.834,69.49,67.4,26.0,39.2,김수현,합격
CELL-01593,2026-05-07 20:49,B라인,야간,3.676,4906.4,24.97,11.165,69.06,76.0,23.0,45.3,정우석,합격
CELL-01594,2026-05-08 02:20,B라인,야간,3.642,4563.1,24.27,10.99,70.33,73.9,21.3,60.9,이하영,합격
CELL-01595,2026-05-08 02:43,A라인,주간,3.657,4846.3,17.61,11.073,70.87,72.8,26.5,39.9,김수현,합격
CELL-01596,2026-05-08 04:08,A라인,주간,3.707,5082.8,19.21,10.948,71.37,66.7,26.4,37.4,박정민,합격
CELL-01597,2026-05-08 04:55,B라인,주간,3.67,4862.7,24.35,11.144,71.61,75.4,25.4,48.2,김수현,합격
CELL-01598,2026-05-08 10:06,A라인,야간,3.673,4833.9,16.95,10.89,69.74,74.8,19.1,55.8,김수현,합격
CELL-01599,2026-05-08 10:09,C라인,주간,3.71,4955.1,26.62,10.954,70.9,69.6,29.0,48.5,이하영,합격
CELL-01600,2026-05-08 12:33,B라인,야간,3.717,4852.6,14.92,10.885,70.57,70.9,21.9,51.7,한서린,합격
CELL-01601,2026-05-08 13:13,B라인,야간,3.705,5146.6,27.37,10.929,70.09,68.2,23.8,40.9,박정민,합격
CELL-01602,2026-05-08 13:20,B라인,주간,3.634,4949.8,22.19,10.926,69.88,64.4,21.8,57.8,한서린,합격
CELL-01603,2026-05-08 15:46,B라인,야간,3.695,4934.9,13.39,11.113,71.24,71.9,24.7,54.0,이하영,합격
CELL-01604,2026-05-08 18:20,A라인,주간,3.733,4862.3,21.7,11.145,70.57,73.2,24.9,46.0,한서린,합격
CELL-01605,2026-05-08 19:07,C라인,주간,3.639,4824.9,17.08,10.931,68.92,77.5,27.4,36.8,한서린,합격
CELL-01606,2026-05-08 19:44,A라인,주간,3.726,4813.6,21.45,11.085,70.83,65.7,23.4,45.2,정우석,합격
CELL-01607,2026-05-08 20:26,C라인,주간,3.724,5030.5,24.97,10.838,71.69,71.3,25.5,34.1,정우석,합격
CELL-01608,2026-05-08 21:19,A라인,주간,3.658,4791.6,25.54,11.089,70.76,70.0,25.0,39.5,한서린,합격
CELL-01609,2026-05-08 21:40,B라인,야간,3.667,5006.8,16.19,10.712,69.24,73.9,20.0,54.3,한서린,합격
CELL-01610,2026-05-08 21:48,B라인,야간,3.712,4687.6,23.77,10.907,70.65,71.2,20.4,55.9,한서린,합격
CELL-01611,2026-05-08 22:31,B라인,주간,3.608,4534.2,24.68,10.876,71.73,70.8,24.2,58.7,이하영,불합격
CELL-01612,2026-05-08 23:16,A라인,야간,3.655,4814.1,17.0,10.772,69.93,74.2,25.9,48.3,이하영,합격
CELL-01613,2026-05-09 00:12,B라인,주간,3.627,4792.9,20.65,10.838,71.44,72.1,27.8,36.1,이하영,합격
CELL-01614,2026-05-09 00:19,C라인,주간,3.654,4872.0,22.62,11.052,70.46,68.5,23.6,48.7,정우석,합격
CELL-01615,2026-05-09 02:41,A라인,주간,3.716,5163.0,25.37,11.173,72.3,70.2,19.9,28.4,김수현,합격
CELL-01616,2026-05-09 02:47,A라인,주간,3.693,4744.3,22.8,11.041,68.5,70.8,23.7,44.3,한서린,합격
CELL-01617,2026-05-09 03:59,B라인,주간,3.676,4917.8,26.54,10.804,72.01,80.1,25.2,46.6,김수현,합격
CELL-01618,2026-05-09 04:13,C라인,야간,3.658,5096.0,23.58,10.938,72.57,75.2,18.9,43.8,박정민,합격
CELL-01619,2026-05-09 04:58,B라인,야간,3.665,5262.9,24.54,10.704,70.5,77.2,26.2,49.4,정우석,합격
CELL-01620,2026-05-09 05:08,A라인,야간,3.673,4890.2,21.56,11.152,69.36,68.5,25.9,44.7,이하영,합격
CELL-01621,2026-05-09 06:13,C라인,주간,3.66,5025.4,19.98,11.085,70.5,70.1,27.5,66.0,김수현,합격
CELL-01622,2026-05-09 06:22,A라인,야간,3.699,4728.4,19.17,10.672,71.54,80.0,22.5,35.5,박정민,합격
CELL-01623,2026-05-09 06:37,B라인,주간,3.74,5033.9,14.83,11.242,69.63,82.0,23.8,47.0,정우석,합격
CELL-01624,2026-05-09 06:58,C라인,주간,3.648,5134.0,21.78,10.593,69.21,69.2,26.9,45.8,김수현,합격
CELL-01625,2026-05-09 07:06,A라인,주간,3.64,4885.9,21.96,10.76,69.11,62.1,26.5,38.1,정우석,합격
CELL-01626,2026-05-09 08:07,B라인,야간,3.682,4906.0,26.43,11.542,69.16,64.5,22.9,42.9,김수현,합격
CELL-01627,2026-05-09 10:07,A라인,주간,3.704,5032.8,28.47,11.021,68.11,79.5,22.8,51.0,김수현,합격
CELL-01628,2026-05-09 11:15,C라인,주간,3.699,5083.4,19.93,10.933,69.61,71.2,22.4,48.4,김수현,합격
CELL-01629,2026-05-09 11:32,A라인,주간,3.671,4747.8,12.31,11.13,70.41,61.2,22.3,39.6,김수현,합격
CELL-01630,2026-05-09 11:43,A라인,주간,3.714,4740.0,19.13,10.875,70.06,77.1,24.6,46.5,한서린,합격
CELL-01631,2026-05-09 12:39,B라인,주간,3.677,4975.4,26.05,11.09,69.83,79.3,25.0,48.9,정우석,합격
CELL-01632,2026-05-09 12:45,C라인,야간,3.685,4995.5,23.91,11.05,69.45,73.2,21.5,40.5,이하영,합격
CELL-01633,2026-05-09 13:04,A라인,주간,3.669,4745.7,19.59,11.084,70.8,65.8,28.3,57.9,이하영,합격
CELL-01634,2026-05-09 13:11,A라인,주간,3.69,4887.0,19.36,10.802,69.53,78.0,22.1,60.5,박정민,합격
CELL-01635,2026-05-09 15:20,B라인,야간,3.651,4745.0,17.02,11.065,70.25,66.3,19.8,44.4,박정민,합격
CELL-01636,2026-05-09 16:13,A라인,주간,3.693,4903.7,30.66,11.15,71.32,73.5,26.4,,이하영,합격
CELL-01637,2026-05-09 16:27,C라인,주간,3.69,4873.9,25.44,10.76,70.39,70.5,28.0,49.5,이하영,합격
CELL-01638,2026-05-09 16:43,A라인,주간,3.696,4847.1,22.12,11.069,72.13,72.2,26.0,53.4,이하영,합격
CELL-01639,2026-05-09 17:44,B라인,야간,3.642,4693.0,20.1,11.114,69.2,72.7,22.7,33.0,박정민,합격
CELL-01640,2026-05-09 18:41,C라인,야간,3.702,4843.9,16.05,10.618,70.05,67.5,21.3,41.8,한서린,합격
CELL-01641,2026-05-09 19:30,A라인,주간,3.673,4922.5,21.02,11.369,69.68,61.7,26.3,53.4,정우석,합격
CELL-01642,2026-05-09 19:59,B라인,주간,3.687,4672.4,21.65,11.37,70.24,63.9,24.6,55.8,정우석,합격
CELL-01643,2026-05-09 20:47,B라인,주간,3.701,5036.2,20.96,10.839,70.42,74.6,22.9,53.4,이하영,합격
CELL-01644,2026-05-09 21:21,A라인,주간,3.691,4988.6,22.49,10.96,70.88,63.4,25.3,,김수현,합격
CELL-01645,2026-05-09 22:24,B라인,주간,3.687,5090.9,21.88,11.346,71.75,67.7,26.4,41.8,김수현,합격
CELL-01646,2026-05-09 22:32,A라인,야간,3.65,4789.7,19.39,10.687,69.71,70.6,19.6,41.1,김수현,합격
CELL-01647,2026-05-09 22:53,A라인,주간,3.667,4860.2,24.93,10.982,69.69,57.7,23.6,35.3,이하영,합격
CELL-01648,2026-05-09 23:09,B라인,야간,3.621,5177.9,23.44,10.767,69.19,,21.3,49.6,이하영,합격
CELL-01649,2026-05-10 00:54,B라인,주간,3.667,4784.2,24.73,10.592,70.79,74.5,21.1,34.0,김수현,불합격
CELL-01650,2026-05-10 01:28,B라인,주간,3.675,4950.4,26.81,10.871,71.37,75.0,22.1,46.9,한서린,합격
CELL-01651,2026-05-10 01:42,A라인,야간,3.72,4836.9,19.74,11.02,70.96,64.8,22.0,41.5,이하영,합격
CELL-01652,2026-05-10 03:50,B라인,야간,3.672,5082.1,23.64,11.01,70.68,75.1,22.2,40.5,한서린,합격
CELL-01653,2026-05-10 04:30,A라인,주간,3.626,5002.6,24.72,11.218,70.14,76.6,22.8,49.2,이하영,합격
CELL-01654,2026-05-10 06:36,A라인,주간,3.746,4849.0,22.23,11.296,69.16,60.9,21.5,55.6,박정민,합격
CELL-01655,2026-05-10 06:50,C라인,주간,3.605,4848.8,21.75,11.028,71.06,71.0,22.2,52.2,박정민,합격
CELL-01656,2026-05-10 07:13,B라인,야간,3.619,4859.0,27.37,10.99,71.96,84.9,21.8,55.3,김수현,합격
CELL-01657,2026-05-10 07:50,A라인,야간,3.65,4744.7,21.67,11.174,69.79,81.7,20.8,38.9,이하영,합격
CELL-01658,2026-05-10 07:57,B라인,야간,3.604,4914.6,18.18,10.678,69.64,72.1,24.5,36.8,한서린,합격
CELL-01659,2026-05-10 08:44,A라인,야간,3.662,4915.7,18.03,10.914,71.52,73.9,18.6,40.3,한서린,합격
CELL-01660,2026-05-10 09:08,B라인,주간,3.679,4889.4,24.53,10.974,69.68,77.0,24.0,36.9,정우석,합격
CELL-01661,2026-05-10 09:38,B라인,주간,3.679,4963.7,18.54,10.742,70.98,65.5,22.7,41.3,박정민,합격
CELL-01662,2026-05-10 09:45,A라인,주간,3.713,4975.7,17.2,10.739,70.4,67.1,24.6,46.8,한서린,합격
CELL-01663,2026-05-10 10:27,B라인,주간,3.658,4868.2,22.8,11.239,68.63,62.5,26.2,43.9,박정민,합격
CELL-01664,2026-05-10 11:42,A라인,주간,3.685,4877.9,17.02,10.843,71.59,68.0,20.7,36.4,박정민,합격
CELL-01665,2026-05-10 15:19,B라인,야간,3.615,4790.2,21.12,10.842,70.58,63.5,25.4,46.5,정우석,합격
CELL-01666,2026-05-10 15:23,B라인,주간,3.639,4852.1,20.07,11.01,69.44,71.1,27.6,45.9,김수현,합격
CELL-01667,2026-05-10 16:30,C라인,야간,3.717,4879.5,24.29,11.112,69.91,78.6,20.2,26.0,한서린,합격
CELL-01668,2026-05-10 21:15,B라인,야간,3.686,4863.9,26.5,11.093,68.24,71.7,22.7,39.0,김수현,합격
CELL-01669,2026-05-10 21:27,B라인,주간,3.653,4774.2,17.66,11.254,71.51,69.1,26.8,35.1,이하영,합격
CELL-01670,2026-05-10 21:46,C라인,야간,3.626,4927.2,17.78,11.227,69.58,58.8,21.1,42.5,이하영,합격
CELL-01671,2026-05-10 22:35,A라인,주간,3.672,4791.6,25.7,10.883,69.75,66.4,25.6,42.4,이하영,합격
CELL-01672,2026-05-10 22:50,C라인,야간,3.684,4936.8,21.52,11.153,70.18,61.8,19.2,47.9,박정민,합격
CELL-01673,2026-05-10 23:12,A라인,주간,3.751,4842.8,24.59,10.988,69.54,78.6,23.6,47.3,정우석,합격
CELL-01674,2026-05-11 00:18,A라인,야간,3.659,4767.7,20.59,11.207,69.71,70.4,24.0,43.6,이하영,합격
CELL-01675,2026-05-11 03:58,B라인,야간,3.651,4803.9,25.43,10.755,68.35,74.3,21.1,47.8,박정민,합격
CELL-01676,2026-05-11 04:07,A라인,야간,3.706,5000.0,21.57,10.994,70.63,76.0,22.2,34.7,김수현,합격
CELL-01677,2026-05-11 05:15,B라인,주간,3.643,4752.4,24.88,10.781,70.62,63.8,25.6,,정우석,불합격
CELL-01678,2026-05-11 05:20,B라인,야간,3.63,4716.9,18.01,11.107,71.07,64.9,22.6,26.8,박정민,합격
CELL-01679,2026-05-11 05:34,A라인,주간,3.712,4969.8,23.51,10.763,69.48,78.1,22.6,39.5,김수현,합격
CELL-01680,2026-05-11 05:42,C라인,야간,3.692,4825.0,17.11,10.824,69.23,66.0,21.1,,한서린,합격
CELL-01681,2026-05-11 05:46,A라인,주간,3.738,4834.5,19.23,11.175,70.68,69.4,26.7,48.8,이하영,합격
CELL-01682,2026-05-11 06:13,C라인,야간,3.649,4857.9,27.33,11.065,68.76,67.4,,57.8,이하영,합격
CELL-01683,2026-05-11 07:30,B라인,주간,3.739,4837.9,19.95,11.189,69.71,72.5,23.8,47.7,정우석,합격
CELL-01684,2026-05-11 09:02,A라인,주간,3.707,4988.5,21.25,10.997,69.95,76.1,23.7,47.9,이하영,합격
CELL-01685,2026-05-11 09:12,A라인,야간,3.692,4926.6,19.86,10.961,69.28,78.8,25.4,43.9,정우석,합격
CELL-01686,2026-05-11 09:46,B라인,야간,3.68,4876.3,20.46,11.139,69.23,71.4,19.9,40.4,한서린,합격
CELL-01687,2026-05-11 10:00,A라인,주간,3.717,5056.1,21.69,11.199,71.7,67.3,22.7,40.8,정우석,합격
CELL-01688,2026-05-11 10:33,B라인,야간,3.637,4909.4,21.12,10.844,69.06,74.7,21.4,57.2,정우석,합격
CELL-01689,2026-05-11 10:35,B라인,야간,3.69,5101.4,19.88,10.959,69.83,77.6,20.5,44.2,한서린,합격
CELL-01690,2026-05-11 11:18,C라인,주간,3.684,5011.9,14.48,11.072,73.4,62.7,19.3,44.4,박정민,합격
CELL-01691,2026-05-11 11:46,B라인,야간,3.692,4797.8,11.22,10.892,70.19,79.0,23.7,47.3,박정민,합격
CELL-01692,2026-05-11 12:49,B라인,주간,3.6,4613.9,24.54,11.059,69.95,71.4,26.0,46.2,이하영,합격
CELL-01693,2026-05-11 13:12,B라인,주간,3.657,5062.5,21.75,10.849,68.16,73.2,21.6,49.2,박정민,합격
CELL-01694,2026-05-11 15:06,C라인,야간,3.63,4919.4,21.31,11.161,72.65,56.2,24.1,59.0,정우석,합격
CELL-01695,2026-05-11 16:24,A라인,주간,3.685,4878.8,17.25,10.776,70.56,88.9,25.3,46.5,이하영,합격
CELL-01696,2026-05-11 16:48,A라인,주간,3.66,4912.7,17.17,10.694,70.45,85.3,18.8,39.4,한서린,합격
CELL-01697,2026-05-11 17:05,A라인,주간,3.69,4904.0,26.68,11.155,70.07,62.5,27.0,58.8,한서린,합격
CELL-01698,2026-05-11 18:34,B라인,주간,3.67,5098.3,23.0,10.718,70.51,59.9,27.0,40.6,박정민,합격
CELL-01699,2026-05-11 19:20,A라인,야간,3.663,4909.1,27.54,11.169,71.13,72.4,20.7,47.5,이하영,합격
CELL-01700,2026-05-11 20:34,A라인,주간,3.739,4768.4,27.76,11.018,68.57,63.7,22.5,54.8,정우석,합격
CELL-01701,2026-05-11 22:04,A라인,야간,3.664,4862.5,23.49,10.723,70.88,81.3,24.1,43.0,정우석,합격
CELL-01702,2026-05-12 00:10,B라인,주간,3.749,4806.4,23.32,10.836,70.07,75.4,24.1,42.7,한서린,합격
CELL-01703,2026-05-12 03:57,A라인,주간,3.663,5060.4,28.44,10.797,69.2,59.1,29.7,52.7,박정민,합격
CELL-01704,2026-05-12 03:58,A라인,야간,3.655,5039.5,17.32,11.105,71.26,60.9,20.0,41.3,이하영,합격
CELL-01705,2026-05-12 04:37,B라인,주간,3.652,4681.3,17.45,10.887,70.93,68.3,19.1,51.5,정우석,합격
CELL-01706,2026-05-12 05:04,B라인,주간,3.758,5101.2,19.76,10.561,69.59,63.8,26.2,,이하영,합격
CELL-01707,2026-05-12 05:30,C라인,주간,3.678,5086.1,22.11,11.01,70.35,57.8,25.3,43.9,한서린,합격
CELL-01708,2026-05-12 05:30,C라인,주간,3.652,4596.8,19.53,11.258,70.86,68.5,24.1,57.9,정우석,합격
CELL-01709,2026-05-12 05:40,A라인,주간,3.634,4568.4,21.25,11.293,71.11,69.4,22.9,46.7,한서린,합격
CELL-01710,2026-05-12 05:49,A라인,주간,3.654,5071.7,22.46,11.145,71.09,80.7,25.7,48.2,정우석,합격
CELL-01711,2026-05-12 05:51,A라인,야간,3.664,4753.3,20.68,11.214,69.58,70.1,23.7,33.4,한서린,합격
CELL-01712,2026-05-12 06:28,A라인,주간,3.679,4920.0,20.56,11.26,70.54,69.9,24.8,44.2,정우석,합격
CELL-01713,2026-05-12 06:34,B라인,주간,3.639,4887.6,18.19,10.712,69.48,69.2,24.7,49.2,박정민,합격
CELL-01714,2026-05-12 06:59,B라인,주간,3.706,4830.3,23.54,11.035,70.4,65.6,22.6,42.5,이하영,합격
CELL-01715,2026-05-12 08:10,B라인,주간,3.703,4810.2,22.07,11.198,71.58,69.3,25.0,41.4,한서린,합격
CELL-01716,2026-05-12 10:01,A라인,야간,3.681,4914.2,28.2,10.668,70.52,75.4,22.5,,김수현,합격
CELL-01717,2026-05-12 10:23,B라인,주간,3.745,4890.0,24.62,11.022,70.04,74.0,20.0,43.4,한서린,합격
CELL-01718,2026-05-12 11:18,B라인,야간,3.69,4754.7,20.71,11.292,69.61,73.2,22.2,38.7,김수현,합격
CELL-01719,2026-05-12 11:22,C라인,주간,3.609,4922.8,20.28,11.118,68.25,68.4,21.8,58.8,박정민,합격
CELL-01720,2026-05-12 17:46,A라인,주간,3.696,4946.7,21.54,11.01,71.37,65.3,24.8,53.0,정우석,합격
CELL-01721,2026-05-12 19:49,C라인,주간,3.681,5159.4,15.66,10.793,69.39,66.5,25.0,44.3,한서린,합격
CELL-01722,2026-05-12 20:21,C라인,주간,3.64,5032.5,26.4,11.33,70.53,63.8,22.0,25.1,김수현,합격
CELL-01723,2026-05-12 21:51,B라인,야간,3.655,5030.7,21.35,11.18,70.31,72.4,23.6,44.7,이하영,합격
CELL-01724,2026-05-12 22:45,C라인,주간,3.735,4761.7,19.98,10.886,70.55,71.7,27.9,38.3,한서린,합격
CELL-01725,2026-05-13 00:54,C라인,야간,3.646,4907.0,25.26,10.841,72.4,79.8,22.7,62.9,이하영,합격
CELL-01726,2026-05-13 01:18,C라인,야간,3.662,4874.6,17.38,11.115,69.91,61.4,24.7,52.7,김수현,합격
CELL-01727,2026-05-13 01:18,A라인,주간,3.666,4709.8,21.63,11.102,70.63,65.3,18.7,41.3,정우석,합격
CELL-01728,2026-05-13 02:00,A라인,주간,3.665,4671.5,28.36,10.889,70.34,66.7,21.2,55.6,이하영,불합격
CELL-01729,2026-05-13 02:15,B라인,야간,3.65,5023.8,15.73,10.872,72.6,72.9,23.8,49.8,정우석,합격
CELL-01730,2026-05-13 02:20,A라인,주간,3.735,5049.6,29.2,11.071,70.1,77.1,24.9,45.8,김수현,합격
CELL-01731,2026-05-13 03:35,C라인,야간,3.621,4817.1,22.51,10.824,70.29,72.8,28.1,35.9,김수현,합격
CELL-01732,2026-05-13 04:22,A라인,주간,3.693,5310.5,21.81,11.112,69.58,58.9,23.9,49.4,정우석,합격
CELL-01733,2026-05-13 04:35,A라인,주간,3.674,4720.8,26.48,10.862,69.56,58.6,24.1,56.2,이하영,불합격
CELL-01734,2026-05-13 05:22,C라인,야간,3.613,5123.4,26.88,11.126,69.83,69.2,20.5,51.3,김수현,합격
CELL-01735,2026-05-13 06:27,B라인,야간,3.693,4935.5,15.25,10.807,69.96,74.1,21.1,36.6,한서린,합격
CELL-01736,2026-05-13 06:45,C라인,야간,3.668,5171.6,25.33,10.847,70.34,63.2,20.9,31.9,박정민,합격
CELL-01737,2026-05-13 07:29,A라인,주간,3.66,4786.5,29.23,11.329,70.7,71.1,28.9,39.4,한서린,불합격
CELL-01738,2026-05-13 09:39,B라인,야간,3.675,4935.6,20.55,11.025,69.45,77.5,,46.9,정우석,합격
CELL-01739,2026-05-13 09:59,C라인,주간,3.71,4822.4,27.31,10.888,68.8,66.7,,45.9,이하영,합격
CELL-01740,2026-05-13 11:44,B라인,야간,3.618,4929.4,23.32,10.864,69.77,72.8,18.2,46.1,한서린,합격
CELL-01741,2026-05-13 11:55,C라인,야간,3.713,4836.9,22.74,11.296,69.86,79.9,23.0,41.4,한서린,불합격
CELL-01742,2026-05-13 12:35,A라인,주간,3.684,5015.6,22.68,11.199,70.75,81.3,21.3,57.8,이하영,합격
CELL-01743,2026-05-13 15:12,C라인,주간,3.654,5022.7,24.69,11.125,71.06,70.1,21.0,55.7,이하영,합격
CELL-01744,2026-05-13 15:52,A라인,주간,3.741,5004.9,12.53,11.005,70.97,68.8,23.7,48.0,이하영,합격
CELL-01745,2026-05-13 18:02,C라인,야간,3.658,4945.1,19.98,11.001,70.01,70.6,21.6,55.1,한서린,합격
CELL-01746,2026-05-13 19:01,A라인,야간,3.642,5031.4,21.37,11.319,69.6,82.2,25.9,39.6,한서린,합격
CELL-01747,2026-05-13 19:17,A라인,주간,3.634,4929.0,18.13,11.348,70.05,67.9,28.8,50.9,한서린,합격
CELL-01748,2026-05-13 20:24,B라인,주간,3.616,4718.3,22.6,11.4,68.39,65.7,22.4,49.6,정우석,합격
CELL-01749,2026-05-14 00:09,B라인,주간,3.703,4938.6,20.15,10.784,69.14,75.4,24.7,41.2,정우석,합격
CELL-01750,2026-05-14 00:40,C라인,주간,3.687,4903.1,19.52,11.03,69.42,70.3,27.6,45.3,정우석,합격
CELL-01751,2026-05-14 00:44,B라인,주간,3.604,5079.2,22.21,11.175,70.99,60.5,23.2,45.1,한서린,합격
CELL-01752,2026-05-14 01:47,A라인,주간,3.665,4944.4,20.81,11.083,70.03,76.7,25.3,52.1,박정민,합격
CELL-01753,2026-05-14 02:57,C라인,주간,3.617,5100.2,16.92,10.827,68.98,66.5,23.7,47.1,이하영,합격
CELL-01754,2026-05-14 04:14,A라인,야간,3.637,4659.1,25.71,11.096,70.81,64.9,17.6,49.3,정우석,불합격
CELL-01755,2026-05-14 04:22,A라인,주간,3.713,5201.5,21.5,10.976,70.27,71.3,25.4,53.3,김수현,합격
CELL-01756,2026-05-14 05:39,C라인,주간,3.691,5101.9,21.57,11.063,69.87,63.1,24.7,41.8,정우석,합격
CELL-01757,2026-05-14 06:00,A라인,주간,3.631,5036.9,16.86,11.397,69.84,78.0,23.1,22.1,김수현,합격
CELL-01758,2026-05-14 06:56,B라인,주간,3.683,4930.5,19.78,11.188,72.44,63.5,24.0,35.8,이하영,합격
CELL-01759,2026-05-14 07:12,B라인,야간,3.717,4853.2,23.41,10.91,70.19,72.0,18.8,27.6,이하영,합격
CELL-01760,2026-05-14 07:19,A라인,야간,3.755,4788.4,20.16,10.837,69.55,56.4,21.4,50.8,김수현,합격
CELL-01761,2026-05-14 08:03,A라인,주간,3.719,4982.0,11.88,10.692,71.79,82.7,24.3,43.2,박정민,합격
CELL-01762,2026-05-14 08:40,A라인,주간,3.733,5027.7,24.96,11.018,71.91,80.0,25.4,41.6,이하영,합격
CELL-01763,2026-05-14 11:05,C라인,주간,3.748,4955.7,22.07,11.009,69.35,75.1,27.9,27.0,한서린,합격
CELL-01764,2026-05-14 11:11,B라인,주간,3.698,4712.1,23.42,10.65,69.31,74.5,27.2,53.8,정우석,합격
CELL-01765,2026-05-14 11:14,A라인,주간,3.685,4817.0,26.84,11.046,70.85,75.5,26.8,33.5,박정민,합격
CELL-01766,2026-05-14 12:55,B라인,야간,3.74,5008.7,24.49,10.735,71.01,69.8,21.7,49.8,김수현,합격
CELL-01767,2026-05-14 13:36,A라인,주간,3.714,5022.6,20.8,10.627,69.65,68.1,20.0,59.3,박정민,합격
CELL-01768,2026-05-14 14:40,C라인,야간,3.586,4814.5,15.32,10.931,69.8,65.5,25.7,44.6,김수현,합격
CELL-01769,2026-05-14 15:45,A라인,주간,3.628,4861.6,21.65,11.203,70.34,70.0,22.2,38.5,박정민,합격
CELL-01770,2026-05-14 16:13,B라인,야간,3.715,4925.3,16.68,10.977,69.47,62.0,18.7,45.9,이하영,합격
CELL-01771,2026-05-14 16:56,C라인,주간,3.74,4617.1,23.93,11.209,69.47,69.8,23.4,39.0,김수현,합격
CELL-01772,2026-05-14 17:05,A라인,야간,3.672,4744.0,23.33,11.089,69.47,73.4,20.7,48.6,정우석,합격
CELL-01773,2026-05-14 17:57,B라인,주간,3.654,4673.3,21.38,10.982,71.18,65.1,24.0,45.1,정우석,합격
CELL-01774,2026-05-14 18:21,B라인,야간,3.701,4885.0,28.85,10.894,71.55,63.4,21.8,49.9,이하영,합격
CELL-01775,2026-05-14 18:24,C라인,야간,3.667,4922.5,22.83,11.309,69.8,70.0,19.9,38.5,이하영,합격
CELL-01776,2026-05-14 21:36,A라인,야간,3.696,4815.3,20.18,11.039,70.48,82.9,23.0,50.9,한서린,합격
CELL-01777,2026-05-14 22:08,A라인,주간,3.684,4994.7,23.59,10.789,70.39,76.8,25.5,42.9,김수현,합격
CELL-01778,2026-05-14 22:39,B라인,주간,3.68,5245.2,23.58,11.182,71.5,82.8,26.8,57.1,김수현,합격
CELL-01779,2026-05-15 02:08,C라인,야간,3.643,4763.4,19.49,10.895,69.46,74.5,21.0,45.3,이하영,합격
CELL-01780,2026-05-15 02:46,C라인,야간,3.673,4997.7,25.65,10.958,69.78,76.4,22.5,33.9,이하영,합격
CELL-01781,2026-05-15 04:06,C라인,주간,3.673,4816.9,24.42,10.998,71.72,67.5,26.5,34.8,이하영,합격
CELL-01782,2026-05-15 05:06,A라인,주간,3.652,5117.9,21.24,10.721,70.43,73.1,21.7,43.2,김수현,합격
CELL-01783,2026-05-15 06:25,C라인,야간,3.701,4740.2,29.13,10.858,69.3,61.2,22.5,57.7,김수현,불합격
CELL-01784,2026-05-15 07:22,C라인,주간,3.702,4765.6,25.7,10.868,71.79,72.2,28.0,38.8,이하영,합격
CELL-01785,2026-05-15 08:01,A라인,야간,3.628,4897.8,13.66,11.098,71.49,72.7,22.1,54.2,이하영,합격
CELL-01786,2026-05-15 08:30,A라인,야간,3.71,5053.1,17.07,10.866,69.81,69.8,21.2,42.9,박정민,합격
CELL-01787,2026-05-15 11:04,A라인,야간,3.639,4804.3,21.89,11.037,67.88,59.6,17.4,45.5,박정민,합격
CELL-01788,2026-05-15 11:18,B라인,주간,3.653,5012.3,24.72,11.067,71.57,69.0,23.3,36.5,한서린,합격
CELL-01789,2026-05-15 12:25,A라인,주간,3.672,4934.9,21.81,10.563,72.07,61.8,23.3,58.2,박정민,합격
CELL-01790,2026-05-15 12:56,A라인,야간,3.719,4892.3,27.63,11.272,70.11,71.3,25.2,45.4,이하영,합격
CELL-01791,2026-05-15 15:01,A라인,야간,3.638,4848.2,24.46,11.04,69.46,71.3,24.5,53.6,이하영,합격
CELL-01792,2026-05-15 15:19,B라인,주간,3.703,5197.0,21.4,10.956,68.46,79.7,24.4,48.5,박정민,합격
CELL-01793,2026-05-15 15:40,B라인,주간,3.657,4921.8,27.84,10.932,71.52,68.9,25.0,41.4,이하영,합격
CELL-01794,2026-05-15 15:59,B라인,주간,3.74,4830.7,18.97,10.711,70.37,77.7,,43.6,박정민,합격
CELL-01795,2026-05-15 16:18,A라인,야간,3.628,5115.5,26.26,11.012,69.18,74.3,22.7,,정우석,합격
CELL-01796,2026-05-15 17:39,B라인,주간,3.625,4957.5,26.97,10.954,70.34,62.2,25.0,,한서린,합격
CELL-01797,2026-05-15 19:52,C라인,야간,3.742,4758.9,21.76,10.926,70.05,80.6,21.6,39.9,김수현,합격
CELL-01798,2026-05-15 21:28,A라인,야간,3.684,4616.4,31.46,10.737,70.17,75.3,21.9,39.4,김수현,불합격
CELL-01799,2026-05-15 22:26,C라인,야간,3.661,5067.8,17.0,10.947,71.42,59.3,22.2,50.5,한서린,합격
CELL-01800,2026-05-15 22:50,C라인,주간,3.701,5074.7,22.34,11.022,70.24,70.9,24.2,35.7,정우석,합격
CELL-01801,2026-05-15 23:11,C라인,야간,3.668,4665.1,23.25,11.237,70.98,74.9,20.6,35.4,한서린,합격
CELL-01802,2026-05-16 01:06,A라인,주간,3.718,4821.3,16.74,11.262,70.77,65.8,26.7,51.7,한서린,합격
CELL-01803,2026-05-16 01:36,A라인,주간,3.712,4957.8,26.34,11.038,69.4,81.7,20.7,38.2,정우석,합격
CELL-01804,2026-05-16 03:47,C라인,주간,3.627,4886.2,25.12,10.859,69.7,65.1,25.0,55.9,정우석,합격
CELL-01805,2026-05-16 05:19,A라인,야간,3.641,5036.8,22.86,10.887,70.02,56.9,21.5,45.8,이하영,합격
CELL-01806,2026-05-16 06:40,A라인,야간,3.671,4996.9,16.58,11.264,69.4,68.3,25.2,36.5,이하영,합격
CELL-01807,2026-05-16 08:19,A라인,야간,3.7,4857.7,20.54,11.133,69.01,69.6,22.2,52.4,박정민,합격
CELL-01808,2026-05-16 09:11,A라인,주간,3.669,4805.7,28.26,10.869,69.83,65.7,20.9,54.6,정우석,합격
CELL-01809,2026-05-16 13:19,C라인,주간,3.694,5035.2,24.15,11.053,69.29,71.7,24.3,33.1,한서린,합격
CELL-01810,2026-05-16 14:43,B라인,야간,3.632,4724.7,25.63,11.307,70.74,62.4,23.2,34.3,박정민,합격
CELL-01811,2026-05-16 14:59,A라인,주간,3.719,4829.8,16.47,11.09,69.69,78.7,26.1,46.6,정우석,합격
CELL-01812,2026-05-16 15:38,A라인,주간,3.689,4763.6,24.54,10.939,69.67,72.5,21.1,43.7,김수현,합격
CELL-01813,2026-05-16 16:20,C라인,야간,3.698,4831.4,20.19,10.953,69.87,73.1,23.5,47.6,한서린,합격
CELL-01814,2026-05-16 16:53,A라인,주간,3.695,5012.4,18.95,11.04,69.65,72.1,22.1,49.7,이하영,합격
CELL-01815,2026-05-16 16:53,A라인,야간,3.714,5069.4,23.24,10.887,68.54,69.9,21.2,47.8,한서린,합격
CELL-01816,2026-05-16 18:04,B라인,주간,3.708,4852.6,18.86,11.221,70.87,76.6,26.3,48.3,이하영,합격
CELL-01817,2026-05-16 19:29,A라인,주간,3.646,4864.8,20.68,10.813,70.57,81.6,24.2,56.9,박정민,합격
CELL-01818,2026-05-16 20:10,A라인,야간,3.718,4834.3,20.32,11.198,70.04,69.3,21.4,38.1,이하영,합격
CELL-01819,2026-05-16 21:45,B라인,주간,3.659,4861.3,21.58,10.964,69.61,66.3,24.9,35.9,김수현,합격
CELL-01820,2026-05-16 21:48,C라인,주간,3.652,4782.2,18.69,10.667,69.19,64.9,21.8,39.1,김수현,합격
CELL-01821,2026-05-16 21:54,B라인,주간,3.666,4764.6,22.97,10.851,71.07,72.2,28.8,50.8,이하영,합격
CELL-01822,2026-05-16 23:31,B라인,주간,3.691,4825.3,23.22,11.157,70.63,74.3,25.5,28.4,한서린,합격
CELL-01823,2026-05-16 23:33,C라인,주간,3.631,4809.5,26.13,10.945,71.31,76.7,25.4,55.0,정우석,합격
CELL-01824,2026-05-17 00:48,A라인,야간,3.712,4706.0,18.95,10.833,70.11,65.7,23.9,33.3,이하영,합격
CELL-01825,2026-05-17 01:03,B라인,야간,3.632,4756.4,18.24,10.867,69.88,61.9,22.1,47.9,한서린,합격
CELL-01826,2026-05-17 01:33,B라인,주간,3.681,4878.5,17.83,11.092,69.55,65.2,23.8,51.4,박정민,합격
CELL-01827,2026-05-17 01:51,C라인,주간,3.659,5102.9,23.45,10.978,71.45,73.6,23.3,40.1,이하영,합격
CELL-01828,2026-05-17 02:45,A라인,주간,3.666,5093.2,31.94,10.606,72.73,74.8,28.1,32.3,김수현,불합격
CELL-01829,2026-05-17 04:27,B라인,주간,3.75,4844.8,20.92,11.261,71.26,67.8,26.0,45.2,이하영,합격
CELL-01830,2026-05-17 05:15,C라인,주간,3.725,5028.1,19.09,11.11,71.24,72.2,28.3,48.2,한서린,합격
CELL-01831,2026-05-17 05:38,C라인,야간,3.666,4697.3,22.99,11.106,71.75,75.5,20.4,35.7,한서린,합격
CELL-01832,2026-05-17 07:14,A라인,야간,3.752,5062.4,27.1,11.096,69.44,,22.4,45.2,한서린,합격
CELL-01833,2026-05-17 07:21,C라인,주간,3.686,5050.3,24.14,11.074,69.49,73.6,24.7,,한서린,합격
CELL-01834,2026-05-17 07:45,A라인,주간,3.675,4965.1,21.55,11.035,69.25,64.5,25.7,,김수현,합격
CELL-01835,2026-05-17 09:53,A라인,주간,3.693,4777.8,21.42,10.95,71.11,70.3,22.7,47.0,한서린,합격
CELL-01836,2026-05-17 11:11,A라인,주간,3.635,4789.4,18.65,11.071,70.32,61.0,22.8,33.9,정우석,합격
CELL-01837,2026-05-17 11:20,B라인,야간,3.727,4824.5,22.59,11.053,69.36,64.7,22.4,41.4,이하영,합격
CELL-01838,2026-05-17 12:18,B라인,야간,3.679,4854.6,25.27,10.9,70.16,60.2,22.2,58.6,박정민,합격
CELL-01839,2026-05-17 12:42,A라인,주간,3.715,4835.5,20.28,11.205,70.51,76.7,27.6,40.5,정우석,합격
CELL-01840,2026-05-17 13:10,A라인,주간,3.726,5054.9,21.35,11.0,68.55,66.5,24.4,40.0,한서린,합격
CELL-01841,2026-05-17 13:37,C라인,야간,3.639,5096.9,23.87,11.096,69.61,69.7,25.3,33.9,한서린,합격
CELL-01842,2026-05-17 14:40,B라인,주간,3.665,4862.7,20.02,10.793,70.8,78.5,26.2,55.6,김수현,합격
CELL-01843,2026-05-17 14:41,A라인,주간,3.646,4978.2,20.62,11.092,69.57,62.5,25.0,43.2,한서린,합격
CELL-01844,2026-05-17 16:43,A라인,주간,3.716,4781.4,17.25,10.944,69.97,61.8,24.0,42.4,한서린,합격
CELL-01845,2026-05-17 18:42,B라인,야간,3.688,4740.1,24.45,10.972,71.82,80.0,22.3,48.1,정우석,합격
CELL-01846,2026-05-17 19:55,A라인,야간,3.687,4932.4,17.94,10.878,70.45,75.6,18.6,54.9,정우석,합격
CELL-01847,2026-05-17 20:01,C라인,주간,3.629,5093.1,22.46,10.551,69.77,66.3,24.1,35.8,이하영,합격
CELL-01848,2026-05-17 21:34,B라인,주간,3.629,4880.4,24.51,10.949,70.34,60.0,20.6,49.7,김수현,합격
CELL-01849,2026-05-17 23:33,B라인,주간,3.718,4892.6,25.06,10.955,70.44,74.0,23.5,41.4,한서린,합격
CELL-01850,2026-05-17 23:59,A라인,야간,3.632,4949.5,19.31,11.035,69.48,78.1,19.8,57.9,이하영,합격
CELL-01851,2026-05-18 00:48,A라인,야간,3.655,4906.2,20.28,10.631,69.95,61.3,23.8,44.2,정우석,합격
CELL-01852,2026-05-18 02:09,A라인,주간,3.602,4970.7,27.05,11.379,69.77,84.5,26.3,43.8,한서린,불합격
CELL-01853,2026-05-18 05:16,B라인,주간,3.718,5024.8,25.67,10.777,68.65,70.4,22.1,42.3,정우석,합격
CELL-01854,2026-05-18 05:23,A라인,주간,3.674,4960.6,25.5,10.71,69.43,68.5,21.4,38.6,이하영,합격
CELL-01855,2026-05-18 05:34,A라인,야간,3.723,5044.0,16.39,11.115,69.78,72.3,25.4,54.9,한서린,합격
CELL-01856,2026-05-18 05:45,C라인,야간,3.648,4787.5,19.71,11.52,70.09,83.5,27.3,48.1,정우석,합격
CELL-01857,2026-05-18 09:24,C라인,주간,3.705,4951.5,28.39,11.172,69.33,71.8,22.4,51.0,박정민,합격
CELL-01858,2026-05-18 11:04,A라인,주간,3.664,4892.3,24.61,10.694,70.23,80.6,24.5,38.5,이하영,합격
CELL-01859,2026-05-18 11:56,A라인,주간,3.709,4750.9,28.53,11.204,69.42,84.3,25.9,49.3,김수현,합격
CELL-01860,2026-05-18 11:56,B라인,야간,3.648,4994.9,17.34,11.114,71.49,70.2,22.2,39.0,박정민,합격
CELL-01861,2026-05-18 13:49,A라인,야간,3.703,4515.2,21.98,10.7,71.21,87.1,18.6,55.1,김수현,불합격
CELL-01862,2026-05-18 15:17,B라인,야간,3.65,4945.2,23.11,10.706,70.12,77.3,24.5,53.4,김수현,합격
CELL-01863,2026-05-18 16:15,C라인,주간,3.648,4961.8,19.92,10.993,70.14,79.6,28.7,44.7,김수현,합격
CELL-01864,2026-05-18 16:47,B라인,야간,3.777,4754.9,19.62,10.754,70.29,60.5,,42.7,한서린,합격
CELL-01865,2026-05-18 17:09,B라인,주간,3.669,5002.1,19.12,10.916,69.95,72.7,24.4,53.9,박정민,합격
CELL-01866,2026-05-18 17:54,C라인,야간,3.67,4916.8,21.06,10.966,70.78,66.2,24.9,52.9,박정민,합격
CELL-01867,2026-05-18 19:36,A라인,주간,3.752,4928.4,21.29,11.199,69.65,75.4,21.8,52.3,정우석,합격
CELL-01868,2026-05-18 21:26,B라인,주간,3.645,4818.2,20.47,11.107,70.76,63.5,23.6,45.1,김수현,합격
CELL-01869,2026-05-18 22:00,C라인,야간,3.732,4995.2,23.93,10.974,70.65,63.4,22.5,37.8,박정민,합격
CELL-01870,2026-05-18 22:19,A라인,주간,3.643,4872.5,26.01,10.922,70.93,77.9,21.7,55.7,정우석,합격
CELL-01871,2026-05-19 00:17,C라인,야간,3.636,5000.0,16.98,11.239,70.73,66.2,23.1,40.8,정우석,합격
CELL-01872,2026-05-19 01:02,B라인,주간,3.683,5090.2,20.73,11.115,70.01,76.0,23.9,45.5,이하영,합격
CELL-01873,2026-05-19 01:13,C라인,주간,3.673,4990.7,24.81,10.742,71.45,71.2,25.5,52.5,박정민,합격
CELL-01874,2026-05-19 02:00,B라인,주간,3.693,4989.2,23.75,10.8,69.34,72.8,22.0,38.0,정우석,합격
CELL-01875,2026-05-19 02:16,C라인,주간,3.707,4765.1,23.07,11.239,71.77,62.9,23.8,51.1,이하영,합격
CELL-01876,2026-05-19 02:51,A라인,야간,3.698,4605.0,19.04,11.062,71.66,68.6,20.2,33.9,박정민,합격
CELL-01877,2026-05-19 03:06,C라인,주간,3.671,4926.9,21.21,10.736,71.28,71.2,23.3,54.1,이하영,합격
CELL-01878,2026-05-19 03:50,B라인,주간,3.625,5110.5,17.89,10.698,69.73,61.2,26.5,44.3,한서린,합격
CELL-01879,2026-05-19 04:40,C라인,야간,3.721,4948.9,23.94,11.09,70.41,79.1,21.4,51.9,박정민,합격
CELL-01880,2026-05-19 06:36,B라인,야간,3.636,4762.0,19.96,11.159,71.2,78.2,25.2,45.3,김수현,합격
CELL-01881,2026-05-19 06:49,C라인,주간,3.708,5071.1,20.37,11.057,69.39,79.9,24.3,44.1,이하영,합격
CELL-01882,2026-05-19 07:27,C라인,야간,3.68,4809.1,21.95,10.849,71.13,70.9,23.2,35.9,이하영,합격
CELL-01883,2026-05-19 09:42,C라인,주간,3.663,4991.8,25.58,11.057,69.98,67.7,23.7,56.7,정우석,합격
CELL-01884,2026-05-19 09:42,A라인,야간,3.717,5024.0,17.36,11.038,70.11,67.7,20.4,51.4,박정민,합격
CELL-01885,2026-05-19 10:53,A라인,주간,3.68,4864.1,18.22,11.08,72.25,67.8,21.9,46.5,박정민,합격
CELL-01886,2026-05-19 14:09,C라인,주간,3.701,4967.5,25.13,10.976,69.55,56.5,26.0,53.7,박정민,합격
CELL-01887,2026-05-19 14:56,A라인,야간,3.666,4873.9,16.23,11.138,71.11,79.9,24.0,53.4,이하영,합격
CELL-01888,2026-05-19 14:59,A라인,야간,3.645,4993.5,21.56,11.084,70.23,78.7,25.3,48.8,이하영,합격
CELL-01889,2026-05-19 15:12,A라인,야간,3.711,4817.5,25.0,11.262,70.97,76.0,24.6,44.8,이하영,합격
CELL-01890,2026-05-19 17:28,B라인,야간,3.713,4861.0,20.27,11.139,70.03,77.7,22.8,58.9,김수현,합격
CELL-01891,2026-05-19 17:48,A라인,주간,3.688,4960.9,22.28,11.157,71.06,71.9,24.7,45.8,이하영,합격
CELL-01892,2026-05-19 18:39,A라인,야간,3.726,5001.5,22.12,10.807,70.43,71.7,20.1,54.8,박정민,합격
CELL-01893,2026-05-19 18:41,B라인,주간,3.685,4959.6,24.29,10.917,71.27,80.0,23.7,37.2,김수현,합격
CELL-01894,2026-05-19 19:13,C라인,야간,3.718,4730.8,19.37,10.714,71.62,69.6,21.9,40.3,박정민,합격
CELL-01895,2026-05-19 21:38,C라인,야간,3.675,4954.9,18.96,11.061,70.24,81.3,23.4,36.7,김수현,합격
CELL-01896,2026-05-19 23:13,A라인,야간,3.689,4752.8,21.98,11.062,70.95,,24.0,37.8,김수현,합격
CELL-01897,2026-05-19 23:21,A라인,야간,3.701,5069.2,21.49,11.235,69.13,63.8,19.7,44.8,한서린,합격
CELL-01898,2026-05-19 23:58,C라인,야간,3.674,4876.7,23.73,11.216,70.85,61.0,22.1,43.4,이하영,합격
CELL-01899,2026-05-20 00:03,C라인,주간,3.664,4823.4,36.01,10.612,70.48,61.3,22.0,29.2,이하영,불합격
CELL-01900,2026-05-20 00:54,A라인,주간,3.721,4691.6,24.94,10.987,69.09,75.3,24.6,48.3,한서린,불합격
CELL-01901,2026-05-20 01:08,B라인,야간,3.671,4988.8,25.48,11.13,72.1,69.1,25.6,42.5,정우석,합격
CELL-01902,2026-05-20 02:03,A라인,야간,3.69,4873.6,17.19,11.032,69.93,79.7,21.6,40.4,박정민,합격
CELL-01903,2026-05-20 02:55,C라인,주간,3.705,4880.9,21.66,11.236,68.54,68.8,22.4,46.4,김수현,합격
CELL-01904,2026-05-20 05:06,C라인,야간,3.686,4881.3,21.63,10.667,69.07,52.7,23.7,36.0,박정민,합격
CELL-01905,2026-05-20 10:35,B라인,야간,3.684,4850.5,18.45,10.979,70.09,68.4,20.6,63.1,이하영,합격
CELL-01906,2026-05-20 11:22,C라인,주간,3.655,4819.5,26.15,11.017,68.19,61.6,25.7,45.3,김수현,합격
CELL-01907,2026-05-20 13:04,C라인,야간,3.659,4684.1,22.02,10.948,70.2,79.4,25.0,,이하영,합격
CELL-01908,2026-05-20 14:08,A라인,야간,3.692,5143.0,15.66,11.158,70.93,67.1,22.7,28.9,박정민,합격
CELL-01909,2026-05-20 14:55,A라인,주간,3.627,4936.0,23.68,10.923,69.63,71.0,26.8,49.0,김수현,합격
CELL-01910,2026-05-20 14:56,B라인,주간,3.753,5108.4,24.31,10.679,71.34,67.4,26.2,50.0,정우석,합격
CELL-01911,2026-05-20 16:48,A라인,주간,3.68,4990.8,25.48,11.171,70.36,66.6,21.8,48.3,박정민,합격
CELL-01912,2026-05-20 19:45,B라인,주간,3.692,4780.3,26.08,11.011,69.64,62.9,23.6,54.8,한서린,합격
CELL-01913,2026-05-20 20:53,B라인,야간,3.665,4842.5,28.29,11.044,70.1,79.0,21.3,37.0,정우석,불합격
CELL-01914,2026-05-20 20:57,A라인,주간,3.706,4562.5,27.23,11.279,69.96,84.3,23.7,54.4,한서린,불합격
CELL-01915,2026-05-20 20:58,B라인,야간,3.662,5014.2,21.12,10.716,70.43,67.5,22.8,,박정민,합격
CELL-01916,2026-05-20 22:55,C라인,야간,3.654,4763.5,20.32,10.862,69.65,72.5,,37.8,정우석,합격
CELL-01917,2026-05-20 23:41,C라인,야간,3.586,4941.1,21.71,10.939,70.74,63.9,25.7,42.7,김수현,합격
CELL-01918,2026-05-21 00:44,B라인,주간,3.665,5073.3,23.4,11.152,70.2,60.6,26.5,47.0,한서린,합격
CELL-01919,2026-05-21 00:45,A라인,야간,3.726,5003.9,22.86,10.927,71.6,64.7,20.6,41.7,한서린,합격
CELL-01920,2026-05-21 01:11,B라인,주간,3.735,4799.0,18.56,11.185,70.35,73.0,24.8,43.8,김수현,합격
CELL-01921,2026-05-21 01:25,B라인,주간,3.682,4923.9,21.84,10.986,69.69,82.0,25.6,46.0,한서린,합격
CELL-01922,2026-05-21 02:59,B라인,야간,3.67,4980.8,22.5,10.969,70.35,76.8,22.9,40.4,박정민,합격
CELL-01923,2026-05-21 03:33,A라인,야간,3.655,4954.7,21.17,10.782,71.2,71.3,23.2,47.4,정우석,합격
CELL-01924,2026-05-21 03:47,B라인,야간,3.712,5044.6,21.28,11.417,69.95,87.9,21.2,42.5,이하영,합격
CELL-01925,2026-05-21 06:02,A라인,주간,3.702,4929.7,19.33,10.678,70.59,77.6,26.4,46.1,이하영,합격
CELL-01926,2026-05-21 09:10,A라인,주간,3.685,4727.6,19.27,11.118,70.29,69.2,23.2,36.5,이하영,합격
CELL-01927,2026-05-21 10:32,B라인,주간,3.699,4921.5,17.45,11.188,71.4,53.2,25.9,44.5,이하영,합격
CELL-01928,2026-05-21 11:41,C라인,야간,3.658,4845.2,19.91,10.837,69.53,73.7,22.7,41.6,정우석,합격
CELL-01929,2026-05-21 12:29,A라인,주간,3.694,4904.7,18.89,11.344,71.09,64.7,23.2,56.7,박정민,합격
CELL-01930,2026-05-21 12:51,B라인,주간,3.634,4672.6,19.19,11.13,70.05,63.6,29.4,44.3,김수현,합격
CELL-01931,2026-05-21 13:58,B라인,주간,3.638,4910.8,21.38,10.672,70.78,80.9,22.0,38.4,한서린,합격
CELL-01932,2026-05-21 17:09,C라인,주간,3.677,5088.1,15.63,10.973,70.15,62.7,23.5,30.5,박정민,합격
CELL-01933,2026-05-21 17:52,B라인,야간,3.682,4810.3,20.76,10.962,71.09,71.1,22.9,30.7,이하영,합격
CELL-01934,2026-05-21 18:38,B라인,주간,3.658,4733.2,21.59,11.083,70.78,61.2,23.4,47.7,한서린,합격
CELL-01935,2026-05-21 19:48,A라인,주간,3.65,4667.1,28.12,11.017,70.25,63.8,17.7,51.9,박정민,합격
CELL-01936,2026-05-21 20:08,B라인,주간,3.699,4611.9,24.33,11.129,69.08,81.8,22.9,40.7,박정민,합격
CELL-01937,2026-05-21 21:34,C라인,야간,3.661,5001.0,23.44,10.896,69.69,67.7,27.6,44.1,정우석,합격
CELL-01938,2026-05-21 21:40,C라인,주간,3.671,4828.0,16.57,11.036,70.2,58.5,25.1,45.3,박정민,합격
CELL-01939,2026-05-21 21:59,B라인,주간,3.739,4998.1,17.62,10.714,68.92,66.9,24.7,44.5,김수현,합격
CELL-01940,2026-05-21 23:20,A라인,야간,3.649,4871.7,19.39,10.88,70.0,63.7,22.4,58.9,이하영,합격
CELL-01941,2026-05-21 23:29,B라인,주간,3.698,4768.8,16.83,11.068,70.3,79.0,24.5,39.9,이하영,합격
CELL-01942,2026-05-22 03:12,B라인,주간,3.71,4854.9,16.11,11.119,70.34,67.0,28.4,36.5,정우석,합격
CELL-01943,2026-05-22 03:12,B라인,주간,3.708,4800.6,20.89,10.944,68.73,62.1,24.9,32.2,이하영,합격
CELL-01944,2026-05-22 03:18,A라인,주간,3.69,5188.4,22.52,11.208,69.67,71.8,20.8,44.5,김수현,합격
CELL-01945,2026-05-22 03:24,B라인,주간,3.628,4942.4,17.29,11.255,69.93,72.3,23.0,46.4,박정민,합격
CELL-01946,2026-05-22 05:14,B라인,주간,3.69,4830.7,16.03,10.888,70.5,76.2,23.2,52.0,박정민,합격
CELL-01947,2026-05-22 10:32,A라인,주간,3.64,4911.6,26.16,10.625,71.18,71.4,27.6,53.8,김수현,합격
CELL-01948,2026-05-22 12:10,A라인,야간,3.641,4841.4,20.57,10.91,68.74,66.5,22.2,44.6,박정민,합격
CELL-01949,2026-05-22 14:05,C라인,야간,3.629,4895.5,25.56,11.2,70.91,70.1,25.5,41.2,이하영,합격
CELL-01950,2026-05-22 14:59,C라인,주간,3.705,4967.5,26.33,11.167,70.94,71.4,25.6,45.9,한서린,합격
CELL-01951,2026-05-22 17:19,A라인,주간,3.725,4942.6,29.4,10.967,71.77,63.6,21.9,46.9,박정민,합격
CELL-01952,2026-05-22 19:28,A라인,야간,3.71,5074.4,24.04,11.223,69.73,73.4,25.8,40.6,한서린,합격
CELL-01953,2026-05-22 19:34,A라인,야간,3.642,4676.3,22.33,10.968,71.63,71.8,26.7,51.3,김수현,합격
CELL-01954,2026-05-22 21:19,A라인,주간,3.64,4934.5,21.67,11.27,71.06,67.5,23.7,31.4,박정민,합격
CELL-01955,2026-05-22 23:31,A라인,주간,3.688,4756.6,22.03,11.189,70.14,72.4,28.3,39.9,한서린,합격
CELL-01956,2026-05-23 00:33,A라인,주간,3.703,4910.7,24.81,11.078,69.66,72.8,24.4,45.1,이하영,합격
CELL-01957,2026-05-23 02:45,C라인,주간,3.641,4878.7,24.32,10.708,69.19,72.5,26.1,30.5,김수현,합격
CELL-01958,2026-05-23 03:16,A라인,야간,3.741,5074.5,22.57,10.893,69.95,64.8,21.7,34.6,박정민,합격
CELL-01959,2026-05-23 06:12,A라인,주간,3.664,4881.1,23.45,10.839,72.2,77.0,26.4,41.4,박정민,합격
CELL-01960,2026-05-23 07:24,A라인,주간,3.715,5084.3,18.66,11.162,69.62,75.2,20.8,37.8,한서린,합격
CELL-01961,2026-05-23 07:34,A라인,주간,3.652,5031.5,20.37,11.037,71.02,,26.0,56.0,한서린,합격
CELL-01962,2026-05-23 07:44,A라인,야간,3.665,4873.4,24.48,10.863,70.43,70.8,26.0,55.3,이하영,합격
CELL-01963,2026-05-23 08:19,A라인,야간,3.639,4853.9,18.94,11.008,69.68,62.7,22.4,36.9,한서린,합격
CELL-01964,2026-05-23 10:15,A라인,야간,3.685,4826.1,19.01,10.943,70.63,78.1,20.8,39.7,박정민,합격
CELL-01965,2026-05-23 10:36,C라인,주간,3.66,5025.9,22.24,10.754,70.06,67.9,26.1,46.2,김수현,합격
CELL-01966,2026-05-23 10:47,C라인,주간,3.686,4810.1,22.55,11.054,70.74,68.6,25.3,51.6,한서린,합격
CELL-01967,2026-05-23 11:28,B라인,주간,3.713,5042.6,23.11,10.805,71.46,55.2,25.4,44.0,박정민,합격
CELL-01968,2026-05-23 12:10,B라인,주간,3.701,4811.0,24.41,11.04,71.26,71.2,24.8,43.2,박정민,합격
CELL-01969,2026-05-23 12:43,B라인,야간,3.66,4693.9,24.14,11.056,70.7,66.6,,49.6,한서린,합격
CELL-01970,2026-05-23 12:51,B라인,야간,3.663,4980.0,20.82,11.059,70.5,68.4,26.8,49.7,이하영,합격
CELL-01971,2026-05-23 13:25,A라인,주간,3.689,4780.4,19.2,10.564,69.79,69.9,24.5,46.9,김수현,합격
CELL-01972,2026-05-23 13:35,B라인,야간,3.703,4626.4,26.88,11.081,68.97,,23.0,46.7,한서린,합격
CELL-01973,2026-05-23 14:21,C라인,야간,3.678,4824.5,20.13,10.728,68.0,97.8,19.4,35.1,한서린,합격
CELL-01974,2026-05-23 14:31,A라인,주간,3.651,4864.2,25.52,10.81,68.44,70.4,26.9,32.3,한서린,불합격
CELL-01975,2026-05-23 15:24,A라인,주간,3.643,5157.0,18.59,10.864,72.34,58.5,21.4,40.5,박정민,합격
CELL-01976,2026-05-23 15:32,C라인,주간,3.682,4890.3,22.29,11.138,69.81,79.3,22.5,40.3,이하영,합격
CELL-01977,2026-05-23 16:17,A라인,주간,3.666,4916.2,18.4,11.126,71.33,70.4,24.0,53.3,김수현,합격
CELL-01978,2026-05-23 17:55,B라인,주간,3.671,5046.8,24.45,11.244,70.98,71.8,28.8,44.2,이하영,합격
CELL-01979,2026-05-23 21:43,A라인,주간,3.7,5038.2,18.81,11.332,70.87,73.7,25.0,26.6,정우석,합격
CELL-01980,2026-05-23 22:29,B라인,야간,3.674,4799.8,21.43,10.967,69.6,62.8,23.2,43.3,한서린,합격
CELL-01981,2026-05-23 23:16,B라인,주간,3.666,4888.8,17.62,10.745,69.21,65.7,27.3,42.8,이하영,합격
CELL-01982,2026-05-23 23:32,B라인,주간,3.722,5002.8,21.72,11.165,71.11,80.4,24.7,56.4,박정민,합격
CELL-01983,2026-05-24 01:33,A라인,주간,3.663,5006.1,20.52,10.794,72.15,68.6,,44.7,김수현,합격
CELL-01984,2026-05-24 01:55,B라인,야간,3.677,5101.5,15.65,11.142,68.76,63.5,25.0,41.1,정우석,합격
CELL-01985,2026-05-24 04:26,A라인,야간,3.729,4860.9,25.99,10.962,69.56,70.1,21.3,47.9,이하영,합격
CELL-01986,2026-05-24 05:14,B라인,야간,3.684,4896.3,20.92,11.455,70.77,77.6,21.4,54.9,이하영,합격
CELL-01987,2026-05-24 06:01,A라인,주간,3.671,4949.0,20.41,11.159,69.86,76.0,19.9,51.5,김수현,합격
CELL-01988,2026-05-24 06:04,B라인,주간,3.618,4791.7,17.46,11.436,68.63,76.1,21.9,46.7,박정민,합격
CELL-01989,2026-05-24 06:34,A라인,주간,3.683,4811.1,28.29,11.355,71.38,63.4,22.0,40.5,이하영,합격
CELL-01990,2026-05-24 08:43,B라인,주간,3.724,4917.9,13.29,10.801,68.72,62.2,26.2,42.6,이하영,합격
CELL-01991,2026-05-24 09:23,A라인,야간,3.722,4986.9,19.1,11.128,70.25,76.1,24.0,48.5,박정민,합격
CELL-01992,2026-05-24 10:22,A라인,주간,3.652,4928.8,17.51,10.848,70.01,60.4,25.6,41.9,박정민,합격
CELL-01993,2026-05-24 10:47,C라인,야간,3.686,4782.6,19.36,10.995,69.28,72.5,24.7,49.1,이하영,합격
CELL-01994,2026-05-24 11:44,B라인,주간,3.662,4713.1,26.15,11.002,70.35,73.6,22.7,45.9,정우석,불합격
CELL-01995,2026-05-24 12:33,B라인,야간,3.668,4875.0,22.6,11.208,72.24,62.8,22.4,43.6,박정민,합격
CELL-01996,2026-05-24 14:17,B라인,야간,3.693,4642.1,17.75,10.724,70.63,68.1,24.2,39.2,박정민,합격
CELL-01997,2026-05-24 15:00,C라인,주간,3.692,4935.1,27.95,10.782,69.73,65.0,23.9,41.2,박정민,합격
CELL-01998,2026-05-24 15:57,B라인,야간,3.666,4913.2,20.49,11.031,70.62,64.1,22.7,41.3,정우석,합격
CELL-01999,2026-05-24 16:49,C라인,주간,3.671,4922.1,20.32,11.339,70.86,68.5,22.6,,박정민,합격
CELL-02000,2026-05-24 17:57,B라인,주간,3.707,4874.7,22.15,10.972,68.96,77.4,25.1,41.4,정우석,합격
CELL-02001,2026-05-24 18:35,A라인,주간,3.654,5088.2,22.69,10.572,69.86,64.9,27.7,50.7,정우석,합격
CELL-02002,2026-05-24 18:39,C라인,주간,3.654,4892.7,25.18,11.063,69.68,68.3,27.2,48.0,한서린,합격
CELL-02003,2026-05-24 19:07,B라인,야간,3.676,4967.0,23.32,10.974,69.93,86.2,21.4,28.4,이하영,합격
CELL-02004,2026-05-24 19:34,A라인,야간,3.696,4842.6,25.69,10.736,69.87,75.4,22.0,56.3,이하영,합격
CELL-02005,2026-05-24 19:50,A라인,야간,3.698,4635.6,23.69,11.064,72.59,71.7,,40.9,김수현,합격
CELL-02006,2026-05-24 20:11,B라인,야간,3.7,5134.1,23.66,11.104,69.81,70.6,22.9,46.3,이하영,합격
CELL-02007,2026-05-24 20:40,B라인,주간,3.681,4923.1,15.94,10.946,69.97,84.0,27.3,40.6,박정민,합격
CELL-02008,2026-05-24 20:56,A라인,야간,3.689,4735.8,18.26,11.246,71.34,71.0,22.2,33.3,한서린,합격
CELL-02009,2026-05-24 21:48,A라인,주간,3.666,5044.3,16.49,11.206,69.93,64.9,29.8,28.8,이하영,합격
CELL-02010,2026-05-25 00:04,A라인,주간,3.714,4874.2,23.32,11.109,69.9,80.2,25.1,45.1,박정민,합격
CELL-02011,2026-05-25 00:29,B라인,주간,3.632,4603.0,21.67,10.992,68.58,81.2,26.3,55.6,박정민,합격
CELL-02012,2026-05-25 00:41,A라인,주간,3.684,4636.3,22.61,11.18,69.36,72.5,24.5,,박정민,합격
CELL-02013,2026-05-25 01:27,B라인,주간,3.662,4728.7,23.66,11.075,70.05,61.2,29.3,53.6,박정민,합격
CELL-02014,2026-05-25 01:57,C라인,주간,3.663,4898.9,19.33,10.975,70.72,81.6,23.0,31.7,김수현,합격
CELL-02015,2026-05-25 03:07,A라인,주간,3.614,4796.1,23.47,10.926,71.93,63.7,22.8,24.2,한서린,합격
CELL-02016,2026-05-25 04:28,B라인,야간,3.671,4876.2,19.62,11.187,69.34,87.8,21.4,43.0,한서린,합격
CELL-02017,2026-05-25 05:35,B라인,야간,3.676,4853.2,15.73,11.161,70.99,60.2,23.6,30.1,이하영,합격
CELL-02018,2026-05-25 05:45,A라인,주간,3.639,4975.0,22.08,10.814,70.18,74.4,24.7,45.1,박정민,합격
CELL-02019,2026-05-25 07:12,B라인,야간,3.598,4745.2,30.38,10.842,69.06,78.9,22.8,,박정민,불합격
CELL-02020,2026-05-25 08:15,A라인,주간,3.665,4850.2,23.64,11.255,70.61,64.4,22.3,44.7,이하영,합격
CELL-02021,2026-05-25 10:38,A라인,주간,3.663,4960.9,24.94,11.278,69.5,58.7,25.1,40.2,이하영,합격
CELL-02022,2026-05-25 10:59,C라인,야간,3.712,4709.7,19.36,10.859,70.18,65.1,19.1,42.4,정우석,합격
CELL-02023,2026-05-25 11:00,B라인,주간,3.678,4913.4,19.92,11.293,68.16,75.5,26.2,48.0,박정민,합격
CELL-02024,2026-05-25 12:16,C라인,야간,3.647,4819.2,24.01,11.503,70.13,70.3,27.4,,한서린,합격
CELL-02025,2026-05-25 13:08,A라인,주간,3.684,4915.1,26.61,11.057,70.08,71.0,26.2,50.8,김수현,합격
CELL-02026,2026-05-25 14:04,A라인,주간,3.65,5129.1,22.42,10.952,70.49,69.6,20.8,45.9,정우석,합격
CELL-02027,2026-05-25 14:30,C라인,주간,3.684,5078.7,25.91,10.883,70.9,68.8,23.5,43.2,박정민,합격
CELL-02028,2026-05-25 15:15,C라인,주간,3.676,5225.7,21.17,11.197,70.44,63.0,23.7,41.2,한서린,합격
CELL-02029,2026-05-25 16:06,A라인,야간,3.654,4900.5,25.92,10.993,71.12,,24.3,58.6,박정민,합격
CELL-02030,2026-05-25 16:37,B라인,주간,3.667,4666.9,24.62,11.097,70.09,68.2,26.9,36.0,박정민,합격
CELL-02031,2026-05-25 17:39,A라인,주간,3.649,5083.3,16.1,11.048,71.64,67.2,25.1,45.5,한서린,합격
CELL-02032,2026-05-25 20:02,B라인,야간,3.699,4720.8,19.39,11.215,69.83,73.9,22.1,45.8,이하영,합격
CELL-02033,2026-05-25 20:04,C라인,야간,3.667,5044.8,21.25,10.955,70.25,78.5,25.3,42.5,정우석,합격
CELL-02034,2026-05-25 21:25,A라인,주간,3.713,5005.4,17.45,11.324,71.01,74.0,25.0,54.5,한서린,합격
CELL-02035,2026-05-25 23:31,C라인,주간,3.699,4965.6,20.11,11.022,70.53,81.0,,47.2,한서린,합격
CELL-02036,2026-05-25 23:37,B라인,야간,3.693,4914.7,21.19,11.122,70.66,77.7,23.3,71.7,정우석,합격
CELL-02037,2026-05-25 23:54,B라인,주간,3.687,4889.5,24.82,11.12,69.43,72.4,26.2,50.2,한서린,합격
CELL-02038,2026-05-26 00:10,A라인,야간,3.731,5127.9,15.08,10.765,70.82,66.7,23.3,50.4,박정민,합격
CELL-02039,2026-05-26 00:11,A라인,주간,3.754,4713.5,21.99,10.944,70.39,68.7,23.4,44.4,정우석,합격
CELL-02040,2026-05-26 00:24,A라인,야간,3.687,4892.0,16.86,10.89,70.84,77.5,23.9,49.6,정우석,합격
CELL-02041,2026-05-26 01:19,A라인,주간,3.69,4839.3,20.23,10.692,69.59,62.2,24.9,51.9,한서린,합격
CELL-02042,2026-05-26 01:37,C라인,야간,3.637,4884.4,22.68,10.764,68.98,69.1,25.0,,정우석,합격
CELL-02043,2026-05-26 01:50,B라인,주간,3.687,4815.8,22.98,10.888,71.94,85.4,24.7,43.0,김수현,합격
CELL-02044,2026-05-26 02:15,C라인,야간,3.658,5038.3,25.14,10.928,69.37,73.2,25.2,39.5,김수현,합격
CELL-02045,2026-05-26 05:27,A라인,주간,3.67,4924.9,20.52,10.723,69.77,71.4,22.5,35.0,정우석,합격
CELL-02046,2026-05-26 06:43,B라인,주간,3.694,4801.9,18.73,11.03,69.47,61.8,25.4,48.0,이하영,합격
CELL-02047,2026-05-26 06:59,C라인,주간,3.69,5048.9,24.09,11.073,70.06,73.3,24.3,45.1,김수현,합격
CELL-02048,2026-05-26 07:10,B라인,야간,3.673,4885.6,19.86,11.12,69.51,68.7,23.1,43.5,이하영,합격
CELL-02049,2026-05-26 08:42,C라인,주간,3.699,4710.8,20.28,11.056,69.43,73.1,24.8,50.8,김수현,합격
CELL-02050,2026-05-26 08:57,B라인,야간,3.731,4804.7,21.47,11.024,70.92,75.2,20.3,62.7,김수현,합격
CELL-02051,2026-05-26 11:21,B라인,주간,3.657,4833.8,26.25,11.108,70.23,70.9,22.8,38.2,김수현,합격
CELL-02052,2026-05-26 12:40,A라인,주간,3.654,5043.6,26.87,10.918,70.56,81.9,24.8,44.8,정우석,합격
CELL-02053,2026-05-26 14:37,B라인,주간,3.705,4903.2,24.23,10.843,71.71,75.6,27.7,51.5,정우석,합격
CELL-02054,2026-05-26 15:45,A라인,야간,3.726,4914.6,23.61,10.655,71.29,66.5,24.9,48.3,김수현,합격
CELL-02055,2026-05-26 16:27,B라인,야간,3.535,4789.5,20.32,10.982,68.63,69.4,25.3,40.7,한서린,합격
CELL-02056,2026-05-26 16:44,B라인,주간,3.608,4924.8,24.17,11.227,70.17,75.7,24.9,22.2,정우석,합격
CELL-02057,2026-05-26 17:13,A라인,주간,3.747,4975.8,18.63,11.023,68.57,62.5,24.9,46.9,정우석,합격
CELL-02058,2026-05-26 17:22,A라인,주간,3.677,4872.9,22.38,10.842,70.29,54.3,25.1,56.7,정우석,합격
CELL-02059,2026-05-26 17:34,A라인,주간,3.718,4764.2,19.76,11.014,69.3,75.8,20.0,46.9,박정민,합격
CELL-02060,2026-05-26 18:57,C라인,야간,3.683,5035.4,22.08,11.317,70.83,61.5,27.0,,이하영,합격
CELL-02061,2026-05-26 19:57,A라인,주간,3.708,4942.2,16.73,11.077,70.85,63.5,22.6,49.3,한서린,합격
CELL-02062,2026-05-26 20:21,B라인,주간,3.586,4826.0,22.86,11.009,70.08,60.4,21.7,61.0,김수현,합격
CELL-02063,2026-05-26 20:30,B라인,야간,3.646,4709.3,16.17,11.312,71.18,70.2,22.3,50.5,김수현,합격
CELL-02064,2026-05-26 20:45,A라인,야간,3.65,5076.2,16.56,10.811,68.98,66.6,21.9,64.0,정우석,합격
CELL-02065,2026-05-26 21:14,C라인,주간,3.654,4821.9,20.5,11.29,68.92,65.3,20.8,53.8,박정민,합격
CELL-02066,2026-05-26 22:11,C라인,주간,3.663,4862.9,26.64,11.009,71.31,77.2,23.6,39.9,박정민,합격
CELL-02067,2026-05-27 00:01,C라인,야간,3.682,4753.4,25.98,10.757,70.64,64.3,25.1,47.9,박정민,불합격
CELL-02068,2026-05-27 00:11,B라인,야간,3.627,4741.4,20.27,10.978,70.04,72.3,23.3,51.5,김수현,합격
CELL-02069,2026-05-27 01:12,C라인,주간,3.624,4973.8,21.39,10.939,69.93,61.5,22.2,,박정민,합격
CELL-02070,2026-05-27 01:31,C라인,주간,3.612,4969.2,22.75,11.041,70.83,65.4,20.0,43.6,박정민,합격
CELL-02071,2026-05-27 01:42,A라인,주간,3.656,4768.7,21.82,10.941,69.6,79.6,24.8,47.4,한서린,합격
CELL-02072,2026-05-27 03:13,B라인,주간,3.735,4726.8,27.64,11.194,72.43,74.7,25.9,40.0,정우석,합격
CELL-02073,2026-05-27 03:35,C라인,주간,3.652,4878.9,24.06,11.103,70.69,68.4,27.2,51.7,한서린,합격
CELL-02074,2026-05-27 03:51,B라인,야간,3.676,4913.9,22.68,11.0,70.12,66.4,21.5,42.1,김수현,합격
CELL-02075,2026-05-27 04:36,A라인,주간,3.741,4917.6,20.38,10.56,69.09,76.6,27.1,54.4,한서린,합격
CELL-02076,2026-05-27 05:59,A라인,야간,3.636,4973.0,22.65,10.999,70.68,77.6,25.0,51.4,김수현,합격
CELL-02077,2026-05-27 06:06,A라인,주간,3.717,4787.1,17.55,11.027,71.26,83.5,24.4,36.7,한서린,합격
CELL-02078,2026-05-27 08:18,A라인,주간,3.666,4821.4,22.77,11.275,70.48,69.6,24.7,,이하영,합격
CELL-02079,2026-05-27 08:58,C라인,주간,3.722,4850.7,26.71,10.959,69.62,70.8,24.1,29.9,김수현,합격
CELL-02080,2026-05-27 09:31,A라인,주간,3.721,4701.8,22.09,10.675,69.08,71.9,22.5,40.3,김수현,합격
CELL-02081,2026-05-27 10:44,A라인,야간,3.638,4802.5,26.08,11.095,70.75,59.7,22.4,43.0,한서린,합격
CELL-02082,2026-05-27 11:13,B라인,야간,3.723,4970.4,21.82,10.95,70.91,86.3,22.2,44.2,한서린,합격
CELL-02083,2026-05-27 12:24,C라인,주간,3.718,4833.4,19.24,11.02,69.37,69.3,23.4,47.0,한서린,합격
CELL-02084,2026-05-27 13:01,B라인,야간,3.739,4844.1,20.66,11.036,69.37,74.4,,51.5,김수현,합격
CELL-02085,2026-05-27 13:37,A라인,주간,3.655,5129.8,23.95,10.964,69.52,70.2,19.3,46.7,박정민,합격
CELL-02086,2026-05-27 13:44,A라인,주간,3.664,4967.3,25.76,11.065,69.15,77.9,23.4,48.0,이하영,합격
CELL-02087,2026-05-27 15:28,B라인,야간,3.661,5085.0,25.37,10.928,68.52,71.8,22.4,62.7,한서린,합격
CELL-02088,2026-05-27 16:55,A라인,야간,3.725,5114.7,16.46,10.635,71.75,62.1,23.7,49.9,정우석,합격
CELL-02089,2026-05-27 17:10,B라인,주간,3.792,4779.3,17.62,11.198,70.02,63.8,23.3,44.8,김수현,합격
CELL-02090,2026-05-27 20:37,A라인,야간,3.666,5078.5,19.82,11.114,68.45,69.2,20.3,48.4,김수현,합격
CELL-02091,2026-05-27 21:25,B라인,야간,3.68,4927.3,26.93,10.872,69.42,70.9,22.4,54.8,이하영,합격
CELL-02092,2026-05-27 21:59,A라인,야간,3.683,4838.3,21.02,10.907,70.15,81.3,23.7,52.5,김수현,합격
CELL-02093,2026-05-28 00:16,B라인,주간,3.659,5077.9,22.25,10.975,69.19,77.0,26.8,42.5,정우석,합격
CELL-02094,2026-05-28 00:19,A라인,야간,3.699,4852.8,27.92,11.259,71.4,66.4,22.5,48.4,정우석,불합격
CELL-02095,2026-05-28 01:14,A라인,주간,3.705,4681.6,26.71,10.9,71.37,74.7,25.1,56.4,정우석,불합격
CELL-02096,2026-05-28 03:01,C라인,주간,3.666,4983.7,24.24,11.199,70.76,65.8,22.4,43.0,박정민,합격
CELL-02097,2026-05-28 03:22,A라인,주간,3.713,5010.5,16.17,10.848,71.32,73.6,25.7,,박정민,합격
CELL-02098,2026-05-28 04:04,A라인,야간,3.616,4960.1,13.63,10.799,69.05,74.3,21.1,42.1,한서린,합격
CELL-02099,2026-05-28 04:25,B라인,주간,3.662,4965.2,18.5,11.104,69.83,74.9,25.5,41.1,김수현,합격
CELL-02100,2026-05-28 05:08,A라인,야간,3.736,4920.9,21.09,10.633,70.33,53.5,24.3,44.9,김수현,합격
CELL-02101,2026-05-28 05:15,A라인,야간,3.61,4735.4,23.16,10.898,69.29,68.6,23.6,39.9,정우석,합격
CELL-02102,2026-05-28 05:44,C라인,주간,3.677,4986.3,22.78,11.268,69.11,76.7,26.7,34.9,이하영,합격
CELL-02103,2026-05-28 06:06,C라인,야간,3.697,4880.5,24.7,11.038,70.35,71.6,19.7,38.9,한서린,합격
CELL-02104,2026-05-28 06:11,C라인,주간,3.665,4896.6,19.99,11.012,70.48,73.8,19.8,40.9,이하영,합격
CELL-02105,2026-05-28 07:00,C라인,야간,3.68,5035.0,26.16,11.017,70.63,,25.4,63.8,이하영,합격
CELL-02106,2026-05-28 07:13,A라인,야간,3.676,4926.5,22.0,11.033,70.6,75.0,24.4,52.9,정우석,합격
CELL-02107,2026-05-28 09:02,B라인,주간,3.632,4792.1,26.62,10.654,69.69,70.0,25.7,46.1,정우석,불합격
CELL-02108,2026-05-28 10:47,A라인,주간,3.672,4843.1,17.46,10.818,68.56,63.3,22.8,33.2,정우석,합격
CELL-02109,2026-05-28 10:51,B라인,야간,3.655,4853.5,19.56,10.937,70.16,86.0,21.3,42.0,김수현,합격
CELL-02110,2026-05-28 12:29,A라인,주간,3.633,4903.4,23.51,10.827,71.08,76.7,28.5,37.1,김수현,합격
CELL-02111,2026-05-28 13:16,B라인,주간,3.662,4675.2,23.67,11.022,69.49,73.1,23.7,45.2,이하영,합격
CELL-02112,2026-05-28 13:25,A라인,야간,3.686,5017.8,25.43,10.762,69.91,69.5,23.4,49.5,김수현,합격
CELL-02113,2026-05-28 14:05,A라인,야간,3.664,4683.5,17.62,11.18,70.9,,22.9,36.9,김수현,합격
CELL-02114,2026-05-28 15:42,B라인,야간,3.667,4971.7,14.62,10.619,70.34,66.0,24.0,42.2,이하영,합격
CELL-02115,2026-05-28 16:27,A라인,야간,3.721,4619.5,18.07,10.848,70.93,69.9,24.0,57.0,이하영,합격
CELL-02116,2026-05-28 17:48,B라인,주간,3.638,4652.1,21.32,10.87,70.35,70.3,26.7,40.9,정우석,합격
CELL-02117,2026-05-28 17:56,B라인,주간,3.755,4811.3,19.56,10.89,69.73,74.0,23.3,31.0,정우석,합격
CELL-02118,2026-05-28 19:30,B라인,야간,3.639,4961.3,18.49,11.37,70.8,65.7,24.1,44.0,박정민,합격
CELL-02119,2026-05-28 20:20,C라인,주간,3.707,4814.7,17.95,11.236,68.68,57.9,24.0,23.0,정우석,합격
CELL-02120,2026-05-28 20:28,B라인,주간,3.669,4787.8,20.16,10.502,69.92,62.6,26.3,40.1,박정민,합격
CELL-02121,2026-05-28 21:14,B라인,주간,3.696,4835.2,19.12,10.428,70.79,68.7,25.3,45.2,김수현,합격
CELL-02122,2026-05-28 23:15,B라인,주간,3.696,4900.3,16.69,10.789,69.08,83.4,23.8,35.9,이하영,합격
CELL-02123,2026-05-28 23:25,C라인,주간,3.672,4757.3,18.24,10.873,71.06,64.6,,,정우석,합격
CELL-02124,2026-05-29 01:40,B라인,주간,3.639,4811.6,25.24,11.159,70.05,59.0,26.6,,이하영,합격
CELL-02125,2026-05-29 02:56,A라인,주간,3.679,4925.1,23.01,10.915,70.53,77.5,24.8,42.0,김수현,합격
CELL-02126,2026-05-29 04:07,A라인,주간,3.671,4952.1,17.78,10.988,69.57,76.5,25.7,48.3,박정민,합격
CELL-02127,2026-05-29 04:51,B라인,주간,3.663,4817.1,24.03,11.316,69.24,78.8,25.7,37.1,김수현,합격
CELL-02128,2026-05-29 04:55,C라인,주간,3.652,5025.7,26.52,11.122,70.73,57.5,22.8,35.4,김수현,합격
CELL-02129,2026-05-29 05:24,B라인,야간,3.729,4935.1,25.65,11.037,70.8,63.0,27.8,38.9,한서린,합격
CELL-02130,2026-05-29 05:25,A라인,주간,3.685,4673.6,20.07,10.953,70.93,71.6,21.7,46.1,한서린,합격
CELL-02131,2026-05-29 06:29,A라인,주간,3.655,4949.1,23.33,11.178,69.63,68.9,21.9,52.0,정우석,합격
CELL-02132,2026-05-29 06:35,B라인,주간,3.673,4956.3,20.59,10.978,69.82,69.1,23.0,58.6,박정민,합격
CELL-02133,2026-05-29 06:53,C라인,주간,3.672,5010.9,20.03,11.296,69.94,78.4,20.8,44.7,박정민,합격
CELL-02134,2026-05-29 07:19,A라인,야간,3.62,4815.6,23.86,10.574,71.44,73.6,23.6,39.6,박정민,합격
CELL-02135,2026-05-29 09:29,B라인,주간,3.671,4905.4,20.69,10.845,70.29,77.6,28.0,51.6,박정민,합격
CELL-02136,2026-05-29 10:06,A라인,야간,3.659,4883.4,26.54,10.816,71.01,69.3,25.7,49.8,한서린,합격
CELL-02137,2026-05-29 10:22,C라인,야간,3.644,5008.2,22.04,10.666,69.14,71.0,22.6,36.8,한서린,합격
CELL-02138,2026-05-29 11:39,B라인,주간,3.685,4616.4,17.8,10.654,70.73,70.7,25.8,42.3,김수현,합격
CELL-02139,2026-05-29 13:08,B라인,야간,3.686,4878.4,13.71,10.935,69.41,79.1,25.7,48.1,한서린,합격
CELL-02140,2026-05-29 13:40,A라인,주간,3.739,4978.8,20.32,10.983,69.23,82.7,23.9,42.9,정우석,합격
CELL-02141,2026-05-29 14:57,A라인,야간,3.717,4785.4,16.29,11.305,70.0,68.5,20.8,48.0,한서린,합격
CELL-02142,2026-05-29 16:15,A라인,주간,3.679,4944.0,25.15,10.757,70.52,68.4,22.5,58.4,정우석,합격
CELL-02143,2026-05-29 16:29,C라인,주간,3.719,4861.3,24.66,11.443,71.25,68.6,27.0,47.4,박정민,합격
CELL-02144,2026-05-29 17:46,B라인,주간,3.706,4806.4,22.25,10.835,68.74,69.4,,37.2,한서린,합격
CELL-02145,2026-05-29 19:15,A라인,야간,3.686,5043.0,17.96,11.204,71.17,56.3,21.2,39.1,정우석,합격
CELL-02146,2026-05-29 20:32,A라인,주간,3.73,4971.4,25.61,10.997,69.21,72.9,25.6,47.1,박정민,합격
CELL-02147,2026-05-29 20:36,C라인,야간,3.706,4820.2,27.92,11.084,70.46,62.0,25.1,40.0,김수현,합격
CELL-02148,2026-05-29 21:08,C라인,주간,3.67,4928.1,24.09,11.098,69.5,70.7,25.8,49.5,정우석,합격
CELL-02149,2026-05-29 22:57,A라인,야간,3.679,4766.9,23.91,10.846,69.75,63.0,24.3,39.1,정우석,합격
CELL-02150,2026-05-29 23:30,B라인,야간,3.634,4872.2,23.19,11.051,70.96,,24.3,39.9,한서린,합격
CELL-02151,2026-05-29 23:47,B라인,주간,3.665,4893.2,23.04,11.149,69.32,73.4,26.3,42.7,한서린,합격
CELL-02152,2026-05-30 02:55,A라인,야간,3.634,4895.6,21.27,11.093,68.05,65.7,22.0,38.9,이하영,합격
CELL-02153,2026-05-30 06:30,B라인,주간,3.662,4973.0,26.78,11.107,72.38,75.1,28.9,,한서린,합격
CELL-02154,2026-05-30 08:05,C라인,주간,3.652,4851.5,23.04,10.807,69.1,55.4,23.6,39.2,한서린,합격
CELL-02155,2026-05-30 13:41,B라인,주간,3.665,4768.2,28.03,11.028,69.24,78.5,25.4,50.4,박정민,합격
CELL-02156,2026-05-30 14:57,C라인,야간,3.683,5079.1,23.88,11.058,70.01,69.5,24.5,59.7,박정민,합격
CELL-02157,2026-05-30 16:02,C라인,주간,3.646,4948.3,26.07,11.099,70.12,74.4,24.7,47.7,박정민,합격
CELL-02158,2026-05-30 16:20,A라인,야간,3.691,4995.4,20.91,11.088,69.5,58.5,24.1,40.5,김수현,합격
CELL-02159,2026-05-30 17:10,B라인,주간,3.665,4712.1,21.15,11.138,71.03,66.0,22.9,51.9,이하영,합격
CELL-02160,2026-05-30 17:51,A라인,주간,3.716,4963.1,22.34,10.875,70.18,64.7,27.5,36.3,박정민,합격
CELL-02161,2026-05-30 18:23,C라인,야간,3.66,4985.4,26.77,10.927,69.93,67.5,24.7,58.2,박정민,합격
CELL-02162,2026-05-30 18:31,A라인,주간,3.628,4773.0,21.79,11.144,70.56,62.3,24.7,35.6,정우석,합격
CELL-02163,2026-05-30 18:42,B라인,주간,3.712,4940.8,20.56,10.855,70.98,64.6,23.8,39.7,이하영,합격
CELL-02164,2026-05-30 18:50,B라인,주간,3.714,4771.9,18.27,11.138,70.62,77.4,24.4,32.5,박정민,합격
CELL-02165,2026-05-30 18:55,A라인,야간,3.657,4794.4,18.37,10.81,69.81,74.2,24.5,50.0,정우석,합격
CELL-02166,2026-05-30 19:22,B라인,주간,3.68,4832.9,25.14,11.06,70.99,66.6,24.6,35.2,정우석,합격
CELL-02167,2026-05-30 20:24,A라인,야간,3.674,4642.3,23.03,11.046,70.02,78.7,25.3,,정우석,합격
CELL-02168,2026-05-30 20:42,A라인,주간,3.666,5060.5,26.94,10.954,71.65,79.9,26.3,44.2,정우석,합격
CELL-02169,2026-05-31 00:16,A라인,주간,3.78,4912.2,22.51,11.183,69.75,65.3,24.0,39.6,한서린,합격
CELL-02170,2026-05-31 01:07,A라인,야간,3.675,5076.6,21.59,10.889,69.4,76.3,25.2,49.2,박정민,합격
CELL-02171,2026-05-31 01:10,B라인,주간,3.727,4859.3,21.65,11.321,69.1,81.5,24.6,36.8,정우석,합격
CELL-02172,2026-05-31 03:38,A라인,야간,3.707,4706.7,23.46,10.827,69.75,57.8,23.2,36.9,정우석,합격
CELL-02173,2026-05-31 05:37,A라인,야간,3.697,4885.0,29.36,11.06,70.75,73.8,22.4,54.6,정우석,합격
CELL-02174,2026-05-31 06:08,A라인,주간,3.667,4687.3,14.16,11.168,68.55,77.2,25.5,54.7,김수현,합격
CELL-02175,2026-05-31 06:13,B라인,주간,3.671,5006.4,21.22,10.931,68.73,71.1,25.3,43.8,김수현,합격
CELL-02176,2026-05-31 07:14,C라인,주간,3.663,5076.2,24.33,11.173,70.95,71.2,27.7,45.8,한서린,합격
CELL-02177,2026-05-31 08:14,C라인,야간,3.636,4783.2,21.01,10.841,71.11,76.1,21.5,48.5,김수현,합격
CELL-02178,2026-05-31 14:39,A라인,주간,3.737,4830.8,21.93,11.487,69.96,76.8,25.0,45.3,이하영,합격
CELL-02179,2026-05-31 15:00,A라인,주간,3.71,4691.6,24.45,10.991,70.53,69.1,25.5,50.0,이하영,불합격
CELL-02180,2026-05-31 15:24,B라인,야간,3.643,4957.4,24.18,11.087,70.56,77.6,26.9,51.5,이하영,합격
CELL-02181,2026-05-31 15:50,B라인,야간,3.642,4841.7,24.78,10.927,71.52,68.5,26.4,55.1,정우석,합격
CELL-02182,2026-05-31 16:20,A라인,주간,3.675,4933.6,21.1,11.152,69.43,64.5,25.4,57.9,김수현,합격
CELL-02183,2026-05-31 17:20,A라인,주간,3.673,4779.5,23.18,11.195,70.42,71.6,19.4,65.9,한서린,합격
CELL-02184,2026-05-31 18:14,B라인,주간,3.685,4730.4,25.34,10.93,71.29,72.0,26.1,47.8,김수현,합격
CELL-02185,2026-05-31 19:29,C라인,주간,3.682,4840.4,25.21,11.383,70.19,73.3,25.2,48.0,한서린,불합격
CELL-02186,2026-05-31 19:47,A라인,주간,3.706,4885.6,20.53,10.761,69.84,71.3,24.1,48.8,정우석,합격
CELL-02187,2026-05-31 20:20,C라인,주간,3.672,5036.6,23.72,10.905,71.63,68.3,24.8,58.2,이하영,합격
CELL-02188,2026-05-31 20:45,A라인,야간,3.678,4781.8,18.84,11.312,71.23,76.7,26.3,36.8,박정민,합격
CELL-02189,2026-05-31 22:55,A라인,주간,3.667,4949.3,20.19,11.083,69.18,62.6,25.3,44.1,김수현,합격
CELL-02190,2026-05-31 23:41,B라인,야간,3.7,4928.0,19.34,10.539,69.57,67.6,21.9,45.1,정우석,합격
CELL-02191,2026-06-01 00:11,A라인,야간,3.748,4798.8,23.85,11.178,69.4,77.0,21.2,38.6,김수현,합격
CELL-02192,2026-06-01 00:39,C라인,야간,3.73,4840.3,22.8,10.861,69.8,64.2,22.9,41.9,한서린,합격
CELL-02193,2026-06-01 03:54,C라인,야간,3.678,4754.7,29.9,10.793,70.45,65.6,22.2,46.9,정우석,불합격
CELL-02194,2026-06-01 04:17,A라인,주간,3.648,5133.6,25.53,11.118,69.87,67.5,26.1,36.8,박정민,합격
CELL-02195,2026-06-01 05:44,A라인,야간,3.713,4878.6,24.25,10.728,70.93,79.6,23.0,45.2,김수현,합격
CELL-02196,2026-06-01 07:15,A라인,야간,3.743,4786.4,19.4,10.761,71.82,79.7,22.7,44.4,한서린,합격
CELL-02197,2026-06-01 08:02,A라인,야간,3.602,4952.8,23.15,10.646,69.08,76.2,27.3,50.5,박정민,합격
CELL-02198,2026-06-01 08:15,A라인,야간,3.682,4827.6,21.7,11.155,69.71,65.2,25.0,40.9,김수현,합격
CELL-02199,2026-06-01 09:47,A라인,야간,3.63,4886.7,22.0,10.952,70.14,75.5,22.8,47.0,박정민,합격
CELL-02200,2026-06-01 10:04,C라인,야간,3.769,4867.9,26.87,11.159,70.42,79.5,21.9,30.7,김수현,합격
CELL-02201,2026-06-01 11:16,B라인,주간,3.713,4777.6,21.18,10.596,70.35,74.2,25.4,45.5,박정민,합격
CELL-02202,2026-06-01 11:55,C라인,야간,3.662,4870.7,30.64,10.949,69.66,72.8,21.3,27.5,한서린,불합격
CELL-02203,2026-06-01 13:06,A라인,주간,3.652,4971.3,18.66,10.876,70.3,77.4,28.7,53.5,박정민,합격
CELL-02204,2026-06-01 13:14,A라인,주간,3.713,4848.3,17.26,11.439,71.67,72.3,19.5,42.4,이하영,합격
CELL-02205,2026-06-01 15:31,A라인,주간,3.661,4790.6,19.44,11.05,70.99,71.2,25.3,41.3,이하영,합격
CELL-02206,2026-06-01 16:18,A라인,주간,3.76,4766.4,22.99,11.137,70.33,73.6,25.4,47.4,박정민,합격
CELL-02207,2026-06-01 16:34,A라인,주간,3.696,4816.7,19.23,10.778,71.86,70.2,24.1,33.4,박정민,합격
CELL-02208,2026-06-01 16:59,B라인,주간,3.602,4812.2,20.76,10.761,71.89,72.6,23.1,50.2,한서린,합격
CELL-02209,2026-06-01 17:18,B라인,야간,3.645,4848.8,19.53,10.767,70.37,79.1,22.6,43.9,이하영,합격
CELL-02210,2026-06-01 18:41,B라인,야간,3.624,4794.4,25.08,10.753,70.26,75.0,21.9,45.2,정우석,합격
CELL-02211,2026-06-01 18:50,B라인,주간,3.714,4724.7,27.64,10.888,69.32,71.7,24.1,42.0,김수현,불합격
CELL-02212,2026-06-01 20:05,B라인,주간,3.657,5007.5,22.76,10.839,69.78,76.3,25.2,42.8,박정민,합격
CELL-02213,2026-06-01 20:15,B라인,주간,3.722,4829.9,18.31,10.879,70.35,65.0,20.4,50.8,이하영,합격
CELL-02214,2026-06-01 21:21,C라인,주간,3.673,4729.1,26.25,11.008,70.02,70.8,19.5,40.4,박정민,합격
CELL-02215,2026-06-01 23:57,A라인,야간,3.704,5006.6,17.81,10.866,69.95,72.8,23.7,55.6,김수현,합격
CELL-02216,2026-06-02 00:40,C라인,주간,3.731,4981.6,19.34,11.039,69.05,74.2,24.3,43.5,한서린,합격
CELL-02217,2026-06-02 01:21,A라인,주간,3.673,4691.8,19.17,11.165,69.78,68.0,22.0,49.0,박정민,합격
CELL-02218,2026-06-02 01:43,C라인,야간,3.713,4955.3,23.65,11.046,70.27,67.7,20.7,56.6,김수현,합격
CELL-02219,2026-06-02 03:43,C라인,주간,3.679,5011.6,22.09,10.605,69.01,66.7,21.7,56.3,한서린,합격
CELL-02220,2026-06-02 04:49,B라인,주간,3.714,4914.8,26.63,10.766,70.55,57.1,27.2,38.1,이하영,합격
CELL-02221,2026-06-02 05:42,A라인,야간,3.66,4878.9,24.99,10.651,69.33,75.2,23.6,54.5,박정민,합격
CELL-02222,2026-06-02 06:25,B라인,야간,3.649,4891.3,25.14,10.756,71.43,69.8,20.5,43.0,박정민,합격
CELL-02223,2026-06-02 07:54,B라인,주간,3.683,4708.0,24.23,10.982,69.65,71.1,,56.1,정우석,합격
CELL-02224,2026-06-02 08:29,A라인,야간,3.719,4924.7,25.13,10.9,70.92,70.0,21.9,25.9,정우석,합격
CELL-02225,2026-06-02 09:53,C라인,야간,3.68,4658.2,24.63,10.951,69.85,79.6,24.8,48.7,이하영,합격
CELL-02226,2026-06-02 10:44,A라인,야간,3.725,4897.8,24.72,10.969,72.08,70.8,23.1,37.4,박정민,합격
CELL-02227,2026-06-02 12:09,A라인,주간,3.669,5154.4,27.1,11.036,70.94,73.6,22.5,59.2,한서린,합격
CELL-02228,2026-06-02 12:10,B라인,주간,3.71,4747.6,17.32,11.096,69.06,66.4,23.1,30.6,박정민,합격
CELL-02229,2026-06-02 12:11,C라인,주간,3.642,4688.2,24.5,10.88,71.17,67.7,25.0,56.1,박정민,합격
CELL-02230,2026-06-02 12:44,C라인,주간,3.704,4912.0,21.15,10.939,69.08,70.1,23.6,47.0,한서린,합격
CELL-02231,2026-06-02 14:39,A라인,주간,3.661,4879.5,24.8,10.983,70.0,75.1,24.9,49.5,김수현,합격
CELL-02232,2026-06-02 16:25,B라인,야간,3.699,4915.0,22.71,10.893,70.08,71.8,24.4,47.9,이하영,합격
CELL-02233,2026-06-02 17:41,C라인,주간,3.675,4846.1,21.25,11.014,71.14,65.8,22.6,59.7,김수현,합격
CELL-02234,2026-06-02 18:17,B라인,야간,3.713,4719.9,16.79,11.083,71.49,66.0,24.8,44.5,박정민,합격
CELL-02235,2026-06-02 19:08,C라인,주간,3.658,5012.8,15.85,10.945,69.16,72.3,25.6,58.2,박정민,합격
CELL-02236,2026-06-02 20:59,C라인,주간,3.639,5046.7,24.2,11.459,69.87,70.1,23.7,39.5,정우석,합격
CELL-02237,2026-06-02 21:13,A라인,주간,3.651,5222.9,17.63,10.857,70.26,72.1,24.8,35.5,박정민,합격
CELL-02238,2026-06-02 22:00,A라인,주간,3.658,5056.5,23.72,11.062,68.68,76.9,22.3,43.0,김수현,합격
CELL-02239,2026-06-02 22:18,B라인,주간,3.707,4849.1,22.21,10.691,69.73,73.7,26.1,40.4,정우석,합격
CELL-02240,2026-06-02 23:21,A라인,야간,3.711,4849.1,19.32,11.113,69.88,74.3,23.4,40.7,김수현,합격
CELL-02241,2026-06-03 01:04,C라인,야간,3.651,4977.8,23.96,10.784,71.07,71.0,17.0,47.9,정우석,합격
CELL-02242,2026-06-03 01:19,A라인,야간,3.679,4773.6,24.12,10.896,69.39,72.8,17.6,49.7,박정민,합격
CELL-02243,2026-06-03 01:32,A라인,야간,3.663,4930.9,25.51,11.079,69.89,73.0,22.0,45.2,박정민,합격
CELL-02244,2026-06-03 01:45,A라인,주간,3.659,5193.1,24.4,11.039,70.48,72.2,27.4,49.4,김수현,합격
CELL-02245,2026-06-03 02:10,C라인,주간,3.588,4828.7,29.98,11.033,70.3,63.8,25.3,46.0,한서린,합격
CELL-02246,2026-06-03 02:10,C라인,야간,3.647,4919.8,24.29,11.109,70.48,65.3,23.6,45.2,이하영,합격
CELL-02247,2026-06-03 05:08,C라인,주간,3.708,4838.3,21.13,11.079,70.82,68.3,21.9,30.6,정우석,합격
CELL-02248,2026-06-03 05:16,A라인,야간,3.674,5000.6,22.08,11.433,70.34,77.0,21.2,39.9,박정민,합격
CELL-02249,2026-06-03 05:59,B라인,야간,3.689,4788.5,16.85,10.881,70.35,69.2,23.1,29.4,이하영,합격
CELL-02250,2026-06-03 08:39,A라인,주간,3.684,4928.0,16.96,11.068,70.42,63.3,27.5,53.8,박정민,합격
CELL-02251,2026-06-03 11:22,C라인,야간,3.643,5113.4,21.13,11.28,71.37,53.8,24.7,49.7,박정민,합격
CELL-02252,2026-06-03 12:28,B라인,야간,3.747,4935.1,23.01,11.093,69.38,78.9,24.1,38.7,정우석,합격
CELL-02253,2026-06-03 12:51,B라인,주간,3.688,4798.2,14.41,10.719,71.57,72.9,24.8,47.7,김수현,합격
CELL-02254,2026-06-03 13:25,A라인,야간,3.667,4976.1,21.99,10.912,68.8,72.9,22.0,,이하영,합격
CELL-02255,2026-06-03 13:42,A라인,주간,3.719,4899.1,20.85,10.996,71.54,69.3,24.8,51.1,이하영,합격
CELL-02256,2026-06-03 14:20,A라인,주간,3.653,4885.7,23.19,11.07,69.76,88.3,21.5,55.0,이하영,합격
CELL-02257,2026-06-03 16:38,C라인,야간,3.681,5009.7,20.28,11.053,69.38,81.0,23.1,38.5,이하영,합격
CELL-02258,2026-06-03 18:12,A라인,주간,3.692,4866.5,16.81,11.477,69.84,75.4,27.7,54.8,김수현,합격
CELL-02259,2026-06-03 21:03,A라인,야간,3.742,5172.0,22.77,10.946,69.47,72.9,,46.2,김수현,합격
CELL-02260,2026-06-03 21:22,A라인,야간,3.702,4891.9,19.57,10.81,70.31,66.7,24.4,54.6,김수현,합격
CELL-02261,2026-06-03 21:22,B라인,주간,3.698,5010.8,24.02,10.701,68.27,67.9,23.4,44.6,정우석,합격
CELL-02262,2026-06-03 21:27,C라인,야간,3.703,4982.0,17.36,10.886,69.82,74.4,24.5,46.2,한서린,합격
CELL-02263,2026-06-03 21:49,A라인,주간,3.667,5018.6,19.85,11.005,69.06,77.6,21.8,,김수현,합격
CELL-02264,2026-06-03 23:00,B라인,야간,3.649,4872.7,24.9,10.937,71.17,65.9,22.9,46.7,박정민,합격
CELL-02265,2026-06-03 23:12,A라인,주간,3.715,4753.3,18.43,10.963,69.92,69.7,,46.8,이하영,합격
CELL-02266,2026-06-03 23:12,B라인,주간,3.689,5014.7,22.67,10.951,70.34,67.0,23.8,52.3,한서린,합격
CELL-02267,2026-06-03 23:12,B라인,야간,3.683,4973.9,25.74,10.891,70.95,65.5,21.7,44.8,이하영,합격
CELL-02268,2026-06-03 23:16,C라인,주간,3.762,4759.3,22.09,11.37,71.13,79.8,25.0,31.1,한서린,합격
CELL-02269,2026-06-04 00:41,C라인,야간,3.674,4830.9,22.52,11.213,68.24,69.0,22.5,46.4,한서린,합격
CELL-02270,2026-06-04 01:30,B라인,야간,3.698,4929.4,20.82,10.898,69.2,65.4,23.8,48.3,정우석,합격
CELL-02271,2026-06-04 02:00,C라인,야간,3.738,5032.7,22.77,10.656,70.38,85.0,20.3,40.9,김수현,합격
CELL-02272,2026-06-04 02:46,B라인,야간,3.711,4863.1,21.62,11.454,70.69,60.1,19.6,54.1,김수현,합격
CELL-02273,2026-06-04 04:34,A라인,야간,3.649,4745.8,19.92,10.871,69.34,71.7,22.6,51.1,김수현,합격
CELL-02274,2026-06-04 05:22,A라인,주간,3.724,5070.1,24.61,10.968,70.05,75.8,26.7,52.3,이하영,합격
CELL-02275,2026-06-04 10:49,A라인,주간,3.666,5089.2,21.51,10.925,71.1,80.4,25.7,41.5,한서린,합격
CELL-02276,2026-06-04 10:56,B라인,주간,3.662,4878.2,27.61,11.182,70.17,81.6,25.2,50.8,박정민,합격
CELL-02277,2026-06-04 11:45,B라인,주간,3.663,4798.0,23.04,11.344,68.32,53.7,24.1,60.6,정우석,합격
CELL-02278,2026-06-04 12:13,C라인,야간,3.645,4980.9,19.58,11.173,70.04,66.9,24.9,43.7,이하영,합격
CELL-02279,2026-06-04 12:40,A라인,주간,3.659,4798.5,20.21,10.766,68.81,79.7,26.9,44.0,박정민,합격
CELL-02280,2026-06-04 14:00,C라인,주간,3.583,5248.6,18.95,10.586,69.62,66.9,23.7,46.9,한서린,합격
CELL-02281,2026-06-04 14:16,A라인,주간,3.759,5026.9,23.38,10.905,70.01,77.7,23.9,43.3,이하영,합격
CELL-02282,2026-06-04 14:30,A라인,주간,3.748,5052.5,24.06,10.787,69.07,71.8,27.7,48.8,정우석,합격
CELL-02283,2026-06-04 14:31,C라인,주간,3.678,5024.0,26.47,11.071,71.18,73.9,25.3,52.5,한서린,합격
CELL-02284,2026-06-04 16:00,A라인,야간,3.678,5031.1,17.02,11.086,69.27,65.6,19.5,52.0,정우석,합격
CELL-02285,2026-06-04 17:20,A라인,야간,3.682,4801.2,23.07,11.129,69.52,77.0,24.2,61.0,한서린,합격
CELL-02286,2026-06-04 17:35,B라인,주간,3.698,5009.4,21.91,11.298,70.89,67.5,25.9,43.8,박정민,합격
CELL-02287,2026-06-04 18:53,A라인,야간,3.677,5115.9,22.92,10.894,71.56,67.7,21.1,35.4,김수현,합격
CELL-02288,2026-06-04 20:28,A라인,야간,3.651,4680.3,21.59,10.737,69.06,71.2,21.6,47.5,정우석,합격
CELL-02289,2026-06-04 20:31,B라인,주간,3.692,4965.8,25.35,11.213,70.76,83.7,24.4,34.4,이하영,합격
CELL-02290,2026-06-04 20:41,C라인,주간,3.729,4697.8,21.74,10.974,71.62,71.1,23.6,38.8,김수현,합격
CELL-02291,2026-06-04 20:53,A라인,주간,3.68,4695.3,23.85,11.054,69.87,76.3,22.9,43.7,한서린,합격
CELL-02292,2026-06-04 21:58,C라인,주간,3.658,4774.1,22.4,11.263,69.43,68.9,25.8,37.4,박정민,불합격
CELL-02293,2026-06-04 22:57,B라인,야간,3.639,5103.2,20.71,11.093,69.79,69.9,19.9,42.9,한서린,합격
CELL-02294,2026-06-04 22:57,C라인,야간,3.644,4655.6,33.61,10.971,70.85,70.9,24.7,43.8,정우석,불합격
CELL-02295,2026-06-05 01:39,A라인,주간,3.67,4879.7,27.14,10.942,70.75,71.6,23.8,41.5,한서린,합격
CELL-02296,2026-06-05 02:01,A라인,주간,3.715,5074.5,20.18,11.076,69.02,85.6,24.2,33.0,박정민,합격
CELL-02297,2026-06-05 02:07,A라인,주간,3.625,4894.2,19.85,10.901,69.61,63.9,25.4,,김수현,합격
CELL-02298,2026-06-05 02:57,A라인,주간,3.665,4940.3,22.74,10.962,70.06,73.9,29.3,38.1,박정민,합격
CELL-02299,2026-06-05 03:11,B라인,야간,3.694,5122.3,24.65,10.873,71.56,78.4,23.0,40.3,한서린,합격
CELL-02300,2026-06-05 03:41,B라인,주간,3.693,4707.3,30.5,10.915,69.52,70.7,22.2,29.4,정우석,불합격
CELL-02301,2026-06-05 04:17,B라인,야간,3.643,4902.9,20.07,10.587,70.57,74.4,26.3,36.2,정우석,합격
CELL-02302,2026-06-05 04:38,B라인,주간,3.619,4984.7,24.88,10.909,69.75,68.7,26.0,43.7,이하영,합격
CELL-02303,2026-06-05 05:59,A라인,주간,3.639,4863.0,22.97,11.274,70.09,72.5,25.6,34.0,박정민,합격
CELL-02304,2026-06-05 06:57,A라인,야간,3.732,4786.3,19.64,10.885,68.83,81.3,24.1,47.8,김수현,합격
CELL-02305,2026-06-05 10:47,C라인,야간,3.655,5103.0,17.7,11.205,69.43,59.2,21.5,30.1,이하영,합격
CELL-02306,2026-06-05 11:59,B라인,주간,3.69,4677.2,18.44,10.895,70.39,79.6,25.6,52.1,김수현,합격
CELL-02307,2026-06-05 12:28,A라인,주간,3.691,4897.5,17.54,11.048,70.54,63.1,23.9,41.7,이하영,합격
CELL-02308,2026-06-05 12:34,A라인,주간,3.713,4804.8,26.37,10.928,71.34,60.3,23.1,47.8,박정민,합격
CELL-02309,2026-06-05 12:54,B라인,주간,3.709,4837.9,18.15,11.128,70.5,72.4,22.9,50.4,박정민,합격
CELL-02310,2026-06-05 15:30,A라인,야간,3.659,4977.1,21.62,11.247,69.58,75.9,21.3,49.0,김수현,합격
CELL-02311,2026-06-05 15:47,A라인,주간,3.688,4886.2,25.18,11.141,69.15,72.7,22.3,53.3,이하영,합격
CELL-02312,2026-06-05 16:03,B라인,야간,3.651,4937.3,19.28,10.691,68.91,70.7,24.0,38.7,박정민,합격
CELL-02313,2026-06-05 18:03,B라인,주간,3.642,4899.5,21.56,10.811,68.83,62.7,22.7,52.6,김수현,합격
CELL-02314,2026-06-05 18:23,B라인,야간,3.666,4690.0,17.48,10.893,70.27,69.9,21.4,39.8,김수현,합격
CELL-02315,2026-06-05 19:54,B라인,주간,3.732,4704.7,16.76,11.163,71.28,79.9,25.9,,김수현,합격
CELL-02316,2026-06-05 20:58,A라인,야간,3.692,5097.2,28.6,11.214,70.95,66.8,24.8,47.0,한서린,합격
CELL-02317,2026-06-05 21:18,A라인,야간,3.696,4999.9,19.06,10.972,68.74,65.3,25.3,45.5,이하영,합격
CELL-02318,2026-06-05 21:48,B라인,야간,3.758,5166.1,13.77,10.982,70.7,76.7,20.1,,한서린,합격
CELL-02319,2026-06-05 23:54,B라인,주간,3.731,4748.0,25.67,11.195,70.3,66.5,24.9,52.3,정우석,합격
CELL-02320,2026-06-06 00:19,C라인,주간,3.655,4903.2,23.21,10.974,69.03,76.7,21.2,52.1,박정민,합격
CELL-02321,2026-06-06 01:54,A라인,야간,3.726,5082.7,21.88,10.803,69.52,72.5,25.5,50.8,정우석,합격
CELL-02322,2026-06-06 02:02,B라인,야간,3.704,4728.2,24.41,10.993,70.04,83.8,24.0,55.6,김수현,합격
CELL-02323,2026-06-06 03:24,B라인,주간,3.634,4877.9,19.29,10.947,70.19,67.3,22.4,52.5,박정민,합격
CELL-02324,2026-06-06 04:54,C라인,주간,3.653,5067.3,21.69,11.241,69.96,72.3,21.2,41.7,한서린,합격
CELL-02325,2026-06-06 05:29,C라인,주간,3.726,4944.6,25.32,11.076,70.03,69.0,25.9,41.7,박정민,합격
CELL-02326,2026-06-06 06:34,B라인,야간,3.67,4856.5,22.4,11.01,69.56,75.8,24.6,54.0,박정민,합격
CELL-02327,2026-06-06 08:38,C라인,주간,3.659,4927.9,17.86,11.095,70.66,64.6,24.8,55.6,이하영,합격
CELL-02328,2026-06-06 10:00,B라인,야간,3.777,5002.7,27.35,10.942,70.53,,22.3,52.6,정우석,합격
CELL-02329,2026-06-06 10:42,A라인,야간,3.702,5227.6,20.63,10.999,72.29,78.7,25.4,41.3,정우석,합격
CELL-02330,2026-06-06 11:32,C라인,주간,3.689,4952.6,24.08,10.978,70.22,70.0,25.3,41.6,김수현,합격
CELL-02331,2026-06-06 12:55,A라인,주간,3.707,4948.8,16.21,11.034,70.09,77.1,23.7,52.4,박정민,합격
CELL-02332,2026-06-06 14:30,C라인,야간,3.691,5055.7,22.74,10.669,70.52,76.8,23.1,43.1,이하영,합격
CELL-02333,2026-06-06 14:53,A라인,주간,3.663,4967.9,25.97,11.451,70.61,74.5,26.4,49.7,이하영,합격
CELL-02334,2026-06-06 15:31,A라인,주간,3.683,4877.9,21.51,10.901,70.23,80.5,24.4,62.3,정우석,합격
CELL-02335,2026-06-06 16:45,B라인,주간,3.652,4732.3,26.76,10.728,69.64,77.9,23.6,47.8,박정민,불합격
CELL-02336,2026-06-06 18:31,C라인,야간,3.663,4889.8,20.58,10.876,69.74,68.6,25.2,37.9,박정민,합격
CELL-02337,2026-06-06 19:35,A라인,주간,3.615,4834.5,23.78,11.046,68.99,68.7,24.7,43.8,박정민,합격
CELL-02338,2026-06-06 19:53,B라인,주간,3.685,4814.1,22.79,11.071,71.28,71.2,26.0,,김수현,합격
CELL-02339,2026-06-06 20:55,A라인,주간,3.685,4873.3,19.61,10.975,70.27,80.0,25.6,37.7,이하영,합격
CELL-02340,2026-06-06 22:04,B라인,주간,3.689,4878.8,24.69,10.809,70.42,71.1,24.2,58.8,박정민,합격
CELL-02341,2026-06-06 22:12,C라인,주간,3.587,4875.6,25.58,11.29,69.36,78.5,22.5,50.7,이하영,합격
CELL-02342,2026-06-06 22:47,A라인,주간,3.671,4715.6,29.4,10.967,72.02,67.4,23.8,45.6,한서린,불합격
CELL-02343,2026-06-06 23:03,A라인,주간,3.654,5071.1,22.33,11.019,70.68,77.3,20.7,35.6,김수현,합격
CELL-02344,2026-06-06 23:09,B라인,주간,3.722,4935.0,21.64,10.999,70.53,77.2,22.9,55.7,이하영,합격
CELL-02345,2026-06-06 23:27,C라인,주간,3.657,4853.2,25.68,11.071,71.19,66.6,20.9,47.2,정우석,합격
CELL-02346,2026-06-07 01:42,C라인,야간,3.672,4941.3,23.22,10.893,71.28,80.2,21.2,41.8,박정민,합격
CELL-02347,2026-06-07 01:47,A라인,야간,3.626,4879.8,24.45,11.356,70.13,67.2,25.3,45.6,정우석,합격
CELL-02348,2026-06-07 02:05,B라인,주간,3.662,4765.4,21.43,11.173,70.82,65.5,23.8,41.9,정우석,합격
CELL-02349,2026-06-07 03:35,A라인,주간,3.755,5072.1,21.75,11.093,70.68,76.4,24.3,56.4,정우석,합격
CELL-02350,2026-06-07 04:11,A라인,야간,3.647,5053.6,25.44,11.207,70.1,76.4,22.5,38.4,박정민,합격
CELL-02351,2026-06-07 04:58,A라인,야간,3.765,4922.8,21.37,11.114,69.01,73.7,25.9,36.7,이하영,합격
CELL-02352,2026-06-07 05:29,A라인,주간,3.686,4873.0,21.67,10.736,69.96,75.8,23.7,43.7,박정민,합격
CELL-02353,2026-06-07 08:03,C라인,주간,3.658,5154.7,26.28,11.158,69.23,77.7,24.3,40.8,정우석,합격
CELL-02354,2026-06-07 08:57,A라인,주간,3.668,4835.0,21.27,11.176,68.88,79.0,25.2,45.9,이하영,합격
CELL-02355,2026-06-07 09:21,A라인,주간,3.663,4902.3,20.61,10.906,71.68,71.9,25.2,53.2,이하영,합격
CELL-02356,2026-06-07 09:30,A라인,야간,3.727,4953.5,23.16,11.124,70.9,69.6,23.8,38.4,정우석,합격
CELL-02357,2026-06-07 11:20,B라인,주간,3.626,4536.6,17.91,11.193,70.29,75.5,22.5,50.8,김수현,합격
CELL-02358,2026-06-07 11:33,C라인,야간,3.667,4808.9,27.56,10.604,70.94,,22.2,54.1,이하영,합격
CELL-02359,2026-06-07 12:50,C라인,야간,3.663,4987.6,23.15,10.967,70.79,68.8,26.6,51.0,이하영,합격
CELL-02360,2026-06-07 13:46,C라인,야간,3.719,5268.0,23.9,11.173,70.59,74.0,21.5,44.5,한서린,합격
CELL-02361,2026-06-07 14:33,A라인,주간,3.661,4968.7,22.52,10.736,70.95,75.7,27.0,51.6,박정민,합격
CELL-02362,2026-06-07 20:18,A라인,야간,3.702,4929.8,15.79,11.311,71.65,66.6,22.4,46.9,김수현,합격
CELL-02363,2026-06-07 22:11,C라인,야간,3.775,4639.4,21.34,10.978,72.74,63.6,26.4,51.3,정우석,합격
CELL-02364,2026-06-07 22:15,B라인,주간,3.676,4830.9,22.4,11.042,70.33,79.1,23.5,52.9,김수현,합격
CELL-02365,2026-06-08 00:47,A라인,야간,3.651,5096.4,20.92,11.055,69.12,71.1,23.7,55.6,정우석,합격
CELL-02366,2026-06-08 00:55,B라인,주간,3.674,5007.9,27.05,10.854,70.07,64.3,25.9,51.7,한서린,합격
CELL-02367,2026-06-08 03:39,B라인,야간,3.688,4935.9,22.36,10.847,70.16,70.5,23.0,48.4,한서린,합격
CELL-02368,2026-06-08 03:47,A라인,주간,3.68,4928.0,20.2,10.95,69.62,66.9,23.5,46.6,박정민,합격
CELL-02369,2026-06-08 04:01,C라인,주간,3.752,4861.4,20.43,10.767,70.15,65.9,24.1,35.3,이하영,합격
CELL-02370,2026-06-08 04:36,B라인,야간,3.624,4910.8,22.2,11.068,69.58,74.7,20.8,52.4,박정민,합격
CELL-02371,2026-06-08 04:59,B라인,야간,3.664,4803.0,24.43,11.055,70.29,76.5,23.6,38.2,박정민,합격
CELL-02372,2026-06-08 05:07,A라인,주간,3.749,5082.7,21.66,11.236,71.0,65.8,23.1,40.5,이하영,합격
CELL-02373,2026-06-08 05:07,C라인,야간,3.727,4928.9,23.14,10.947,70.94,70.6,19.7,34.8,이하영,합격
CELL-02374,2026-06-08 05:35,B라인,야간,3.685,4971.4,27.94,11.259,68.77,75.0,23.2,42.3,정우석,합격
CELL-02375,2026-06-08 06:25,A라인,야간,3.685,4828.0,20.55,11.264,69.54,69.0,25.7,45.7,이하영,합격
CELL-02376,2026-06-08 09:22,A라인,주간,3.638,4929.5,17.08,10.976,69.62,66.7,23.6,49.7,박정민,합격
CELL-02377,2026-06-08 10:09,B라인,주간,3.669,5041.3,18.94,11.067,68.14,82.4,25.1,44.5,박정민,합격
CELL-02378,2026-06-08 10:45,B라인,주간,3.654,4945.4,23.68,10.783,71.98,67.8,26.2,40.0,한서린,합격
CELL-02379,2026-06-08 10:47,C라인,야간,3.663,4893.4,22.99,10.886,71.63,68.7,21.6,40.7,한서린,합격
CELL-02380,2026-06-08 11:56,A라인,야간,3.723,4938.6,24.47,11.222,69.23,73.1,25.8,42.3,박정민,합격
CELL-02381,2026-06-08 12:06,A라인,야간,3.663,4720.1,26.37,11.231,71.84,68.0,22.4,46.7,김수현,합격
CELL-02382,2026-06-08 12:37,B라인,야간,3.695,4944.5,19.7,10.89,70.77,,23.2,,정우석,합격
CELL-02383,2026-06-08 12:57,A라인,주간,3.69,5129.1,19.16,11.247,70.7,70.3,25.0,59.6,한서린,합격
CELL-02384,2026-06-08 13:32,C라인,주간,3.688,5079.4,27.34,11.325,70.74,78.0,23.4,37.4,이하영,합격
CELL-02385,2026-06-08 14:31,A라인,야간,3.731,5030.3,19.19,10.932,70.42,65.0,21.9,34.7,정우석,합격
CELL-02386,2026-06-08 15:23,B라인,주간,3.67,4870.8,17.45,11.028,70.56,72.1,,43.7,김수현,합격
CELL-02387,2026-06-08 19:41,A라인,주간,3.684,4981.1,18.31,10.829,70.35,74.5,26.1,41.0,박정민,합격
CELL-02388,2026-06-08 21:16,A라인,야간,3.668,5095.0,23.18,10.788,70.0,80.5,20.3,48.4,정우석,합격
CELL-02389,2026-06-08 22:56,B라인,야간,3.713,5014.1,27.43,10.845,69.05,80.0,22.4,47.8,김수현,합격
CELL-02390,2026-06-08 23:20,C라인,주간,3.639,4660.8,27.15,11.206,71.67,74.4,21.5,49.7,정우석,불합격
CELL-02391,2026-06-08 23:52,A라인,주간,3.737,4849.0,22.2,11.099,70.61,61.4,25.5,50.9,김수현,합격
CELL-02392,2026-06-09 01:53,C라인,주간,3.689,4907.6,22.59,10.997,70.76,76.5,25.3,58.5,김수현,합격
CELL-02393,2026-06-09 03:17,B라인,주간,3.657,5140.2,22.29,11.124,68.8,82.7,21.0,40.7,이하영,합격
CELL-02394,2026-06-09 03:19,A라인,주간,3.647,4852.8,25.26,11.229,69.56,60.4,25.8,56.0,김수현,합격
CELL-02395,2026-06-09 03:44,A라인,야간,3.73,4677.8,27.49,10.885,68.89,70.8,22.7,50.0,이하영,불합격
CELL-02396,2026-06-09 05:53,C라인,주간,3.625,4891.8,27.06,11.015,67.72,73.3,20.1,47.8,김수현,합격
CELL-02397,2026-06-09 06:04,C라인,주간,3.686,4943.0,20.89,11.226,68.63,71.8,24.4,38.1,이하영,합격
CELL-02398,2026-06-09 06:24,B라인,주간,3.659,4896.3,25.4,10.71,69.59,68.3,24.6,44.1,이하영,합격
CELL-02399,2026-06-09 08:38,B라인,주간,3.675,5060.8,22.91,10.959,69.06,85.2,27.8,46.2,김수현,합격
CELL-02400,2026-06-09 08:39,C라인,주간,3.646,4957.9,24.34,11.096,71.15,53.9,25.9,43.4,이하영,합격
CELL-02401,2026-06-09 08:57,C라인,야간,3.659,5077.5,25.09,10.768,70.79,79.5,22.0,29.5,이하영,합격
CELL-02402,2026-06-09 09:49,B라인,야간,3.644,4776.4,24.86,10.904,70.24,75.0,20.6,52.7,이하영,합격
CELL-02403,2026-06-09 10:47,B라인,주간,3.669,5126.4,24.5,11.257,69.74,75.5,21.9,37.8,한서린,합격
CELL-02404,2026-06-09 11:01,A라인,주간,3.738,4878.7,22.12,11.059,69.84,70.0,26.2,48.5,박정민,합격
CELL-02405,2026-06-09 14:06,C라인,주간,3.694,4798.3,28.68,11.006,71.58,68.1,,46.7,김수현,합격
CELL-02406,2026-06-09 15:14,B라인,주간,3.659,5062.6,16.34,10.947,70.58,73.2,23.8,44.0,이하영,합격
CELL-02407,2026-06-09 16:02,B라인,주간,3.643,4873.7,18.7,10.965,70.37,70.6,21.5,55.8,박정민,합격
CELL-02408,2026-06-09 16:36,B라인,주간,3.733,4938.5,25.05,10.823,70.47,76.2,24.3,32.0,한서린,합격
CELL-02409,2026-06-09 17:01,A라인,야간,3.726,4866.1,17.68,10.872,71.36,87.3,22.3,60.3,이하영,합격
CELL-02410,2026-06-09 19:06,A라인,야간,3.71,4686.0,18.55,11.334,72.53,70.0,19.4,46.6,박정민,합격
CELL-02411,2026-06-09 21:50,B라인,야간,3.688,4883.3,20.71,10.75,71.13,75.1,23.2,44.3,이하영,합격
CELL-02412,2026-06-09 21:59,C라인,주간,3.675,5010.8,26.39,10.939,72.44,68.6,24.5,25.5,박정민,합격
CELL-02413,2026-06-10 01:19,A라인,야간,3.657,4851.1,17.45,11.007,69.25,67.6,23.4,44.2,박정민,합격
CELL-02414,2026-06-10 03:18,A라인,주간,3.746,4882.5,19.18,11.207,71.05,80.6,27.0,,한서린,합격
CELL-02415,2026-06-10 04:19,B라인,주간,3.691,5087.1,20.15,11.18,69.03,64.8,27.4,48.9,한서린,합격
CELL-02416,2026-06-10 04:40,C라인,주간,3.71,4987.3,22.99,11.099,68.27,69.9,22.8,43.0,한서린,합격
CELL-02417,2026-06-10 05:23,A라인,야간,3.688,4921.3,20.41,11.011,69.96,67.7,23.9,28.5,정우석,합격
CELL-02418,2026-06-10 06:23,B라인,야간,3.671,4966.2,19.0,10.919,72.41,66.0,23.0,59.7,박정민,합격
CELL-02419,2026-06-10 07:18,B라인,야간,3.651,4799.7,22.81,10.978,71.24,64.4,23.9,48.3,김수현,합격
CELL-02420,2026-06-10 09:19,B라인,주간,3.699,4951.7,20.83,10.964,70.79,79.1,23.6,44.6,박정민,합격
CELL-02421,2026-06-10 09:41,B라인,주간,3.688,4844.0,19.81,11.155,69.33,70.8,23.9,44.7,박정민,합격
CELL-02422,2026-06-10 09:47,B라인,야간,3.692,4752.3,17.92,10.827,69.01,80.8,20.3,57.5,정우석,합격
CELL-02423,2026-06-10 10:11,C라인,주간,3.67,4832.5,25.69,10.652,68.65,77.5,23.6,50.8,한서린,합격
CELL-02424,2026-06-10 11:33,A라인,주간,3.656,5157.6,24.39,11.05,69.71,73.3,24.4,48.8,이하영,합격
CELL-02425,2026-06-10 11:34,B라인,야간,3.622,4987.3,26.04,11.033,69.62,65.5,22.6,56.8,김수현,합격
CELL-02426,2026-06-10 12:48,A라인,주간,3.706,4929.2,26.08,10.866,71.27,66.4,24.6,44.0,박정민,합격
CELL-02427,2026-06-10 13:47,A라인,야간,3.712,4934.4,16.31,10.784,69.94,80.0,22.5,33.4,한서린,합격
CELL-02428,2026-06-10 13:54,A라인,야간,3.636,4959.3,21.61,10.832,70.41,66.9,18.0,39.5,한서린,합격
CELL-02429,2026-06-10 17:37,A라인,주간,3.71,4827.2,19.85,11.082,70.32,72.7,23.2,54.3,정우석,합격
CELL-02430,2026-06-10 21:31,A라인,주간,3.724,4732.6,17.16,11.139,70.43,78.3,23.8,40.9,이하영,합격
CELL-02431,2026-06-11 00:07,A라인,주간,3.699,4867.1,17.64,11.175,71.76,75.7,23.1,53.9,박정민,합격
CELL-02432,2026-06-11 00:43,A라인,주간,3.662,4920.0,21.24,10.999,70.23,72.7,22.1,51.1,박정민,합격
CELL-02433,2026-06-11 01:10,A라인,주간,3.656,4966.0,18.66,11.157,71.18,70.7,23.9,35.9,정우석,합격
CELL-02434,2026-06-11 01:52,C라인,주간,3.659,4920.5,21.4,11.116,71.31,69.7,24.3,58.3,박정민,합격
CELL-02435,2026-06-11 04:50,A라인,주간,3.681,4956.6,24.43,10.901,71.09,78.2,24.9,38.4,한서린,합격
CELL-02436,2026-06-11 05:10,B라인,주간,3.641,4595.0,23.17,10.83,69.36,71.7,20.7,35.7,한서린,합격
CELL-02437,2026-06-11 08:07,C라인,주간,3.69,4985.9,32.98,11.164,70.05,61.4,26.4,35.6,박정민,합격
CELL-02438,2026-06-11 13:05,A라인,주간,3.668,4953.7,22.78,11.096,70.13,62.2,25.0,37.7,한서린,합격
CELL-02439,2026-06-11 16:11,A라인,주간,3.709,5139.1,20.86,11.035,69.07,74.4,29.1,39.2,이하영,합격
CELL-02440,2026-06-11 17:04,A라인,야간,3.587,5190.6,16.19,11.289,68.73,66.7,21.5,24.5,정우석,합격
CELL-02441,2026-06-11 17:41,B라인,야간,3.664,4794.6,13.01,11.027,70.74,80.1,,52.1,김수현,합격
CELL-02442,2026-06-11 18:46,C라인,주간,3.767,4964.0,23.24,11.096,69.95,65.8,24.6,,정우석,합격
CELL-02443,2026-06-11 20:06,B라인,야간,3.688,5019.5,22.13,11.196,69.39,56.4,22.5,49.2,박정민,합격
CELL-02444,2026-06-11 20:09,A라인,야간,3.715,4944.8,25.78,11.016,69.16,65.1,20.6,42.3,김수현,합격
CELL-02445,2026-06-11 20:12,B라인,야간,3.663,5055.5,17.81,10.974,68.98,80.2,23.4,38.0,이하영,합격
CELL-02446,2026-06-11 22:05,A라인,주간,3.702,5028.3,17.14,10.873,67.73,70.2,21.1,39.5,정우석,합격
CELL-02447,2026-06-11 22:07,C라인,야간,3.655,4967.1,26.34,11.02,70.6,67.0,21.2,52.8,이하영,합격
CELL-02448,2026-06-11 22:14,B라인,주간,3.715,4811.2,18.32,10.62,71.31,65.6,20.3,49.1,정우석,합격
CELL-02449,2026-06-11 22:49,B라인,주간,3.643,4947.5,24.9,10.886,69.5,73.6,,39.2,박정민,합격
CELL-02450,2026-06-12 01:11,B라인,주간,3.647,4685.5,23.22,11.056,70.33,74.4,26.8,50.9,이하영,합격
CELL-02451,2026-06-12 02:11,C라인,주간,3.747,5110.0,21.52,11.039,71.32,75.9,26.9,43.2,김수현,합격
CELL-02452,2026-06-12 03:02,B라인,주간,3.676,4948.3,16.51,11.069,69.87,76.1,27.4,31.6,정우석,합격
CELL-02453,2026-06-12 03:23,C라인,야간,3.641,5103.8,21.66,10.97,71.62,82.9,22.5,40.9,박정민,합격
CELL-02454,2026-06-12 03:36,A라인,야간,3.66,5038.4,25.76,11.448,71.28,79.7,28.0,52.2,한서린,합격
CELL-02455,2026-06-12 04:35,B라인,주간,3.702,4806.0,18.01,11.021,69.8,68.3,24.9,33.0,정우석,합격
CELL-02456,2026-06-12 05:02,A라인,야간,3.79,4939.4,24.66,10.997,69.59,,18.8,49.2,정우석,합격
CELL-02457,2026-06-12 05:11,B라인,주간,3.698,4892.0,19.18,10.653,70.51,66.5,28.4,52.1,이하영,합격
CELL-02458,2026-06-12 06:10,A라인,주간,3.659,4701.8,18.65,11.135,69.57,74.7,27.0,57.2,이하영,합격
CELL-02459,2026-06-12 06:55,B라인,야간,3.661,4762.2,25.78,11.044,71.21,79.1,24.9,49.9,한서린,합격
CELL-02460,2026-06-12 07:07,A라인,주간,3.652,4939.0,31.83,10.995,70.05,65.0,24.6,47.7,박정민,합격
CELL-02461,2026-06-12 09:03,C라인,주간,3.665,4858.7,20.01,10.942,70.69,63.1,20.8,54.6,정우석,합격
CELL-02462,2026-06-12 09:20,C라인,주간,3.646,5158.7,19.6,10.998,69.28,70.8,25.2,31.4,이하영,합격
CELL-02463,2026-06-12 10:02,C라인,주간,3.654,4653.5,30.62,10.647,69.44,65.9,26.0,41.5,박정민,불합격
CELL-02464,2026-06-12 11:43,C라인,주간,3.694,4846.7,21.23,11.384,69.59,68.2,21.0,49.6,김수현,합격
CELL-02465,2026-06-12 12:02,B라인,주간,3.679,4806.0,18.22,10.737,69.4,79.0,23.9,56.1,김수현,합격
CELL-02466,2026-06-12 12:22,B라인,야간,3.642,4955.1,20.04,10.626,71.35,69.6,25.8,36.7,박정민,합격
CELL-02467,2026-06-12 12:37,A라인,야간,3.735,4819.0,25.17,10.954,70.88,73.3,25.0,42.9,박정민,합격
CELL-02468,2026-06-12 13:24,A라인,주간,3.7,4966.9,19.55,10.835,69.32,80.4,24.0,39.7,김수현,합격
CELL-02469,2026-06-12 13:53,A라인,주간,3.707,4923.9,31.17,11.106,71.41,68.9,22.5,37.6,한서린,합격
CELL-02470,2026-06-12 14:27,A라인,야간,3.675,4730.9,19.66,11.095,69.71,80.8,22.4,38.6,정우석,합격
CELL-02471,2026-06-12 16:58,A라인,주간,3.674,4781.4,21.38,11.019,69.16,68.0,23.4,42.2,이하영,합격
CELL-02472,2026-06-12 18:08,B라인,주간,3.705,4983.8,23.4,11.029,69.98,62.3,24.0,37.4,이하영,합격
CELL-02473,2026-06-12 18:10,B라인,야간,3.658,4786.4,21.35,11.201,69.65,62.0,23.9,35.3,정우석,합격
CELL-02474,2026-06-12 18:17,A라인,주간,3.669,4786.7,17.91,10.696,70.92,61.4,26.3,47.3,김수현,합격
CELL-02475,2026-06-12 18:53,C라인,주간,3.7,4812.8,23.68,10.946,69.47,66.2,22.0,46.7,정우석,불합격
CELL-02476,2026-06-12 21:23,B라인,주간,3.669,4926.7,23.6,11.04,69.81,73.3,23.8,36.9,이하영,합격
CELL-02477,2026-06-13 01:34,B라인,야간,3.704,4947.1,26.37,11.04,69.83,78.9,24.5,31.9,한서린,합격
CELL-02478,2026-06-13 02:34,A라인,주간,3.677,5152.1,22.8,11.158,69.95,73.3,25.6,48.0,박정민,합격
CELL-02479,2026-06-13 02:43,B라인,야간,3.684,4640.9,19.26,10.942,70.84,60.7,24.3,40.8,정우석,합격
CELL-02480,2026-06-13 03:43,A라인,야간,3.72,4900.0,21.63,10.925,69.89,62.6,23.7,42.2,박정민,합격
CELL-02481,2026-06-13 04:02,C라인,주간,3.698,4914.2,25.71,11.159,70.52,65.1,24.9,48.2,이하영,합격
CELL-02482,2026-06-13 04:44,B라인,야간,3.692,4962.5,22.0,11.102,70.11,55.5,21.5,32.2,김수현,합격
CELL-02483,2026-06-13 05:44,C라인,주간,3.679,4961.2,24.03,10.775,69.52,79.0,23.5,51.3,이하영,합격
CELL-02484,2026-06-13 06:17,A라인,주간,3.65,5016.7,11.77,10.986,70.73,79.9,26.0,46.1,정우석,합격
CELL-02485,2026-06-13 06:49,B라인,주간,3.626,4848.2,24.21,10.925,72.1,62.1,22.3,47.6,박정민,합격
CELL-02486,2026-06-13 07:05,A라인,주간,3.647,4855.4,14.91,10.858,69.95,71.3,29.4,46.1,김수현,합격
CELL-02487,2026-06-13 09:54,A라인,야간,3.723,4904.3,18.44,11.265,68.94,74.6,21.2,33.8,한서린,합격
CELL-02488,2026-06-13 09:57,B라인,주간,3.672,4768.8,22.46,11.296,70.02,60.3,21.4,55.8,김수현,합격
CELL-02489,2026-06-13 10:22,B라인,야간,3.723,4606.1,21.82,11.006,69.8,71.6,22.9,46.4,박정민,합격
CELL-02490,2026-06-13 10:27,B라인,야간,3.693,4751.7,22.06,11.339,69.93,80.0,22.1,,이하영,합격
CELL-02491,2026-06-13 11:02,B라인,야간,3.602,4612.8,19.8,11.017,71.08,74.9,23.7,36.9,김수현,합격
CELL-02492,2026-06-13 11:06,B라인,야간,3.671,4925.2,17.8,10.664,70.96,79.6,21.0,,한서린,합격
CELL-02493,2026-06-13 13:37,C라인,주간,3.699,4957.7,21.78,11.176,69.28,66.7,23.4,44.4,이하영,합격
CELL-02494,2026-06-13 15:49,B라인,야간,3.691,4863.3,20.9,10.753,68.92,71.7,22.5,49.4,한서린,합격
CELL-02495,2026-06-13 16:16,A라인,야간,3.664,4969.2,23.53,10.98,69.48,,22.6,41.3,이하영,합격
CELL-02496,2026-06-13 16:38,B라인,주간,3.677,5212.7,24.48,11.189,70.48,86.0,23.9,56.2,김수현,합격
CELL-02497,2026-06-13 17:40,C라인,주간,3.651,4725.8,22.24,11.013,69.07,84.5,25.0,27.0,김수현,합격
CELL-02498,2026-06-13 19:18,A라인,야간,3.628,5264.2,25.41,11.17,68.97,70.8,20.6,63.4,한서린,합격
CELL-02499,2026-06-13 19:39,C라인,야간,3.823,4750.0,20.2,11.037,70.3,66.9,23.2,36.1,이하영,합격
CELL-02500,2026-06-13 20:17,A라인,주간,3.614,4698.5,24.49,10.976,69.39,82.4,24.2,36.4,이하영,합격
CELL-02501,2026-06-13 22:48,C라인,주간,3.644,4924.6,28.88,11.224,69.72,70.4,24.9,53.7,이하영,불합격
CELL-02502,2026-06-14 00:30,A라인,야간,3.641,4817.3,29.88,10.82,69.85,69.5,21.8,44.1,한서린,합격
CELL-02503,2026-06-14 02:07,C라인,야간,3.691,4859.9,25.62,11.04,70.68,,21.2,39.1,한서린,합격
CELL-02504,2026-06-14 02:25,C라인,주간,3.709,4997.2,17.12,11.086,69.58,82.5,23.6,48.8,한서린,합격
CELL-02505,2026-06-14 02:38,A라인,주간,3.685,4883.3,22.4,10.873,69.89,64.2,20.4,44.6,정우석,합격
CELL-02506,2026-06-14 03:02,C라인,주간,3.589,4826.1,27.15,11.047,69.56,73.6,25.4,37.6,정우석,합격
CELL-02507,2026-06-14 05:32,C라인,야간,3.711,4932.3,25.02,10.684,70.43,70.9,24.5,42.4,한서린,합격
CELL-02508,2026-06-14 06:01,A라인,주간,3.644,5031.5,20.88,10.778,70.9,72.4,22.3,54.0,정우석,합격
CELL-02509,2026-06-14 06:04,A라인,주간,3.746,4792.2,18.9,11.099,70.54,68.4,21.8,53.7,박정민,합격
CELL-02510,2026-06-14 06:08,A라인,주간,3.731,4729.0,25.39,10.82,68.12,77.8,25.6,45.5,김수현,합격
CELL-02511,2026-06-14 07:00,B라인,야간,3.75,4678.9,14.88,11.277,70.79,82.2,22.3,35.6,김수현,합격
CELL-02512,2026-06-14 08:51,A라인,주간,3.717,4992.7,13.8,10.863,71.01,76.5,25.2,48.5,박정민,합격
CELL-02513,2026-06-14 09:28,B라인,주간,3.666,4739.8,21.59,11.071,71.03,68.9,22.7,50.0,한서린,합격
CELL-02514,2026-06-14 11:35,B라인,주간,3.709,5080.6,16.79,11.034,71.36,70.1,24.6,,한서린,합격
CELL-02515,2026-06-14 13:04,A라인,주간,3.702,4941.7,26.38,11.141,71.6,77.8,26.7,39.1,한서린,합격
CELL-02516,2026-06-14 15:15,B라인,야간,3.669,5010.6,20.7,10.796,70.41,64.0,23.8,44.1,김수현,합격
CELL-02517,2026-06-14 15:18,B라인,주간,3.628,4672.1,23.31,10.546,71.17,69.2,20.9,68.2,김수현,불합격
CELL-02518,2026-06-14 15:22,C라인,주간,3.692,4761.9,25.6,10.951,68.8,63.9,27.0,56.7,김수현,합격
CELL-02519,2026-06-14 15:24,A라인,주간,3.645,5063.0,17.81,10.923,70.12,70.8,24.4,43.1,김수현,합격
CELL-02520,2026-06-14 16:48,B라인,주간,3.684,4824.6,17.15,10.982,69.05,77.0,19.7,35.8,김수현,합격
CELL-02521,2026-06-14 17:04,B라인,야간,3.706,5101.8,22.56,10.855,70.97,63.9,24.1,40.5,박정민,합격
CELL-02522,2026-06-14 19:10,C라인,주간,3.658,4900.4,20.67,11.383,69.99,74.6,21.6,51.4,박정민,합격
CELL-02523,2026-06-14 19:22,B라인,야간,3.642,4720.8,19.16,10.961,70.07,57.2,27.1,46.1,김수현,합격
CELL-02524,2026-06-14 20:27,A라인,주간,3.689,4847.6,20.66,10.974,69.64,71.3,25.1,35.8,정우석,합격
CELL-02525,2026-06-14 22:10,A라인,주간,3.696,4994.9,16.04,10.73,70.11,79.2,22.5,44.0,정우석,합격
CELL-02526,2026-06-14 23:59,B라인,주간,3.737,4965.7,25.58,11.055,70.09,66.8,25.3,41.8,박정민,합격
CELL-02527,2026-06-15 00:05,B라인,야간,3.675,5018.6,22.31,10.992,71.08,79.9,19.4,57.1,정우석,합격
CELL-02528,2026-06-15 00:09,B라인,주간,3.722,5141.3,16.35,11.384,70.72,62.1,23.7,45.4,김수현,합격
CELL-02529,2026-06-15 00:10,B라인,야간,3.685,4943.5,19.28,10.833,69.25,70.6,20.2,45.0,정우석,합격
CELL-02530,2026-06-15 00:29,A라인,주간,3.649,4828.6,22.02,10.957,68.76,63.9,25.1,48.3,이하영,합격
CELL-02531,2026-06-15 00:37,A라인,주간,3.715,4763.4,18.49,10.905,70.47,64.8,21.4,37.0,한서린,합격
CELL-02532,2026-06-15 01:10,A라인,주간,3.695,4580.1,23.38,11.027,69.42,75.3,21.3,51.9,김수현,합격
CELL-02533,2026-06-15 02:28,B라인,주간,3.688,4904.0,20.43,10.935,70.77,71.4,24.4,45.4,박정민,합격
CELL-02534,2026-06-15 05:27,B라인,야간,3.689,4798.4,21.92,10.964,70.74,78.5,22.5,34.8,이하영,합격
CELL-02535,2026-06-15 08:22,C라인,야간,3.701,5047.2,18.32,10.925,69.87,,20.9,47.3,이하영,합격
CELL-02536,2026-06-15 08:56,A라인,주간,3.604,4804.1,20.16,10.785,70.43,61.4,28.1,,정우석,합격
CELL-02537,2026-06-15 09:06,C라인,주간,3.704,4979.5,24.34,10.853,71.91,60.8,23.1,47.3,한서린,합격
CELL-02538,2026-06-15 09:55,B라인,주간,3.658,4883.4,13.8,10.945,71.26,58.9,25.4,46.4,한서린,합격
CELL-02539,2026-06-15 11:05,A라인,주간,3.615,4981.4,21.71,11.278,72.69,71.1,22.8,,박정민,합격
CELL-02540,2026-06-15 11:53,A라인,야간,3.657,4996.6,23.51,10.821,70.54,59.9,24.9,60.6,한서린,합격
CELL-02541,2026-06-15 12:49,A라인,주간,3.697,5053.6,24.21,10.973,70.97,75.5,21.8,39.5,이하영,합격
CELL-02542,2026-06-15 13:00,A라인,야간,3.68,4833.9,21.72,11.067,72.18,63.3,,42.2,박정민,합격
CELL-02543,2026-06-15 13:32,A라인,야간,3.742,5169.5,21.11,10.84,70.07,63.7,22.9,46.0,김수현,합격
CELL-02544,2026-06-15 13:41,C라인,주간,3.653,4910.4,20.57,11.407,70.35,81.8,22.1,54.7,김수현,합격
CELL-02545,2026-06-15 14:12,B라인,주간,3.692,4827.6,17.61,11.162,70.01,66.0,24.8,47.1,박정민,합격
CELL-02546,2026-06-15 15:05,B라인,야간,3.667,4983.5,28.05,10.758,70.73,70.8,24.7,41.5,정우석,합격
CELL-02547,2026-06-15 15:44,B라인,주간,3.703,4821.3,16.92,11.061,68.09,82.5,23.0,36.1,한서린,합격
CELL-02548,2026-06-15 16:07,B라인,주간,3.7,4819.7,21.6,10.823,70.41,88.2,21.6,50.0,한서린,합격
CELL-02549,2026-06-15 16:39,A라인,야간,3.624,4911.4,25.26,10.713,71.94,61.6,24.6,38.7,박정민,합격
CELL-02550,2026-06-15 17:06,B라인,주간,3.671,5066.2,18.47,11.283,70.17,67.4,27.1,45.9,이하영,합격
CELL-02551,2026-06-15 17:17,B라인,주간,3.67,4650.6,27.0,10.752,70.69,66.8,26.3,46.9,한서린,불합격
CELL-02552,2026-06-15 17:35,A라인,야간,3.741,4762.4,29.31,10.705,70.98,69.4,,46.9,정우석,불합격
CELL-02553,2026-06-15 18:15,C라인,야간,3.712,4851.4,25.06,10.909,72.53,82.1,27.1,46.4,한서린,합격
CELL-02554,2026-06-15 18:22,B라인,주간,3.658,4905.2,25.83,10.762,71.92,66.2,21.1,57.6,박정민,합격
CELL-02555,2026-06-15 18:38,B라인,야간,3.662,5121.3,18.52,10.96,69.49,69.3,25.8,41.4,한서린,합격
CELL-02556,2026-06-15 18:47,C라인,야간,3.682,4910.9,26.1,10.875,69.53,68.3,25.6,43.4,박정민,합격
CELL-02557,2026-06-15 19:35,C라인,주간,3.634,4984.9,19.47,11.166,72.01,74.8,24.2,48.6,이하영,합격
CELL-02558,2026-06-15 22:29,A라인,야간,3.612,5063.7,23.78,10.767,69.9,67.6,20.9,46.3,정우석,합격
CELL-02559,2026-06-15 23:29,B라인,야간,3.66,4926.6,22.72,10.88,69.39,61.2,27.3,40.3,한서린,합격
CELL-02560,2026-06-16 00:26,C라인,야간,3.663,5009.8,25.61,10.765,69.83,62.7,22.0,48.4,이하영,합격
CELL-02561,2026-06-16 00:47,A라인,주간,3.648,4933.4,17.97,10.906,71.54,66.0,24.6,28.6,이하영,합격
CELL-02562,2026-06-16 00:51,B라인,주간,3.644,4916.5,23.36,11.133,71.3,63.8,22.8,53.0,김수현,합격
CELL-02563,2026-06-16 01:56,B라인,야간,3.638,4913.6,22.03,10.926,71.98,62.4,22.3,53.0,정우석,합격
CELL-02564,2026-06-16 02:33,C라인,주간,3.649,4848.7,23.42,11.326,70.75,72.5,23.5,52.4,이하영,합격
CELL-02565,2026-06-16 02:56,B라인,야간,3.627,4752.1,25.97,11.044,71.06,72.6,24.2,,김수현,합격
CELL-02566,2026-06-16 06:01,C라인,주간,3.72,4805.0,22.01,11.108,69.32,65.9,24.5,53.4,김수현,합격
CELL-02567,2026-06-16 08:05,B라인,야간,3.72,4864.9,24.87,11.064,69.71,70.6,26.9,50.4,박정민,합격
CELL-02568,2026-06-16 08:16,B라인,주간,3.708,4971.4,21.76,11.053,71.13,76.4,23.8,41.5,이하영,합격
CELL-02569,2026-06-16 09:51,A라인,야간,3.675,5058.3,22.93,11.162,70.71,75.8,19.5,43.8,한서린,합격
CELL-02570,2026-06-16 10:05,B라인,주간,3.707,4837.6,27.43,10.876,71.23,70.6,20.7,58.4,김수현,불합격
CELL-02571,2026-06-16 11:38,A라인,야간,3.686,5044.0,27.35,10.865,71.05,68.6,22.1,43.9,김수현,합격
CELL-02572,2026-06-16 13:23,A라인,야간,3.69,5026.7,19.85,10.741,71.73,80.1,24.3,63.8,박정민,합격
CELL-02573,2026-06-16 13:26,B라인,야간,3.644,4970.0,24.51,10.589,70.65,67.5,22.3,35.7,정우석,합격
CELL-02574,2026-06-16 13:28,A라인,주간,3.683,4812.4,23.54,10.7,70.71,80.0,23.4,34.3,김수현,합격
CELL-02575,2026-06-16 15:38,B라인,주간,3.665,4856.8,20.21,10.99,72.0,69.6,22.9,44.9,정우석,합격
CELL-02576,2026-06-16 15:45,A라인,야간,3.69,5134.5,20.78,10.594,70.89,71.0,22.0,43.1,김수현,합격
CELL-02577,2026-06-16 16:41,C라인,야간,3.678,5078.6,16.77,10.883,70.54,77.4,24.0,43.3,정우석,합격
CELL-02578,2026-06-16 18:09,C라인,주간,3.664,4737.8,19.56,11.021,71.21,68.9,26.2,47.5,이하영,합격
CELL-02579,2026-06-16 18:15,B라인,야간,3.673,4837.3,23.61,10.973,69.6,64.6,22.5,40.9,한서린,합격
CELL-02580,2026-06-16 19:16,B라인,야간,3.714,5218.4,22.16,11.194,70.38,72.7,20.9,50.3,박정민,합격
CELL-02581,2026-06-16 19:18,A라인,주간,3.666,5015.1,19.74,10.978,68.78,73.8,26.5,41.8,정우석,합격
CELL-02582,2026-06-16 19:34,C라인,야간,3.636,4790.2,24.14,11.379,69.77,73.8,22.5,49.5,박정민,합격
CELL-02583,2026-06-16 20:56,A라인,야간,3.699,4834.3,21.34,10.821,68.99,67.0,21.9,49.7,정우석,합격
CELL-02584,2026-06-16 22:58,C라인,주간,3.709,4979.1,20.07,11.219,70.36,82.8,23.3,44.8,정우석,합격
CELL-02585,2026-06-16 23:56,A라인,야간,3.715,4899.3,14.8,10.833,69.89,70.6,22.7,45.1,이하영,합격
CELL-02586,2026-06-17 00:28,C라인,주간,3.751,4891.0,24.46,10.999,71.75,72.4,24.5,42.6,박정민,합격
CELL-02587,2026-06-17 02:28,A라인,야간,3.644,4834.2,25.81,11.072,71.4,70.9,22.8,56.3,이하영,합격
CELL-02588,2026-06-17 02:34,A라인,주간,3.677,4957.8,29.01,11.04,70.73,81.4,,,김수현,합격
CELL-02589,2026-06-17 03:04,A라인,주간,3.653,4976.6,19.26,11.159,70.71,71.0,26.3,45.0,김수현,합격
CELL-02590,2026-06-17 04:54,A라인,야간,3.699,4705.5,19.09,10.833,70.16,73.3,24.1,47.2,박정민,합격
CELL-02591,2026-06-17 05:07,B라인,야간,3.716,4853.6,18.3,10.97,70.29,68.2,26.9,38.8,박정민,합격
CELL-02592,2026-06-17 05:14,C라인,야간,3.696,4930.6,20.83,10.855,69.52,74.3,,35.7,박정민,합격
CELL-02593,2026-06-17 05:50,A라인,야간,3.75,4770.0,24.21,10.802,70.26,70.2,19.9,47.0,정우석,합격
CELL-02594,2026-06-17 07:09,A라인,주간,3.736,4822.9,23.17,10.949,70.56,76.9,24.0,38.3,이하영,합격
CELL-02595,2026-06-17 07:14,A라인,야간,3.769,4760.6,17.6,11.08,68.5,65.0,23.8,48.1,김수현,합격
CELL-02596,2026-06-17 08:23,C라인,주간,3.662,5109.6,17.69,11.374,70.79,68.4,23.1,46.3,이하영,합격
CELL-02597,2026-06-17 09:21,B라인,주간,3.718,5004.5,16.54,11.118,70.22,69.1,25.0,53.6,정우석,합격
CELL-02598,2026-06-17 14:41,B라인,야간,3.697,4834.3,23.57,11.109,69.44,61.6,24.1,51.2,한서린,합격
CELL-02599,2026-06-17 14:56,B라인,주간,3.737,4833.3,23.93,10.943,70.52,68.7,28.1,52.8,이하영,합격
CELL-02600,2026-06-17 16:02,B라인,주간,3.737,4886.5,26.7,11.127,70.32,78.6,24.6,41.4,정우석,합격
CELL-02601,2026-06-17 19:34,A라인,야간,3.684,5032.7,17.07,11.231,70.42,60.7,25.4,42.0,이하영,합격
CELL-02602,2026-06-18 00:09,B라인,주간,3.677,4918.0,24.58,10.923,70.0,57.8,27.2,39.5,박정민,합격
CELL-02603,2026-06-18 01:55,B라인,주간,3.648,5202.4,20.44,10.862,70.55,76.5,24.2,45.2,박정민,합격
CELL-02604,2026-06-18 03:18,A라인,주간,3.601,5017.2,16.92,11.008,69.45,64.8,19.6,40.0,정우석,합격
CELL-02605,2026-06-18 03:27,B라인,야간,3.621,5015.6,20.24,10.736,70.52,74.2,27.9,,김수현,합격
CELL-02606,2026-06-18 03:27,B라인,주간,3.681,4808.0,21.92,10.969,68.57,65.1,25.3,37.6,김수현,합격
CELL-02607,2026-06-18 03:59,C라인,야간,3.658,5023.5,21.94,11.124,70.0,81.1,20.3,33.6,한서린,합격
CELL-02608,2026-06-18 03:59,C라인,주간,3.744,5087.6,24.97,10.859,69.56,65.4,,39.2,정우석,합격
CELL-02609,2026-06-18 04:31,B라인,야간,3.685,4913.7,21.08,11.012,71.26,66.3,21.8,38.9,김수현,합격
CELL-02610,2026-06-18 07:05,A라인,야간,3.72,4912.6,19.95,10.825,70.32,75.9,22.8,43.3,김수현,합격
CELL-02611,2026-06-18 07:22,A라인,주간,3.692,4331.1,20.56,11.089,68.85,69.0,26.1,54.3,박정민,합격
CELL-02612,2026-06-18 07:42,C라인,주간,3.647,4776.0,25.34,11.305,71.27,73.7,23.0,,이하영,합격
CELL-02613,2026-06-18 07:43,C라인,주간,3.645,4972.9,20.65,10.702,70.77,73.7,23.6,48.9,한서린,합격
CELL-02614,2026-06-18 08:31,C라인,야간,3.689,4870.0,18.63,11.18,69.35,75.0,23.7,49.1,이하영,합격
CELL-02615,2026-06-18 09:42,A라인,야간,3.694,4794.9,22.53,10.92,68.61,67.4,18.7,50.1,박정민,합격
CELL-02616,2026-06-18 10:24,C라인,주간,3.691,4683.8,26.18,10.578,69.63,72.3,23.4,34.6,이하영,합격
CELL-02617,2026-06-18 10:30,A라인,야간,3.727,4859.2,23.13,11.23,69.37,78.2,22.3,38.1,김수현,합격
CELL-02618,2026-06-18 11:24,A라인,주간,3.723,4890.3,17.74,11.223,70.59,77.7,25.6,40.9,한서린,합격
CELL-02619,2026-06-18 12:06,A라인,주간,3.728,4987.5,18.2,10.798,68.99,67.0,23.5,36.9,김수현,합격
CELL-02620,2026-06-18 12:24,A라인,주간,3.637,4914.5,21.26,11.281,68.47,76.1,26.3,60.9,김수현,합격
CELL-02621,2026-06-18 13:23,A라인,주간,3.657,5068.0,21.78,10.751,70.75,68.8,21.6,41.2,김수현,합격
CELL-02622,2026-06-18 13:25,A라인,주간,3.671,4901.8,19.43,11.232,71.16,72.0,22.6,,이하영,합격
CELL-02623,2026-06-18 14:22,A라인,야간,3.731,5024.7,15.74,10.837,69.41,68.1,25.5,50.8,이하영,합격
CELL-02624,2026-06-18 14:27,B라인,야간,3.639,4976.6,25.89,11.118,70.77,71.4,23.9,49.2,이하영,합격
CELL-02625,2026-06-18 14:49,B라인,야간,3.647,4787.3,25.09,11.211,68.63,58.3,21.6,46.6,박정민,합격
CELL-02626,2026-06-18 15:33,A라인,야간,3.645,4877.9,22.46,11.432,70.91,73.1,20.7,48.6,김수현,합격
CELL-02627,2026-06-18 20:24,B라인,주간,3.607,5169.3,20.79,11.218,68.93,65.1,21.9,43.6,정우석,합격
CELL-02628,2026-06-18 23:55,A라인,주간,3.717,4837.1,23.82,10.814,72.28,79.3,23.9,58.8,정우석,합격
CELL-02629,2026-06-19 01:16,B라인,야간,3.605,4762.9,17.88,11.302,70.29,72.8,23.4,,이하영,합격
CELL-02630,2026-06-19 02:28,B라인,주간,3.626,5002.8,26.24,10.967,70.36,76.0,22.4,42.3,박정민,합격
CELL-02631,2026-06-19 02:58,A라인,주간,3.679,4831.7,20.56,11.271,71.25,77.0,19.0,42.4,박정민,합격
CELL-02632,2026-06-19 03:46,B라인,야간,3.735,5009.0,22.3,10.929,70.51,77.8,26.1,40.2,박정민,합격
CELL-02633,2026-06-19 04:54,A라인,야간,3.654,4882.8,13.56,11.112,71.42,72.8,20.2,46.8,한서린,합격
CELL-02634,2026-06-19 06:55,A라인,야간,3.682,4973.9,21.86,10.667,68.36,59.8,25.0,33.4,박정민,합격
CELL-02635,2026-06-19 07:53,B라인,주간,3.7,4861.7,20.81,11.154,70.48,72.5,26.9,56.7,정우석,합격
CELL-02636,2026-06-19 08:04,A라인,야간,3.704,4810.9,25.9,10.818,69.46,66.4,26.0,43.9,이하영,합격
CELL-02637,2026-06-19 08:37,A라인,주간,3.721,4920.4,20.55,11.27,69.87,69.2,28.5,59.2,김수현,합격
CELL-02638,2026-06-19 09:03,B라인,야간,3.652,5010.0,21.62,10.802,69.49,64.3,27.0,38.6,박정민,합격
CELL-02639,2026-06-19 09:47,A라인,주간,3.669,4840.7,24.41,10.895,72.19,66.5,25.4,51.0,박정민,합격
CELL-02640,2026-06-19 10:31,B라인,주간,3.686,4794.1,23.1,11.239,69.74,60.6,24.7,41.9,정우석,합격
CELL-02641,2026-06-19 11:27,B라인,주간,3.707,4691.2,26.21,11.037,71.28,61.4,21.3,40.8,이하영,합격
CELL-02642,2026-06-19 11:38,B라인,야간,3.711,4939.9,24.98,10.672,69.35,62.5,24.3,51.3,박정민,합격
CELL-02643,2026-06-19 11:38,A라인,주간,3.624,4817.5,22.98,10.919,69.38,78.9,22.6,51.2,한서린,합격
CELL-02644,2026-06-19 12:02,B라인,야간,3.76,5049.9,20.46,11.244,71.65,67.0,22.0,60.1,이하영,합격
CELL-02645,2026-06-19 12:07,A라인,야간,3.638,5121.7,23.04,11.075,70.24,56.5,24.3,42.7,박정민,합격
CELL-02646,2026-06-19 13:23,A라인,야간,3.707,4933.4,23.97,10.797,67.95,63.2,23.7,48.0,한서린,합격
CELL-02647,2026-06-19 13:31,C라인,주간,3.723,4957.5,16.91,11.339,68.27,71.2,22.7,48.0,박정민,합격
CELL-02648,2026-06-19 14:23,C라인,야간,3.661,4944.6,23.54,10.733,69.47,,19.7,47.2,정우석,합격
CELL-02649,2026-06-19 14:43,A라인,야간,3.68,4858.8,15.1,11.161,69.25,79.2,21.2,40.0,박정민,합격
CELL-02650,2026-06-19 15:44,A라인,야간,3.673,4582.4,32.5,10.426,71.91,74.2,20.2,46.1,박정민,불합격
CELL-02651,2026-06-19 17:55,A라인,주간,3.683,4760.1,15.17,11.093,69.8,74.3,22.0,41.8,박정민,합격
CELL-02652,2026-06-19 18:30,C라인,야간,3.683,4877.4,24.3,11.28,69.5,73.3,20.5,55.3,한서린,합격
CELL-02653,2026-06-19 20:02,A라인,주간,3.718,4628.5,24.9,10.547,69.48,75.5,24.9,55.0,한서린,불합격
CELL-02654,2026-06-19 21:58,C라인,야간,3.629,4664.6,25.61,10.936,69.31,75.4,20.0,32.6,박정민,합격
CELL-02655,2026-06-20 00:29,A라인,주간,3.635,4888.6,18.97,10.997,71.32,75.0,24.5,42.8,김수현,합격
CELL-02656,2026-06-20 00:41,A라인,야간,3.703,5109.5,21.16,11.146,68.8,73.3,23.4,45.9,한서린,합격
CELL-02657,2026-06-20 01:54,B라인,주간,3.722,4855.0,16.91,11.054,69.88,74.8,24.0,42.8,박정민,합격
CELL-02658,2026-06-20 03:31,B라인,야간,3.719,4822.3,16.58,11.172,70.18,69.3,21.0,40.5,김수현,합격
CELL-02659,2026-06-20 03:53,B라인,주간,3.677,4661.8,22.0,11.157,70.94,73.9,25.3,43.1,한서린,합격
CELL-02660,2026-06-20 03:54,B라인,주간,3.643,4757.8,20.5,10.704,68.79,72.5,23.4,50.2,한서린,합격
CELL-02661,2026-06-20 05:13,A라인,야간,3.672,4893.2,22.98,10.97,68.83,77.0,22.6,31.9,박정민,합격
CELL-02662,2026-06-20 10:12,B라인,주간,3.682,4827.2,19.24,11.158,70.55,88.5,27.2,42.0,박정민,합격
CELL-02663,2026-06-20 14:40,B라인,야간,3.673,4811.4,18.37,10.769,70.46,80.4,24.9,40.6,정우석,합격
CELL-02664,2026-06-20 16:13,A라인,주간,3.731,4865.5,14.66,10.91,68.79,71.0,24.4,48.2,정우석,합격
CELL-02665,2026-06-20 17:24,B라인,야간,3.717,4815.6,18.75,11.28,70.07,65.6,25.0,60.7,김수현,합격
CELL-02666,2026-06-20 17:58,C라인,주간,3.692,4815.6,24.91,11.245,71.23,72.7,24.4,56.5,한서린,합격
CELL-02667,2026-06-20 18:44,C라인,주간,3.663,5050.1,25.31,10.908,68.03,65.3,26.3,52.3,한서린,합격
CELL-02668,2026-06-20 20:41,B라인,야간,3.697,4790.2,19.99,11.049,70.29,81.6,27.6,56.7,박정민,합격
CELL-02669,2026-06-20 21:13,C라인,주간,3.696,4915.9,19.85,11.232,71.19,74.6,28.6,42.1,정우석,합격
CELL-02670,2026-06-20 21:37,B라인,주간,3.699,4924.9,26.31,11.03,70.15,75.6,26.3,,이하영,합격
CELL-02671,2026-06-20 21:57,C라인,주간,3.677,4810.4,28.31,10.925,69.37,75.8,22.6,37.0,한서린,합격
CELL-02672,2026-06-20 22:35,B라인,주간,3.668,4928.1,28.61,11.066,69.87,65.5,22.3,,박정민,합격
CELL-02673,2026-06-20 23:19,B라인,야간,3.681,5069.7,25.7,11.057,71.28,61.5,23.7,51.0,한서린,합격
CELL-02674,2026-06-20 23:31,B라인,주간,3.659,5015.0,20.96,11.033,68.38,63.3,22.7,64.8,정우석,합격
CELL-02675,2026-06-20 23:36,C라인,주간,3.711,4847.4,20.12,11.129,71.39,72.5,,,이하영,합격
CELL-02676,2026-06-21 00:54,A라인,주간,3.676,4907.9,17.36,10.84,70.24,74.5,25.9,67.5,한서린,합격
CELL-02677,2026-06-21 01:06,B라인,야간,3.653,4919.5,18.22,11.022,70.51,86.2,19.6,41.3,이하영,합격
CELL-02678,2026-06-21 01:07,A라인,야간,3.742,4652.7,18.45,11.0,71.39,72.5,20.9,53.0,이하영,합격
CELL-02679,2026-06-21 02:37,B라인,주간,3.639,4763.2,29.06,10.795,69.79,76.6,24.9,32.9,김수현,합격
CELL-02680,2026-06-21 05:28,B라인,주간,3.685,4768.2,19.69,10.975,69.16,71.1,21.8,42.1,정우석,합격
CELL-02681,2026-06-21 07:21,A라인,주간,3.678,5080.9,26.64,11.351,71.67,67.2,26.0,44.7,정우석,합격
CELL-02682,2026-06-21 09:02,A라인,주간,3.65,4989.8,22.77,11.063,71.28,55.3,23.0,50.3,김수현,합격
CELL-02683,2026-06-21 09:15,A라인,야간,3.677,4546.5,21.81,11.127,69.41,58.0,21.2,41.2,이하영,합격
CELL-02684,2026-06-21 10:14,A라인,주간,3.702,5085.1,23.46,11.071,71.92,72.0,25.1,39.0,이하영,합격
CELL-02685,2026-06-21 10:40,B라인,주간,3.677,4871.1,20.99,11.299,69.37,69.8,24.4,53.1,이하영,합격
CELL-02686,2026-06-21 11:13,B라인,주간,3.62,4722.2,25.69,10.981,71.72,53.2,23.6,53.6,박정민,합격
CELL-02687,2026-06-21 11:14,A라인,주간,3.726,4913.2,19.8,10.999,70.52,79.0,24.3,60.9,김수현,합격
CELL-02688,2026-06-21 11:16,B라인,야간,3.649,4879.5,28.08,11.318,71.89,63.4,21.8,61.2,박정민,합격
CELL-02689,2026-06-21 13:17,B라인,야간,3.657,4767.1,20.52,10.978,71.15,73.6,22.7,45.3,한서린,합격
CELL-02690,2026-06-21 13:34,C라인,주간,3.668,4991.4,25.31,10.954,70.3,67.0,26.8,63.3,박정민,합격
CELL-02691,2026-06-21 13:43,A라인,야간,3.689,4799.8,18.99,10.838,71.38,67.0,22.9,31.7,김수현,합격
CELL-02692,2026-06-21 15:04,B라인,주간,3.646,4796.0,18.4,10.94,70.69,79.3,25.6,46.8,김수현,합격
CELL-02693,2026-06-21 17:56,C라인,야간,3.716,4620.4,23.49,10.44,69.98,78.3,22.0,31.3,김수현,불합격
CELL-02694,2026-06-21 20:18,C라인,야간,3.686,5023.6,18.61,10.945,70.61,63.7,20.8,45.4,김수현,합격
CELL-02695,2026-06-21 21:00,C라인,야간,3.69,4760.5,24.76,10.977,71.46,68.8,21.0,55.1,정우석,합격
CELL-02696,2026-06-21 22:24,A라인,야간,3.658,5057.1,23.69,11.036,70.98,64.9,22.7,43.2,한서린,합격
CELL-02697,2026-06-21 23:15,B라인,야간,3.648,4689.7,21.51,11.232,68.27,65.8,20.4,44.9,박정민,합격
CELL-02698,2026-06-21 23:29,C라인,야간,3.631,4948.5,20.51,11.275,69.41,58.3,18.5,44.2,김수현,합격
CELL-02699,2026-06-22 01:17,A라인,주간,3.681,5125.6,25.87,10.969,69.39,66.9,24.4,42.0,이하영,합격
CELL-02700,2026-06-22 01:17,B라인,주간,3.704,4805.9,22.49,10.943,69.86,66.6,23.7,43.8,정우석,합격
CELL-02701,2026-06-22 02:02,B라인,주간,3.663,5064.3,22.1,11.138,68.27,79.6,23.1,60.9,한서린,합격
CELL-02702,2026-06-22 02:20,A라인,주간,3.67,4943.3,16.59,11.001,71.67,72.4,24.9,50.8,정우석,합격
CELL-02703,2026-06-22 03:03,A라인,주간,3.724,5133.9,16.66,10.855,68.72,65.3,23.0,46.5,이하영,합격
CELL-02704,2026-06-22 03:05,A라인,주간,3.657,5251.6,17.97,10.987,71.86,68.8,28.0,46.1,정우석,합격
CELL-02705,2026-06-22 03:40,B라인,주간,3.73,4858.6,23.43,11.22,72.34,69.2,22.0,44.2,이하영,합격
CELL-02706,2026-06-22 08:20,C라인,주간,3.694,5117.2,30.1,10.847,70.42,61.4,24.3,55.2,정우석,합격
CELL-02707,2026-06-22 08:24,A라인,주간,3.714,4923.2,17.59,10.788,69.65,80.7,30.1,41.2,한서린,합격
CELL-02708,2026-06-22 08:47,B라인,주간,3.681,4677.2,14.42,11.012,67.85,86.9,25.6,57.7,박정민,합격
CELL-02709,2026-06-22 09:59,B라인,주간,3.681,4821.3,26.48,11.265,70.1,63.0,24.4,40.9,한서린,합격
CELL-02710,2026-06-22 10:07,C라인,야간,3.724,5069.5,27.38,10.821,69.81,71.1,24.4,47.5,한서린,합격
CELL-02711,2026-06-22 13:30,B라인,주간,3.655,4932.4,20.1,10.81,68.62,83.2,23.2,36.3,이하영,합격
CELL-02712,2026-06-22 15:00,B라인,야간,3.653,4872.5,19.91,11.095,69.49,65.3,24.4,44.5,정우석,합격
CELL-02713,2026-06-22 16:24,B라인,주간,3.674,5020.9,24.64,11.136,69.9,68.5,25.9,36.9,정우석,합격
CELL-02714,2026-06-22 17:53,B라인,야간,3.678,4979.9,11.25,11.125,70.09,87.9,21.4,57.3,김수현,합격
CELL-02715,2026-06-22 19:18,A라인,야간,3.64,5027.5,31.0,10.804,71.4,68.4,24.2,52.4,정우석,합격
CELL-02716,2026-06-22 19:19,A라인,주간,3.695,4734.0,22.58,10.976,69.89,74.9,22.7,40.8,이하영,합격
CELL-02717,2026-06-22 20:56,A라인,야간,3.686,4900.7,18.48,10.998,69.51,66.1,23.1,41.9,정우석,합격
CELL-02718,2026-06-22 21:11,A라인,야간,3.717,4884.4,19.74,11.111,69.56,69.1,19.7,53.3,박정민,합격
CELL-02719,2026-06-22 22:33,A라인,주간,3.598,4826.0,21.68,10.684,69.16,84.8,24.9,52.1,이하영,합격
CELL-02720,2026-06-22 22:56,C라인,주간,3.703,4760.5,19.66,11.098,70.3,71.0,27.8,43.7,김수현,합격
CELL-02721,2026-06-22 23:04,A라인,야간,3.686,4918.6,17.21,10.984,69.33,56.8,23.7,36.0,김수현,합격
CELL-02722,2026-06-22 23:27,B라인,야간,3.723,4826.6,17.12,11.021,71.44,71.7,,58.0,김수현,합격
CELL-02723,2026-06-23 00:10,A라인,주간,3.669,5355.5,14.58,11.231,71.3,73.4,23.8,37.4,한서린,합격
CELL-02724,2026-06-23 00:43,C라인,주간,3.689,4945.8,22.33,11.041,70.03,80.6,24.3,46.2,박정민,합격
CELL-02725,2026-06-23 01:48,C라인,주간,3.747,4892.1,23.88,10.876,68.98,69.2,24.9,41.9,한서린,합격
CELL-02726,2026-06-23 02:45,B라인,야간,3.617,5057.4,17.84,11.089,69.32,66.0,20.3,40.9,박정민,합격
CELL-02727,2026-06-23 03:46,B라인,주간,3.629,4762.4,17.72,10.936,70.14,71.2,23.2,57.3,이하영,합격
CELL-02728,2026-06-23 03:57,A라인,야간,3.642,5213.7,19.96,11.271,70.04,65.2,24.5,52.5,박정민,합격
CELL-02729,2026-06-23 04:44,B라인,야간,3.697,4818.5,20.72,11.009,71.54,66.6,19.0,48.2,한서린,합격
CELL-02730,2026-06-23 04:49,B라인,주간,3.678,4628.3,20.55,11.139,70.98,74.7,23.4,42.8,박정민,합격
CELL-02731,2026-06-23 05:33,B라인,주간,3.666,5041.3,20.35,11.086,71.38,65.7,25.4,44.4,박정민,합격
CELL-02732,2026-06-23 06:03,B라인,주간,3.659,4959.7,19.96,11.363,70.04,78.7,25.4,51.6,정우석,합격
CELL-02733,2026-06-23 06:22,A라인,야간,3.683,4822.1,21.97,10.889,68.11,76.5,23.8,43.8,정우석,합격
CELL-02734,2026-06-23 10:15,B라인,주간,3.686,4897.3,29.36,10.896,70.78,79.1,24.1,37.0,박정민,합격
CELL-02735,2026-06-23 10:30,C라인,주간,3.649,4720.7,22.64,11.002,69.82,84.7,22.4,38.9,한서린,불합격
CELL-02736,2026-06-23 11:31,A라인,주간,3.673,4713.8,19.62,10.76,70.17,80.8,24.6,43.2,박정민,합격
CELL-02737,2026-06-23 11:45,C라인,야간,3.732,4506.2,33.22,11.006,70.86,60.0,17.7,51.9,정우석,불합격
CELL-02738,2026-06-23 13:07,C라인,주간,3.649,4993.7,23.61,11.052,69.92,67.2,20.8,53.3,한서린,합격
CELL-02739,2026-06-23 14:53,C라인,주간,3.598,5006.9,27.66,11.166,69.25,67.2,29.2,36.8,김수현,합격
CELL-02740,2026-06-23 16:33,C라인,주간,3.674,4874.1,20.94,10.957,71.42,71.1,29.4,51.8,한서린,합격
CELL-02741,2026-06-23 16:41,B라인,야간,3.681,4978.4,24.69,11.203,70.07,65.4,26.2,49.4,김수현,합격
CELL-02742,2026-06-23 17:22,A라인,야간,3.692,5001.4,18.4,11.21,69.56,73.7,19.2,40.0,박정민,합격
CELL-02743,2026-06-23 17:56,A라인,야간,3.722,4835.8,22.63,10.871,69.14,60.2,24.5,45.2,김수현,합격
CELL-02744,2026-06-23 19:26,B라인,주간,3.69,4896.9,21.44,10.898,69.33,66.9,26.8,40.8,정우석,합격
CELL-02745,2026-06-23 20:37,C라인,주간,3.687,5129.0,14.08,10.805,70.41,63.7,24.4,43.7,정우석,합격
CELL-02746,2026-06-23 23:58,B라인,주간,3.712,4787.4,19.81,11.17,69.75,73.3,21.6,38.4,김수현,합격
CELL-02747,2026-06-24 00:10,A라인,야간,3.653,4472.3,23.32,11.187,68.88,54.8,25.2,39.8,이하영,합격
CELL-02748,2026-06-24 02:55,A라인,야간,3.662,5008.5,13.86,11.2,69.67,65.3,21.0,46.4,이하영,합격
CELL-02749,2026-06-24 03:02,B라인,야간,3.648,4968.5,17.7,11.317,70.9,60.8,23.6,45.5,정우석,합격
CELL-02750,2026-06-24 05:41,C라인,주간,3.693,4888.4,24.73,11.072,71.91,65.4,22.6,44.9,한서린,합격
CELL-02751,2026-06-24 06:51,C라인,야간,3.693,5194.4,18.06,11.087,68.52,60.5,22.8,50.2,김수현,합격
CELL-02752,2026-06-24 08:15,B라인,주간,3.708,4815.3,26.46,11.225,70.64,66.2,27.3,59.4,이하영,합격
CELL-02753,2026-06-24 08:49,B라인,주간,3.748,4847.7,21.32,10.826,71.53,84.6,21.5,56.3,김수현,합격
CELL-02754,2026-06-24 09:12,B라인,야간,3.742,5045.2,13.83,10.884,69.93,69.6,26.6,46.6,박정민,합격
CELL-02755,2026-06-24 09:15,A라인,주간,3.643,4721.2,15.54,11.038,68.19,76.8,24.7,41.7,김수현,합격
CELL-02756,2026-06-24 12:17,A라인,야간,3.614,4820.0,20.56,10.893,69.87,63.7,21.4,51.9,정우석,합격
CELL-02757,2026-06-24 12:49,A라인,주간,3.673,4909.0,19.34,10.905,71.03,77.5,23.1,47.2,이하영,합격
CELL-02758,2026-06-24 13:08,B라인,주간,3.672,4810.0,22.13,10.897,69.64,74.2,24.4,52.9,한서린,합격
CELL-02759,2026-06-24 13:19,C라인,야간,3.649,4939.0,21.68,11.112,69.51,72.8,24.1,59.1,정우석,합격
CELL-02760,2026-06-24 14:33,A라인,야간,3.674,4711.2,21.37,11.053,69.25,72.0,21.8,44.7,김수현,합격
CELL-02761,2026-06-24 17:42,A라인,야간,3.739,4993.1,23.98,11.11,70.79,66.6,20.7,47.6,한서린,합격
CELL-02762,2026-06-24 18:20,A라인,야간,3.744,4852.0,17.78,10.871,69.95,68.1,,,김수현,합격
CELL-02763,2026-06-24 19:02,A라인,주간,3.641,4767.3,26.15,11.227,69.72,74.2,22.5,42.2,한서린,합격
CELL-02764,2026-06-24 19:05,C라인,주간,3.672,5014.2,22.13,10.945,71.41,66.5,27.6,61.6,한서린,합격
CELL-02765,2026-06-24 19:06,A라인,주간,3.668,4989.0,16.77,11.026,71.74,78.2,26.9,48.2,정우석,합격
CELL-02766,2026-06-24 20:28,A라인,야간,3.626,4994.9,29.74,10.925,70.59,67.5,23.8,40.4,이하영,합격
CELL-02767,2026-06-24 21:02,B라인,주간,3.658,5043.2,16.15,11.147,70.01,80.4,22.2,34.6,정우석,합격
CELL-02768,2026-06-24 22:44,A라인,주간,3.695,5035.2,24.62,11.224,70.31,64.9,27.1,48.5,이하영,합격
CELL-02769,2026-06-24 23:16,A라인,주간,3.697,4885.4,26.17,11.257,70.62,58.5,27.6,39.2,박정민,합격
CELL-02770,2026-06-24 23:47,C라인,주간,3.638,4892.2,21.34,10.866,69.97,80.0,25.1,55.5,이하영,합격
CELL-02771,2026-06-25 00:57,A라인,주간,3.681,5170.5,22.78,11.161,71.85,70.3,26.4,,이하영,합격
CELL-02772,2026-06-25 01:00,B라인,야간,3.677,4990.7,28.89,11.13,69.69,68.7,19.2,38.3,정우석,합격
CELL-02773,2026-06-25 03:12,B라인,주간,3.595,4549.1,28.12,10.879,70.39,62.7,22.1,52.7,김수현,합격
CELL-02774,2026-06-25 03:35,A라인,야간,3.662,5025.0,28.16,10.822,71.08,76.3,,42.9,이하영,합격
CELL-02775,2026-06-25 09:31,B라인,주간,3.674,4735.8,20.82,10.999,68.18,68.4,23.5,48.1,한서린,합격
CELL-02776,2026-06-25 10:41,B라인,주간,3.642,4663.5,26.64,11.247,71.27,81.1,22.5,46.2,박정민,불합격
CELL-02777,2026-06-25 12:47,C라인,주간,3.732,4773.8,20.87,10.824,69.83,80.2,22.2,45.4,이하영,합격
CELL-02778,2026-06-25 14:09,B라인,야간,3.732,4833.6,20.67,11.049,71.81,71.5,20.9,55.5,김수현,합격
CELL-02779,2026-06-25 14:53,B라인,야간,3.671,4709.9,25.57,10.812,70.16,73.1,25.3,46.5,정우석,불합격
CELL-02780,2026-06-25 16:45,A라인,주간,3.652,4980.0,22.17,10.802,69.81,72.3,22.7,,한서린,합격
CELL-02781,2026-06-25 16:58,A라인,주간,3.647,4768.2,22.82,11.232,71.0,62.6,20.7,34.2,이하영,합격
CELL-02782,2026-06-25 17:51,B라인,주간,3.711,5019.2,27.04,10.957,68.86,75.1,21.0,47.4,김수현,합격
CELL-02783,2026-06-25 19:00,A라인,주간,3.682,5084.1,21.21,11.117,69.66,69.9,24.8,35.1,이하영,합격
CELL-02784,2026-06-25 19:02,B라인,야간,3.694,4696.3,25.55,11.258,69.18,81.9,19.8,46.6,박정민,불합격
CELL-02785,2026-06-25 19:37,A라인,주간,3.745,4845.5,19.04,11.212,70.72,74.8,28.1,50.4,정우석,합격
CELL-02786,2026-06-25 20:11,A라인,야간,3.669,4992.5,12.72,10.923,70.89,66.4,20.6,51.2,박정민,합격
CELL-02787,2026-06-25 20:20,A라인,야간,3.759,4761.0,22.08,11.082,68.02,67.3,22.5,55.0,박정민,합격
CELL-02788,2026-06-25 20:45,A라인,주간,3.675,4775.2,24.92,11.465,69.68,62.5,27.8,47.2,김수현,합격
CELL-02789,2026-06-25 21:16,A라인,야간,3.648,4969.5,24.7,11.155,69.02,73.8,23.5,52.7,이하영,합격
CELL-02790,2026-06-25 22:03,A라인,주간,3.658,4892.3,15.7,10.935,72.11,65.8,26.5,49.7,이하영,합격
CELL-02791,2026-06-25 22:53,B라인,야간,3.645,4807.2,20.26,10.812,70.89,65.3,22.3,57.3,박정민,합격
CELL-02792,2026-06-26 00:24,C라인,야간,3.658,4733.0,21.71,10.989,70.4,64.0,23.7,54.1,박정민,합격
CELL-02793,2026-06-26 01:20,B라인,야간,3.626,4994.5,20.34,10.889,70.75,67.8,23.5,40.7,박정민,합격
CELL-02794,2026-06-26 01:21,A라인,야간,3.688,4795.1,20.16,10.842,70.35,77.0,21.4,42.7,김수현,합격
CELL-02795,2026-06-26 02:11,B라인,야간,3.655,4854.8,20.01,10.991,69.66,,22.0,55.2,이하영,합격
CELL-02796,2026-06-26 03:25,C라인,주간,3.647,5057.5,25.98,10.931,71.27,62.3,28.1,47.1,한서린,합격
CELL-02797,2026-06-26 04:28,B라인,야간,3.725,4883.8,24.82,11.043,69.98,69.4,20.7,35.7,정우석,합격
CELL-02798,2026-06-26 09:55,B라인,주간,3.661,4815.4,22.18,10.729,70.17,64.2,23.7,41.5,박정민,합격
CELL-02799,2026-06-26 11:08,A라인,야간,3.652,4971.0,21.81,11.319,70.12,72.2,21.2,50.3,이하영,합격
CELL-02800,2026-06-26 11:48,C라인,야간,3.73,4889.8,24.57,10.922,69.74,73.0,23.7,31.3,한서린,합격
CELL-02801,2026-06-26 12:00,A라인,야간,3.621,5011.0,28.08,10.503,69.52,54.6,22.9,44.6,한서린,합격
CELL-02802,2026-06-26 12:24,B라인,야간,3.644,4805.0,26.3,10.6,71.51,68.2,20.7,,한서린,합격
CELL-02803,2026-06-26 12:44,C라인,야간,3.719,4845.4,16.54,11.284,69.88,73.7,21.2,46.3,김수현,합격
CELL-02804,2026-06-26 12:49,B라인,주간,3.667,4697.8,29.96,10.684,71.24,70.9,23.4,29.8,정우석,불합격
CELL-02805,2026-06-26 15:03,B라인,주간,3.727,4866.9,21.52,10.746,69.08,76.4,22.5,37.2,정우석,합격
CELL-02806,2026-06-26 15:10,A라인,주간,3.669,4880.7,21.45,10.839,70.91,62.6,19.3,34.5,박정민,합격
CELL-02807,2026-06-26 15:12,B라인,야간,3.69,4988.4,21.41,11.227,70.71,57.5,19.0,32.5,김수현,합격
CELL-02808,2026-06-26 15:28,C라인,주간,3.649,5121.8,22.27,11.28,69.98,71.8,23.5,47.6,김수현,합격
CELL-02809,2026-06-26 16:00,C라인,주간,3.712,4965.8,19.92,11.132,72.17,71.9,24.0,34.7,한서린,합격
CELL-02810,2026-06-26 16:14,B라인,주간,3.679,4664.8,17.93,11.197,70.96,67.8,23.1,35.3,김수현,합격
CELL-02811,2026-06-26 17:40,C라인,야간,3.696,4795.6,24.5,11.118,69.13,75.2,18.6,49.6,박정민,합격
CELL-02812,2026-06-26 18:49,B라인,야간,3.702,4807.9,17.85,11.262,69.45,76.7,24.6,,김수현,합격
CELL-02813,2026-06-26 19:17,A라인,주간,3.7,5004.7,26.36,11.227,69.81,80.7,27.7,44.5,이하영,합격
CELL-02814,2026-06-26 19:54,B라인,야간,3.66,4828.9,21.4,10.847,70.92,74.5,21.8,51.5,이하영,합격
CELL-02815,2026-06-26 20:56,A라인,주간,3.703,5199.1,28.85,11.026,69.86,74.9,24.3,47.5,이하영,합격
CELL-02816,2026-06-26 21:59,A라인,주간,3.708,4977.7,17.4,10.768,70.75,75.8,26.9,22.7,한서린,합격
CELL-02817,2026-06-26 23:26,C라인,주간,3.624,4821.1,18.34,11.177,69.01,75.7,24.0,52.0,박정민,합격
CELL-02818,2026-06-27 00:37,C라인,주간,3.723,4958.9,27.83,10.796,70.5,88.1,22.0,40.0,정우석,합격
CELL-02819,2026-06-27 02:47,B라인,주간,3.695,5097.8,20.47,11.399,69.69,72.3,21.8,35.6,정우석,합격
CELL-02820,2026-06-27 03:07,A라인,야간,3.674,4761.3,23.04,10.8,69.45,64.8,22.3,38.5,박정민,합격
CELL-02821,2026-06-27 04:44,B라인,주간,3.719,4721.9,20.47,10.905,70.53,69.3,25.9,54.9,박정민,합격
CELL-02822,2026-06-27 06:07,B라인,주간,3.761,4831.1,22.5,10.997,68.35,63.8,28.7,48.1,김수현,합격
CELL-02823,2026-06-27 06:59,C라인,주간,3.744,4791.5,19.77,11.041,69.32,62.6,25.4,53.0,정우석,합격
CELL-02824,2026-06-27 08:15,A라인,주간,3.654,4729.3,27.7,10.743,71.96,75.7,22.3,50.3,김수현,불합격
CELL-02825,2026-06-27 10:12,C라인,주간,3.65,4804.3,16.33,11.095,71.39,75.3,,48.8,이하영,합격
CELL-02826,2026-06-27 10:37,B라인,주간,3.648,4867.4,22.77,10.963,69.07,67.9,24.7,62.0,이하영,합격
CELL-02827,2026-06-27 11:01,B라인,야간,3.668,4849.8,16.24,11.07,69.15,,24.9,55.7,정우석,합격
CELL-02828,2026-06-27 12:02,B라인,주간,3.719,4978.6,24.72,11.033,69.44,79.2,,35.8,박정민,합격
CELL-02829,2026-06-27 13:55,C라인,주간,3.675,5025.2,19.66,10.938,69.95,68.0,24.4,52.6,한서린,합격
CELL-02830,2026-06-27 14:05,C라인,주간,3.708,4893.0,23.39,11.176,71.15,76.3,21.8,52.2,이하영,합격
CELL-02831,2026-06-27 15:06,C라인,야간,3.721,4921.5,17.4,11.334,69.34,75.9,20.8,31.4,정우석,합격
CELL-02832,2026-06-27 15:30,B라인,야간,3.644,4914.9,23.33,11.04,70.65,66.4,20.2,34.8,이하영,합격
CELL-02833,2026-06-27 15:31,A라인,야간,3.729,5035.1,23.27,10.769,72.0,65.8,20.7,49.1,박정민,합격
CELL-02834,2026-06-27 18:35,B라인,야간,3.677,4962.0,26.5,10.839,71.06,75.8,27.0,58.0,김수현,합격
CELL-02835,2026-06-27 18:55,A라인,주간,3.715,4773.6,24.35,10.734,70.09,65.9,23.4,47.9,박정민,합격
CELL-02836,2026-06-27 19:59,C라인,주간,3.716,5061.3,20.16,11.182,69.84,66.2,23.7,46.8,김수현,합격
CELL-02837,2026-06-27 20:18,A라인,야간,3.694,5028.1,20.9,11.065,71.03,66.2,26.2,36.4,이하영,합격
CELL-02838,2026-06-27 21:27,B라인,주간,3.691,5003.4,23.14,11.239,70.67,64.5,24.8,33.8,정우석,합격
CELL-02839,2026-06-27 21:53,A라인,야간,3.743,5080.5,21.95,11.21,70.83,67.0,23.0,46.6,이하영,합격
CELL-02840,2026-06-27 22:24,C라인,야간,3.717,4909.0,26.27,10.965,70.92,76.1,24.0,49.6,정우석,합격
CELL-02841,2026-06-27 22:54,B라인,주간,3.662,4920.1,26.61,10.864,71.61,69.5,23.9,53.4,박정민,합격
CELL-02842,2026-06-27 23:26,A라인,주간,3.739,4948.3,19.41,11.111,68.46,66.0,27.9,51.1,정우석,합격
CELL-02843,2026-06-27 23:57,A라인,주간,3.671,4876.7,14.41,11.047,70.68,67.0,24.5,55.5,한서린,합격
CELL-02844,2026-06-28 00:37,B라인,야간,3.642,4905.2,19.67,10.899,70.99,73.0,21.6,49.8,이하영,합격
CELL-02845,2026-06-28 03:37,A라인,야간,3.703,4931.9,18.95,11.012,71.3,65.4,21.3,44.1,김수현,합격
CELL-02846,2026-06-28 06:13,C라인,주간,3.657,4846.5,25.69,10.953,69.57,69.1,26.0,44.6,정우석,합격
CELL-02847,2026-06-28 06:48,C라인,주간,3.744,4968.5,24.2,10.832,70.52,77.3,20.3,51.5,정우석,합격
