lot_id,produced_at,plant_code,line_id,shift,product,fill_error,cap_torque,seal_temp,line_speed,ambient_temp,ambient_humidity,result
L00001,2026-04-01 06:45,P-SEOUL-01,F-3,주간,1L,0.06,2.22,179.3,393,18.8,61.8,합격
L00002,2026-04-01 06:54,P-SEOUL-01,F-3,주간,1L,0.2,2.27,181.8,408,27.5,51.9,합격
L00003,2026-04-01 07:23,P-SEOUL-01,F-1,주간,1L,1.85,2.17,180.4,390,24.2,53.3,합격
L00004,2026-04-01 08:26,P-SEOUL-01,F-1,주간,2L,0.66,1.88,178.7,414,23.9,46.5,합격
L00005,2026-04-01 08:27,P-SEOUL-01,F-1,주간,2L,-0.17,2.22,181.0,403,21.7,53.7,합격
L00006,2026-04-01 09:03,P-SEOUL-01,F-1,주간,1L,-0.77,1.95,181.8,399,22.6,53.8,합격
L00007,2026-04-01 09:19,P-SEOUL-01,F-2,주간,500mL,0.99,1.92,179.9,413,28.2,39.8,합격
L00008,2026-04-01 09:33,P-SEOUL-01,F-1,주간,500mL,1.88,1.99,180.0,398,24.3,,합격
L00009,2026-04-01 09:47,P-SEOUL-01,F-1,주간,2L,0.32,2.02,179.4,396,28.4,69.3,재검
L00010,2026-04-01 10:02,P-SEOUL-01,F-1,주간,500mL,-0.49,2.16,182.0,372,23.2,48.8,합격
L00011,2026-04-01 10:13,P-SEOUL-01,F-1,주간,2L,-0.05,2.14,182.6,410,24.0,61.3,합격
L00012,2026-04-01 10:57,P-SEOUL-01,F-2,주간,1L,-0.03,2.14,179.7,402,21.5,41.5,합격
L00013,2026-04-01 11:19,P-SEOUL-01,F-2,주간,2L,-0.25,2.34,179.8,393,25.6,54.2,합격
L00014,2026-04-01 11:35,P-SEOUL-01,F-3,주간,500mL,-0.97,2.11,178.0,397,31.4,51.5,합격
L00015,2026-04-01 13:12,P-SEOUL-01,F-2,주간,1L,1.49,2.13,178.2,409,28.5,50.8,합격
L00016,2026-04-01 13:56,P-SEOUL-01,F-1,주간,1L,0.02,2.05,177.8,415,25.8,59.6,합격
L00017,2026-04-01 14:53,P-SEOUL-01,F-1,오후,1L,-0.49,2.15,179.6,415,18.2,62.2,합격
L00018,2026-04-01 15:11,P-SEOUL-01,F-2,오후,500mL,-0.23,2.21,179.1,397,23.8,49.0,합격
L00019,2026-04-01 15:23,P-SEOUL-01,F-2,오후,500mL,-1.12,2.2,177.7,402,25.2,44.3,합격
L00020,2026-04-01 15:34,P-SEOUL-01,F-3,오후,1L,0.53,2.21,180.0,380,28.2,60.2,합격
L00021,2026-04-01 15:47,P-SEOUL-01,F-2,오후,1L,0.62,2.07,180.0,388,28.9,60.5,합격
L00022,2026-04-01 16:43,P-SEOUL-01,F-1,오후,500mL,-0.79,2.18,182.1,390,17.1,53.3,합격
L00023,2026-04-01 16:58,P-SEOUL-01,F-1,오후,500mL,-0.74,1.87,179.2,397,17.9,,합격
L00024,2026-04-01 17:19,P-SEOUL-01,F-1,오후,2L,-1.05,1.99,182.5,418,28.5,58.1,합격
L00025,2026-04-01 17:27,P-SEOUL-01,F-2,오후,2L,0.4,2.21,181.2,402,26.1,55.7,합격
L00026,2026-04-01 17:28,P-SEOUL-01,F-2,오후,1L,-1.04,2.06,178.5,420,26.8,57.0,합격
L00027,2026-04-01 17:28,P-SEOUL-01,F-1,오후,2L,-0.61,2.03,181.3,405,26.5,49.5,합격
L00028,2026-04-01 17:48,P-SEOUL-01,F-2,오후,1L,-0.44,1.98,180.8,399,27.1,46.6,합격
L00029,2026-04-01 18:03,P-SEOUL-01,F-1,오후,500mL,1.2,2.12,179.9,400,26.9,56.3,합격
L00030,2026-04-01 18:08,P-SEOUL-01,F-1,오후,2L,-1.37,1.96,183.4,407,24.1,44.2,합격
L00031,2026-04-01 19:36,P-SEOUL-01,F-1,오후,1L,-0.46,2.13,180.9,386,23.2,49.5,합격
L00032,2026-04-01 20:10,P-SEOUL-01,F-2,오후,1L,-2.46,2.25,180.2,389,23.8,48.8,합격
L00033,2026-04-01 20:13,P-SEOUL-01,F-1,오후,500mL,0.03,2.06,178.2,401,24.5,45.3,합격
L00034,2026-04-01 20:24,P-SEOUL-01,F-1,오후,1L,0.55,2.06,180.2,408,27.5,48.7,합격
L00035,2026-04-01 20:59,P-SEOUL-01,F-1,오후,500mL,0.53,,183.2,400,26.1,46.6,합격
L00036,2026-04-01 21:13,P-SEOUL-01,F-2,오후,1L,0.18,2.19,182.3,406,22.7,45.2,합격
L00037,2026-04-01 21:24,P-SEOUL-01,F-1,오후,500mL,0.58,1.83,179.1,396,16.0,51.1,합격
L00038,2026-04-01 21:50,P-SEOUL-01,F-2,오후,500mL,1.8,2.33,176.6,387,23.3,53.9,합격
L00039,2026-04-01 21:52,P-SEOUL-01,F-1,오후,500mL,-1.02,2.02,178.5,385,31.8,61.4,합격
L00040,2026-04-01 22:29,P-SEOUL-01,F-2,야간,1L,-0.16,1.99,178.0,406,25.6,43.8,합격
L00041,2026-04-01 23:14,P-SEOUL-01,F-3,야간,1L,-0.32,1.9,177.0,389,28.9,37.3,합격
L00042,2026-04-01 23:36,P-SEOUL-01,F-1,야간,500mL,0.29,2.24,177.0,401,21.8,56.2,합격
L00043,2026-04-01 23:40,P-SEOUL-01,F-2,야간,1L,-0.18,2.06,178.6,397,23.3,53.0,합격
L00044,2026-04-01 23:58,P-SEOUL-01,F-2,야간,500mL,-1.66,2.37,180.8,388,23.2,60.8,합격
L00045,2026-04-02 00:08,P-SEOUL-01,F-1,야간,500mL,-0.34,1.92,182.2,377,24.0,62.2,합격
L00046,2026-04-02 00:16,P-SEOUL-01,F-2,야간,1L,-1.19,2.16,179.1,415,23.9,49.3,합격
L00047,2026-04-02 00:46,P-SEOUL-01,F-2,야간,500mL,0.38,2.32,180.7,391,24.8,58.8,합격
L00048,2026-04-02 02:12,P-SEOUL-01,F-1,야간,1L,-0.23,2.28,176.4,385,15.7,63.0,합격
L00049,2026-04-02 02:20,P-SEOUL-01,F-3,야간,500mL,-1.05,1.92,180.3,402,22.8,67.2,합격
L00050,2026-04-02 02:31,P-SEOUL-01,F-2,야간,2L,1.87,2.09,177.6,375,27.4,47.7,합격
L00051,2026-04-02 02:43,P-SEOUL-01,F-3,야간,500mL,-0.29,2.1,182.1,410,17.7,50.4,합격
L00052,2026-04-02 02:47,P-SEOUL-01,F-1,야간,2L,-1.2,1.91,177.1,397,29.2,49.9,합격
L00053,2026-04-02 03:03,P-SEOUL-01,F-2,야간,2L,-0.76,2.12,179.7,397,31.3,32.7,합격
L00054,2026-04-02 03:08,P-SEOUL-01,F-1,야간,1L,-0.61,1.79,182.0,398,19.9,58.6,합격
L00055,2026-04-02 03:30,P-SEOUL-01,F-2,야간,500mL,0.32,,178.1,396,19.8,54.0,합격
L00056,2026-04-02 03:49,P-SEOUL-01,F-1,야간,500mL,-0.05,2.0,181.4,410,30.5,56.0,합격
L00057,2026-04-02 03:59,P-SEOUL-01,F-1,야간,500mL,-1.49,2.12,183.2,428,27.8,51.9,합격
L00058,2026-04-02 05:44,P-SEOUL-01,F-1,야간,1L,-2.21,2.17,182.1,396,24.5,55.5,합격
L00059,2026-04-02 05:54,P-SEOUL-01,F-1,야간,500mL,1.91,2.15,180.9,401,26.8,49.5,합격
L00060,2026-04-02 06:06,P-SEOUL-01,F-3,주간,1L,-0.64,2.08,179.3,401,25.7,59.6,합격
L00061,2026-04-02 06:13,P-SEOUL-01,F-3,주간,2L,-0.62,2.29,177.3,383,20.9,52.6,합격
L00062,2026-04-02 06:17,P-SEOUL-01,F-1,주간,500mL,0.54,2.04,177.8,391,23.1,42.9,합격
L00063,2026-04-02 06:27,P-SEOUL-01,F-2,주간,500mL,1.26,2.03,180.3,411,24.1,57.4,합격
L00064,2026-04-02 07:37,P-SEOUL-01,F-3,주간,500mL,-1.59,1.9,179.7,389,30.0,59.8,합격
L00065,2026-04-02 08:11,P-SEOUL-01,F-1,주간,1L,0.27,2.14,179.6,395,28.2,59.7,합격
L00066,2026-04-02 08:12,P-SEOUL-01,F-1,주간,500mL,-0.12,2.3,179.8,405,25.2,46.0,합격
L00067,2026-04-02 08:32,P-SEOUL-01,F-1,주간,500mL,1.73,2.18,182.9,415,22.5,51.9,합격
L00068,2026-04-02 08:36,P-SEOUL-01,F-2,주간,500mL,1.71,2.07,178.8,387,28.1,68.7,합격
L00069,2026-04-02 08:59,P-SEOUL-01,F-1,주간,1L,0.57,2.21,177.2,421,26.0,41.8,합격
L00070,2026-04-02 09:02,P-SEOUL-01,F-1,주간,1L,1.37,2.34,179.5,390,28.4,53.3,합격
L00071,2026-04-02 09:38,P-SEOUL-01,F-1,주간,500mL,-0.64,2.21,178.7,405,21.9,56.3,합격
L00072,2026-04-02 09:43,P-SEOUL-01,F-2,주간,2L,0.26,2.35,178.1,398,22.5,49.3,합격
L00073,2026-04-02 09:43,P-SEOUL-01,F-2,주간,2L,-1.3,2.06,179.1,414,24.5,28.4,합격
L00074,2026-04-02 10:02,P-SEOUL-01,F-1,주간,500mL,-0.19,2.19,182.2,418,22.4,56.4,합격
L00075,2026-04-02 10:22,P-SEOUL-01,F-3,주간,2L,1.45,2.13,180.2,392,31.0,40.4,합격
L00076,2026-04-02 10:34,P-SEOUL-01,F-1,주간,500mL,0.33,2.1,180.3,406,21.7,56.5,합격
L00077,2026-04-02 11:54,P-SEOUL-01,F-2,주간,2L,-1.4,1.99,178.0,409,29.2,58.8,합격
L00078,2026-04-02 12:08,P-SEOUL-01,F-2,주간,500mL,-0.69,1.92,182.5,384,23.9,42.8,합격
L00079,2026-04-02 12:27,P-SEOUL-01,F-1,주간,500mL,1.47,2.23,180.6,395,25.1,60.4,합격
L00080,2026-04-02 13:04,P-SEOUL-01,F-3,주간,500mL,1.23,2.18,182.8,401,17.0,44.7,합격
L00081,2026-04-02 13:12,P-SEOUL-01,F-2,주간,500mL,-0.21,2.15,181.1,391,20.7,63.9,합격
L00082,2026-04-02 13:39,P-SEOUL-01,F-1,주간,500mL,-0.32,2.21,180.4,403,23.0,46.2,합격
L00083,2026-04-02 14:03,P-SEOUL-01,F-2,오후,500mL,-0.7,2.07,178.7,406,21.3,59.3,합격
L00084,2026-04-02 14:59,P-SEOUL-01,F-3,오후,500mL,0.96,2.15,177.8,391,23.9,47.9,합격
L00085,2026-04-02 16:00,P-SEOUL-01,F-2,오후,2L,0.45,1.88,180.3,390,23.1,,합격
L00086,2026-04-02 16:01,P-SEOUL-01,F-2,오후,2L,1.86,2.26,179.5,408,22.2,47.3,합격
L00087,2026-04-02 16:12,P-SEOUL-01,F-1,오후,2L,-0.52,2.14,180.8,393,17.1,55.5,합격
L00088,2026-04-02 16:48,P-SEOUL-01,F-1,오후,1L,0.58,2.21,177.9,411,23.2,51.0,합격
L00089,2026-04-02 16:57,P-SEOUL-01,F-1,오후,500mL,-1.74,2.05,182.5,411,25.0,52.4,합격
L00090,2026-04-02 17:32,P-SEOUL-01,F-3,오후,500mL,-0.08,2.02,182.8,387,17.0,53.1,합격
L00091,2026-04-02 18:09,P-SEOUL-01,F-1,오후,500mL,2.13,2.15,181.3,397,20.0,54.5,합격
L00092,2026-04-02 18:15,P-SEOUL-01,F-2,오후,500mL,1.66,1.93,181.4,399,20.5,56.7,합격
L00093,2026-04-02 19:20,P-SEOUL-01,F-2,오후,500mL,-1.03,2.04,179.0,419,20.8,54.3,합격
L00094,2026-04-02 19:23,P-SEOUL-01,F-1,오후,1L,-0.99,2.14,177.9,389,24.7,47.0,합격
L00095,2026-04-02 19:32,P-SEOUL-01,F-2,오후,500mL,-2.03,1.79,180.6,388,25.7,74.0,합격
L00096,2026-04-02 19:36,P-SEOUL-01,F-1,오후,500mL,0.54,2.2,177.9,389,25.2,30.4,합격
L00097,2026-04-02 19:44,P-SEOUL-01,F-3,오후,500mL,0.1,2.22,182.6,402,24.3,71.9,합격
L00098,2026-04-02 20:49,P-SEOUL-01,F-1,오후,1L,0.02,2.14,178.8,398,26.5,57.8,합격
L00099,2026-04-02 21:28,P-SEOUL-01,F-1,오후,500mL,-2.38,2.06,179.4,399,16.8,47.7,합격
L00100,2026-04-02 21:29,P-SEOUL-01,F-3,오후,500mL,-0.39,2.09,179.5,409,21.8,57.0,합격
L00101,2026-04-02 21:54,P-SEOUL-01,F-2,오후,2L,0.62,2.29,180.6,400,25.3,43.8,합격
L00102,2026-04-02 22:07,P-SEOUL-01,F-1,야간,1L,-0.33,2.12,177.3,404,28.5,41.1,합격
L00103,2026-04-02 23:03,P-SEOUL-01,F-2,야간,2L,-0.73,1.95,178.6,385,21.8,60.0,합격
L00104,2026-04-02 23:13,P-SEOUL-01,F-1,야간,2L,0.92,2.12,176.5,388,23.6,44.8,합격
L00105,2026-04-02 23:49,P-SEOUL-01,F-1,야간,500mL,0.28,,178.1,395,15.5,66.1,합격
L00106,2026-04-03 00:39,P-SEOUL-01,F-2,야간,500mL,-0.05,2.06,181.3,403,16.8,41.3,합격
L00107,2026-04-03 00:39,P-SEOUL-01,F-2,야간,500mL,-0.79,2.14,177.7,377,22.3,58.1,합격
L00108,2026-04-03 01:31,P-SEOUL-01,F-2,야간,500mL,1.88,2.02,181.4,409,20.9,52.8,합격
L00109,2026-04-03 02:57,P-SEOUL-01,F-3,야간,1L,-0.16,2.06,179.1,421,23.8,,합격
L00110,2026-04-03 03:31,P-SEOUL-01,F-1,야간,2L,3.43,1.9,181.5,398,25.4,60.8,재검
L00111,2026-04-03 04:10,P-SEOUL-01,F-3,야간,1L,0.03,1.89,178.9,390,20.5,53.2,합격
L00112,2026-04-03 04:38,P-SEOUL-01,F-1,야간,1L,0.16,2.04,182.3,416,21.6,34.0,합격
L00113,2026-04-03 05:32,P-SEOUL-01,F-2,야간,1L,-1.05,2.12,181.5,389,20.2,59.1,합격
L00114,2026-04-03 06:35,P-SEOUL-01,F-2,주간,1L,1.88,,184.2,405,22.5,41.6,합격
L00115,2026-04-03 06:42,P-SEOUL-01,F-2,주간,500mL,-0.41,2.12,179.5,397,21.6,48.3,합격
L00116,2026-04-03 06:50,P-SEOUL-01,F-3,주간,1L,1.23,2.09,178.5,426,16.7,71.4,합격
L00117,2026-04-03 06:50,P-SEOUL-01,F-3,주간,1L,1.85,2.23,178.2,409,23.0,56.5,합격
L00118,2026-04-03 08:07,P-SEOUL-01,F-3,주간,500mL,0.54,1.97,179.3,386,25.4,48.0,합격
L00119,2026-04-03 09:32,P-SEOUL-01,F-2,주간,500mL,0.74,2.16,177.3,380,25.1,40.2,합격
L00120,2026-04-03 10:14,P-SEOUL-01,F-3,주간,1L,-0.44,1.99,179.2,404,27.3,53.2,합격
L00121,2026-04-03 10:35,P-SEOUL-01,F-1,주간,1L,-0.24,1.99,179.1,383,27.7,50.7,합격
L00122,2026-04-03 10:47,P-SEOUL-01,F-2,주간,1L,-0.31,2.11,177.7,418,14.3,49.2,합격
L00123,2026-04-03 10:48,P-SEOUL-01,F-2,주간,2L,-0.37,2.01,179.5,393,26.6,40.6,합격
L00124,2026-04-03 11:13,P-SEOUL-01,F-3,주간,2L,0.27,2.15,181.5,408,29.0,39.8,합격
L00125,2026-04-03 11:32,P-SEOUL-01,F-3,주간,2L,-1.7,2.02,183.1,398,27.8,56.0,합격
L00126,2026-04-03 12:23,P-SEOUL-01,F-3,주간,2L,-0.09,1.98,178.6,383,21.3,48.1,합격
L00127,2026-04-03 12:56,P-SEOUL-01,F-3,주간,1L,0.35,,182.1,391,19.8,59.7,합격
L00128,2026-04-03 13:47,P-SEOUL-01,F-3,주간,1L,1.7,2.22,178.9,397,24.5,53.5,합격
L00129,2026-04-03 14:15,P-SEOUL-01,F-3,오후,500mL,-0.85,2.21,180.6,411,19.1,40.3,합격
L00130,2026-04-03 15:23,P-SEOUL-01,F-2,오후,500mL,1.77,2.36,180.3,386,26.1,45.2,합격
L00131,2026-04-03 15:55,P-SEOUL-01,F-1,오후,500mL,0.45,2.3,177.1,398,20.4,47.7,합격
L00132,2026-04-03 16:15,P-SEOUL-01,F-2,오후,500mL,0.53,2.11,179.3,380,27.6,51.6,합격
L00133,2026-04-03 16:27,P-SEOUL-01,F-3,오후,500mL,0.56,,181.6,390,21.1,45.8,합격
L00134,2026-04-03 16:34,P-SEOUL-01,F-1,오후,500mL,-0.12,2.11,177.2,405,25.4,45.6,합격
L00135,2026-04-03 16:36,P-SEOUL-01,F-3,오후,500mL,0.15,2.02,180.9,384,25.7,41.9,합격
L00136,2026-04-03 16:39,P-SEOUL-01,F-2,오후,500mL,-0.42,2.11,177.6,398,27.6,55.4,합격
L00137,2026-04-03 16:41,P-SEOUL-01,F-3,오후,500mL,-0.35,2.41,182.0,406,23.3,44.6,합격
L00138,2026-04-03 16:58,P-SEOUL-01,F-1,오후,1L,-1.22,1.93,180.9,412,29.4,56.9,합격
L00139,2026-04-03 17:33,P-SEOUL-01,F-1,오후,500mL,-1.12,2.25,180.5,407,23.2,53.5,합격
L00140,2026-04-03 18:03,P-SEOUL-01,F-3,오후,500mL,0.07,2.14,178.8,402,22.9,76.1,합격
L00141,2026-04-03 18:43,P-SEOUL-01,F-1,오후,500mL,-1.04,2.0,181.3,400,24.7,56.7,합격
L00142,2026-04-03 18:48,P-SEOUL-01,F-2,오후,2L,0.24,2.11,180.5,393,27.3,49.5,합격
L00143,2026-04-03 19:06,P-SEOUL-01,F-3,오후,500mL,-4.38,1.88,180.0,400,23.2,48.7,재검
L00144,2026-04-03 20:29,P-SEOUL-01,F-2,오후,1L,0.19,2.46,184.7,407,21.5,60.0,합격
L00145,2026-04-03 20:41,P-SEOUL-01,F-1,오후,1L,0.97,2.11,181.7,398,19.8,53.9,합격
L00146,2026-04-03 20:49,P-SEOUL-01,F-3,오후,500mL,0.18,1.94,183.7,404,20.8,49.6,합격
L00147,2026-04-03 21:00,P-SEOUL-01,F-2,오후,500mL,-0.32,2.24,179.1,404,20.8,46.6,합격
L00148,2026-04-03 21:17,P-SEOUL-01,F-2,오후,500mL,-0.01,2.03,181.3,413,20.7,50.6,합격
L00149,2026-04-03 22:08,P-SEOUL-01,F-3,야간,1L,-0.54,1.37,181.1,404,24.8,60.5,재검
L00150,2026-04-03 23:52,P-SEOUL-01,F-2,야간,1L,-0.25,,182.1,390,23.3,52.0,합격
L00151,2026-04-03 23:54,P-SEOUL-01,F-1,야간,500mL,-0.64,1.83,182.7,401,28.0,37.4,합격
L00152,2026-04-04 00:04,P-SEOUL-01,F-2,야간,500mL,-0.27,1.76,180.7,401,22.1,35.9,합격
L00153,2026-04-04 00:31,P-SEOUL-01,F-3,야간,500mL,1.23,1.84,178.9,405,23.1,42.9,합격
L00154,2026-04-04 00:32,P-SEOUL-01,F-3,야간,2L,1.53,2.13,181.8,417,19.8,61.1,합격
L00155,2026-04-04 00:44,P-SEOUL-01,F-2,야간,500mL,0.82,1.93,181.4,398,26.2,45.3,재검
L00156,2026-04-04 00:51,P-SEOUL-01,F-1,야간,500mL,-0.05,2.0,180.3,386,15.2,54.6,합격
L00157,2026-04-04 01:00,P-SEOUL-01,F-1,야간,500mL,-0.54,1.91,179.8,397,24.3,60.5,합격
L00158,2026-04-04 01:30,P-SEOUL-01,F-2,야간,500mL,-0.78,1.98,176.4,389,27.2,39.9,합격
L00159,2026-04-04 02:09,P-SEOUL-01,F-2,야간,2L,-0.35,1.47,180.2,401,20.3,51.0,재검
L00160,2026-04-04 02:10,P-SEOUL-01,F-3,야간,1L,0.11,1.96,181.2,387,20.9,41.3,합격
L00161,2026-04-04 02:13,P-SEOUL-01,F-2,야간,500mL,-0.39,1.97,180.9,385,23.6,44.9,합격
L00162,2026-04-04 02:18,P-SEOUL-01,F-1,야간,1L,0.12,2.14,182.4,392,20.9,38.0,합격
L00163,2026-04-04 03:23,P-SEOUL-01,F-2,야간,2L,0.79,1.81,178.9,394,15.8,39.6,합격
L00164,2026-04-04 04:04,P-SEOUL-01,F-1,야간,500mL,0.12,2.05,176.8,404,24.5,58.5,합격
L00165,2026-04-04 04:13,P-SEOUL-01,F-1,야간,500mL,4.58,1.93,183.5,398,24.9,47.6,재검
L00166,2026-04-04 04:27,P-SEOUL-01,F-2,야간,500mL,1.48,1.95,178.5,405,23.3,48.5,합격
L00167,2026-04-04 06:07,P-SEOUL-01,F-1,주간,2L,0.43,2.07,176.3,391,20.6,56.0,합격
L00168,2026-04-04 06:15,P-SEOUL-01,F-2,주간,1L,-0.54,2.11,179.3,381,24.7,57.6,합격
L00169,2026-04-04 06:16,P-SEOUL-01,F-2,주간,2L,0.01,2.15,182.7,374,17.2,67.1,합격
L00170,2026-04-04 06:17,P-SEOUL-01,F-1,주간,500mL,0.49,2.1,179.6,387,17.1,53.5,합격
L00171,2026-04-04 08:55,P-SEOUL-01,F-1,주간,500mL,0.01,1.92,177.2,392,25.0,50.8,합격
L00172,2026-04-04 09:00,P-SEOUL-01,F-2,주간,500mL,0.71,1.9,177.5,410,27.9,55.4,합격
L00173,2026-04-04 09:07,P-SEOUL-01,F-2,주간,1L,-0.26,2.3,179.2,388,25.5,50.5,합격
L00174,2026-04-04 09:41,P-SEOUL-01,F-3,주간,2L,0.9,2.15,182.1,413,23.1,52.4,합격
L00175,2026-04-04 09:45,P-SEOUL-01,F-2,주간,1L,1.12,2.04,179.6,405,29.4,37.1,합격
L00176,2026-04-04 10:06,P-SEOUL-01,F-2,주간,500mL,0.57,1.93,177.5,396,24.6,44.5,합격
L00177,2026-04-04 12:41,P-SEOUL-01,F-1,주간,500mL,0.41,2.38,180.4,393,23.8,52.0,합격
L00178,2026-04-04 12:46,P-SEOUL-01,F-3,주간,1L,1.6,1.93,175.4,364,30.0,37.4,합격
L00179,2026-04-04 13:59,P-SEOUL-01,F-1,주간,1L,0.25,2.03,176.5,410,21.7,62.6,합격
L00180,2026-04-04 15:10,P-SEOUL-01,F-3,오후,500mL,-0.87,2.24,183.7,421,27.6,47.4,합격
L00181,2026-04-04 15:35,P-SEOUL-01,F-2,오후,500mL,-1.35,2.07,184.0,400,22.1,57.5,합격
L00182,2026-04-04 16:08,P-SEOUL-01,F-1,오후,2L,0.45,2.18,179.9,396,26.5,52.9,합격
L00183,2026-04-04 16:52,P-SEOUL-01,F-2,오후,500mL,-1.6,2.01,178.0,397,25.8,53.7,합격
L00184,2026-04-04 17:04,P-SEOUL-01,F-1,오후,2L,-1.42,2.15,182.3,408,23.9,64.6,합격
L00185,2026-04-04 17:24,P-SEOUL-01,F-3,오후,500mL,-0.15,2.18,179.3,403,24.4,54.6,합격
L00186,2026-04-04 17:48,P-SEOUL-01,F-2,오후,1L,-0.55,2.13,181.7,390,28.4,47.1,합격
L00187,2026-04-04 18:48,P-SEOUL-01,F-3,오후,1L,-1.42,1.83,180.4,393,22.7,59.0,합격
L00188,2026-04-04 19:06,P-SEOUL-01,F-1,오후,1L,0.4,2.17,180.1,399,28.0,44.7,합격
L00189,2026-04-04 19:16,P-SEOUL-01,F-2,오후,2L,-0.0,2.14,177.7,403,25.4,42.5,합격
L00190,2026-04-04 19:31,P-SEOUL-01,F-3,오후,1L,-0.3,2.14,178.3,413,23.7,57.4,합격
L00191,2026-04-04 19:38,P-SEOUL-01,F-2,오후,1L,-0.75,1.99,182.9,410,24.3,77.0,합격
L00192,2026-04-04 20:35,P-SEOUL-01,F-1,오후,2L,-0.89,2.13,177.6,391,21.9,44.8,합격
L00193,2026-04-04 20:46,P-SEOUL-01,F-2,오후,2L,-0.57,2.18,178.3,430,22.8,43.5,합격
L00194,2026-04-04 20:57,P-SEOUL-01,F-1,오후,1L,0.16,2.13,178.8,405,16.8,42.2,합격
L00195,2026-04-04 21:09,P-SEOUL-01,F-3,오후,1L,0.1,2.16,179.3,402,24.0,61.7,합격
L00196,2026-04-04 21:48,P-SEOUL-01,F-1,오후,2L,0.13,2.34,179.6,403,15.4,58.3,합격
L00197,2026-04-04 22:38,P-SEOUL-01,F-2,야간,1L,-0.79,1.88,180.1,399,20.8,46.8,합격
L00198,2026-04-04 22:41,P-SEOUL-01,F-1,야간,500mL,-0.3,2.07,180.1,383,21.5,45.0,합격
L00199,2026-04-04 23:19,P-SEOUL-01,F-1,야간,500mL,-0.31,2.11,179.3,397,25.5,59.4,합격
L00200,2026-04-05 00:14,P-SEOUL-01,F-2,야간,500mL,0.17,2.02,176.6,406,27.4,59.0,합격
L00201,2026-04-05 00:41,P-SEOUL-01,F-3,야간,1L,0.69,2.13,179.8,394,25.8,57.3,합격
L00202,2026-04-05 00:55,P-SEOUL-01,F-3,야간,1L,-0.02,1.9,184.0,395,25.1,43.4,합격
L00203,2026-04-05 01:58,P-SEOUL-01,F-1,야간,500mL,2.01,2.05,177.1,396,26.4,48.3,합격
L00204,2026-04-05 01:59,P-SEOUL-01,F-1,야간,500mL,1.12,2.11,179.9,397,21.6,65.2,합격
L00205,2026-04-05 02:12,P-SEOUL-01,F-1,야간,1L,0.73,1.97,175.3,408,25.9,69.2,합격
L00206,2026-04-05 02:21,P-SEOUL-01,F-2,야간,2L,1.4,1.93,179.3,400,25.8,55.8,합격
L00207,2026-04-05 03:01,P-SEOUL-01,F-1,야간,2L,1.16,1.89,181.8,400,19.7,40.1,합격
L00208,2026-04-05 03:11,P-SEOUL-01,F-1,야간,1L,-0.43,2.01,181.6,404,16.7,54.5,합격
L00209,2026-04-05 04:23,P-SEOUL-01,F-2,야간,1L,0.51,1.95,181.3,388,20.0,48.8,합격
L00210,2026-04-05 04:48,P-SEOUL-01,F-2,야간,500mL,0.55,1.85,179.8,398,21.9,49.8,합격
L00211,2026-04-05 04:52,P-SEOUL-01,F-2,야간,1L,-1.24,1.88,178.8,398,20.6,45.0,합격
L00212,2026-04-05 05:07,P-SEOUL-01,F-2,야간,1L,-0.65,2.24,183.5,428,23.9,61.6,합격
L00213,2026-04-05 05:08,P-SEOUL-01,F-3,야간,500mL,0.64,2.09,180.6,398,18.2,72.5,합격
L00214,2026-04-05 05:12,P-SEOUL-01,F-1,야간,2L,-0.95,2.01,179.9,395,26.1,56.7,합격
L00215,2026-04-05 05:45,P-SEOUL-01,F-2,야간,500mL,1.33,1.93,182.7,408,22.9,43.3,합격
L00216,2026-04-05 06:54,P-SEOUL-01,F-1,주간,500mL,0.49,2.09,186.2,407,24.2,62.6,합격
L00217,2026-04-05 07:29,P-SEOUL-01,F-2,주간,500mL,-0.35,2.14,178.5,395,19.9,53.8,합격
L00218,2026-04-05 07:35,P-SEOUL-01,F-1,주간,500mL,-0.02,2.13,179.4,390,22.7,63.2,합격
L00219,2026-04-05 07:51,P-SEOUL-01,F-2,주간,1L,-0.39,2.31,176.6,405,27.0,62.5,합격
L00220,2026-04-05 07:56,P-SEOUL-01,F-1,주간,500mL,-0.9,2.07,179.6,390,25.9,47.2,합격
L00221,2026-04-05 08:25,P-SEOUL-01,F-3,주간,500mL,0.79,2.07,179.2,380,22.4,40.8,합격
L00222,2026-04-05 08:26,P-SEOUL-01,F-2,주간,500mL,-0.43,2.26,180.2,378,24.5,57.0,합격
L00223,2026-04-05 09:13,P-SEOUL-01,F-1,주간,500mL,-0.53,2.29,177.7,391,23.0,44.6,합격
L00224,2026-04-05 10:33,P-SEOUL-01,F-1,주간,1L,-0.19,2.11,182.0,386,25.0,48.9,합격
L00225,2026-04-05 11:00,P-SEOUL-01,F-1,주간,500mL,0.13,2.12,179.4,410,22.1,41.3,합격
L00226,2026-04-05 11:10,P-SEOUL-01,F-3,주간,1L,-0.78,2.15,176.2,402,22.5,35.7,합격
L00227,2026-04-05 11:14,P-SEOUL-01,F-1,주간,1L,-0.76,2.14,178.8,397,21.8,53.5,합격
L00228,2026-04-05 11:21,P-SEOUL-01,F-1,주간,500mL,-0.72,2.27,180.7,374,22.7,42.2,합격
L00229,2026-04-05 12:15,P-SEOUL-01,F-3,주간,500mL,-1.31,2.25,178.5,400,24.9,57.4,합격
L00230,2026-04-05 12:19,P-SEOUL-01,F-2,주간,500mL,0.15,2.23,178.7,391,20.6,56.6,합격
L00231,2026-04-05 12:30,P-SEOUL-01,F-2,주간,500mL,-0.54,2.18,183.1,382,21.3,58.7,합격
L00232,2026-04-05 13:40,P-SEOUL-01,F-1,주간,500mL,-0.24,2.12,178.3,391,21.9,55.9,합격
L00233,2026-04-05 13:47,P-SEOUL-01,F-3,주간,1L,0.89,2.11,181.6,409,20.7,48.7,합격
L00234,2026-04-05 14:08,P-SEOUL-01,F-1,오후,1L,0.25,2.16,183.2,406,23.9,48.7,합격
L00235,2026-04-05 15:19,P-SEOUL-01,F-3,오후,500mL,-0.43,2.1,179.6,401,26.1,49.3,합격
L00236,2026-04-05 16:07,P-SEOUL-01,F-1,오후,500mL,0.15,2.09,175.7,408,27.2,66.9,합격
L00237,2026-04-05 16:24,P-SEOUL-01,F-1,오후,2L,-1.24,1.95,177.0,390,19.4,56.2,합격
L00238,2026-04-05 16:55,P-SEOUL-01,F-2,오후,2L,-0.63,1.9,178.0,400,22.8,51.0,합격
L00239,2026-04-05 18:38,P-SEOUL-01,F-1,오후,500mL,1.08,2.31,182.6,402,25.5,46.4,합격
L00240,2026-04-05 18:44,P-SEOUL-01,F-1,오후,500mL,-1.8,1.92,180.6,410,21.7,53.9,합격
L00241,2026-04-05 18:52,P-SEOUL-01,F-3,오후,2L,-0.37,1.99,179.4,398,22.5,41.3,합격
L00242,2026-04-05 18:54,P-SEOUL-01,F-1,오후,1L,-0.62,2.23,179.5,413,27.0,64.6,합격
L00243,2026-04-05 19:40,P-SEOUL-01,F-3,오후,1L,-0.2,1.95,179.0,384,21.6,54.6,합격
L00244,2026-04-05 19:43,P-SEOUL-01,F-2,오후,500mL,-0.49,2.1,178.7,397,20.2,57.7,합격
L00245,2026-04-05 19:47,P-SEOUL-01,F-2,오후,500mL,0.82,2.09,179.7,393,19.3,42.5,합격
L00246,2026-04-05 20:32,P-SEOUL-01,F-2,오후,1L,-0.68,2.09,184.2,404,16.7,47.8,합격
L00247,2026-04-05 21:59,P-SEOUL-01,F-2,오후,500mL,0.27,2.06,178.4,398,20.0,46.9,합격
L00248,2026-04-05 23:12,P-SEOUL-01,F-1,야간,500mL,-0.76,2.0,177.1,408,28.7,47.5,합격
L00249,2026-04-05 23:22,P-SEOUL-01,F-2,야간,500mL,-0.51,1.99,180.7,400,20.6,58.2,합격
L00250,2026-04-05 23:28,P-SEOUL-01,F-1,야간,1L,0.57,2.14,182.1,374,23.9,42.5,합격
L00251,2026-04-05 23:32,P-SEOUL-01,F-2,야간,500mL,-4.44,2.19,180.4,398,22.4,46.2,재검
L00252,2026-04-05 23:41,P-SEOUL-01,F-3,야간,1L,-1.08,1.93,178.6,415,24.6,51.8,합격
L00253,2026-04-06 00:58,P-SEOUL-01,F-3,야간,1L,-1.21,1.89,180.8,392,22.7,40.5,합격
L00254,2026-04-06 01:41,P-SEOUL-01,F-3,야간,500mL,1.98,2.09,180.5,407,29.3,55.4,합격
L00255,2026-04-06 01:42,P-SEOUL-01,F-2,야간,1L,-0.56,2.05,179.6,395,24.5,56.0,합격
L00256,2026-04-06 02:04,P-SEOUL-01,F-1,야간,500mL,0.39,2.12,179.5,399,27.0,60.0,합격
L00257,2026-04-06 02:46,P-SEOUL-01,F-1,야간,2L,-0.64,1.97,179.6,387,24.0,54.3,합격
L00258,2026-04-06 03:13,P-SEOUL-01,F-1,야간,2L,0.32,1.95,180.8,392,25.3,56.2,합격
L00259,2026-04-06 03:21,P-SEOUL-01,F-1,야간,1L,-0.43,2.22,182.6,420,27.6,55.1,합격
L00260,2026-04-06 03:37,P-SEOUL-01,F-1,야간,500mL,-0.18,2.1,177.2,398,23.6,54.2,합격
L00261,2026-04-06 03:38,P-SEOUL-01,F-3,야간,500mL,0.55,1.34,179.6,395,25.1,,재검
L00262,2026-04-06 04:01,P-SEOUL-01,F-2,야간,500mL,-0.27,2.21,180.6,403,23.0,60.3,합격
L00263,2026-04-06 04:15,P-SEOUL-01,F-1,야간,2L,-1.47,2.05,181.0,387,18.9,48.8,합격
L00264,2026-04-06 04:31,P-SEOUL-01,F-2,야간,2L,0.64,1.86,179.5,391,19.0,,합격
L00265,2026-04-06 05:07,P-SEOUL-01,F-3,야간,1L,0.32,2.11,180.0,396,27.6,56.8,합격
L00266,2026-04-06 05:37,P-SEOUL-01,F-3,야간,1L,0.78,2.05,175.8,400,17.4,43.2,합격
L00267,2026-04-06 05:46,P-SEOUL-01,F-1,야간,500mL,1.09,1.97,177.5,360,22.6,49.4,합격
L00268,2026-04-06 06:00,P-SEOUL-01,F-1,주간,1L,1.01,2.21,178.8,421,24.5,56.1,합격
L00269,2026-04-06 07:03,P-SEOUL-01,F-2,주간,1L,1.35,2.2,178.2,407,23.5,52.9,합격
L00270,2026-04-06 07:26,P-SEOUL-01,F-2,주간,500mL,0.59,2.31,181.1,415,21.8,64.9,합격
L00271,2026-04-06 07:31,P-SEOUL-01,F-3,주간,500mL,-0.29,2.11,178.6,397,23.8,47.6,합격
L00272,2026-04-06 08:05,P-SEOUL-01,F-3,주간,500mL,-4.13,2.11,176.3,399,28.8,63.3,재검
L00273,2026-04-06 10:21,P-SEOUL-01,F-3,주간,1L,0.11,2.04,177.7,417,27.8,41.3,합격
L00274,2026-04-06 10:52,P-SEOUL-01,F-1,주간,1L,-1.29,1.45,178.8,402,21.6,59.8,재검
L00275,2026-04-06 11:00,P-SEOUL-01,F-2,주간,2L,-0.15,2.18,179.5,383,28.7,34.0,합격
L00276,2026-04-06 11:24,P-SEOUL-01,F-3,주간,500mL,-0.26,2.02,178.7,413,24.5,60.3,재검
L00277,2026-04-06 12:16,P-SEOUL-01,F-1,주간,500mL,-0.24,1.93,180.5,413,28.3,52.7,합격
L00278,2026-04-06 12:18,P-SEOUL-01,F-2,주간,500mL,-0.09,2.34,182.3,386,21.0,48.5,합격
L00279,2026-04-06 12:58,P-SEOUL-01,F-1,주간,2L,0.37,2.15,181.6,381,27.0,63.6,합격
L00280,2026-04-06 13:14,P-SEOUL-01,F-1,주간,2L,0.85,2.11,179.9,392,22.9,54.5,합격
L00281,2026-04-06 13:34,P-SEOUL-01,F-3,주간,2L,0.06,1.95,177.9,398,22.2,54.8,합격
L00282,2026-04-06 14:25,P-SEOUL-01,F-2,오후,500mL,0.67,2.19,176.9,412,17.9,54.3,합격
L00283,2026-04-06 14:58,P-SEOUL-01,F-1,오후,1L,0.43,1.98,181.0,410,25.1,48.1,합격
L00284,2026-04-06 16:03,P-SEOUL-01,F-2,오후,500mL,-1.83,2.18,181.5,408,23.4,57.0,합격
L00285,2026-04-06 16:20,P-SEOUL-01,F-2,오후,500mL,2.17,1.91,179.1,394,18.7,47.2,합격
L00286,2026-04-06 16:42,P-SEOUL-01,F-1,오후,2L,-0.34,,177.5,401,18.0,64.1,합격
L00287,2026-04-06 16:48,P-SEOUL-01,F-3,오후,500mL,0.39,1.97,179.5,418,24.8,48.5,합격
L00288,2026-04-06 17:14,P-SEOUL-01,F-3,오후,500mL,0.18,2.04,177.5,404,21.6,53.0,합격
L00289,2026-04-06 17:21,P-SEOUL-01,F-2,오후,500mL,0.17,2.11,183.9,394,23.1,44.1,합격
L00290,2026-04-06 17:27,P-SEOUL-01,F-3,오후,500mL,-0.25,2.02,176.0,385,21.1,44.3,합격
L00291,2026-04-06 17:49,P-SEOUL-01,F-1,오후,500mL,-0.44,2.23,181.2,408,29.2,51.5,합격
L00292,2026-04-06 18:35,P-SEOUL-01,F-1,오후,500mL,0.88,2.05,178.3,426,26.1,53.2,합격
L00293,2026-04-06 18:37,P-SEOUL-01,F-3,오후,500mL,-0.65,2.18,181.1,388,26.5,47.9,합격
L00294,2026-04-06 18:48,P-SEOUL-01,F-2,오후,500mL,-1.13,2.18,177.8,401,28.5,59.9,합격
L00295,2026-04-06 19:28,P-SEOUL-01,F-1,오후,1L,0.49,2.19,179.5,409,25.4,68.5,합격
L00296,2026-04-06 19:32,P-SEOUL-01,F-1,오후,500mL,0.25,,179.2,391,19.4,48.9,합격
L00297,2026-04-06 19:59,P-SEOUL-01,F-2,오후,500mL,0.7,2.14,183.0,403,27.8,,합격
L00298,2026-04-06 21:10,P-SEOUL-01,F-2,오후,1L,0.29,2.18,181.8,414,21.3,42.1,합격
L00299,2026-04-06 22:19,P-SEOUL-01,F-2,야간,1L,-0.6,,184.1,389,27.7,60.5,합격
L00300,2026-04-06 22:24,P-SEOUL-01,F-2,야간,500mL,-0.43,2.11,177.4,402,21.8,42.0,합격
L00301,2026-04-06 22:30,P-SEOUL-01,F-2,야간,1L,0.82,1.9,179.7,423,21.8,59.9,합격
L00302,2026-04-06 22:34,P-SEOUL-01,F-2,야간,1L,-1.65,2.13,179.0,424,27.0,59.2,합격
L00303,2026-04-06 22:43,P-SEOUL-01,F-2,야간,500mL,0.61,2.07,180.7,391,26.8,50.9,합격
L00304,2026-04-06 23:51,P-SEOUL-01,F-2,야간,1L,1.1,1.91,180.2,396,25.1,52.5,합격
L00305,2026-04-07 00:31,P-SEOUL-01,F-2,야간,500mL,0.07,2.03,181.5,405,26.7,64.6,합격
L00306,2026-04-07 01:03,P-SEOUL-01,F-3,야간,2L,0.41,2.14,177.2,372,19.5,54.3,합격
L00307,2026-04-07 01:34,P-SEOUL-01,F-1,야간,1L,0.22,1.92,183.1,398,24.4,,합격
L00308,2026-04-07 02:01,P-SEOUL-01,F-2,야간,1L,-0.09,1.83,180.4,401,18.4,52.1,합격
L00309,2026-04-07 02:50,P-SEOUL-01,F-2,야간,2L,-0.39,2.12,181.1,430,27.6,50.9,합격
L00310,2026-04-07 03:04,P-SEOUL-01,F-3,야간,1L,0.43,1.88,180.0,419,21.1,44.7,합격
L00311,2026-04-07 03:44,P-SEOUL-01,F-1,야간,1L,1.23,2.26,185.4,398,25.1,53.3,합격
L00312,2026-04-07 04:04,P-SEOUL-01,F-2,야간,2L,-0.72,2.28,182.0,390,27.6,47.4,합격
L00313,2026-04-07 04:34,P-SEOUL-01,F-1,야간,1L,-0.08,1.96,179.3,395,24.1,49.7,합격
L00314,2026-04-07 04:41,P-SEOUL-01,F-3,야간,1L,1.98,2.16,184.6,404,24.1,45.9,합격
L00315,2026-04-07 04:48,P-SEOUL-01,F-2,야간,500mL,-0.8,1.21,181.2,397,28.7,55.7,재검
L00316,2026-04-07 04:59,P-SEOUL-01,F-3,야간,500mL,-0.78,2.04,179.0,417,25.5,55.6,합격
L00317,2026-04-07 07:38,P-SEOUL-01,F-2,주간,1L,0.37,2.03,180.3,399,20.7,43.7,합격
L00318,2026-04-07 08:51,P-SEOUL-01,F-1,주간,500mL,0.26,2.09,181.0,402,20.6,52.3,합격
L00319,2026-04-07 09:05,P-SEOUL-01,F-3,주간,500mL,-0.75,2.06,177.7,393,26.0,54.8,합격
L00320,2026-04-07 09:51,P-SEOUL-01,F-1,주간,500mL,-0.04,2.38,180.5,397,25.3,58.5,합격
L00321,2026-04-07 09:54,P-SEOUL-01,F-1,주간,2L,-0.66,2.27,177.6,395,22.6,47.9,합격
L00322,2026-04-07 09:57,P-SEOUL-01,F-1,주간,1L,1.47,2.2,179.8,403,21.1,68.4,합격
L00323,2026-04-07 10:10,P-SEOUL-01,F-2,주간,500mL,0.8,2.09,178.7,414,25.4,52.3,합격
L00324,2026-04-07 10:12,P-SEOUL-01,F-1,주간,1L,0.25,2.29,180.5,406,26.3,42.4,합격
L00325,2026-04-07 10:27,P-SEOUL-01,F-3,주간,2L,-0.43,2.03,178.6,391,26.3,61.6,합격
L00326,2026-04-07 10:37,P-SEOUL-01,F-2,주간,500mL,-1.64,1.95,183.7,409,25.5,40.6,합격
L00327,2026-04-07 11:06,P-SEOUL-01,F-3,주간,500mL,0.25,2.25,180.3,387,20.7,65.3,합격
L00328,2026-04-07 11:21,P-SEOUL-01,F-2,주간,500mL,-0.33,1.99,182.1,392,20.8,44.6,합격
L00329,2026-04-07 12:10,P-SEOUL-01,F-1,주간,1L,-0.17,2.18,180.2,410,22.1,62.8,합격
L00330,2026-04-07 12:51,P-SEOUL-01,F-1,주간,500mL,-4.94,2.23,176.3,390,25.4,58.8,재검
L00331,2026-04-07 13:03,P-SEOUL-01,F-1,주간,2L,0.78,2.15,180.4,394,24.5,70.8,합격
L00332,2026-04-07 13:06,P-SEOUL-01,F-1,주간,2L,-1.71,2.17,176.7,422,27.2,51.9,합격
L00333,2026-04-07 13:12,P-SEOUL-01,F-1,주간,1L,0.43,2.11,177.5,404,29.9,66.7,합격
L00334,2026-04-07 13:14,P-SEOUL-01,F-1,주간,1L,0.94,2.24,179.2,389,25.0,57.2,합격
L00335,2026-04-07 13:38,P-SEOUL-01,F-1,주간,2L,-0.83,2.05,180.9,421,22.3,38.2,합격
L00336,2026-04-07 13:44,P-SEOUL-01,F-1,주간,1L,-0.75,2.35,178.5,408,21.6,58.2,합격
L00337,2026-04-07 13:49,P-SEOUL-01,F-1,주간,500mL,-0.24,2.24,179.2,410,17.7,60.7,합격
L00338,2026-04-07 14:18,P-SEOUL-01,F-3,오후,2L,0.34,2.19,181.9,416,26.0,63.5,합격
L00339,2026-04-07 14:35,P-SEOUL-01,F-2,오후,2L,0.55,,181.9,421,24.5,49.1,합격
L00340,2026-04-07 14:49,P-SEOUL-01,F-3,오후,1L,1.13,2.08,180.5,415,20.2,58.5,합격
L00341,2026-04-07 15:10,P-SEOUL-01,F-3,오후,500mL,0.42,2.11,178.9,407,25.0,52.3,합격
L00342,2026-04-07 15:15,P-SEOUL-01,F-2,오후,2L,-1.83,2.05,180.4,404,27.6,40.0,합격
L00343,2026-04-07 15:15,P-SEOUL-01,F-2,오후,1L,0.25,1.95,178.4,403,22.8,46.1,합격
L00344,2026-04-07 15:15,P-SEOUL-01,F-1,오후,1L,-0.91,2.09,178.4,381,26.5,,재검
L00345,2026-04-07 15:24,P-SEOUL-01,F-1,오후,500mL,-0.76,2.08,177.0,364,22.4,49.0,합격
L00346,2026-04-07 15:55,P-SEOUL-01,F-2,오후,500mL,-0.17,2.19,179.7,413,24.4,41.2,합격
L00347,2026-04-07 15:58,P-SEOUL-01,F-1,오후,1L,1.34,2.2,179.5,399,25.0,55.3,합격
L00348,2026-04-07 16:43,P-SEOUL-01,F-2,오후,2L,-1.28,2.14,178.4,393,21.3,44.1,합격
L00349,2026-04-07 17:01,P-SEOUL-01,F-3,오후,1L,0.47,1.93,180.1,394,26.7,72.0,합격
L00350,2026-04-07 17:09,P-SEOUL-01,F-1,오후,500mL,-0.0,1.91,178.9,412,28.0,55.4,합격
L00351,2026-04-07 17:11,P-SEOUL-01,F-1,오후,1L,-1.3,2.12,180.5,431,19.1,64.3,합격
L00352,2026-04-07 18:12,P-SEOUL-01,F-1,오후,2L,0.61,2.08,184.4,411,24.6,49.4,합격
L00353,2026-04-07 19:46,P-SEOUL-01,F-3,오후,2L,1.25,2.09,177.5,420,23.2,43.9,합격
L00354,2026-04-07 20:03,P-SEOUL-01,F-3,오후,500mL,-1.29,2.19,180.3,407,24.6,65.9,합격
L00355,2026-04-07 20:32,P-SEOUL-01,F-2,오후,1L,0.97,2.04,176.7,405,19.3,47.1,합격
L00356,2026-04-07 20:44,P-SEOUL-01,F-2,오후,500mL,-1.2,2.15,180.1,399,27.3,48.4,합격
L00357,2026-04-07 20:58,P-SEOUL-01,F-1,오후,500mL,-1.53,2.1,182.8,378,24.7,50.3,합격
L00358,2026-04-07 21:28,P-SEOUL-01,F-3,오후,2L,2.34,2.05,180.0,398,18.6,57.1,합격
L00359,2026-04-07 22:28,P-SEOUL-01,F-1,야간,500mL,0.41,1.97,180.4,408,23.4,53.2,합격
L00360,2026-04-07 22:59,P-SEOUL-01,F-2,야간,2L,-0.89,2.37,180.2,418,23.0,60.0,합격
L00361,2026-04-07 23:02,P-SEOUL-01,F-1,야간,2L,-2.04,1.95,182.9,412,24.3,55.5,합격
L00362,2026-04-07 23:12,P-SEOUL-01,F-1,야간,500mL,-0.68,2.09,180.4,383,22.0,52.8,합격
L00363,2026-04-07 23:16,P-SEOUL-01,F-1,야간,500mL,0.24,2.01,181.4,418,27.7,35.2,합격
L00364,2026-04-07 23:26,P-SEOUL-01,F-1,야간,1L,-1.14,1.87,180.1,397,27.2,44.5,합격
L00365,2026-04-08 00:05,P-SEOUL-01,F-3,야간,1L,1.62,2.04,180.9,417,28.5,43.9,합격
L00366,2026-04-08 00:11,P-SEOUL-01,F-2,야간,2L,1.83,1.83,181.0,395,25.6,33.4,합격
L00367,2026-04-08 00:14,P-SEOUL-01,F-1,야간,500mL,-0.53,1.85,178.9,397,18.4,66.7,합격
L00368,2026-04-08 00:51,P-SEOUL-01,F-2,야간,1L,1.01,1.88,176.5,410,22.7,41.6,합격
L00369,2026-04-08 01:11,P-SEOUL-01,F-1,야간,500mL,-2.25,1.9,179.8,400,27.6,57.0,합격
L00370,2026-04-08 01:14,P-SEOUL-01,F-2,야간,2L,1.23,2.09,177.0,408,21.7,46.7,합격
L00371,2026-04-08 02:44,P-SEOUL-01,F-1,야간,500mL,-0.1,2.01,180.6,385,29.2,66.9,합격
L00372,2026-04-08 03:49,P-SEOUL-01,F-2,야간,500mL,-0.41,2.07,179.6,396,28.1,61.8,합격
L00373,2026-04-08 03:56,P-SEOUL-01,F-3,야간,500mL,0.24,1.88,176.5,415,30.8,50.6,합격
L00374,2026-04-08 03:59,P-SEOUL-01,F-1,야간,1L,-0.08,1.85,175.5,424,25.4,56.5,합격
L00375,2026-04-08 04:17,P-SEOUL-01,F-2,야간,1L,-1.85,2.06,182.7,411,20.6,45.5,합격
L00376,2026-04-08 04:39,P-SEOUL-01,F-3,야간,500mL,-0.11,1.93,179.7,381,24.2,52.7,합격
L00377,2026-04-08 04:42,P-SEOUL-01,F-2,야간,500mL,-0.46,1.94,179.4,373,24.4,52.6,합격
L00378,2026-04-08 04:53,P-SEOUL-01,F-1,야간,500mL,-1.96,2.0,180.3,398,26.3,44.2,합격
L00379,2026-04-08 05:22,P-SEOUL-01,F-1,야간,1L,0.88,2.15,179.5,402,24.5,60.5,합격
L00380,2026-04-08 08:06,P-SEOUL-01,F-2,주간,2L,-1.43,1.95,180.4,384,22.6,43.2,합격
L00381,2026-04-08 08:35,P-SEOUL-01,F-3,주간,500mL,0.5,2.43,180.3,408,28.8,42.7,합격
L00382,2026-04-08 08:35,P-SEOUL-01,F-1,주간,2L,0.2,2.19,180.0,384,25.7,50.5,합격
L00383,2026-04-08 09:06,P-SEOUL-01,F-3,주간,500mL,0.64,2.0,177.4,415,34.1,54.8,합격
L00384,2026-04-08 09:09,P-SEOUL-01,F-3,주간,1L,-0.42,2.07,178.3,388,25.7,50.0,합격
L00385,2026-04-08 10:03,P-SEOUL-01,F-3,주간,500mL,5.27,2.25,176.1,411,26.0,50.6,재검
L00386,2026-04-08 10:45,P-SEOUL-01,F-2,주간,500mL,-1.39,2.2,179.0,406,22.3,52.2,합격
L00387,2026-04-08 12:05,P-SEOUL-01,F-2,주간,500mL,-0.26,1.95,176.0,413,18.9,54.6,합격
L00388,2026-04-08 12:54,P-SEOUL-01,F-3,주간,1L,0.12,2.2,180.0,415,25.9,59.5,합격
L00389,2026-04-08 13:04,P-SEOUL-01,F-1,주간,500mL,-2.21,1.99,179.9,389,23.5,51.7,합격
L00390,2026-04-08 13:35,P-SEOUL-01,F-2,주간,1L,-0.4,2.09,180.3,389,26.1,45.8,합격
L00391,2026-04-08 13:40,P-SEOUL-01,F-1,주간,500mL,-0.44,2.1,178.8,403,19.3,54.5,합격
L00392,2026-04-08 13:58,P-SEOUL-01,F-2,주간,2L,-0.36,2.18,178.5,396,24.7,57.1,합격
L00393,2026-04-08 14:42,P-SEOUL-01,F-1,오후,2L,0.5,2.11,181.2,408,19.0,51.8,합격
L00394,2026-04-08 15:16,P-SEOUL-01,F-1,오후,500mL,0.17,1.98,176.8,386,25.0,54.7,합격
L00395,2026-04-08 15:17,P-SEOUL-01,F-3,오후,1L,-0.23,2.25,178.8,413,22.8,43.6,합격
L00396,2026-04-08 15:35,P-SEOUL-01,F-1,오후,500mL,-0.76,2.16,182.1,405,21.3,,합격
L00397,2026-04-08 16:19,P-SEOUL-01,F-1,오후,500mL,-0.18,2.13,176.9,381,28.6,64.3,합격
L00398,2026-04-08 16:26,P-SEOUL-01,F-1,오후,1L,-0.6,1.93,181.5,378,21.0,57.7,합격
L00399,2026-04-08 16:48,P-SEOUL-01,F-2,오후,500mL,-1.14,1.99,179.6,401,24.1,54.2,합격
L00400,2026-04-08 16:53,P-SEOUL-01,F-2,오후,1L,-0.11,2.02,178.7,404,18.9,64.2,합격
L00401,2026-04-08 16:54,P-SEOUL-01,F-2,오후,2L,0.04,1.98,179.8,380,24.4,50.9,합격
L00402,2026-04-08 18:00,P-SEOUL-01,F-1,오후,500mL,-0.45,2.02,178.4,417,25.2,42.5,합격
L00403,2026-04-08 18:13,P-SEOUL-01,F-1,오후,500mL,-0.39,2.31,181.3,376,17.8,58.0,합격
L00404,2026-04-08 18:46,P-SEOUL-01,F-3,오후,500mL,0.24,2.14,176.3,389,21.1,68.7,합격
L00405,2026-04-08 19:17,P-SEOUL-01,F-2,오후,2L,0.59,2.16,179.5,376,22.1,48.1,합격
L00406,2026-04-08 20:41,P-SEOUL-01,F-3,오후,1L,-1.32,2.27,179.7,402,25.0,53.6,합격
L00407,2026-04-08 20:44,P-SEOUL-01,F-3,오후,2L,0.46,2.26,183.8,407,26.3,59.6,합격
L00408,2026-04-08 21:02,P-SEOUL-01,F-2,오후,2L,0.21,2.31,181.0,405,27.9,44.8,합격
L00409,2026-04-08 21:05,P-SEOUL-01,F-2,오후,1L,-1.26,2.11,177.2,404,22.4,56.7,합격
L00410,2026-04-08 22:07,P-SEOUL-01,F-2,야간,500mL,-0.2,2.1,179.7,386,23.9,69.2,합격
L00411,2026-04-08 22:37,P-SEOUL-01,F-3,야간,500mL,-1.88,1.94,179.5,407,23.6,40.6,합격
L00412,2026-04-08 23:15,P-SEOUL-01,F-1,야간,1L,-0.14,2.23,176.7,395,22.9,46.8,합격
L00413,2026-04-09 00:05,P-SEOUL-01,F-2,야간,1L,1.03,1.96,178.1,407,26.4,51.8,합격
L00414,2026-04-09 00:41,P-SEOUL-01,F-2,야간,500mL,1.38,1.53,178.5,419,26.9,58.2,재검
L00415,2026-04-09 00:52,P-SEOUL-01,F-2,야간,2L,1.32,1.94,180.6,402,25.6,55.1,합격
L00416,2026-04-09 02:07,P-SEOUL-01,F-1,야간,500mL,-0.58,1.94,179.7,397,28.8,56.7,합격
L00417,2026-04-09 02:38,P-SEOUL-01,F-3,야간,500mL,0.43,2.0,179.3,394,23.4,44.0,합격
L00418,2026-04-09 03:13,P-SEOUL-01,F-2,야간,500mL,0.83,1.9,182.8,401,26.2,49.4,합격
L00419,2026-04-09 03:21,P-SEOUL-01,F-2,야간,500mL,-0.96,2.02,178.4,403,24.3,57.9,합격
L00420,2026-04-09 03:26,P-SEOUL-01,F-3,야간,1L,0.66,2.17,182.9,403,32.0,46.8,합격
L00421,2026-04-09 03:40,P-SEOUL-01,F-2,야간,1L,-0.18,1.9,179.3,403,23.3,43.8,합격
L00422,2026-04-09 04:22,P-SEOUL-01,F-2,야간,500mL,1.03,2.08,179.4,409,27.7,60.7,합격
L00423,2026-04-09 04:47,P-SEOUL-01,F-3,야간,1L,-0.48,1.95,178.7,392,22.9,55.3,합격
L00424,2026-04-09 05:13,P-SEOUL-01,F-2,야간,1L,-0.13,1.95,177.7,395,20.4,44.4,합격
L00425,2026-04-09 06:03,P-SEOUL-01,F-3,주간,500mL,-0.11,2.09,180.1,410,20.9,49.5,합격
L00426,2026-04-09 06:40,P-SEOUL-01,F-2,주간,2L,-1.22,,181.4,397,30.8,53.9,합격
L00427,2026-04-09 06:49,P-SEOUL-01,F-3,주간,2L,0.02,2.09,181.1,412,21.2,62.6,합격
L00428,2026-04-09 07:23,P-SEOUL-01,F-2,주간,1L,-0.23,1.99,180.0,395,26.5,59.5,합격
L00429,2026-04-09 08:15,P-SEOUL-01,F-2,주간,500mL,0.17,2.31,181.3,399,27.1,48.0,합격
L00430,2026-04-09 08:50,P-SEOUL-01,F-2,주간,1L,-0.04,2.01,180.0,401,17.0,54.0,합격
L00431,2026-04-09 09:16,P-SEOUL-01,F-3,주간,1L,1.1,2.18,180.4,387,24.9,42.2,합격
L00432,2026-04-09 09:27,P-SEOUL-01,F-2,주간,500mL,-0.28,2.25,184.7,382,21.1,50.2,합격
L00433,2026-04-09 09:41,P-SEOUL-01,F-1,주간,500mL,-1.04,2.18,180.9,434,26.3,46.6,합격
L00434,2026-04-09 10:03,P-SEOUL-01,F-3,주간,500mL,0.53,1.8,180.3,391,19.8,52.3,합격
L00435,2026-04-09 10:37,P-SEOUL-01,F-2,주간,1L,0.07,1.99,184.4,409,23.9,53.1,합격
L00436,2026-04-09 11:11,P-SEOUL-01,F-3,주간,1L,-0.15,2.14,179.4,401,23.5,56.6,합격
L00437,2026-04-09 11:48,P-SEOUL-01,F-3,주간,2L,-0.04,2.19,180.0,383,24.9,54.6,합격
L00438,2026-04-09 14:32,P-SEOUL-01,F-2,오후,1L,-0.42,2.07,182.5,385,18.6,45.5,합격
L00439,2026-04-09 14:40,P-SEOUL-01,F-2,오후,500mL,-0.36,2.11,182.7,376,19.6,45.1,합격
L00440,2026-04-09 15:03,P-SEOUL-01,F-2,오후,1L,1.38,2.01,179.6,392,19.1,67.7,합격
L00441,2026-04-09 15:19,P-SEOUL-01,F-3,오후,1L,1.19,2.17,182.9,389,22.1,61.2,합격
L00442,2026-04-09 16:11,P-SEOUL-01,F-3,오후,500mL,0.11,2.2,178.8,397,21.7,58.6,합격
L00443,2026-04-09 16:18,P-SEOUL-01,F-2,오후,1L,2.58,2.46,183.1,385,20.1,40.1,합격
L00444,2026-04-09 16:19,P-SEOUL-01,F-2,오후,2L,-0.8,2.27,185.0,399,18.5,53.7,합격
L00445,2026-04-09 16:28,P-SEOUL-01,F-1,오후,500mL,-0.5,,180.2,389,26.7,48.1,합격
L00446,2026-04-09 16:35,P-SEOUL-01,F-3,오후,500mL,0.11,2.06,179.6,384,25.3,51.9,합격
L00447,2026-04-09 16:55,P-SEOUL-01,F-2,오후,500mL,0.79,2.21,181.2,382,26.1,74.5,합격
L00448,2026-04-09 17:13,P-SEOUL-01,F-1,오후,500mL,-0.2,2.1,179.3,400,21.9,48.2,합격
L00449,2026-04-09 18:27,P-SEOUL-01,F-2,오후,500mL,0.41,1.88,182.9,377,24.0,56.5,합격
L00450,2026-04-09 18:29,P-SEOUL-01,F-2,오후,500mL,1.41,2.32,176.5,395,22.7,41.8,합격
L00451,2026-04-09 19:42,P-SEOUL-01,F-1,오후,500mL,-0.46,2.02,181.0,396,24.2,37.0,합격
L00452,2026-04-09 19:52,P-SEOUL-01,F-2,오후,500mL,0.73,2.1,176.7,388,28.7,61.3,합격
L00453,2026-04-09 20:39,P-SEOUL-01,F-1,오후,1L,1.26,2.02,181.1,392,24.4,46.2,합격
L00454,2026-04-09 21:11,P-SEOUL-01,F-2,오후,500mL,1.32,2.05,179.8,396,22.4,40.1,합격
L00455,2026-04-09 22:43,P-SEOUL-01,F-3,야간,500mL,-0.51,1.98,180.9,380,25.4,56.0,합격
L00456,2026-04-09 22:44,P-SEOUL-01,F-1,야간,1L,-0.99,2.12,178.4,415,23.5,47.8,합격
L00457,2026-04-09 23:06,P-SEOUL-01,F-3,야간,500mL,0.52,2.14,179.4,411,25.7,61.6,합격
L00458,2026-04-09 23:30,P-SEOUL-01,F-1,야간,1L,0.94,2.08,178.6,396,26.2,51.3,합격
L00459,2026-04-09 23:38,P-SEOUL-01,F-3,야간,500mL,0.07,2.08,180.0,408,22.4,66.1,합격
L00460,2026-04-09 23:41,P-SEOUL-01,F-1,야간,1L,-0.45,2.04,179.3,383,22.8,69.2,합격
L00461,2026-04-09 23:49,P-SEOUL-01,F-2,야간,500mL,0.5,1.98,179.3,411,24.2,52.5,합격
L00462,2026-04-10 00:45,P-SEOUL-01,F-1,야간,500mL,-0.09,1.87,178.6,391,21.4,61.5,합격
L00463,2026-04-10 00:51,P-SEOUL-01,F-3,야간,500mL,-2.4,1.5,179.0,401,23.1,53.1,재검
L00464,2026-04-10 00:51,P-SEOUL-01,F-1,야간,1L,-0.87,2.23,181.0,406,25.1,48.5,합격
L00465,2026-04-10 01:08,P-SEOUL-01,F-2,야간,1L,0.02,1.97,183.1,405,23.9,46.1,합격
L00466,2026-04-10 01:16,P-SEOUL-01,F-2,야간,1L,-1.29,2.02,182.4,411,26.1,,합격
L00467,2026-04-10 01:35,P-SEOUL-01,F-3,야간,500mL,0.46,2.28,181.0,422,20.0,63.7,합격
L00468,2026-04-10 01:40,P-SEOUL-01,F-2,야간,500mL,0.64,1.97,179.2,421,27.5,48.2,합격
L00469,2026-04-10 02:07,P-SEOUL-01,F-3,야간,1L,-1.33,1.41,181.4,413,19.8,40.8,재검
L00470,2026-04-10 03:46,P-SEOUL-01,F-1,야간,1L,0.33,1.82,178.1,404,27.9,43.3,합격
L00471,2026-04-10 04:37,P-SEOUL-01,F-2,야간,2L,0.33,2.11,183.0,401,24.1,40.0,합격
L00472,2026-04-10 07:01,P-SEOUL-01,F-3,주간,1L,-0.65,1.96,182.3,397,23.3,40.4,합격
L00473,2026-04-10 07:18,P-SEOUL-01,F-3,주간,2L,-0.39,1.25,179.3,389,28.4,41.3,재검
L00474,2026-04-10 07:45,P-SEOUL-01,F-2,주간,2L,-1.21,2.13,176.4,389,19.6,49.2,합격
L00475,2026-04-10 09:03,P-SEOUL-01,F-3,주간,1L,-0.67,2.31,180.3,406,28.7,58.9,합격
L00476,2026-04-10 09:49,P-SEOUL-01,F-1,주간,2L,0.42,1.99,183.2,417,19.7,52.4,합격
L00477,2026-04-10 10:01,P-SEOUL-01,F-1,주간,1L,-0.21,2.1,178.2,375,23.4,43.6,합격
L00478,2026-04-10 11:07,P-SEOUL-01,F-1,주간,1L,1.0,2.04,180.3,397,24.1,64.4,합격
L00479,2026-04-10 12:08,P-SEOUL-01,F-1,주간,2L,4.19,1.86,177.7,382,21.6,59.3,재검
L00480,2026-04-10 12:32,P-SEOUL-01,F-1,주간,2L,0.1,2.01,181.3,424,24.3,55.7,합격
L00481,2026-04-10 12:55,P-SEOUL-01,F-1,주간,1L,-1.06,2.22,182.7,390,22.6,46.3,합격
L00482,2026-04-10 12:58,P-SEOUL-01,F-3,주간,1L,-0.54,1.93,182.1,412,28.0,52.9,재검
L00483,2026-04-10 13:18,P-SEOUL-01,F-1,주간,1L,-0.42,2.06,179.7,406,29.0,49.2,합격
L00484,2026-04-10 13:26,P-SEOUL-01,F-2,주간,500mL,0.92,2.15,179.2,396,21.9,36.0,합격
L00485,2026-04-10 13:31,P-SEOUL-01,F-2,주간,500mL,2.18,2.25,183.8,406,18.9,47.9,합격
L00486,2026-04-10 14:06,P-SEOUL-01,F-1,오후,500mL,0.15,1.86,178.2,398,24.2,46.8,합격
L00487,2026-04-10 15:11,P-SEOUL-01,F-1,오후,500mL,-2.23,2.0,178.7,387,25.9,38.9,합격
L00488,2026-04-10 15:29,P-SEOUL-01,F-1,오후,500mL,0.02,2.13,177.8,420,22.5,48.7,합격
L00489,2026-04-10 15:43,P-SEOUL-01,F-2,오후,500mL,-0.27,1.98,181.1,413,28.3,69.6,합격
L00490,2026-04-10 15:59,P-SEOUL-01,F-2,오후,2L,0.21,2.1,179.3,412,20.5,53.3,합격
L00491,2026-04-10 16:38,P-SEOUL-01,F-1,오후,1L,-0.39,1.99,177.9,398,27.6,59.6,합격
L00492,2026-04-10 16:44,P-SEOUL-01,F-2,오후,1L,1.22,2.01,182.0,423,24.4,46.8,합격
L00493,2026-04-10 17:06,P-SEOUL-01,F-2,오후,1L,1.12,1.92,180.3,394,26.5,50.9,합격
L00494,2026-04-10 17:23,P-SEOUL-01,F-1,오후,1L,0.21,1.88,179.8,411,21.5,48.8,합격
L00495,2026-04-10 17:31,P-SEOUL-01,F-3,오후,500mL,0.48,2.09,181.0,385,24.3,64.3,합격
L00496,2026-04-10 18:58,P-SEOUL-01,F-1,오후,500mL,-0.54,1.88,179.7,415,23.9,69.7,합격
L00497,2026-04-10 19:05,P-SEOUL-01,F-2,오후,500mL,-0.99,2.36,178.7,405,23.0,,합격
L00498,2026-04-10 19:49,P-SEOUL-01,F-3,오후,500mL,0.46,1.91,182.4,366,21.9,51.1,합격
L00499,2026-04-10 20:13,P-SEOUL-01,F-2,오후,500mL,1.03,2.04,181.0,405,26.1,52.8,합격
L00500,2026-04-10 20:27,P-SEOUL-01,F-3,오후,500mL,-1.02,2.0,180.9,396,26.0,57.6,합격
L00501,2026-04-10 20:31,P-SEOUL-01,F-2,오후,1L,-0.42,2.08,182.6,367,22.5,60.4,합격
L00502,2026-04-10 20:31,P-SEOUL-01,F-2,오후,500mL,0.33,2.11,180.1,407,23.9,55.0,합격
L00503,2026-04-10 21:47,P-SEOUL-01,F-3,오후,2L,0.7,2.36,180.0,409,29.9,58.9,합격
L00504,2026-04-10 21:52,P-SEOUL-01,F-3,오후,1L,-0.36,1.87,177.8,399,25.6,57.3,합격
L00505,2026-04-10 22:13,P-SEOUL-01,F-2,야간,500mL,-0.6,2.04,180.1,397,23.6,47.8,합격
L00506,2026-04-10 22:14,P-SEOUL-01,F-3,야간,2L,0.27,2.26,176.6,398,25.3,57.0,합격
L00507,2026-04-10 22:22,P-SEOUL-01,F-3,야간,1L,-0.77,2.11,183.2,414,23.0,69.3,합격
L00508,2026-04-10 23:23,P-SEOUL-01,F-3,야간,500mL,1.7,2.13,181.5,399,23.7,50.6,합격
L00509,2026-04-10 23:40,P-SEOUL-01,F-1,야간,2L,0.21,2.31,177.1,407,23.6,52.7,합격
L00510,2026-04-11 00:07,P-SEOUL-01,F-2,야간,500mL,-0.18,2.07,179.5,402,20.0,51.9,합격
L00511,2026-04-11 00:19,P-SEOUL-01,F-1,야간,500mL,0.14,2.09,179.1,409,25.2,49.1,합격
L00512,2026-04-11 00:25,P-SEOUL-01,F-1,야간,500mL,0.4,2.0,180.0,414,23.0,34.0,합격
L00513,2026-04-11 00:43,P-SEOUL-01,F-1,야간,1L,0.43,2.2,180.8,392,24.0,43.2,합격
L00514,2026-04-11 01:08,P-SEOUL-01,F-1,야간,500mL,-2.32,2.12,179.9,414,23.2,52.4,합격
L00515,2026-04-11 01:47,P-SEOUL-01,F-3,야간,2L,-0.02,2.31,178.8,375,27.8,44.4,합격
L00516,2026-04-11 02:27,P-SEOUL-01,F-2,야간,500mL,-0.15,2.07,180.1,380,23.9,42.3,합격
L00517,2026-04-11 05:29,P-SEOUL-01,F-1,야간,2L,-0.45,1.4,182.1,380,22.1,66.6,재검
L00518,2026-04-11 05:51,P-SEOUL-01,F-1,야간,1L,2.1,2.12,178.1,394,25.6,44.9,합격
L00519,2026-04-11 05:59,P-SEOUL-01,F-1,야간,1L,0.33,2.23,183.8,409,27.5,51.9,합격
L00520,2026-04-11 06:39,P-SEOUL-01,F-1,주간,1L,0.98,2.14,178.5,399,23.8,61.3,합격
L00521,2026-04-11 06:43,P-SEOUL-01,F-2,주간,1L,0.18,2.0,182.2,402,24.3,48.7,합격
L00522,2026-04-11 07:20,P-SEOUL-01,F-1,주간,500mL,-1.52,1.97,175.0,402,23.8,43.0,합격
L00523,2026-04-11 07:22,P-SEOUL-01,F-3,주간,500mL,-0.13,2.1,184.1,417,23.0,38.0,합격
L00524,2026-04-11 08:15,P-SEOUL-01,F-2,주간,500mL,1.3,2.01,177.6,406,25.5,55.3,합격
L00525,2026-04-11 08:57,P-SEOUL-01,F-1,주간,500mL,-0.87,,179.4,382,19.4,42.4,합격
L00526,2026-04-11 09:16,P-SEOUL-01,F-3,주간,500mL,2.28,2.09,180.3,397,25.8,47.0,합격
L00527,2026-04-11 09:16,P-SEOUL-01,F-3,주간,1L,1.0,2.25,182.9,391,25.8,69.1,합격
L00528,2026-04-11 09:22,P-SEOUL-01,F-2,주간,500mL,-0.56,2.14,181.8,404,28.6,42.8,합격
L00529,2026-04-11 09:57,P-SEOUL-01,F-2,주간,1L,1.63,2.18,177.4,417,19.4,49.5,합격
L00530,2026-04-11 11:54,P-SEOUL-01,F-3,주간,500mL,0.04,2.1,179.1,411,28.5,48.5,합격
L00531,2026-04-11 12:23,P-SEOUL-01,F-1,주간,1L,-1.01,2.05,178.3,397,26.3,47.4,합격
L00532,2026-04-11 13:30,P-SEOUL-01,F-1,주간,500mL,0.88,2.34,180.4,396,23.9,60.9,합격
L00533,2026-04-11 14:03,P-SEOUL-01,F-1,오후,2L,-0.7,1.93,178.4,399,26.5,43.9,합격
L00534,2026-04-11 14:32,P-SEOUL-01,F-2,오후,1L,-0.13,2.17,179.1,405,19.1,,합격
L00535,2026-04-11 15:02,P-SEOUL-01,F-3,오후,1L,-0.29,2.06,178.6,394,24.4,41.0,합격
L00536,2026-04-11 15:12,P-SEOUL-01,F-2,오후,500mL,-0.58,2.35,181.3,396,24.6,40.9,합격
L00537,2026-04-11 15:30,P-SEOUL-01,F-3,오후,2L,0.33,2.06,180.4,390,20.1,48.1,합격
L00538,2026-04-11 15:31,P-SEOUL-01,F-1,오후,500mL,-0.08,2.12,183.0,387,25.3,52.1,합격
L00539,2026-04-11 15:34,P-SEOUL-01,F-3,오후,500mL,0.61,2.12,177.9,405,21.2,53.7,합격
L00540,2026-04-11 15:36,P-SEOUL-01,F-2,오후,500mL,1.16,2.29,179.4,391,20.8,64.0,합격
L00541,2026-04-11 15:59,P-SEOUL-01,F-2,오후,2L,1.03,2.14,176.7,400,24.4,59.8,합격
L00542,2026-04-11 16:07,P-SEOUL-01,F-1,오후,500mL,-0.38,2.04,182.3,417,21.5,46.7,합격
L00543,2026-04-11 17:00,P-SEOUL-01,F-2,오후,1L,-1.19,2.21,180.5,399,20.9,51.3,합격
L00544,2026-04-11 17:18,P-SEOUL-01,F-1,오후,500mL,0.0,2.22,182.8,416,27.0,,합격
L00545,2026-04-11 17:37,P-SEOUL-01,F-2,오후,2L,-0.48,1.71,182.3,394,21.2,59.8,합격
L00546,2026-04-11 18:01,P-SEOUL-01,F-1,오후,500mL,0.28,2.25,182.6,386,23.2,50.1,합격
L00547,2026-04-11 18:40,P-SEOUL-01,F-2,오후,500mL,1.75,2.05,180.7,377,26.2,47.4,합격
L00548,2026-04-11 18:49,P-SEOUL-01,F-2,오후,1L,-0.68,2.16,180.1,400,26.9,60.8,합격
L00549,2026-04-11 20:08,P-SEOUL-01,F-1,오후,500mL,-0.75,2.27,182.8,385,26.6,54.4,합격
L00550,2026-04-11 21:00,P-SEOUL-01,F-3,오후,1L,0.43,2.09,178.6,404,24.5,55.2,합격
L00551,2026-04-11 21:06,P-SEOUL-01,F-3,오후,500mL,0.09,2.16,180.4,401,22.0,43.5,합격
L00552,2026-04-11 22:31,P-SEOUL-01,F-2,야간,2L,0.78,2.06,181.0,400,24.3,46.5,합격
L00553,2026-04-11 23:10,P-SEOUL-01,F-2,야간,1L,0.51,1.45,180.0,402,29.2,56.0,재검
L00554,2026-04-11 23:16,P-SEOUL-01,F-2,야간,2L,0.39,2.13,177.9,414,21.1,46.5,합격
L00555,2026-04-11 23:28,P-SEOUL-01,F-3,야간,2L,0.33,1.81,182.1,404,26.3,41.3,합격
L00556,2026-04-11 23:38,P-SEOUL-01,F-3,야간,1L,-0.39,2.16,178.5,385,29.7,41.9,합격
L00557,2026-04-11 23:56,P-SEOUL-01,F-1,야간,1L,1.19,2.17,183.1,390,20.2,61.2,합격
L00558,2026-04-12 00:08,P-SEOUL-01,F-2,야간,2L,0.64,1.82,177.5,417,20.7,57.1,합격
L00559,2026-04-12 00:20,P-SEOUL-01,F-2,야간,500mL,-1.52,1.89,177.7,417,29.4,55.6,합격
L00560,2026-04-12 00:33,P-SEOUL-01,F-2,야간,500mL,1.41,2.11,180.6,416,21.8,50.7,합격
L00561,2026-04-12 01:00,P-SEOUL-01,F-1,야간,2L,-0.53,2.32,182.4,398,22.5,57.4,합격
L00562,2026-04-12 01:37,P-SEOUL-01,F-3,야간,500mL,0.83,2.2,181.6,387,23.7,57.0,합격
L00563,2026-04-12 01:37,P-SEOUL-01,F-2,야간,1L,-0.44,2.13,180.4,396,27.0,61.1,합격
L00564,2026-04-12 01:46,P-SEOUL-01,F-2,야간,1L,0.52,2.18,182.8,421,25.6,56.1,합격
L00565,2026-04-12 02:52,P-SEOUL-01,F-1,야간,500mL,1.12,2.19,177.5,395,23.2,49.8,합격
L00566,2026-04-12 03:03,P-SEOUL-01,F-1,야간,500mL,1.94,1.83,180.0,393,24.3,64.8,합격
L00567,2026-04-12 03:09,P-SEOUL-01,F-1,야간,500mL,0.24,2.25,181.6,430,23.5,62.5,합격
L00568,2026-04-12 03:33,P-SEOUL-01,F-2,야간,1L,1.43,2.04,179.1,397,25.2,42.5,합격
L00569,2026-04-12 03:38,P-SEOUL-01,F-2,야간,500mL,-0.11,2.15,179.3,433,20.4,48.3,합격
L00570,2026-04-12 04:02,P-SEOUL-01,F-3,야간,1L,1.09,1.88,182.0,392,26.1,52.2,합격
L00571,2026-04-12 04:25,P-SEOUL-01,F-1,야간,500mL,-0.52,2.22,179.8,401,23.7,48.4,합격
L00572,2026-04-12 04:28,P-SEOUL-01,F-2,야간,1L,1.55,1.92,179.7,399,21.6,36.2,합격
L00573,2026-04-12 04:42,P-SEOUL-01,F-2,야간,1L,0.56,1.81,178.9,396,19.9,60.9,합격
L00574,2026-04-12 05:24,P-SEOUL-01,F-2,야간,500mL,1.2,2.11,178.5,387,19.9,55.6,합격
L00575,2026-04-12 05:35,P-SEOUL-01,F-2,야간,1L,-0.97,2.23,176.7,405,21.2,56.2,합격
L00576,2026-04-12 05:38,P-SEOUL-01,F-3,야간,1L,0.5,2.0,178.3,394,15.5,50.8,합격
L00577,2026-04-12 05:51,P-SEOUL-01,F-2,야간,2L,-0.08,1.95,178.8,428,23.9,59.9,합격
L00578,2026-04-12 06:48,P-SEOUL-01,F-1,주간,500mL,-0.15,2.05,178.6,396,22.6,65.3,합격
L00579,2026-04-12 06:58,P-SEOUL-01,F-2,주간,500mL,-1.67,1.94,178.6,427,21.9,53.2,합격
L00580,2026-04-12 07:08,P-SEOUL-01,F-2,주간,500mL,1.22,2.12,182.9,402,22.2,58.9,합격
L00581,2026-04-12 07:46,P-SEOUL-01,F-1,주간,1L,-0.03,1.91,179.0,387,25.2,57.3,합격
L00582,2026-04-12 08:25,P-SEOUL-01,F-1,주간,1L,-0.65,2.26,177.8,403,27.4,63.8,합격
L00583,2026-04-12 08:37,P-SEOUL-01,F-2,주간,1L,1.19,2.2,177.9,391,21.4,72.5,합격
L00584,2026-04-12 09:02,P-SEOUL-01,F-2,주간,1L,-0.23,2.21,181.4,374,22.3,42.3,합격
L00585,2026-04-12 09:32,P-SEOUL-01,F-3,주간,500mL,-0.58,2.23,180.8,406,21.8,47.3,합격
L00586,2026-04-12 09:56,P-SEOUL-01,F-1,주간,2L,0.98,2.13,180.9,432,24.9,46.3,합격
L00587,2026-04-12 10:09,P-SEOUL-01,F-3,주간,500mL,0.11,2.22,180.7,383,23.1,62.6,합격
L00588,2026-04-12 10:11,P-SEOUL-01,F-3,주간,500mL,4.78,2.02,181.2,391,23.2,56.1,재검
L00589,2026-04-12 10:14,P-SEOUL-01,F-2,주간,500mL,-0.04,2.36,181.4,392,27.5,49.2,합격
L00590,2026-04-12 10:18,P-SEOUL-01,F-2,주간,500mL,0.48,1.9,180.7,408,23.5,52.2,합격
L00591,2026-04-12 11:08,P-SEOUL-01,F-2,주간,500mL,0.03,1.99,178.5,407,26.7,54.5,합격
L00592,2026-04-12 11:24,P-SEOUL-01,F-2,주간,500mL,-0.2,2.13,179.2,390,20.8,57.4,합격
L00593,2026-04-12 11:28,P-SEOUL-01,F-1,주간,1L,-0.59,1.95,179.1,386,20.5,57.9,합격
L00594,2026-04-12 11:48,P-SEOUL-01,F-1,주간,500mL,-1.68,1.94,180.5,409,22.2,43.6,합격
L00595,2026-04-12 12:33,P-SEOUL-01,F-1,주간,2L,-0.14,2.1,180.0,397,27.2,,합격
L00596,2026-04-12 12:58,P-SEOUL-01,F-2,주간,500mL,0.22,2.18,181.0,404,19.0,49.7,합격
L00597,2026-04-12 13:28,P-SEOUL-01,F-3,주간,1L,-0.43,2.28,179.3,398,28.7,53.0,합격
L00598,2026-04-12 15:04,P-SEOUL-01,F-1,오후,500mL,0.67,2.04,182.0,414,28.2,47.4,합격
L00599,2026-04-12 15:19,P-SEOUL-01,F-2,오후,1L,0.45,2.09,179.3,402,19.5,49.8,합격
L00600,2026-04-12 16:06,P-SEOUL-01,F-1,오후,500mL,0.3,1.98,181.0,385,23.2,52.8,합격
L00601,2026-04-12 16:24,P-SEOUL-01,F-1,오후,2L,0.1,1.97,178.2,414,16.9,42.5,합격
L00602,2026-04-12 16:32,P-SEOUL-01,F-3,오후,500mL,1.23,2.12,179.9,400,27.1,55.7,합격
L00603,2026-04-12 16:33,P-SEOUL-01,F-2,오후,500mL,-0.13,2.08,178.6,417,22.6,59.0,합격
L00604,2026-04-12 16:45,P-SEOUL-01,F-3,오후,1L,-0.34,2.27,176.8,397,29.5,56.2,합격
L00605,2026-04-12 17:27,P-SEOUL-01,F-1,오후,1L,-2.35,2.28,180.6,379,23.5,64.7,합격
L00606,2026-04-12 17:35,P-SEOUL-01,F-1,오후,2L,-0.05,2.18,181.9,412,27.7,60.3,합격
L00607,2026-04-12 17:53,P-SEOUL-01,F-1,오후,500mL,-1.61,2.22,177.6,394,26.1,57.4,합격
L00608,2026-04-12 18:00,P-SEOUL-01,F-1,오후,500mL,-0.45,2.1,184.0,388,27.9,45.0,합격
L00609,2026-04-12 18:05,P-SEOUL-01,F-2,오후,1L,-0.92,1.31,180.4,392,27.1,56.0,재검
L00610,2026-04-12 18:10,P-SEOUL-01,F-3,오후,2L,-0.72,1.96,179.7,412,29.8,58.3,합격
L00611,2026-04-12 18:11,P-SEOUL-01,F-1,오후,2L,-0.2,2.06,181.0,410,24.3,47.9,합격
L00612,2026-04-12 18:25,P-SEOUL-01,F-2,오후,500mL,-0.83,1.93,180.3,379,21.9,51.4,합격
L00613,2026-04-12 18:46,P-SEOUL-01,F-1,오후,500mL,0.33,2.01,178.7,378,24.3,68.9,합격
L00614,2026-04-12 18:54,P-SEOUL-01,F-1,오후,1L,-0.0,2.3,178.8,393,24.1,55.3,합격
L00615,2026-04-12 19:14,P-SEOUL-01,F-1,오후,2L,-0.01,1.92,181.7,392,25.9,53.2,합격
L00616,2026-04-12 19:33,P-SEOUL-01,F-2,오후,1L,-1.32,2.32,179.6,395,21.9,45.0,합격
L00617,2026-04-12 20:11,P-SEOUL-01,F-1,오후,500mL,0.78,1.99,178.3,418,26.5,52.7,합격
L00618,2026-04-12 20:17,P-SEOUL-01,F-3,오후,500mL,-1.12,2.0,180.9,402,24.0,49.1,합격
L00619,2026-04-12 20:25,P-SEOUL-01,F-3,오후,500mL,0.93,2.1,179.8,401,27.9,54.5,합격
L00620,2026-04-12 20:33,P-SEOUL-01,F-1,오후,500mL,-0.59,2.32,183.4,367,30.3,48.8,합격
L00621,2026-04-12 20:55,P-SEOUL-01,F-3,오후,500mL,-0.43,1.98,178.3,377,29.5,51.4,합격
L00622,2026-04-12 20:55,P-SEOUL-01,F-1,오후,500mL,0.77,1.93,181.5,394,30.6,43.8,합격
L00623,2026-04-12 21:17,P-SEOUL-01,F-1,오후,2L,-0.95,2.06,183.0,409,30.1,57.3,합격
L00624,2026-04-12 21:46,P-SEOUL-01,F-2,오후,1L,1.33,2.1,180.8,413,27.5,54.9,합격
L00625,2026-04-12 22:03,P-SEOUL-01,F-2,야간,1L,-0.57,2.27,183.2,416,22.2,,합격
L00626,2026-04-12 22:21,P-SEOUL-01,F-2,야간,500mL,-0.04,2.05,178.4,403,27.7,,합격
L00627,2026-04-13 00:18,P-SEOUL-01,F-3,야간,500mL,1.49,2.12,179.3,395,21.5,58.7,합격
L00628,2026-04-13 00:53,P-SEOUL-01,F-1,야간,500mL,-0.1,1.9,180.9,394,22.1,55.9,합격
L00629,2026-04-13 01:25,P-SEOUL-01,F-1,야간,500mL,-0.69,2.06,181.3,418,24.1,43.0,합격
L00630,2026-04-13 01:49,P-SEOUL-01,F-3,야간,500mL,0.54,1.82,181.2,385,23.5,45.7,합격
L00631,2026-04-13 01:50,P-SEOUL-01,F-2,야간,500mL,0.32,1.94,178.6,395,25.0,45.3,합격
L00632,2026-04-13 02:11,P-SEOUL-01,F-1,야간,500mL,1.34,1.96,178.0,381,27.2,37.1,합격
L00633,2026-04-13 03:17,P-SEOUL-01,F-2,야간,1L,0.56,1.91,178.9,405,25.3,66.1,합격
L00634,2026-04-13 03:18,P-SEOUL-01,F-1,야간,2L,0.44,1.87,180.1,404,20.5,,합격
L00635,2026-04-13 04:19,P-SEOUL-01,F-1,야간,1L,-0.13,2.17,181.4,399,24.4,51.0,합격
L00636,2026-04-13 04:48,P-SEOUL-01,F-1,야간,500mL,0.02,2.21,179.7,405,27.7,43.1,합격
L00637,2026-04-13 05:11,P-SEOUL-01,F-1,야간,500mL,0.4,2.3,179.4,398,25.4,71.7,합격
L00638,2026-04-13 05:51,P-SEOUL-01,F-3,야간,2L,-0.68,2.05,183.3,415,24.6,50.2,합격
L00639,2026-04-13 06:05,P-SEOUL-01,F-1,주간,2L,1.18,2.49,177.9,391,26.9,50.1,합격
L00640,2026-04-13 06:08,P-SEOUL-01,F-3,주간,1L,2.03,2.02,179.9,406,23.7,46.3,합격
L00641,2026-04-13 06:11,P-SEOUL-01,F-3,주간,500mL,-1.09,2.1,178.7,387,28.2,68.7,합격
L00642,2026-04-13 07:32,P-SEOUL-01,F-1,주간,1L,0.87,2.09,181.2,399,24.4,53.8,합격
L00643,2026-04-13 07:39,P-SEOUL-01,F-1,주간,500mL,-1.35,,182.4,394,23.3,43.6,합격
L00644,2026-04-13 07:48,P-SEOUL-01,F-1,주간,1L,-0.61,2.16,180.7,399,24.3,56.2,합격
L00645,2026-04-13 07:59,P-SEOUL-01,F-2,주간,500mL,0.63,2.16,177.7,383,26.7,44.6,합격
L00646,2026-04-13 08:22,P-SEOUL-01,F-2,주간,500mL,0.85,2.06,178.2,416,25.9,50.0,합격
L00647,2026-04-13 08:46,P-SEOUL-01,F-1,주간,500mL,1.85,2.17,180.6,393,18.5,69.5,합격
L00648,2026-04-13 08:59,P-SEOUL-01,F-1,주간,500mL,0.48,2.3,179.8,399,21.5,47.4,합격
L00649,2026-04-13 09:13,P-SEOUL-01,F-1,주간,1L,-0.71,2.23,180.1,402,22.7,60.7,합격
L00650,2026-04-13 09:49,P-SEOUL-01,F-1,주간,1L,-0.78,2.25,178.4,399,23.8,51.0,합격
L00651,2026-04-13 10:18,P-SEOUL-01,F-1,주간,1L,-0.46,,180.3,393,25.0,40.0,합격
L00652,2026-04-13 10:19,P-SEOUL-01,F-1,주간,2L,-1.14,2.18,179.8,406,21.8,49.6,합격
L00653,2026-04-13 11:04,P-SEOUL-01,F-2,주간,1L,-1.75,1.43,181.5,400,22.5,51.0,재검
L00654,2026-04-13 11:28,P-SEOUL-01,F-2,주간,500mL,0.33,2.34,181.0,393,19.3,38.2,합격
L00655,2026-04-13 11:32,P-SEOUL-01,F-2,주간,2L,-0.57,2.28,183.8,378,27.8,60.7,합격
L00656,2026-04-13 12:24,P-SEOUL-01,F-3,주간,500mL,5.47,1.86,182.6,391,25.7,52.5,재검
L00657,2026-04-13 12:29,P-SEOUL-01,F-1,주간,500mL,-0.7,2.09,181.8,398,20.7,58.5,합격
L00658,2026-04-13 12:49,P-SEOUL-01,F-3,주간,1L,0.09,2.05,179.0,403,19.9,47.5,합격
L00659,2026-04-13 13:05,P-SEOUL-01,F-1,주간,1L,0.49,2.23,180.2,410,25.2,64.8,합격
L00660,2026-04-13 13:11,P-SEOUL-01,F-3,주간,500mL,0.92,2.25,179.3,424,26.7,54.1,합격
L00661,2026-04-13 14:48,P-SEOUL-01,F-1,오후,1L,-0.33,1.99,179.0,372,24.9,53.5,합격
L00662,2026-04-13 15:04,P-SEOUL-01,F-3,오후,2L,-0.46,2.25,179.7,397,21.8,49.5,합격
L00663,2026-04-13 15:27,P-SEOUL-01,F-3,오후,2L,0.88,2.11,183.2,419,23.0,60.6,합격
L00664,2026-04-13 15:31,P-SEOUL-01,F-2,오후,500mL,-0.1,2.32,175.9,403,24.2,52.0,합격
L00665,2026-04-13 15:48,P-SEOUL-01,F-2,오후,500mL,-1.19,1.95,182.3,420,24.3,53.3,합격
L00666,2026-04-13 16:50,P-SEOUL-01,F-1,오후,500mL,4.46,1.98,182.6,397,19.9,48.9,재검
L00667,2026-04-13 17:33,P-SEOUL-01,F-1,오후,500mL,-1.32,2.2,180.4,406,21.7,54.7,합격
L00668,2026-04-13 17:40,P-SEOUL-01,F-2,오후,500mL,0.0,2.2,184.5,397,21.6,62.2,합격
L00669,2026-04-13 18:17,P-SEOUL-01,F-2,오후,500mL,1.1,2.26,181.5,391,25.2,56.6,합격
L00670,2026-04-13 18:33,P-SEOUL-01,F-1,오후,1L,-0.67,2.26,179.8,407,25.3,62.3,합격
L00671,2026-04-13 18:36,P-SEOUL-01,F-1,오후,500mL,0.48,2.05,181.0,405,22.1,52.6,합격
L00672,2026-04-13 19:41,P-SEOUL-01,F-1,오후,2L,-0.02,2.15,183.0,388,23.2,66.5,합격
L00673,2026-04-13 19:41,P-SEOUL-01,F-2,오후,500mL,-0.39,,180.0,386,27.4,67.8,합격
L00674,2026-04-13 21:17,P-SEOUL-01,F-1,오후,1L,0.05,2.09,178.8,393,24.7,49.6,합격
L00675,2026-04-13 21:29,P-SEOUL-01,F-2,오후,1L,0.46,2.16,179.2,414,30.3,49.8,합격
L00676,2026-04-13 22:28,P-SEOUL-01,F-1,야간,2L,-2.11,2.1,175.5,384,27.0,53.8,합격
L00677,2026-04-13 22:48,P-SEOUL-01,F-1,야간,500mL,-1.21,2.25,177.9,385,25.0,59.5,합격
L00678,2026-04-13 23:10,P-SEOUL-01,F-1,야간,1L,1.11,1.92,177.3,426,24.4,47.6,합격
L00679,2026-04-13 23:10,P-SEOUL-01,F-2,야간,500mL,1.16,1.98,181.9,403,22.5,48.0,합격
L00680,2026-04-13 23:29,P-SEOUL-01,F-1,야간,500mL,-0.01,2.06,179.8,402,21.9,63.4,합격
L00681,2026-04-14 00:41,P-SEOUL-01,F-3,야간,2L,-1.41,2.05,180.2,387,26.0,48.8,합격
L00682,2026-04-14 00:47,P-SEOUL-01,F-1,야간,500mL,-0.43,2.17,179.3,409,22.8,53.5,합격
L00683,2026-04-14 01:02,P-SEOUL-01,F-2,야간,2L,-0.57,2.02,179.1,406,21.6,60.0,합격
L00684,2026-04-14 01:02,P-SEOUL-01,F-1,야간,1L,0.46,2.02,178.4,405,21.8,43.0,합격
L00685,2026-04-14 01:13,P-SEOUL-01,F-1,야간,1L,-0.73,1.93,176.6,390,27.1,55.4,합격
L00686,2026-04-14 01:45,P-SEOUL-01,F-2,야간,1L,0.23,2.18,180.3,404,21.1,39.2,합격
L00687,2026-04-14 02:19,P-SEOUL-01,F-1,야간,1L,0.79,2.07,179.8,391,22.5,50.0,합격
L00688,2026-04-14 02:34,P-SEOUL-01,F-3,야간,500mL,-1.31,2.24,181.5,411,23.9,49.2,합격
L00689,2026-04-14 03:12,P-SEOUL-01,F-3,야간,1L,0.46,1.36,180.6,383,20.9,49.7,재검
L00690,2026-04-14 03:28,P-SEOUL-01,F-1,야간,1L,-0.53,1.86,176.6,412,20.7,52.6,합격
L00691,2026-04-14 03:46,P-SEOUL-01,F-2,야간,500mL,0.95,2.07,180.9,408,26.2,44.0,합격
L00692,2026-04-14 04:20,P-SEOUL-01,F-2,야간,1L,0.6,1.97,183.0,406,26.2,54.6,합격
L00693,2026-04-14 04:24,P-SEOUL-01,F-2,야간,1L,-0.35,2.11,178.4,401,25.5,55.7,합격
L00694,2026-04-14 04:32,P-SEOUL-01,F-1,야간,1L,0.28,2.04,178.4,423,25.8,47.4,합격
L00695,2026-04-14 04:37,P-SEOUL-01,F-1,야간,1L,0.01,2.08,181.0,400,23.9,37.0,합격
L00696,2026-04-14 05:52,P-SEOUL-01,F-2,야간,500mL,0.6,2.04,178.7,388,23.0,55.7,합격
L00697,2026-04-14 05:54,P-SEOUL-01,F-2,야간,2L,0.92,1.93,181.0,399,27.3,43.6,합격
L00698,2026-04-14 06:34,P-SEOUL-01,F-3,주간,500mL,0.24,2.12,177.8,418,24.3,53.5,합격
L00699,2026-04-14 06:35,P-SEOUL-01,F-2,주간,1L,-0.03,1.99,178.2,395,23.2,55.0,합격
L00700,2026-04-14 06:41,P-SEOUL-01,F-2,주간,1L,-0.59,2.1,177.4,401,21.4,37.7,합격
L00701,2026-04-14 08:19,P-SEOUL-01,F-2,주간,1L,0.1,1.95,179.1,395,22.9,46.3,합격
L00702,2026-04-14 08:42,P-SEOUL-01,F-1,주간,500mL,-0.99,1.98,178.2,401,24.0,56.0,합격
L00703,2026-04-14 09:48,P-SEOUL-01,F-2,주간,2L,1.39,2.1,180.4,407,22.9,59.7,합격
L00704,2026-04-14 10:37,P-SEOUL-01,F-3,주간,2L,-0.69,1.97,182.0,400,21.7,43.8,합격
L00705,2026-04-14 11:08,P-SEOUL-01,F-2,주간,1L,-0.43,1.84,178.4,392,27.6,52.2,합격
L00706,2026-04-14 11:25,P-SEOUL-01,F-1,주간,1L,-1.42,2.02,180.4,428,30.9,45.8,합격
L00707,2026-04-14 12:19,P-SEOUL-01,F-1,주간,500mL,0.35,2.24,181.1,392,31.8,39.1,합격
L00708,2026-04-14 13:56,P-SEOUL-01,F-1,주간,1L,0.8,1.93,180.2,420,18.9,56.4,합격
L00709,2026-04-14 14:47,P-SEOUL-01,F-1,오후,1L,0.2,1.96,178.9,398,22.1,41.1,합격
L00710,2026-04-14 15:06,P-SEOUL-01,F-2,오후,2L,0.68,2.03,179.0,404,28.6,44.3,재검
L00711,2026-04-14 15:27,P-SEOUL-01,F-3,오후,2L,-0.82,1.64,182.8,381,25.6,45.0,합격
L00712,2026-04-14 16:21,P-SEOUL-01,F-1,오후,500mL,-0.12,2.26,179.8,387,24.3,42.6,합격
L00713,2026-04-14 16:30,P-SEOUL-01,F-1,오후,1L,-1.49,1.99,181.8,397,25.0,51.6,합격
L00714,2026-04-14 17:12,P-SEOUL-01,F-3,오후,500mL,2.26,2.12,181.2,398,25.6,43.9,합격
L00715,2026-04-14 17:31,P-SEOUL-01,F-1,오후,500mL,-0.59,2.2,179.4,420,23.5,49.8,합격
L00716,2026-04-14 17:55,P-SEOUL-01,F-3,오후,2L,0.25,1.91,178.9,414,21.3,59.9,합격
L00717,2026-04-14 18:06,P-SEOUL-01,F-2,오후,500mL,-0.75,2.07,178.2,412,23.1,55.7,합격
L00718,2026-04-14 18:38,P-SEOUL-01,F-2,오후,500mL,-0.63,2.03,177.5,403,26.1,61.5,합격
L00719,2026-04-14 18:43,P-SEOUL-01,F-1,오후,500mL,0.15,1.97,181.0,409,24.9,,합격
L00720,2026-04-14 18:57,P-SEOUL-01,F-2,오후,2L,-0.86,2.02,180.6,410,22.7,38.5,합격
L00721,2026-04-14 18:59,P-SEOUL-01,F-2,오후,1L,3.29,2.0,180.2,390,21.4,63.0,재검
L00722,2026-04-14 20:01,P-SEOUL-01,F-1,오후,2L,0.96,2.16,183.1,403,26.8,51.4,합격
L00723,2026-04-14 20:19,P-SEOUL-01,F-3,오후,500mL,-0.62,1.95,181.7,399,24.9,55.2,합격
L00724,2026-04-14 20:26,P-SEOUL-01,F-2,오후,500mL,-0.07,2.12,182.1,393,20.9,55.4,합격
L00725,2026-04-14 20:27,P-SEOUL-01,F-3,오후,500mL,0.82,2.12,186.0,399,22.2,43.7,합격
L00726,2026-04-14 20:35,P-SEOUL-01,F-1,오후,500mL,1.41,2.29,180.4,385,23.4,59.9,합격
L00727,2026-04-14 21:03,P-SEOUL-01,F-3,오후,500mL,0.55,2.03,185.8,385,21.5,51.9,합격
L00728,2026-04-14 21:14,P-SEOUL-01,F-2,오후,2L,-0.31,2.22,177.3,406,32.4,50.1,합격
L00729,2026-04-14 21:19,P-SEOUL-01,F-1,오후,2L,-0.4,2.14,182.0,390,25.6,52.0,합격
L00730,2026-04-14 22:50,P-SEOUL-01,F-1,야간,500mL,0.05,1.83,177.1,406,24.8,63.2,합격
L00731,2026-04-14 23:06,P-SEOUL-01,F-1,야간,1L,-0.61,2.17,179.4,386,30.7,44.1,합격
L00732,2026-04-14 23:10,P-SEOUL-01,F-1,야간,1L,1.88,2.2,182.9,422,29.0,46.0,합격
L00733,2026-04-14 23:18,P-SEOUL-01,F-2,야간,2L,1.2,1.92,178.1,392,22.1,56.1,합격
L00734,2026-04-14 23:28,P-SEOUL-01,F-3,야간,1L,0.4,2.08,179.0,414,27.3,52.5,합격
L00735,2026-04-15 00:39,P-SEOUL-01,F-2,야간,500mL,1.65,2.35,180.6,390,24.0,48.7,합격
L00736,2026-04-15 01:04,P-SEOUL-01,F-1,야간,500mL,-0.4,2.05,181.5,392,27.7,49.7,합격
L00737,2026-04-15 01:17,P-SEOUL-01,F-3,야간,2L,-2.16,2.03,182.1,382,28.8,51.3,합격
L00738,2026-04-15 01:37,P-SEOUL-01,F-1,야간,500mL,0.81,1.79,182.5,396,23.1,47.8,합격
L00739,2026-04-15 01:41,P-SEOUL-01,F-2,야간,500mL,0.27,2.25,176.3,390,25.6,36.2,합격
L00740,2026-04-15 01:51,P-SEOUL-01,F-2,야간,500mL,1.26,1.95,180.3,404,24.5,41.5,합격
L00741,2026-04-15 02:03,P-SEOUL-01,F-2,야간,2L,-0.54,2.31,180.4,379,23.4,36.3,합격
L00742,2026-04-15 02:26,P-SEOUL-01,F-1,야간,1L,1.07,1.88,182.1,400,27.2,50.0,합격
L00743,2026-04-15 04:50,P-SEOUL-01,F-1,야간,1L,1.01,2.14,179.0,423,22.4,45.8,합격
L00744,2026-04-15 05:08,P-SEOUL-01,F-3,야간,2L,-0.46,2.06,184.6,403,20.3,51.3,합격
L00745,2026-04-15 06:06,P-SEOUL-01,F-1,주간,1L,0.05,1.93,178.7,408,23.9,47.9,합격
L00746,2026-04-15 06:57,P-SEOUL-01,F-3,주간,500mL,0.71,2.29,180.7,401,26.8,53.8,합격
L00747,2026-04-15 07:03,P-SEOUL-01,F-3,주간,1L,-0.08,2.19,180.6,413,26.2,57.3,합격
L00748,2026-04-15 07:08,P-SEOUL-01,F-2,주간,1L,0.29,2.18,181.8,373,23.9,56.5,합격
L00749,2026-04-15 07:14,P-SEOUL-01,F-2,주간,500mL,1.82,2.1,181.2,424,22.6,61.0,합격
L00750,2026-04-15 07:27,P-SEOUL-01,F-2,주간,500mL,3.52,2.12,182.5,421,21.0,40.4,재검
L00751,2026-04-15 07:49,P-SEOUL-01,F-2,주간,500mL,0.5,2.11,180.9,400,25.1,,합격
L00752,2026-04-15 07:49,P-SEOUL-01,F-1,주간,500mL,0.14,1.95,178.6,405,29.0,50.3,합격
L00753,2026-04-15 08:24,P-SEOUL-01,F-3,주간,500mL,3.87,2.17,179.6,417,16.4,49.2,재검
L00754,2026-04-15 09:14,P-SEOUL-01,F-3,주간,1L,0.27,,178.8,401,22.0,57.9,합격
L00755,2026-04-15 09:46,P-SEOUL-01,F-1,주간,2L,0.42,1.97,180.9,425,22.3,57.1,합격
L00756,2026-04-15 09:53,P-SEOUL-01,F-3,주간,1L,0.55,2.13,183.4,427,23.8,41.7,합격
L00757,2026-04-15 10:03,P-SEOUL-01,F-2,주간,500mL,1.29,2.27,177.8,392,25.3,66.5,합격
L00758,2026-04-15 10:31,P-SEOUL-01,F-2,주간,500mL,0.11,2.11,178.5,406,24.1,46.7,합격
L00759,2026-04-15 12:41,P-SEOUL-01,F-1,주간,500mL,-0.2,2.05,178.9,395,23.5,60.4,합격
L00760,2026-04-15 13:03,P-SEOUL-01,F-3,주간,500mL,-2.1,2.03,179.1,408,22.5,47.6,합격
L00761,2026-04-15 13:30,P-SEOUL-01,F-2,주간,500mL,-0.15,2.15,179.6,404,22.4,64.3,합격
L00762,2026-04-15 13:38,P-SEOUL-01,F-1,주간,500mL,-5.2,2.06,178.7,402,26.4,47.2,재검
L00763,2026-04-15 13:40,P-SEOUL-01,F-3,주간,2L,1.23,2.15,179.4,412,18.1,48.4,합격
L00764,2026-04-15 14:43,P-SEOUL-01,F-1,오후,500mL,-0.44,2.2,180.2,384,29.2,49.6,합격
L00765,2026-04-15 14:48,P-SEOUL-01,F-3,오후,2L,-0.66,2.29,177.7,392,19.4,44.2,합격
L00766,2026-04-15 15:52,P-SEOUL-01,F-2,오후,500mL,0.77,2.28,180.6,410,26.8,38.6,합격
L00767,2026-04-15 16:19,P-SEOUL-01,F-2,오후,500mL,-0.97,2.04,181.0,397,21.4,60.1,합격
L00768,2026-04-15 16:55,P-SEOUL-01,F-1,오후,500mL,1.07,,179.4,399,27.4,28.5,합격
L00769,2026-04-15 17:02,P-SEOUL-01,F-2,오후,500mL,2.53,1.94,178.1,419,18.8,56.5,합격
L00770,2026-04-15 17:10,P-SEOUL-01,F-2,오후,1L,0.11,,180.9,400,28.3,48.0,합격
L00771,2026-04-15 18:25,P-SEOUL-01,F-1,오후,500mL,-0.63,2.05,181.3,381,24.8,60.5,합격
L00772,2026-04-15 18:26,P-SEOUL-01,F-1,오후,1L,0.39,2.18,181.3,382,27.7,59.8,합격
L00773,2026-04-15 18:51,P-SEOUL-01,F-1,오후,1L,0.86,2.05,177.6,386,23.0,67.9,합격
L00774,2026-04-15 18:52,P-SEOUL-01,F-2,오후,500mL,1.09,2.13,178.8,393,18.9,52.8,합격
L00775,2026-04-15 19:49,P-SEOUL-01,F-1,오후,500mL,0.04,2.26,179.2,400,21.6,51.3,합격
L00776,2026-04-15 20:06,P-SEOUL-01,F-3,오후,500mL,0.17,2.01,179.3,376,23.3,48.4,합격
L00777,2026-04-15 20:35,P-SEOUL-01,F-3,오후,2L,-1.49,1.94,181.0,398,26.1,62.5,합격
L00778,2026-04-15 20:47,P-SEOUL-01,F-2,오후,2L,0.53,2.22,183.3,415,25.5,58.4,합격
L00779,2026-04-15 20:55,P-SEOUL-01,F-1,오후,500mL,-1.5,2.22,178.5,413,31.8,55.6,합격
L00780,2026-04-15 21:39,P-SEOUL-01,F-1,오후,500mL,-0.55,2.03,177.9,391,29.8,55.4,합격
L00781,2026-04-15 22:37,P-SEOUL-01,F-1,야간,500mL,0.83,2.22,182.9,384,22.4,47.4,합격
L00782,2026-04-15 23:05,P-SEOUL-01,F-1,야간,1L,1.07,2.17,180.3,413,21.5,56.5,합격
L00783,2026-04-15 23:10,P-SEOUL-01,F-1,야간,500mL,-0.28,2.01,180.7,377,20.8,50.2,합격
L00784,2026-04-15 23:55,P-SEOUL-01,F-2,야간,500mL,0.27,1.89,183.6,391,20.3,41.8,합격
L00785,2026-04-16 00:01,P-SEOUL-01,F-1,야간,2L,0.16,2.06,180.5,405,23.7,41.8,합격
L00786,2026-04-16 00:04,P-SEOUL-01,F-3,야간,500mL,0.39,1.99,176.7,395,29.5,57.4,합격
L00787,2026-04-16 00:44,P-SEOUL-01,F-2,야간,1L,0.3,2.15,180.0,392,22.2,49.2,합격
L00788,2026-04-16 01:14,P-SEOUL-01,F-2,야간,500mL,-0.12,2.02,184.1,416,25.4,44.4,합격
L00789,2026-04-16 01:57,P-SEOUL-01,F-2,야간,500mL,0.32,2.1,181.4,401,23.5,52.4,합격
L00790,2026-04-16 02:08,P-SEOUL-01,F-2,야간,1L,0.3,2.38,180.7,418,28.0,61.2,합격
L00791,2026-04-16 02:31,P-SEOUL-01,F-2,야간,2L,1.36,2.14,181.0,409,22.1,45.3,합격
L00792,2026-04-16 03:47,P-SEOUL-01,F-2,야간,500mL,0.3,2.17,177.1,400,24.8,63.7,합격
L00793,2026-04-16 04:38,P-SEOUL-01,F-2,야간,1L,-0.15,2.07,182.8,414,29.9,55.4,합격
L00794,2026-04-16 05:10,P-SEOUL-01,F-3,야간,1L,0.22,2.1,181.3,397,25.6,57.7,합격
L00795,2026-04-16 09:31,P-SEOUL-01,F-2,주간,1L,-0.43,2.24,182.2,410,21.2,64.3,합격
L00796,2026-04-16 09:36,P-SEOUL-01,F-3,주간,500mL,1.86,2.01,176.6,389,25.7,59.1,합격
L00797,2026-04-16 10:25,P-SEOUL-01,F-3,주간,500mL,-0.26,2.1,176.7,396,25.1,57.9,합격
L00798,2026-04-16 10:46,P-SEOUL-01,F-3,주간,500mL,0.17,2.33,180.1,388,25.3,53.3,합격
L00799,2026-04-16 10:51,P-SEOUL-01,F-3,주간,500mL,0.06,2.09,181.1,413,24.1,51.4,합격
L00800,2026-04-16 11:36,P-SEOUL-01,F-1,주간,500mL,-2.26,1.86,181.0,398,26.3,47.5,합격
L00801,2026-04-16 11:43,P-SEOUL-01,F-1,주간,1L,0.74,2.05,176.2,397,25.4,49.9,합격
L00802,2026-04-16 11:49,P-SEOUL-01,F-1,주간,1L,-0.95,2.15,182.8,390,31.3,55.2,합격
L00803,2026-04-16 12:10,P-SEOUL-01,F-1,주간,1L,1.4,2.03,179.9,388,20.0,47.1,합격
L00804,2026-04-16 12:47,P-SEOUL-01,F-1,주간,500mL,-0.13,2.34,180.8,402,26.7,50.1,합격
L00805,2026-04-16 14:19,P-SEOUL-01,F-2,오후,2L,0.63,2.01,181.8,401,24.6,59.4,합격
L00806,2026-04-16 15:21,P-SEOUL-01,F-2,오후,500mL,0.24,2.01,179.5,413,14.4,58.4,합격
L00807,2026-04-16 16:01,P-SEOUL-01,F-2,오후,1L,0.21,2.15,181.6,407,27.0,55.0,합격
L00808,2026-04-16 16:30,P-SEOUL-01,F-1,오후,500mL,-0.86,2.02,177.3,420,20.0,63.1,합격
L00809,2026-04-16 17:26,P-SEOUL-01,F-3,오후,1L,0.38,2.12,182.2,393,18.8,53.7,합격
L00810,2026-04-16 18:37,P-SEOUL-01,F-1,오후,1L,-0.71,2.17,178.1,401,26.0,56.8,합격
L00811,2026-04-16 19:03,P-SEOUL-01,F-3,오후,500mL,-1.24,2.19,182.2,389,24.7,56.9,재검
L00812,2026-04-16 19:22,P-SEOUL-01,F-2,오후,2L,1.7,1.89,179.2,408,27.2,45.9,합격
L00813,2026-04-16 19:53,P-SEOUL-01,F-1,오후,2L,-1.11,,178.5,414,23.2,68.3,합격
L00814,2026-04-16 19:54,P-SEOUL-01,F-2,오후,2L,1.23,,181.9,397,26.9,49.4,합격
L00815,2026-04-16 20:24,P-SEOUL-01,F-1,오후,2L,-1.47,1.84,178.2,398,25.0,46.6,합격
L00816,2026-04-16 20:55,P-SEOUL-01,F-3,오후,500mL,0.93,2.25,180.4,414,23.1,40.0,합격
L00817,2026-04-16 21:03,P-SEOUL-01,F-2,오후,1L,-0.49,2.31,181.7,386,27.6,67.3,합격
L00818,2026-04-16 21:10,P-SEOUL-01,F-1,오후,1L,0.05,2.18,180.2,399,27.3,67.7,합격
L00819,2026-04-16 21:20,P-SEOUL-01,F-1,오후,500mL,-1.15,1.94,182.3,393,27.4,46.8,합격
L00820,2026-04-16 21:37,P-SEOUL-01,F-3,오후,500mL,1.31,2.18,181.0,384,28.0,58.5,합격
L00821,2026-04-16 23:17,P-SEOUL-01,F-2,야간,500mL,-0.67,2.28,181.0,412,24.7,45.3,합격
L00822,2026-04-16 23:35,P-SEOUL-01,F-1,야간,500mL,0.55,2.07,180.6,403,23.2,63.1,합격
L00823,2026-04-17 00:47,P-SEOUL-01,F-1,야간,1L,-0.71,2.04,179.9,400,19.4,64.0,합격
L00824,2026-04-17 01:26,P-SEOUL-01,F-2,야간,1L,0.08,1.99,182.0,408,21.6,,합격
L00825,2026-04-17 01:34,P-SEOUL-01,F-2,야간,1L,1.31,1.89,181.4,391,29.5,50.8,합격
L00826,2026-04-17 02:04,P-SEOUL-01,F-3,야간,1L,-0.07,1.86,177.6,391,21.0,57.5,합격
L00827,2026-04-17 02:07,P-SEOUL-01,F-3,야간,500mL,0.59,2.16,180.8,400,18.8,38.6,합격
L00828,2026-04-17 02:35,P-SEOUL-01,F-2,야간,1L,0.06,2.12,176.7,413,23.3,57.7,합격
L00829,2026-04-17 02:43,P-SEOUL-01,F-3,야간,500mL,0.73,2.1,179.3,398,21.8,57.3,합격
L00830,2026-04-17 02:53,P-SEOUL-01,F-2,야간,500mL,0.84,2.05,183.0,414,25.2,54.4,합격
L00831,2026-04-17 03:02,P-SEOUL-01,F-2,야간,1L,-0.61,2.17,180.4,404,21.5,47.6,합격
L00832,2026-04-17 03:05,P-SEOUL-01,F-1,야간,2L,-0.22,2.16,178.7,425,27.0,63.6,합격
L00833,2026-04-17 03:15,P-SEOUL-01,F-2,야간,500mL,1.03,2.33,179.8,396,24.2,50.9,합격
L00834,2026-04-17 03:20,P-SEOUL-01,F-2,야간,1L,-0.24,1.85,180.7,415,22.6,41.6,합격
L00835,2026-04-17 03:33,P-SEOUL-01,F-2,야간,500mL,1.33,2.29,178.5,414,24.0,49.3,합격
L00836,2026-04-17 03:44,P-SEOUL-01,F-3,야간,1L,0.82,2.26,180.2,371,30.7,63.4,합격
L00837,2026-04-17 04:35,P-SEOUL-01,F-2,야간,500mL,0.35,2.09,181.9,389,22.6,64.6,합격
L00838,2026-04-17 04:36,P-SEOUL-01,F-1,야간,500mL,0.36,1.99,178.3,403,20.0,43.2,합격
L00839,2026-04-17 04:51,P-SEOUL-01,F-1,야간,500mL,0.06,2.05,174.7,405,24.7,50.6,합격
L00840,2026-04-17 05:03,P-SEOUL-01,F-1,야간,500mL,0.89,2.16,178.7,405,20.5,53.1,합격
L00841,2026-04-17 05:59,P-SEOUL-01,F-1,야간,2L,-1.36,2.15,178.6,405,20.8,40.7,합격
L00842,2026-04-17 06:24,P-SEOUL-01,F-1,주간,500mL,-0.79,2.21,183.3,402,22.5,53.1,합격
L00843,2026-04-17 06:52,P-SEOUL-01,F-2,주간,1L,-1.52,2.08,182.0,407,21.6,52.5,합격
L00844,2026-04-17 06:59,P-SEOUL-01,F-1,주간,2L,-1.95,2.11,178.9,416,26.2,53.5,합격
L00845,2026-04-17 07:30,P-SEOUL-01,F-2,주간,500mL,1.43,2.31,178.8,409,28.8,47.7,합격
L00846,2026-04-17 07:37,P-SEOUL-01,F-2,주간,500mL,-1.0,2.19,176.2,399,23.5,56.2,합격
L00847,2026-04-17 07:41,P-SEOUL-01,F-1,주간,2L,-0.29,2.17,180.8,410,24.7,48.5,합격
L00848,2026-04-17 08:10,P-SEOUL-01,F-2,주간,1L,0.23,2.32,182.0,392,21.7,58.5,합격
L00849,2026-04-17 08:26,P-SEOUL-01,F-2,주간,500mL,-0.75,2.18,180.1,409,27.1,51.0,합격
L00850,2026-04-17 08:37,P-SEOUL-01,F-1,주간,2L,0.1,1.97,178.6,371,25.3,47.5,합격
L00851,2026-04-17 09:00,P-SEOUL-01,F-1,주간,500mL,-0.41,2.13,181.0,389,22.5,43.8,합격
L00852,2026-04-17 09:02,P-SEOUL-01,F-1,주간,500mL,1.06,2.26,179.6,383,19.9,44.6,합격
L00853,2026-04-17 09:29,P-SEOUL-01,F-1,주간,500mL,-0.86,1.92,181.6,406,24.8,51.0,합격
L00854,2026-04-17 09:43,P-SEOUL-01,F-3,주간,1L,0.28,2.11,175.5,379,27.5,52.5,합격
L00855,2026-04-17 09:56,P-SEOUL-01,F-3,주간,2L,-0.33,2.18,179.6,400,23.9,55.9,합격
L00856,2026-04-17 10:37,P-SEOUL-01,F-1,주간,500mL,1.04,2.13,181.7,406,21.1,33.0,합격
L00857,2026-04-17 11:13,P-SEOUL-01,F-1,주간,1L,-0.53,2.1,183.0,398,29.7,43.7,재검
L00858,2026-04-17 11:39,P-SEOUL-01,F-2,주간,2L,-0.4,2.43,177.6,407,22.7,61.0,합격
L00859,2026-04-17 12:48,P-SEOUL-01,F-1,주간,2L,1.35,2.03,180.2,417,23.9,45.3,합격
L00860,2026-04-17 12:58,P-SEOUL-01,F-2,주간,500mL,-0.12,2.2,184.1,405,27.9,62.9,합격
L00861,2026-04-17 13:28,P-SEOUL-01,F-1,주간,2L,-0.89,2.03,180.7,390,25.0,47.0,합격
L00862,2026-04-17 13:50,P-SEOUL-01,F-3,주간,1L,0.05,1.32,180.5,411,25.8,56.9,재검
L00863,2026-04-17 13:54,P-SEOUL-01,F-2,주간,1L,-1.0,1.94,182.7,399,25.3,54.0,합격
L00864,2026-04-17 14:16,P-SEOUL-01,F-2,오후,500mL,0.2,1.98,180.6,421,20.0,70.8,합격
L00865,2026-04-17 14:20,P-SEOUL-01,F-2,오후,1L,0.18,2.11,182.1,396,31.1,47.3,합격
L00866,2026-04-17 14:27,P-SEOUL-01,F-2,오후,500mL,1.37,2.22,177.3,401,26.9,53.5,합격
L00867,2026-04-17 14:59,P-SEOUL-01,F-2,오후,500mL,0.35,2.16,180.8,379,21.8,65.2,합격
L00868,2026-04-17 15:46,P-SEOUL-01,F-1,오후,2L,2.03,,184.8,380,25.6,61.6,합격
L00869,2026-04-17 16:52,P-SEOUL-01,F-2,오후,2L,0.57,2.27,180.2,419,22.4,51.2,합격
L00870,2026-04-17 16:54,P-SEOUL-01,F-1,오후,1L,0.77,1.85,177.8,403,23.1,53.4,합격
L00871,2026-04-17 17:01,P-SEOUL-01,F-1,오후,2L,1.48,2.13,183.4,407,24.2,42.4,합격
L00872,2026-04-17 17:20,P-SEOUL-01,F-1,오후,1L,-1.66,2.3,180.3,401,25.5,,합격
L00873,2026-04-17 17:49,P-SEOUL-01,F-1,오후,2L,-0.04,2.08,180.2,382,21.2,46.1,합격
L00874,2026-04-17 18:02,P-SEOUL-01,F-1,오후,1L,-1.59,2.14,180.1,398,21.0,54.2,합격
L00875,2026-04-17 18:26,P-SEOUL-01,F-2,오후,500mL,0.3,2.29,180.0,386,24.7,58.0,합격
L00876,2026-04-17 18:45,P-SEOUL-01,F-1,오후,500mL,1.17,2.27,177.1,402,19.7,47.0,합격
L00877,2026-04-17 19:10,P-SEOUL-01,F-1,오후,500mL,1.03,1.31,178.1,381,25.4,47.2,재검
L00878,2026-04-17 19:19,P-SEOUL-01,F-1,오후,2L,0.5,2.12,180.4,394,23.1,52.7,합격
L00879,2026-04-17 19:52,P-SEOUL-01,F-3,오후,1L,0.17,1.97,181.9,396,20.2,33.5,합격
L00880,2026-04-17 20:27,P-SEOUL-01,F-3,오후,1L,0.61,2.09,182.8,391,19.3,54.1,합격
L00881,2026-04-17 20:31,P-SEOUL-01,F-3,오후,1L,-3.87,2.04,179.5,400,24.4,49.3,재검
L00882,2026-04-17 20:48,P-SEOUL-01,F-3,오후,500mL,1.05,1.95,182.0,396,22.4,58.6,합격
L00883,2026-04-17 21:39,P-SEOUL-01,F-1,오후,500mL,-1.42,2.05,178.3,382,22.1,53.8,합격
L00884,2026-04-17 21:49,P-SEOUL-01,F-1,오후,500mL,0.63,2.03,182.6,404,24.5,47.3,합격
L00885,2026-04-17 22:05,P-SEOUL-01,F-2,야간,1L,-0.81,2.06,182.1,390,23.4,60.2,합격
L00886,2026-04-17 22:38,P-SEOUL-01,F-1,야간,500mL,0.54,2.21,180.0,396,22.9,50.1,합격
L00887,2026-04-17 23:07,P-SEOUL-01,F-1,야간,500mL,0.7,2.02,183.1,406,24.6,49.7,합격
L00888,2026-04-17 23:40,P-SEOUL-01,F-2,야간,500mL,-0.38,1.98,180.5,397,24.2,62.6,합격
L00889,2026-04-18 00:01,P-SEOUL-01,F-3,야간,1L,-0.43,2.07,181.4,404,28.5,46.4,합격
L00890,2026-04-18 00:32,P-SEOUL-01,F-1,야간,2L,-0.94,2.3,181.3,405,26.1,37.0,합격
L00891,2026-04-18 00:41,P-SEOUL-01,F-1,야간,2L,1.07,2.17,182.2,386,18.8,50.1,합격
L00892,2026-04-18 01:06,P-SEOUL-01,F-1,야간,500mL,-1.83,1.9,179.5,410,24.0,49.1,합격
L00893,2026-04-18 01:19,P-SEOUL-01,F-3,야간,500mL,-1.54,2.18,174.6,392,29.2,49.9,합격
L00894,2026-04-18 01:35,P-SEOUL-01,F-1,야간,1L,0.17,2.05,178.6,397,25.6,35.6,합격
L00895,2026-04-18 01:41,P-SEOUL-01,F-1,야간,2L,0.13,2.08,182.9,385,28.2,62.7,합격
L00896,2026-04-18 02:06,P-SEOUL-01,F-1,야간,500mL,0.19,2.21,180.0,399,23.0,67.7,재검
L00897,2026-04-18 02:24,P-SEOUL-01,F-3,야간,500mL,1.92,2.11,181.7,397,25.8,38.2,합격
L00898,2026-04-18 03:22,P-SEOUL-01,F-3,야간,500mL,-1.28,2.05,180.0,404,28.3,57.5,합격
L00899,2026-04-18 05:02,P-SEOUL-01,F-3,야간,500mL,-0.45,2.04,179.9,409,21.4,59.9,합격
L00900,2026-04-18 05:50,P-SEOUL-01,F-1,야간,1L,0.44,2.1,180.3,396,27.4,52.0,합격
L00901,2026-04-18 06:00,P-SEOUL-01,F-1,주간,500mL,-0.65,2.02,178.0,424,24.4,38.5,합격
L00902,2026-04-18 06:09,P-SEOUL-01,F-3,주간,500mL,-1.01,2.27,176.1,384,19.0,35.0,합격
L00903,2026-04-18 06:12,P-SEOUL-01,F-2,주간,2L,-0.58,2.05,178.1,424,23.8,55.4,합격
L00904,2026-04-18 06:36,P-SEOUL-01,F-2,주간,2L,-1.18,2.28,181.4,415,30.1,39.1,합격
L00905,2026-04-18 07:03,P-SEOUL-01,F-1,주간,500mL,-0.58,2.02,177.1,442,24.9,46.4,합격
L00906,2026-04-18 07:21,P-SEOUL-01,F-2,주간,2L,-0.65,2.26,176.5,382,23.9,52.1,합격
L00907,2026-04-18 08:16,P-SEOUL-01,F-3,주간,1L,-0.07,1.96,178.8,389,23.1,54.3,합격
L00908,2026-04-18 08:35,P-SEOUL-01,F-1,주간,1L,1.32,2.17,181.3,419,21.9,50.5,합격
L00909,2026-04-18 08:35,P-SEOUL-01,F-1,주간,500mL,-0.33,2.14,181.0,390,26.1,54.2,합격
L00910,2026-04-18 08:37,P-SEOUL-01,F-1,주간,1L,0.5,1.87,178.5,401,19.7,47.1,합격
L00911,2026-04-18 09:51,P-SEOUL-01,F-3,주간,500mL,-0.03,2.04,180.6,399,27.1,52.8,합격
L00912,2026-04-18 10:46,P-SEOUL-01,F-1,주간,500mL,0.16,1.95,181.5,401,25.4,49.3,합격
L00913,2026-04-18 11:30,P-SEOUL-01,F-1,주간,500mL,0.44,2.09,178.6,396,23.7,63.9,합격
L00914,2026-04-18 12:06,P-SEOUL-01,F-1,주간,1L,-4.21,2.06,184.6,399,27.2,47.0,재검
L00915,2026-04-18 12:14,P-SEOUL-01,F-2,주간,500mL,1.09,1.97,178.9,400,25.8,55.3,합격
L00916,2026-04-18 12:59,P-SEOUL-01,F-2,주간,1L,-1.07,2.36,182.7,406,28.2,60.3,합격
L00917,2026-04-18 13:31,P-SEOUL-01,F-2,주간,1L,1.39,2.32,182.1,400,27.8,56.1,합격
L00918,2026-04-18 14:52,P-SEOUL-01,F-3,오후,1L,0.31,2.09,177.7,381,26.1,52.6,합격
L00919,2026-04-18 15:52,P-SEOUL-01,F-2,오후,500mL,0.79,2.11,180.6,396,27.2,,합격
L00920,2026-04-18 16:12,P-SEOUL-01,F-2,오후,500mL,0.59,1.98,181.1,372,22.7,53.9,합격
L00921,2026-04-18 16:47,P-SEOUL-01,F-3,오후,2L,1.27,1.99,180.2,415,27.9,57.5,합격
L00922,2026-04-18 17:54,P-SEOUL-01,F-2,오후,500mL,0.73,1.88,182.5,414,20.5,61.0,합격
L00923,2026-04-18 18:42,P-SEOUL-01,F-2,오후,500mL,0.18,2.25,177.7,411,24.4,57.4,합격
L00924,2026-04-18 18:45,P-SEOUL-01,F-3,오후,500mL,-0.74,2.22,180.3,398,25.0,55.1,합격
L00925,2026-04-18 19:35,P-SEOUL-01,F-1,오후,500mL,2.09,1.35,180.1,403,26.5,69.5,재검
L00926,2026-04-18 19:51,P-SEOUL-01,F-2,오후,500mL,0.28,2.12,184.9,384,26.4,55.9,합격
L00927,2026-04-18 20:15,P-SEOUL-01,F-1,오후,1L,-0.12,2.31,179.1,425,23.7,59.6,합격
L00928,2026-04-18 21:34,P-SEOUL-01,F-2,오후,500mL,2.15,2.03,180.5,412,29.2,52.1,합격
L00929,2026-04-18 22:15,P-SEOUL-01,F-2,야간,1L,-0.4,1.93,179.8,377,23.7,61.7,합격
L00930,2026-04-18 22:28,P-SEOUL-01,F-3,야간,1L,-0.79,1.91,176.6,386,25.2,45.9,합격
L00931,2026-04-18 23:29,P-SEOUL-01,F-2,야간,500mL,1.2,2.05,179.9,399,28.0,54.8,합격
L00932,2026-04-19 01:13,P-SEOUL-01,F-3,야간,2L,1.4,1.95,179.5,418,26.6,40.0,합격
L00933,2026-04-19 02:01,P-SEOUL-01,F-1,야간,500mL,-0.32,2.06,177.3,418,24.9,57.3,합격
L00934,2026-04-19 02:08,P-SEOUL-01,F-2,야간,500mL,0.87,,183.9,396,21.9,59.6,합격
L00935,2026-04-19 02:30,P-SEOUL-01,F-2,야간,500mL,-1.34,2.11,178.2,429,20.8,31.9,합격
L00936,2026-04-19 02:55,P-SEOUL-01,F-2,야간,1L,1.04,2.07,184.3,405,19.5,44.2,합격
L00937,2026-04-19 03:04,P-SEOUL-01,F-2,야간,500mL,5.48,2.14,182.0,392,23.1,46.8,재검
L00938,2026-04-19 03:10,P-SEOUL-01,F-1,야간,1L,-0.97,1.97,181.7,397,19.5,56.0,합격
L00939,2026-04-19 03:24,P-SEOUL-01,F-2,야간,500mL,0.66,1.94,180.0,394,25.4,75.3,합격
L00940,2026-04-19 03:36,P-SEOUL-01,F-1,야간,500mL,0.23,2.27,180.0,406,27.9,46.3,합격
L00941,2026-04-19 03:53,P-SEOUL-01,F-2,야간,500mL,-0.85,1.95,180.6,391,22.8,55.7,합격
L00942,2026-04-19 03:56,P-SEOUL-01,F-3,야간,500mL,1.35,1.96,178.9,400,21.9,40.3,합격
L00943,2026-04-19 05:31,P-SEOUL-01,F-3,야간,1L,-0.19,2.09,176.4,397,24.8,62.0,합격
L00944,2026-04-19 05:43,P-SEOUL-01,F-1,야간,2L,-0.36,1.89,175.9,404,29.1,49.1,합격
L00945,2026-04-19 05:55,P-SEOUL-01,F-2,야간,500mL,-0.77,2.07,178.4,396,25.9,54.4,합격
L00946,2026-04-19 06:18,P-SEOUL-01,F-2,주간,500mL,-0.29,2.18,181.2,401,24.3,60.8,합격
L00947,2026-04-19 07:38,P-SEOUL-01,F-3,주간,1L,0.67,1.87,181.0,401,24.9,60.7,합격
L00948,2026-04-19 08:12,P-SEOUL-01,F-1,주간,2L,1.31,2.23,180.5,407,18.2,55.3,합격
L00949,2026-04-19 08:45,P-SEOUL-01,F-1,주간,500mL,-0.72,1.99,178.8,398,27.6,44.6,합격
L00950,2026-04-19 10:10,P-SEOUL-01,F-1,주간,500mL,-1.37,1.91,181.6,386,23.0,40.9,합격
L00951,2026-04-19 10:14,P-SEOUL-01,F-3,주간,2L,-0.09,2.58,180.4,399,22.5,50.2,합격
L00952,2026-04-19 10:32,P-SEOUL-01,F-2,주간,500mL,-0.32,2.09,179.1,384,30.1,50.4,합격
L00953,2026-04-19 10:36,P-SEOUL-01,F-2,주간,500mL,-2.02,2.04,181.3,405,21.5,49.2,합격
L00954,2026-04-19 10:53,P-SEOUL-01,F-3,주간,1L,-0.33,1.96,185.3,406,27.3,49.1,합격
L00955,2026-04-19 11:06,P-SEOUL-01,F-1,주간,500mL,-0.06,2.02,176.7,415,27.3,53.4,합격
L00956,2026-04-19 11:06,P-SEOUL-01,F-2,주간,1L,-0.44,2.02,177.7,395,25.1,62.7,합격
L00957,2026-04-19 11:38,P-SEOUL-01,F-1,주간,500mL,-1.21,2.21,177.6,417,23.3,53.8,합격
L00958,2026-04-19 11:41,P-SEOUL-01,F-1,주간,1L,0.21,2.42,179.4,384,25.0,38.8,합격
L00959,2026-04-19 11:49,P-SEOUL-01,F-3,주간,500mL,-1.24,1.92,180.5,391,18.4,58.7,합격
L00960,2026-04-19 11:57,P-SEOUL-01,F-1,주간,1L,-0.04,1.95,180.0,411,23.3,42.8,합격
L00961,2026-04-19 12:39,P-SEOUL-01,F-1,주간,1L,0.12,1.96,184.0,408,22.5,52.8,합격
L00962,2026-04-19 12:46,P-SEOUL-01,F-1,주간,500mL,-2.46,2.2,182.1,405,24.5,50.4,합격
L00963,2026-04-19 13:10,P-SEOUL-01,F-1,주간,500mL,0.07,1.99,182.6,397,25.2,56.3,합격
L00964,2026-04-19 13:17,P-SEOUL-01,F-1,주간,500mL,0.89,2.34,185.4,433,25.6,48.2,합격
L00965,2026-04-19 13:52,P-SEOUL-01,F-2,주간,500mL,-0.92,2.06,181.5,402,25.4,59.6,합격
L00966,2026-04-19 14:24,P-SEOUL-01,F-2,오후,2L,-0.18,2.15,183.4,393,23.2,60.6,합격
L00967,2026-04-19 15:38,P-SEOUL-01,F-1,오후,1L,0.89,2.15,181.7,391,26.2,62.8,합격
L00968,2026-04-19 15:49,P-SEOUL-01,F-2,오후,500mL,0.13,2.03,179.2,409,21.9,63.8,합격
L00969,2026-04-19 16:46,P-SEOUL-01,F-2,오후,500mL,-0.84,2.03,179.8,404,24.9,54.0,합격
L00970,2026-04-19 16:49,P-SEOUL-01,F-2,오후,1L,-0.37,,179.0,392,28.1,46.0,재검
L00971,2026-04-19 17:39,P-SEOUL-01,F-2,오후,500mL,0.11,2.03,178.2,406,26.6,50.6,합격
L00972,2026-04-19 17:45,P-SEOUL-01,F-1,오후,500mL,0.59,2.38,182.6,399,24.8,61.3,합격
L00973,2026-04-19 19:44,P-SEOUL-01,F-3,오후,2L,0.82,2.1,180.0,398,25.5,54.9,합격
L00974,2026-04-19 20:30,P-SEOUL-01,F-2,오후,500mL,-0.45,1.98,181.0,383,25.6,47.9,합격
L00975,2026-04-19 20:36,P-SEOUL-01,F-3,오후,1L,-0.23,1.99,180.7,400,25.6,52.2,합격
L00976,2026-04-19 21:27,P-SEOUL-01,F-2,오후,1L,1.1,1.69,182.9,403,24.0,52.2,합격
L00977,2026-04-19 21:44,P-SEOUL-01,F-1,오후,1L,-1.36,1.84,178.1,409,28.4,54.9,합격
L00978,2026-04-19 21:57,P-SEOUL-01,F-1,오후,500mL,-0.78,1.82,179.6,401,26.0,54.7,합격
L00979,2026-04-19 22:08,P-SEOUL-01,F-3,야간,500mL,1.67,1.88,178.7,381,21.1,56.8,합격
L00980,2026-04-19 22:47,P-SEOUL-01,F-2,야간,500mL,0.55,1.92,180.6,398,23.7,52.3,합격
L00981,2026-04-19 23:12,P-SEOUL-01,F-3,야간,500mL,1.12,2.08,181.8,413,23.6,34.8,합격
L00982,2026-04-19 23:54,P-SEOUL-01,F-3,야간,2L,0.28,2.06,178.9,394,23.1,41.4,합격
L00983,2026-04-20 00:39,P-SEOUL-01,F-3,야간,1L,-0.86,2.0,180.4,410,27.2,42.2,합격
L00984,2026-04-20 01:16,P-SEOUL-01,F-3,야간,1L,0.61,2.2,178.4,400,25.6,51.8,합격
L00985,2026-04-20 01:24,P-SEOUL-01,F-3,야간,2L,-0.6,2.03,180.7,410,23.4,49.5,합격
L00986,2026-04-20 02:22,P-SEOUL-01,F-2,야간,500mL,0.15,1.86,182.2,382,25.0,65.6,합격
L00987,2026-04-20 02:27,P-SEOUL-01,F-2,야간,500mL,-0.15,2.07,183.1,397,21.6,42.5,합격
L00988,2026-04-20 02:45,P-SEOUL-01,F-3,야간,2L,1.13,2.26,177.9,417,24.1,63.3,합격
L00989,2026-04-20 02:57,P-SEOUL-01,F-2,야간,2L,3.47,1.91,177.3,391,19.0,49.4,재검
L00990,2026-04-20 03:02,P-SEOUL-01,F-2,야간,2L,-0.49,2.22,176.4,395,20.4,52.8,합격
L00991,2026-04-20 03:08,P-SEOUL-01,F-2,야간,1L,-1.02,2.05,181.6,394,19.7,65.1,합격
L00992,2026-04-20 04:01,P-SEOUL-01,F-2,야간,500mL,-0.86,2.29,183.1,406,26.1,43.7,합격
L00993,2026-04-20 04:23,P-SEOUL-01,F-2,야간,500mL,-0.24,1.9,177.4,394,22.5,59.7,합격
L00994,2026-04-20 04:25,P-SEOUL-01,F-2,야간,500mL,-1.09,2.13,176.0,424,26.6,49.8,합격
L00995,2026-04-20 05:34,P-SEOUL-01,F-3,야간,1L,1.41,2.02,180.6,386,24.1,35.8,합격
L00996,2026-04-20 05:44,P-SEOUL-01,F-2,야간,2L,0.05,1.87,181.8,383,23.0,54.8,합격
L00997,2026-04-20 06:12,P-SEOUL-01,F-2,주간,1L,-0.99,2.05,183.0,406,25.2,52.9,합격
L00998,2026-04-20 06:24,P-SEOUL-01,F-1,주간,500mL,-0.36,1.94,180.6,420,27.4,62.6,합격
L00999,2026-04-20 06:56,P-SEOUL-01,F-1,주간,500mL,1.63,2.3,176.8,403,24.8,52.6,합격
L01000,2026-04-20 07:13,P-SEOUL-01,F-1,주간,500mL,0.61,2.08,179.4,390,24.3,50.0,합격
L01001,2026-04-20 07:28,P-SEOUL-01,F-1,주간,2L,-0.55,2.18,180.7,403,22.9,39.6,합격
L01002,2026-04-20 07:45,P-SEOUL-01,F-2,주간,500mL,0.13,2.07,180.9,397,26.4,46.1,합격
L01003,2026-04-20 07:55,P-SEOUL-01,F-3,주간,2L,-3.51,2.08,179.1,399,27.1,56.0,재검
L01004,2026-04-20 08:46,P-SEOUL-01,F-3,주간,2L,0.87,1.52,180.0,399,21.4,45.1,재검
L01005,2026-04-20 09:08,P-SEOUL-01,F-1,주간,2L,0.6,2.06,181.5,391,19.0,44.9,합격
L01006,2026-04-20 09:16,P-SEOUL-01,F-1,주간,500mL,2.11,1.96,181.0,383,27.4,56.7,합격
L01007,2026-04-20 09:28,P-SEOUL-01,F-1,주간,1L,0.68,2.18,181.6,411,27.3,50.3,합격
L01008,2026-04-20 09:30,P-SEOUL-01,F-3,주간,500mL,0.62,2.18,180.5,395,26.1,45.4,합격
L01009,2026-04-20 09:40,P-SEOUL-01,F-3,주간,2L,0.3,1.99,180.1,402,25.0,55.6,합격
L01010,2026-04-20 09:52,P-SEOUL-01,F-2,주간,2L,-0.04,,178.2,396,24.1,66.0,재검
L01011,2026-04-20 10:34,P-SEOUL-01,F-2,주간,500mL,3.21,2.07,179.7,407,24.9,44.9,재검
L01012,2026-04-20 10:42,P-SEOUL-01,F-1,주간,2L,0.36,2.28,179.6,396,23.7,48.3,합격
L01013,2026-04-20 10:47,P-SEOUL-01,F-2,주간,2L,-0.67,2.2,180.4,408,20.3,53.2,합격
L01014,2026-04-20 11:06,P-SEOUL-01,F-3,주간,2L,-0.64,2.07,176.6,369,23.0,54.4,합격
L01015,2026-04-20 11:07,P-SEOUL-01,F-1,주간,1L,0.91,,181.2,395,19.0,37.7,합격
L01016,2026-04-20 11:17,P-SEOUL-01,F-2,주간,500mL,-0.3,2.23,182.0,395,17.5,73.4,합격
L01017,2026-04-20 13:02,P-SEOUL-01,F-3,주간,2L,0.22,2.0,182.9,397,24.4,46.3,합격
L01018,2026-04-20 15:54,P-SEOUL-01,F-3,오후,2L,0.66,2.17,181.0,391,25.3,49.9,합격
L01019,2026-04-20 15:55,P-SEOUL-01,F-1,오후,500mL,-0.41,,181.4,388,31.5,55.6,합격
L01020,2026-04-20 15:58,P-SEOUL-01,F-3,오후,500mL,-1.15,2.3,179.6,404,25.2,57.4,합격
L01021,2026-04-20 16:01,P-SEOUL-01,F-3,오후,500mL,-0.11,1.98,177.2,392,32.4,47.8,합격
L01022,2026-04-20 17:03,P-SEOUL-01,F-1,오후,500mL,-0.31,2.11,179.0,391,22.5,46.7,합격
L01023,2026-04-20 17:05,P-SEOUL-01,F-1,오후,2L,1.35,2.09,181.0,411,20.8,41.2,합격
L01024,2026-04-20 17:25,P-SEOUL-01,F-3,오후,500mL,-0.39,1.77,181.2,395,25.4,49.6,합격
L01025,2026-04-20 17:50,P-SEOUL-01,F-2,오후,500mL,0.95,1.98,180.0,392,26.4,50.0,합격
L01026,2026-04-20 17:51,P-SEOUL-01,F-3,오후,500mL,-0.02,2.03,180.1,383,25.8,60.2,합격
L01027,2026-04-20 18:11,P-SEOUL-01,F-2,오후,2L,0.38,2.26,178.4,399,23.2,56.3,합격
L01028,2026-04-20 18:58,P-SEOUL-01,F-3,오후,1L,0.44,2.3,178.7,400,25.9,41.9,합격
L01029,2026-04-20 19:02,P-SEOUL-01,F-2,오후,1L,2.05,2.0,179.7,375,29.9,43.3,합격
L01030,2026-04-20 19:14,P-SEOUL-01,F-2,오후,500mL,-1.92,2.14,180.9,396,23.2,58.0,합격
L01031,2026-04-20 19:36,P-SEOUL-01,F-2,오후,500mL,-0.56,2.04,176.3,416,20.8,55.3,합격
L01032,2026-04-20 19:43,P-SEOUL-01,F-2,오후,1L,0.32,2.21,182.2,411,26.9,54.4,합격
L01033,2026-04-20 20:02,P-SEOUL-01,F-1,오후,500mL,-0.88,2.14,179.9,391,22.3,46.2,합격
L01034,2026-04-20 20:09,P-SEOUL-01,F-2,오후,1L,0.71,1.91,180.3,394,22.9,45.0,합격
L01035,2026-04-20 20:23,P-SEOUL-01,F-2,오후,1L,-0.66,2.32,177.8,380,24.6,50.5,합격
L01036,2026-04-20 21:27,P-SEOUL-01,F-1,오후,1L,-0.27,2.05,185.0,421,25.6,75.0,합격
L01037,2026-04-20 21:38,P-SEOUL-01,F-3,오후,1L,-0.39,1.85,180.7,403,22.4,53.9,합격
L01038,2026-04-20 21:49,P-SEOUL-01,F-1,오후,500mL,0.26,2.3,180.5,396,20.2,54.3,합격
L01039,2026-04-20 21:57,P-SEOUL-01,F-3,오후,2L,-0.12,2.1,178.8,392,23.8,36.2,합격
L01040,2026-04-20 22:01,P-SEOUL-01,F-3,야간,1L,1.58,1.99,179.6,377,22.6,35.3,합격
L01041,2026-04-20 22:03,P-SEOUL-01,F-3,야간,500mL,0.89,2.12,179.4,396,23.0,65.3,합격
L01042,2026-04-20 22:10,P-SEOUL-01,F-1,야간,500mL,-0.6,1.97,180.4,414,29.1,57.3,합격
L01043,2026-04-20 22:29,P-SEOUL-01,F-1,야간,500mL,-0.76,2.22,183.0,374,23.2,44.7,합격
L01044,2026-04-20 22:38,P-SEOUL-01,F-1,야간,1L,0.08,2.02,177.0,400,25.0,62.9,합격
L01045,2026-04-20 22:51,P-SEOUL-01,F-2,야간,2L,0.97,2.13,183.5,397,27.3,55.4,합격
L01046,2026-04-20 22:57,P-SEOUL-01,F-1,야간,500mL,-1.29,1.89,183.8,383,25.3,53.2,합격
L01047,2026-04-20 23:39,P-SEOUL-01,F-3,야간,500mL,0.63,2.17,179.0,398,22.3,62.7,합격
L01048,2026-04-20 23:44,P-SEOUL-01,F-2,야간,500mL,0.99,1.96,179.2,382,23.3,53.3,합격
L01049,2026-04-21 00:10,P-SEOUL-01,F-2,야간,2L,0.92,2.12,177.7,399,19.5,60.7,합격
L01050,2026-04-21 00:52,P-SEOUL-01,F-1,야간,1L,0.35,2.04,179.5,386,26.4,39.5,합격
L01051,2026-04-21 01:01,P-SEOUL-01,F-2,야간,2L,0.1,1.95,181.0,410,30.9,50.2,합격
L01052,2026-04-21 01:09,P-SEOUL-01,F-2,야간,1L,0.15,1.99,179.9,409,21.7,58.2,합격
L01053,2026-04-21 02:18,P-SEOUL-01,F-2,야간,2L,1.4,2.13,178.2,400,24.4,,합격
L01054,2026-04-21 02:27,P-SEOUL-01,F-1,야간,2L,0.38,2.04,178.1,405,29.5,56.0,합격
L01055,2026-04-21 02:44,P-SEOUL-01,F-1,야간,500mL,-1.63,1.98,178.6,416,29.5,52.3,합격
L01056,2026-04-21 03:11,P-SEOUL-01,F-2,야간,500mL,-0.16,1.71,177.4,397,20.6,64.4,합격
L01057,2026-04-21 03:24,P-SEOUL-01,F-1,야간,500mL,-0.33,2.07,178.7,415,25.8,56.3,합격
L01058,2026-04-21 04:20,P-SEOUL-01,F-3,야간,1L,-0.13,2.28,177.1,408,25.2,44.7,합격
L01059,2026-04-21 04:32,P-SEOUL-01,F-2,야간,1L,0.44,1.96,181.7,403,25.8,58.3,합격
L01060,2026-04-21 04:35,P-SEOUL-01,F-1,야간,500mL,-1.05,2.1,180.8,396,23.8,53.4,합격
L01061,2026-04-21 05:02,P-SEOUL-01,F-3,야간,500mL,-0.79,1.81,177.2,383,19.8,52.1,합격
L01062,2026-04-21 06:01,P-SEOUL-01,F-2,주간,1L,1.05,1.89,180.4,399,23.9,49.2,합격
L01063,2026-04-21 06:34,P-SEOUL-01,F-3,주간,500mL,-1.31,2.06,181.8,411,22.9,53.5,합격
L01064,2026-04-21 07:09,P-SEOUL-01,F-1,주간,1L,0.25,2.15,180.2,419,23.0,51.0,합격
L01065,2026-04-21 07:58,P-SEOUL-01,F-1,주간,500mL,-1.46,2.05,181.7,398,19.1,63.8,합격
L01066,2026-04-21 08:38,P-SEOUL-01,F-1,주간,500mL,-0.2,1.91,180.9,373,25.8,43.4,합격
L01067,2026-04-21 09:22,P-SEOUL-01,F-2,주간,500mL,-0.76,2.43,180.3,404,27.1,53.8,합격
L01068,2026-04-21 09:23,P-SEOUL-01,F-2,주간,500mL,-1.96,2.03,179.9,414,28.0,58.6,합격
L01069,2026-04-21 09:41,P-SEOUL-01,F-2,주간,1L,1.63,1.88,181.8,402,21.7,37.4,합격
L01070,2026-04-21 10:10,P-SEOUL-01,F-3,주간,500mL,-0.14,2.26,181.2,423,19.4,58.6,합격
L01071,2026-04-21 10:11,P-SEOUL-01,F-2,주간,1L,0.98,2.09,177.1,403,31.5,72.8,합격
L01072,2026-04-21 10:17,P-SEOUL-01,F-1,주간,2L,-1.05,1.93,178.8,386,24.8,49.6,합격
L01073,2026-04-21 11:02,P-SEOUL-01,F-2,주간,500mL,0.58,2.19,176.8,413,21.5,51.8,합격
L01074,2026-04-21 11:03,P-SEOUL-01,F-1,주간,2L,0.22,2.07,178.6,398,25.7,53.7,합격
L01075,2026-04-21 11:12,P-SEOUL-01,F-2,주간,2L,0.66,1.88,180.4,411,17.2,43.8,합격
L01076,2026-04-21 12:41,P-SEOUL-01,F-1,주간,1L,1.06,1.95,179.3,403,21.7,57.0,합격
L01077,2026-04-21 13:38,P-SEOUL-01,F-2,주간,500mL,0.03,2.03,180.5,387,22.3,45.3,합격
L01078,2026-04-21 13:42,P-SEOUL-01,F-3,주간,500mL,-1.49,2.18,179.8,387,22.3,43.8,합격
L01079,2026-04-21 13:53,P-SEOUL-01,F-2,주간,500mL,0.22,2.16,179.4,398,26.8,47.3,합격
L01080,2026-04-21 13:58,P-SEOUL-01,F-2,주간,2L,-0.66,2.04,180.0,414,24.5,46.3,합격
L01081,2026-04-21 14:03,P-SEOUL-01,F-2,오후,1L,0.7,2.2,177.4,418,24.1,48.1,합격
L01082,2026-04-21 14:05,P-SEOUL-01,F-3,오후,500mL,-0.71,2.21,176.1,408,22.5,49.2,합격
L01083,2026-04-21 14:26,P-SEOUL-01,F-3,오후,500mL,-1.44,2.12,180.0,398,28.5,65.1,합격
L01084,2026-04-21 16:41,P-SEOUL-01,F-3,오후,500mL,-0.52,2.13,179.3,399,23.3,50.0,합격
L01085,2026-04-21 17:07,P-SEOUL-01,F-2,오후,500mL,-0.63,2.13,180.5,406,25.5,46.9,합격
L01086,2026-04-21 17:30,P-SEOUL-01,F-2,오후,2L,-0.58,,178.7,406,30.2,60.3,합격
L01087,2026-04-21 17:34,P-SEOUL-01,F-2,오후,2L,-0.77,1.87,177.1,380,16.3,48.4,합격
L01088,2026-04-21 17:49,P-SEOUL-01,F-1,오후,2L,1.68,2.1,176.8,401,25.7,41.7,합격
L01089,2026-04-21 17:51,P-SEOUL-01,F-2,오후,500mL,0.63,1.98,181.8,391,21.4,,합격
L01090,2026-04-21 18:22,P-SEOUL-01,F-1,오후,2L,-0.35,2.09,179.3,396,24.2,45.2,합격
L01091,2026-04-21 19:24,P-SEOUL-01,F-3,오후,500mL,0.83,2.14,183.0,403,27.4,57.1,합격
L01092,2026-04-21 19:36,P-SEOUL-01,F-2,오후,500mL,0.24,2.18,178.8,379,19.5,60.8,합격
L01093,2026-04-21 19:56,P-SEOUL-01,F-1,오후,2L,-0.34,2.06,181.9,404,25.7,41.4,합격
L01094,2026-04-21 20:28,P-SEOUL-01,F-3,오후,500mL,-1.9,2.11,177.5,395,23.2,48.2,합격
L01095,2026-04-21 20:35,P-SEOUL-01,F-1,오후,500mL,0.93,1.99,178.1,413,24.0,,합격
L01096,2026-04-21 21:00,P-SEOUL-01,F-1,오후,500mL,-1.17,1.96,182.4,398,25.7,49.5,합격
L01097,2026-04-21 21:20,P-SEOUL-01,F-2,오후,1L,0.61,2.02,179.6,386,18.7,64.0,합격
L01098,2026-04-21 21:26,P-SEOUL-01,F-2,오후,500mL,-0.24,1.96,183.0,406,23.4,53.0,합격
L01099,2026-04-21 22:03,P-SEOUL-01,F-1,야간,500mL,-0.18,2.01,178.9,396,26.4,50.2,합격
L01100,2026-04-21 22:43,P-SEOUL-01,F-2,야간,500mL,-2.23,2.04,177.6,395,23.0,35.0,합격
L01101,2026-04-21 23:34,P-SEOUL-01,F-2,야간,1L,0.03,1.98,181.6,388,23.9,36.6,합격
L01102,2026-04-21 23:45,P-SEOUL-01,F-3,야간,1L,-0.9,1.99,181.4,438,21.9,51.5,합격
L01103,2026-04-22 00:08,P-SEOUL-01,F-1,야간,1L,0.7,1.97,179.4,401,20.8,38.7,합격
L01104,2026-04-22 00:36,P-SEOUL-01,F-2,야간,500mL,-0.31,1.89,180.1,395,24.6,57.9,합격
L01105,2026-04-22 02:03,P-SEOUL-01,F-2,야간,1L,-0.45,2.04,183.5,401,25.5,61.1,합격
L01106,2026-04-22 03:25,P-SEOUL-01,F-2,야간,500mL,-0.33,2.04,179.5,396,27.2,55.4,합격
L01107,2026-04-22 03:38,P-SEOUL-01,F-1,야간,1L,-1.91,1.97,175.3,407,26.5,52.7,합격
L01108,2026-04-22 03:50,P-SEOUL-01,F-1,야간,2L,0.86,1.9,177.7,403,28.9,53.5,합격
L01109,2026-04-22 03:54,P-SEOUL-01,F-1,야간,500mL,-0.69,2.07,181.8,412,22.5,51.1,합격
L01110,2026-04-22 04:08,P-SEOUL-01,F-1,야간,2L,0.11,2.17,180.5,403,24.2,61.2,합격
L01111,2026-04-22 04:15,P-SEOUL-01,F-2,야간,1L,-0.93,2.08,181.6,388,24.0,50.6,합격
L01112,2026-04-22 07:02,P-SEOUL-01,F-2,주간,1L,0.05,2.03,181.8,382,18.6,51.8,합격
L01113,2026-04-22 07:21,P-SEOUL-01,F-2,주간,500mL,1.13,2.22,181.3,401,23.3,67.5,합격
L01114,2026-04-22 07:56,P-SEOUL-01,F-1,주간,1L,1.67,2.15,180.4,409,21.7,40.9,합격
L01115,2026-04-22 08:15,P-SEOUL-01,F-1,주간,500mL,-0.19,1.98,180.9,397,30.0,56.3,합격
L01116,2026-04-22 09:37,P-SEOUL-01,F-1,주간,1L,0.86,1.95,178.4,411,22.3,48.6,합격
L01117,2026-04-22 11:22,P-SEOUL-01,F-2,주간,1L,0.9,2.12,181.6,399,16.4,67.7,합격
L01118,2026-04-22 11:33,P-SEOUL-01,F-3,주간,1L,0.33,2.06,178.9,371,26.5,55.3,합격
L01119,2026-04-22 11:42,P-SEOUL-01,F-1,주간,1L,2.27,2.03,181.0,376,20.6,50.9,합격
L01120,2026-04-22 12:24,P-SEOUL-01,F-1,주간,1L,0.71,,180.3,389,21.3,43.7,합격
L01121,2026-04-22 12:51,P-SEOUL-01,F-3,주간,1L,3.92,2.07,180.9,410,29.1,47.5,재검
L01122,2026-04-22 13:06,P-SEOUL-01,F-2,주간,1L,1.56,2.16,179.8,389,23.0,48.6,합격
L01123,2026-04-22 13:24,P-SEOUL-01,F-2,주간,500mL,-1.48,2.0,180.2,386,21.6,58.7,합격
L01124,2026-04-22 13:28,P-SEOUL-01,F-3,주간,500mL,0.57,1.21,180.2,409,25.9,68.6,재검
L01125,2026-04-22 13:46,P-SEOUL-01,F-1,주간,1L,-1.39,2.15,179.6,394,26.8,43.9,합격
L01126,2026-04-22 14:10,P-SEOUL-01,F-1,오후,500mL,-0.13,2.06,181.1,376,24.3,48.4,합격
L01127,2026-04-22 14:14,P-SEOUL-01,F-1,오후,1L,0.36,2.32,181.9,412,25.3,43.5,합격
L01128,2026-04-22 14:15,P-SEOUL-01,F-2,오후,1L,0.53,2.18,180.7,380,19.6,39.3,합격
L01129,2026-04-22 14:27,P-SEOUL-01,F-2,오후,1L,-4.15,2.19,180.7,419,23.9,53.5,재검
L01130,2026-04-22 14:46,P-SEOUL-01,F-1,오후,1L,-0.34,2.0,181.4,390,27.1,54.8,합격
L01131,2026-04-22 15:11,P-SEOUL-01,F-3,오후,500mL,-0.03,2.07,178.6,395,22.6,59.4,합격
L01132,2026-04-22 15:17,P-SEOUL-01,F-1,오후,500mL,-1.35,2.08,181.1,397,21.1,53.7,합격
L01133,2026-04-22 15:44,P-SEOUL-01,F-3,오후,500mL,-1.46,2.13,178.4,402,27.8,53.2,합격
L01134,2026-04-22 16:02,P-SEOUL-01,F-2,오후,500mL,-0.44,2.22,179.7,407,22.2,58.2,합격
L01135,2026-04-22 16:26,P-SEOUL-01,F-1,오후,500mL,-0.16,1.85,177.2,397,24.7,56.4,합격
L01136,2026-04-22 16:26,P-SEOUL-01,F-2,오후,500mL,-0.09,1.67,180.8,398,22.5,34.3,합격
L01137,2026-04-22 16:41,P-SEOUL-01,F-2,오후,500mL,1.32,2.09,183.9,400,24.5,44.0,합격
L01138,2026-04-22 18:29,P-SEOUL-01,F-2,오후,2L,-0.66,1.97,178.5,403,27.1,49.2,합격
L01139,2026-04-22 20:36,P-SEOUL-01,F-1,오후,1L,-0.82,2.2,181.1,408,22.6,50.0,합격
L01140,2026-04-22 21:01,P-SEOUL-01,F-2,오후,500mL,0.67,2.13,182.9,422,24.4,57.4,합격
L01141,2026-04-22 21:05,P-SEOUL-01,F-3,오후,1L,1.56,2.21,177.5,404,25.5,53.0,합격
L01142,2026-04-22 21:21,P-SEOUL-01,F-2,오후,500mL,0.36,2.5,182.5,395,17.0,57.0,합격
L01143,2026-04-22 21:56,P-SEOUL-01,F-1,오후,2L,-1.13,2.4,182.1,409,21.9,55.8,합격
L01144,2026-04-22 22:36,P-SEOUL-01,F-3,야간,500mL,0.81,2.11,176.8,385,29.4,52.6,합격
L01145,2026-04-22 22:42,P-SEOUL-01,F-1,야간,2L,0.13,2.06,177.8,407,23.6,46.4,합격
L01146,2026-04-22 22:54,P-SEOUL-01,F-1,야간,1L,-0.06,1.85,181.4,406,24.8,52.3,합격
L01147,2026-04-22 23:31,P-SEOUL-01,F-3,야간,500mL,1.14,1.87,178.9,404,25.8,58.9,합격
L01148,2026-04-23 01:16,P-SEOUL-01,F-2,야간,500mL,-0.22,2.23,179.1,420,19.0,55.1,합격
L01149,2026-04-23 01:35,P-SEOUL-01,F-1,야간,500mL,-0.93,1.84,181.1,398,24.1,45.9,합격
L01150,2026-04-23 01:41,P-SEOUL-01,F-1,야간,2L,-0.12,1.88,177.2,419,26.4,53.1,합격
L01151,2026-04-23 02:07,P-SEOUL-01,F-1,야간,2L,0.47,2.22,179.9,431,25.9,48.0,합격
L01152,2026-04-23 02:33,P-SEOUL-01,F-3,야간,500mL,-0.48,1.98,179.9,419,20.6,48.1,합격
L01153,2026-04-23 03:19,P-SEOUL-01,F-2,야간,500mL,0.28,2.01,180.5,385,30.7,53.0,합격
L01154,2026-04-23 03:33,P-SEOUL-01,F-3,야간,500mL,0.58,2.12,177.3,395,21.5,43.8,합격
L01155,2026-04-23 04:24,P-SEOUL-01,F-1,야간,500mL,1.08,1.99,179.4,407,28.4,53.1,합격
L01156,2026-04-23 04:24,P-SEOUL-01,F-2,야간,500mL,0.49,2.04,183.6,414,24.2,54.5,합격
L01157,2026-04-23 04:34,P-SEOUL-01,F-2,야간,500mL,-0.85,2.11,180.8,397,25.5,58.1,합격
L01158,2026-04-23 04:57,P-SEOUL-01,F-2,야간,2L,-0.37,2.1,177.6,393,20.8,58.7,합격
L01159,2026-04-23 05:00,P-SEOUL-01,F-1,야간,500mL,-0.1,1.54,180.7,407,20.2,43.1,재검
L01160,2026-04-23 05:39,P-SEOUL-01,F-1,야간,500mL,1.78,2.15,180.5,376,25.8,44.6,합격
L01161,2026-04-23 06:30,P-SEOUL-01,F-1,주간,500mL,-0.88,2.04,179.6,434,20.1,35.3,합격
L01162,2026-04-23 06:41,P-SEOUL-01,F-1,주간,500mL,0.54,1.86,183.5,416,25.9,63.1,합격
L01163,2026-04-23 07:06,P-SEOUL-01,F-3,주간,500mL,-0.2,2.2,181.9,410,26.8,47.1,합격
L01164,2026-04-23 07:12,P-SEOUL-01,F-1,주간,500mL,-0.77,2.25,182.4,379,22.7,53.2,합격
L01165,2026-04-23 07:56,P-SEOUL-01,F-3,주간,500mL,1.91,2.14,177.7,409,25.4,49.7,합격
L01166,2026-04-23 08:46,P-SEOUL-01,F-2,주간,2L,-0.95,2.03,183.0,405,23.6,52.9,합격
L01167,2026-04-23 08:47,P-SEOUL-01,F-1,주간,1L,-0.1,2.23,180.4,402,26.4,62.2,합격
L01168,2026-04-23 10:54,P-SEOUL-01,F-1,주간,500mL,1.39,2.04,178.2,401,25.4,41.8,합격
L01169,2026-04-23 11:08,P-SEOUL-01,F-2,주간,500mL,1.18,1.95,179.3,401,28.5,34.5,합격
L01170,2026-04-23 11:29,P-SEOUL-01,F-1,주간,500mL,-1.06,2.26,178.6,384,24.4,52.9,합격
L01171,2026-04-23 11:48,P-SEOUL-01,F-3,주간,1L,-0.74,2.12,181.4,388,26.8,45.2,합격
L01172,2026-04-23 11:59,P-SEOUL-01,F-3,주간,1L,0.7,1.37,179.2,406,21.9,51.8,재검
L01173,2026-04-23 12:01,P-SEOUL-01,F-1,주간,1L,0.68,2.19,185.6,415,26.0,47.4,합격
L01174,2026-04-23 12:56,P-SEOUL-01,F-2,주간,2L,0.08,2.17,180.0,405,25.1,54.3,합격
L01175,2026-04-23 12:58,P-SEOUL-01,F-2,주간,2L,-0.17,2.15,182.9,396,24.9,55.2,합격
L01176,2026-04-23 13:05,P-SEOUL-01,F-2,주간,2L,0.77,2.16,179.3,402,23.2,58.4,합격
L01177,2026-04-23 13:31,P-SEOUL-01,F-3,주간,500mL,0.98,,177.7,409,30.3,44.6,합격
L01178,2026-04-23 13:37,P-SEOUL-01,F-2,주간,500mL,0.32,2.18,183.2,382,22.1,48.9,합격
L01179,2026-04-23 13:39,P-SEOUL-01,F-1,주간,500mL,-0.91,2.3,177.8,394,26.1,66.2,합격
L01180,2026-04-23 15:11,P-SEOUL-01,F-1,오후,500mL,1.41,1.98,181.0,379,22.0,49.1,합격
L01181,2026-04-23 15:47,P-SEOUL-01,F-3,오후,2L,0.01,2.32,179.2,400,24.9,55.4,합격
L01182,2026-04-23 16:29,P-SEOUL-01,F-2,오후,2L,-1.27,1.9,183.3,397,24.2,59.7,합격
L01183,2026-04-23 16:32,P-SEOUL-01,F-2,오후,2L,-0.8,2.16,176.5,402,17.5,51.3,합격
L01184,2026-04-23 16:54,P-SEOUL-01,F-3,오후,500mL,-0.33,2.17,177.8,408,22.5,45.3,합격
L01185,2026-04-23 16:54,P-SEOUL-01,F-1,오후,500mL,-0.53,2.16,174.2,407,22.4,45.3,합격
L01186,2026-04-23 17:01,P-SEOUL-01,F-1,오후,2L,0.23,2.29,181.9,389,19.3,61.3,합격
L01187,2026-04-23 18:07,P-SEOUL-01,F-3,오후,2L,-0.35,1.26,179.6,408,20.9,51.0,재검
L01188,2026-04-23 18:13,P-SEOUL-01,F-3,오후,1L,0.67,2.1,180.4,415,25.1,47.2,합격
L01189,2026-04-23 18:55,P-SEOUL-01,F-1,오후,1L,-0.29,2.0,180.6,406,23.0,48.3,합격
L01190,2026-04-23 19:04,P-SEOUL-01,F-1,오후,500mL,-0.6,2.09,180.4,384,21.2,64.8,합격
L01191,2026-04-23 19:11,P-SEOUL-01,F-2,오후,500mL,0.83,2.14,176.2,394,23.5,59.6,합격
L01192,2026-04-23 19:28,P-SEOUL-01,F-1,오후,500mL,1.17,2.23,181.5,423,30.8,53.2,합격
L01193,2026-04-23 19:43,P-SEOUL-01,F-1,오후,2L,-0.04,,182.1,384,23.1,37.0,합격
L01194,2026-04-23 20:04,P-SEOUL-01,F-2,오후,2L,4.1,2.11,183.6,415,17.5,49.9,재검
L01195,2026-04-23 20:11,P-SEOUL-01,F-2,오후,500mL,2.66,2.23,180.4,391,25.0,56.1,합격
L01196,2026-04-23 20:16,P-SEOUL-01,F-1,오후,500mL,-0.64,2.06,178.5,411,22.7,62.0,합격
L01197,2026-04-23 20:18,P-SEOUL-01,F-2,오후,500mL,0.05,2.01,180.3,412,17.8,66.0,합격
L01198,2026-04-23 20:27,P-SEOUL-01,F-2,오후,500mL,0.1,2.18,181.2,407,24.2,56.0,합격
L01199,2026-04-23 20:42,P-SEOUL-01,F-1,오후,2L,0.92,2.17,180.9,398,26.6,48.0,합격
L01200,2026-04-23 20:51,P-SEOUL-01,F-2,오후,500mL,-0.54,2.11,180.0,410,26.6,53.8,합격
L01201,2026-04-23 21:07,P-SEOUL-01,F-2,오후,1L,0.76,2.06,180.1,401,25.3,51.0,합격
L01202,2026-04-23 21:20,P-SEOUL-01,F-1,오후,500mL,-0.13,2.11,180.4,408,24.6,60.0,합격
L01203,2026-04-23 21:46,P-SEOUL-01,F-2,오후,500mL,0.6,2.01,181.1,395,24.6,62.7,합격
L01204,2026-04-23 21:47,P-SEOUL-01,F-1,오후,500mL,0.86,2.24,176.2,415,24.7,57.8,합격
L01205,2026-04-23 22:00,P-SEOUL-01,F-3,야간,1L,-0.74,1.84,181.1,395,21.1,53.3,합격
L01206,2026-04-23 22:03,P-SEOUL-01,F-3,야간,500mL,1.08,2.14,182.6,388,21.7,61.8,합격
L01207,2026-04-23 22:18,P-SEOUL-01,F-1,야간,500mL,-0.07,2.06,183.8,422,22.6,46.4,합격
L01208,2026-04-23 22:42,P-SEOUL-01,F-1,야간,500mL,-0.16,2.14,179.2,405,27.6,42.9,합격
L01209,2026-04-23 22:56,P-SEOUL-01,F-3,야간,1L,-0.42,2.11,177.5,386,24.4,57.5,합격
L01210,2026-04-23 23:01,P-SEOUL-01,F-3,야간,2L,0.17,1.68,178.7,381,24.2,51.1,합격
L01211,2026-04-23 23:57,P-SEOUL-01,F-3,야간,2L,-0.83,2.15,179.0,418,23.4,61.4,합격
L01212,2026-04-24 01:08,P-SEOUL-01,F-1,야간,1L,-0.54,2.25,180.7,393,26.8,51.7,합격
L01213,2026-04-24 01:28,P-SEOUL-01,F-1,야간,2L,0.82,2.1,174.3,397,26.9,55.1,합격
L01214,2026-04-24 01:40,P-SEOUL-01,F-3,야간,1L,-0.12,1.89,179.3,394,23.7,50.9,합격
L01215,2026-04-24 01:41,P-SEOUL-01,F-2,야간,2L,-0.46,2.19,181.1,398,24.9,53.2,합격
L01216,2026-04-24 02:16,P-SEOUL-01,F-3,야간,1L,0.68,2.0,177.6,414,27.3,51.1,합격
L01217,2026-04-24 02:21,P-SEOUL-01,F-1,야간,1L,-0.19,2.07,178.1,392,28.9,42.4,합격
L01218,2026-04-24 02:31,P-SEOUL-01,F-1,야간,2L,0.29,2.13,181.7,397,26.1,53.3,합격
L01219,2026-04-24 02:47,P-SEOUL-01,F-1,야간,500mL,-0.81,2.06,180.3,406,21.5,61.2,합격
L01220,2026-04-24 03:05,P-SEOUL-01,F-1,야간,1L,1.49,1.9,175.7,400,21.7,43.1,합격
L01221,2026-04-24 03:37,P-SEOUL-01,F-1,야간,1L,-0.88,1.72,179.3,417,22.3,43.7,합격
L01222,2026-04-24 04:05,P-SEOUL-01,F-2,야간,500mL,1.67,2.18,180.3,388,29.4,46.6,합격
L01223,2026-04-24 04:08,P-SEOUL-01,F-1,야간,1L,0.29,,178.8,405,25.0,49.6,합격
L01224,2026-04-24 04:46,P-SEOUL-01,F-1,야간,2L,-0.37,1.9,178.7,415,26.9,48.3,합격
L01225,2026-04-24 05:34,P-SEOUL-01,F-3,야간,500mL,0.69,2.06,180.5,398,21.9,35.3,합격
L01226,2026-04-24 05:42,P-SEOUL-01,F-2,야간,2L,0.34,1.9,177.9,402,26.8,54.1,합격
L01227,2026-04-24 05:56,P-SEOUL-01,F-1,야간,500mL,0.08,2.18,178.5,388,16.8,52.3,합격
L01228,2026-04-24 06:01,P-SEOUL-01,F-2,주간,2L,-0.25,2.22,177.3,411,26.1,53.5,합격
L01229,2026-04-24 06:50,P-SEOUL-01,F-3,주간,2L,0.34,1.98,178.9,414,21.1,63.7,합격
L01230,2026-04-24 07:33,P-SEOUL-01,F-1,주간,500mL,0.91,2.14,181.2,411,29.1,51.1,합격
L01231,2026-04-24 08:21,P-SEOUL-01,F-2,주간,1L,-0.9,2.4,180.8,387,21.4,56.9,합격
L01232,2026-04-24 08:56,P-SEOUL-01,F-3,주간,500mL,-0.45,2.18,179.7,399,20.8,41.5,합격
L01233,2026-04-24 09:27,P-SEOUL-01,F-2,주간,500mL,0.8,2.18,177.8,425,30.6,64.3,합격
L01234,2026-04-24 09:36,P-SEOUL-01,F-1,주간,500mL,0.38,2.25,182.2,390,24.0,47.9,합격
L01235,2026-04-24 09:43,P-SEOUL-01,F-1,주간,1L,-0.12,2.3,180.5,404,27.0,60.3,합격
L01236,2026-04-24 10:06,P-SEOUL-01,F-2,주간,500mL,1.28,2.24,178.8,376,24.5,58.0,합격
L01237,2026-04-24 10:07,P-SEOUL-01,F-2,주간,2L,0.25,2.25,177.8,416,22.0,59.9,합격
L01238,2026-04-24 11:33,P-SEOUL-01,F-1,주간,500mL,0.66,2.14,179.6,396,24.8,44.1,합격
L01239,2026-04-24 11:49,P-SEOUL-01,F-3,주간,500mL,-0.27,2.02,177.1,411,19.8,49.4,합격
L01240,2026-04-24 11:50,P-SEOUL-01,F-2,주간,1L,-1.85,1.97,178.8,413,22.8,43.6,합격
L01241,2026-04-24 12:20,P-SEOUL-01,F-1,주간,2L,0.28,2.16,178.5,399,23.0,61.9,합격
L01242,2026-04-24 12:31,P-SEOUL-01,F-1,주간,500mL,-0.86,2.19,176.1,411,29.5,61.2,합격
L01243,2026-04-24 12:36,P-SEOUL-01,F-3,주간,1L,0.15,2.06,182.1,414,20.6,56.9,합격
L01244,2026-04-24 13:08,P-SEOUL-01,F-3,주간,2L,-0.46,2.29,179.5,403,24.4,52.2,합격
L01245,2026-04-24 13:36,P-SEOUL-01,F-1,주간,2L,0.25,1.96,183.1,414,21.7,48.2,합격
L01246,2026-04-24 13:54,P-SEOUL-01,F-2,주간,500mL,-0.56,2.1,178.6,394,22.3,50.1,합격
L01247,2026-04-24 14:10,P-SEOUL-01,F-1,오후,500mL,0.03,2.3,180.3,403,18.2,41.7,합격
L01248,2026-04-24 14:11,P-SEOUL-01,F-3,오후,500mL,0.72,1.84,182.9,383,21.7,48.8,합격
L01249,2026-04-24 16:14,P-SEOUL-01,F-2,오후,1L,-0.24,2.17,181.1,409,24.4,37.3,합격
L01250,2026-04-24 16:34,P-SEOUL-01,F-1,오후,2L,1.03,,178.6,391,20.5,64.9,합격
L01251,2026-04-24 16:45,P-SEOUL-01,F-2,오후,2L,-0.61,2.03,180.3,418,19.0,52.9,합격
L01252,2026-04-24 17:02,P-SEOUL-01,F-2,오후,1L,0.74,2.23,179.8,411,25.1,48.1,합격
L01253,2026-04-24 17:40,P-SEOUL-01,F-3,오후,1L,0.37,1.93,179.5,366,23.4,30.3,합격
L01254,2026-04-24 18:35,P-SEOUL-01,F-2,오후,1L,-0.66,1.76,178.7,411,25.0,51.5,합격
L01255,2026-04-24 19:23,P-SEOUL-01,F-2,오후,500mL,0.83,2.06,179.3,396,22.4,50.0,합격
L01256,2026-04-24 21:18,P-SEOUL-01,F-1,오후,1L,-0.94,2.14,178.3,392,24.5,47.3,합격
L01257,2026-04-25 00:38,P-SEOUL-01,F-2,야간,500mL,0.85,1.41,181.2,398,24.8,63.8,재검
L01258,2026-04-25 00:56,P-SEOUL-01,F-2,야간,500mL,-1.38,1.89,181.5,400,22.3,48.6,합격
L01259,2026-04-25 01:33,P-SEOUL-01,F-2,야간,500mL,-0.88,2.16,180.6,401,22.7,51.7,합격
L01260,2026-04-25 01:45,P-SEOUL-01,F-2,야간,1L,1.67,2.18,178.5,414,22.7,58.5,합격
L01261,2026-04-25 02:06,P-SEOUL-01,F-1,야간,500mL,-0.01,2.06,181.5,413,24.9,40.3,합격
L01262,2026-04-25 02:48,P-SEOUL-01,F-1,야간,500mL,1.05,2.11,178.5,394,25.5,50.5,합격
L01263,2026-04-25 03:01,P-SEOUL-01,F-1,야간,1L,-0.32,2.15,176.4,391,24.9,40.8,합격
L01264,2026-04-25 03:08,P-SEOUL-01,F-1,야간,1L,0.81,2.0,176.9,366,23.4,47.6,합격
L01265,2026-04-25 03:21,P-SEOUL-01,F-2,야간,1L,-2.18,2.28,179.9,394,19.0,35.1,합격
L01266,2026-04-25 03:44,P-SEOUL-01,F-2,야간,500mL,0.66,2.07,179.9,388,19.6,63.2,합격
L01267,2026-04-25 03:50,P-SEOUL-01,F-2,야간,500mL,1.6,2.07,178.5,377,21.1,56.9,합격
L01268,2026-04-25 04:05,P-SEOUL-01,F-2,야간,500mL,-0.22,1.89,182.6,373,26.6,52.2,합격
L01269,2026-04-25 04:30,P-SEOUL-01,F-2,야간,500mL,0.8,1.91,177.4,392,18.6,60.1,합격
L01270,2026-04-25 04:35,P-SEOUL-01,F-1,야간,500mL,-0.49,1.8,181.5,398,25.1,47.3,합격
L01271,2026-04-25 05:17,P-SEOUL-01,F-2,야간,2L,1.52,2.06,176.9,398,25.9,59.2,합격
L01272,2026-04-25 05:50,P-SEOUL-01,F-1,야간,500mL,-1.3,2.02,180.6,424,16.8,56.5,합격
L01273,2026-04-25 07:08,P-SEOUL-01,F-3,주간,1L,-0.12,2.39,181.9,412,18.7,48.1,합격
L01274,2026-04-25 07:09,P-SEOUL-01,F-2,주간,500mL,-1.34,1.96,177.0,388,24.4,42.6,합격
L01275,2026-04-25 07:10,P-SEOUL-01,F-2,주간,2L,0.39,1.96,183.3,396,22.5,63.8,합격
L01276,2026-04-25 07:18,P-SEOUL-01,F-1,주간,500mL,-0.46,2.12,180.6,413,23.0,52.2,합격
L01277,2026-04-25 07:53,P-SEOUL-01,F-2,주간,500mL,1.1,2.03,179.1,402,29.8,55.4,합격
L01278,2026-04-25 07:54,P-SEOUL-01,F-3,주간,500mL,0.09,2.15,182.8,412,24.5,45.7,합격
L01279,2026-04-25 09:06,P-SEOUL-01,F-2,주간,500mL,-0.5,2.35,179.4,413,24.2,37.9,합격
L01280,2026-04-25 09:25,P-SEOUL-01,F-1,주간,1L,0.4,,180.6,437,20.2,52.4,합격
L01281,2026-04-25 09:39,P-SEOUL-01,F-2,주간,1L,1.17,2.24,180.0,383,23.4,60.0,합격
L01282,2026-04-25 10:40,P-SEOUL-01,F-1,주간,500mL,-0.48,2.27,176.7,399,32.7,38.4,합격
L01283,2026-04-25 11:19,P-SEOUL-01,F-1,주간,500mL,0.14,2.13,182.3,413,22.7,43.5,합격
L01284,2026-04-25 11:21,P-SEOUL-01,F-2,주간,1L,1.06,2.03,179.3,408,26.4,54.0,합격
L01285,2026-04-25 11:50,P-SEOUL-01,F-2,주간,500mL,-0.22,2.16,183.7,389,20.9,54.8,합격
L01286,2026-04-25 12:00,P-SEOUL-01,F-2,주간,1L,-1.16,1.94,179.6,401,25.2,59.2,합격
L01287,2026-04-25 12:03,P-SEOUL-01,F-3,주간,500mL,-0.27,1.98,182.8,412,22.5,48.3,합격
L01288,2026-04-25 13:08,P-SEOUL-01,F-2,주간,500mL,-0.6,2.21,180.3,417,21.9,61.0,합격
L01289,2026-04-25 13:41,P-SEOUL-01,F-3,주간,2L,0.76,2.0,181.1,414,35.6,55.8,합격
L01290,2026-04-25 13:54,P-SEOUL-01,F-3,주간,500mL,-0.21,2.04,178.0,432,25.2,53.4,합격
L01291,2026-04-25 13:59,P-SEOUL-01,F-3,주간,500mL,0.16,2.32,180.4,411,25.2,54.2,합격
L01292,2026-04-25 14:13,P-SEOUL-01,F-1,오후,500mL,-0.72,2.06,182.3,407,26.5,43.2,합격
L01293,2026-04-25 15:01,P-SEOUL-01,F-1,오후,2L,0.21,1.95,180.1,414,22.6,66.8,합격
L01294,2026-04-25 15:07,P-SEOUL-01,F-1,오후,1L,-0.46,2.16,180.8,401,31.3,35.3,합격
L01295,2026-04-25 15:08,P-SEOUL-01,F-3,오후,500mL,-0.88,2.17,180.0,427,29.8,56.4,합격
L01296,2026-04-25 15:22,P-SEOUL-01,F-2,오후,2L,-4.53,2.09,178.8,404,26.0,61.7,재검
L01297,2026-04-25 15:44,P-SEOUL-01,F-3,오후,500mL,1.09,2.16,177.3,401,19.0,40.5,합격
L01298,2026-04-25 16:26,P-SEOUL-01,F-2,오후,500mL,-0.15,1.99,180.1,407,26.0,47.4,합격
L01299,2026-04-25 16:31,P-SEOUL-01,F-2,오후,500mL,0.61,1.99,179.9,378,20.1,55.8,합격
L01300,2026-04-25 16:54,P-SEOUL-01,F-2,오후,2L,-0.71,2.13,179.5,410,24.1,58.6,합격
L01301,2026-04-25 17:07,P-SEOUL-01,F-2,오후,2L,-2.06,2.0,183.6,408,17.5,45.0,합격
L01302,2026-04-25 17:25,P-SEOUL-01,F-3,오후,500mL,-0.06,1.53,177.6,420,19.6,57.8,재검
L01303,2026-04-25 18:11,P-SEOUL-01,F-1,오후,500mL,-0.26,2.19,180.9,392,22.3,45.9,합격
L01304,2026-04-25 19:03,P-SEOUL-01,F-3,오후,500mL,0.06,2.01,183.7,389,27.7,50.1,합격
L01305,2026-04-25 19:15,P-SEOUL-01,F-3,오후,1L,0.02,1.99,178.4,380,21.6,47.2,합격
L01306,2026-04-25 19:18,P-SEOUL-01,F-1,오후,2L,0.7,2.14,178.5,394,20.6,49.9,합격
L01307,2026-04-25 19:27,P-SEOUL-01,F-2,오후,500mL,-0.11,,179.6,408,19.3,44.8,합격
L01308,2026-04-25 19:29,P-SEOUL-01,F-1,오후,500mL,-0.17,2.29,178.9,382,31.4,57.3,합격
L01309,2026-04-25 21:45,P-SEOUL-01,F-2,오후,1L,-0.56,2.01,181.5,403,31.3,63.7,합격
L01310,2026-04-25 22:37,P-SEOUL-01,F-1,야간,1L,0.52,2.27,181.5,400,22.8,44.5,합격
L01311,2026-04-25 22:51,P-SEOUL-01,F-1,야간,2L,1.38,2.27,179.7,395,20.4,47.2,합격
L01312,2026-04-25 22:52,P-SEOUL-01,F-1,야간,500mL,0.97,1.96,182.9,402,28.6,55.9,합격
L01313,2026-04-25 23:24,P-SEOUL-01,F-2,야간,500mL,0.25,2.04,183.0,409,24.2,36.0,합격
L01314,2026-04-25 23:49,P-SEOUL-01,F-3,야간,500mL,0.29,2.06,177.9,401,23.2,50.1,합격
L01315,2026-04-26 01:30,P-SEOUL-01,F-1,야간,1L,0.25,2.01,177.3,392,23.6,47.8,합격
L01316,2026-04-26 02:55,P-SEOUL-01,F-1,야간,1L,0.15,2.1,181.4,391,26.0,46.0,합격
L01317,2026-04-26 03:11,P-SEOUL-01,F-1,야간,1L,0.65,2.18,177.2,402,22.2,71.4,합격
L01318,2026-04-26 03:15,P-SEOUL-01,F-1,야간,1L,1.35,1.99,178.0,384,22.3,50.4,합격
L01319,2026-04-26 03:46,P-SEOUL-01,F-3,야간,500mL,-3.64,2.07,177.9,390,23.4,49.4,재검
L01320,2026-04-26 03:57,P-SEOUL-01,F-2,야간,2L,1.11,2.19,177.9,397,24.3,51.7,합격
L01321,2026-04-26 04:07,P-SEOUL-01,F-1,야간,2L,-1.41,2.24,178.3,398,25.0,49.3,합격
L01322,2026-04-26 04:22,P-SEOUL-01,F-3,야간,500mL,0.97,1.93,182.2,407,22.8,50.3,합격
L01323,2026-04-26 04:31,P-SEOUL-01,F-3,야간,500mL,-1.36,1.99,180.6,402,22.1,50.3,합격
L01324,2026-04-26 04:41,P-SEOUL-01,F-2,야간,2L,-1.32,2.14,180.0,408,25.3,54.9,합격
L01325,2026-04-26 06:29,P-SEOUL-01,F-2,주간,1L,-1.39,2.15,179.3,381,20.6,38.3,합격
L01326,2026-04-26 07:07,P-SEOUL-01,F-2,주간,2L,0.03,2.32,181.0,389,18.9,56.6,합격
L01327,2026-04-26 07:17,P-SEOUL-01,F-1,주간,500mL,1.09,2.14,179.7,381,24.5,49.2,합격
L01328,2026-04-26 07:29,P-SEOUL-01,F-1,주간,1L,-0.73,2.18,184.1,395,22.9,57.9,합격
L01329,2026-04-26 08:17,P-SEOUL-01,F-3,주간,500mL,1.4,2.27,181.9,396,25.4,53.1,합격
L01330,2026-04-26 08:41,P-SEOUL-01,F-1,주간,2L,-0.11,2.13,182.8,378,23.0,66.1,합격
L01331,2026-04-26 08:59,P-SEOUL-01,F-1,주간,500mL,-1.52,1.84,181.3,415,22.3,41.0,합격
L01332,2026-04-26 09:05,P-SEOUL-01,F-2,주간,500mL,0.48,2.17,176.6,403,29.6,58.3,합격
L01333,2026-04-26 09:24,P-SEOUL-01,F-1,주간,500mL,-0.02,,179.3,399,25.7,52.9,합격
L01334,2026-04-26 09:25,P-SEOUL-01,F-3,주간,1L,0.02,2.22,179.3,413,20.6,62.1,합격
L01335,2026-04-26 10:04,P-SEOUL-01,F-3,주간,500mL,0.37,2.1,178.4,386,20.1,52.2,합격
L01336,2026-04-26 10:48,P-SEOUL-01,F-2,주간,500mL,-0.94,2.15,179.1,400,23.8,52.3,합격
L01337,2026-04-26 10:56,P-SEOUL-01,F-1,주간,500mL,1.22,2.14,184.2,394,25.9,49.8,합격
L01338,2026-04-26 11:11,P-SEOUL-01,F-1,주간,1L,-0.49,2.3,179.9,399,20.4,61.3,합격
L01339,2026-04-26 11:12,P-SEOUL-01,F-3,주간,1L,-3.86,2.12,178.3,403,21.9,57.9,재검
L01340,2026-04-26 11:16,P-SEOUL-01,F-2,주간,500mL,-0.28,2.08,180.2,398,23.3,46.6,합격
L01341,2026-04-26 12:04,P-SEOUL-01,F-2,주간,500mL,0.4,1.89,181.8,401,20.9,45.1,합격
L01342,2026-04-26 12:18,P-SEOUL-01,F-3,주간,500mL,-0.43,2.14,179.7,416,21.7,46.8,합격
L01343,2026-04-26 12:32,P-SEOUL-01,F-2,주간,500mL,0.93,2.06,183.2,397,23.9,35.2,합격
L01344,2026-04-26 12:44,P-SEOUL-01,F-1,주간,500mL,-0.3,2.24,183.4,420,28.0,57.0,합격
L01345,2026-04-26 13:01,P-SEOUL-01,F-2,주간,1L,0.28,,180.5,374,20.1,47.8,합격
L01346,2026-04-26 13:02,P-SEOUL-01,F-1,주간,1L,-0.59,2.0,180.0,394,19.8,57.2,합격
L01347,2026-04-26 13:30,P-SEOUL-01,F-2,주간,1L,-0.14,2.03,181.1,415,24.1,62.7,합격
L01348,2026-04-26 13:38,P-SEOUL-01,F-3,주간,2L,2.31,2.18,182.7,425,20.4,40.5,합격
L01349,2026-04-26 13:46,P-SEOUL-01,F-2,주간,500mL,0.34,2.11,175.7,392,23.7,63.2,합격
L01350,2026-04-26 14:56,P-SEOUL-01,F-1,오후,500mL,-0.19,2.04,179.5,399,25.5,56.5,합격
L01351,2026-04-26 15:04,P-SEOUL-01,F-3,오후,500mL,0.88,2.16,182.7,379,23.1,47.7,합격
L01352,2026-04-26 15:41,P-SEOUL-01,F-1,오후,1L,1.5,1.88,181.1,413,22.1,53.1,합격
L01353,2026-04-26 16:15,P-SEOUL-01,F-1,오후,500mL,-0.53,1.75,179.1,399,21.1,59.1,합격
L01354,2026-04-26 17:03,P-SEOUL-01,F-2,오후,500mL,0.65,2.1,178.7,406,15.9,47.6,합격
L01355,2026-04-26 17:29,P-SEOUL-01,F-2,오후,1L,-0.07,2.03,180.0,411,22.0,64.1,합격
L01356,2026-04-26 17:32,P-SEOUL-01,F-3,오후,2L,1.1,2.24,181.0,410,25.1,56.5,합격
L01357,2026-04-26 17:38,P-SEOUL-01,F-2,오후,1L,-0.24,2.03,176.4,396,22.2,36.0,합격
L01358,2026-04-26 17:56,P-SEOUL-01,F-3,오후,1L,-0.55,,179.4,373,32.1,44.6,합격
L01359,2026-04-26 18:07,P-SEOUL-01,F-3,오후,500mL,0.5,2.23,180.9,398,19.6,55.9,합격
L01360,2026-04-26 18:23,P-SEOUL-01,F-1,오후,500mL,-0.47,2.12,181.9,380,26.6,43.5,합격
L01361,2026-04-26 18:25,P-SEOUL-01,F-2,오후,2L,0.66,2.13,180.8,397,25.9,52.4,합격
L01362,2026-04-26 18:41,P-SEOUL-01,F-1,오후,2L,-0.8,2.04,178.2,404,20.0,50.3,합격
L01363,2026-04-26 18:46,P-SEOUL-01,F-1,오후,2L,-0.28,1.91,179.5,417,14.8,33.7,합격
L01364,2026-04-26 19:25,P-SEOUL-01,F-1,오후,500mL,-2.12,2.24,178.1,395,24.2,49.1,합격
L01365,2026-04-26 19:38,P-SEOUL-01,F-2,오후,500mL,0.3,2.17,181.4,402,25.1,65.3,합격
L01366,2026-04-26 20:34,P-SEOUL-01,F-3,오후,500mL,-0.32,2.18,179.0,403,22.6,50.0,합격
L01367,2026-04-26 22:02,P-SEOUL-01,F-2,야간,500mL,1.35,1.96,180.1,378,23.2,49.3,합격
L01368,2026-04-26 22:41,P-SEOUL-01,F-2,야간,2L,-1.78,2.08,180.5,397,18.7,47.9,합격
L01369,2026-04-26 22:46,P-SEOUL-01,F-1,야간,2L,-0.52,2.16,182.5,396,22.9,36.4,합격
L01370,2026-04-26 22:49,P-SEOUL-01,F-1,야간,500mL,-0.66,2.09,180.3,408,20.4,51.5,합격
L01371,2026-04-26 23:22,P-SEOUL-01,F-2,야간,1L,2.09,2.0,178.8,406,23.7,52.7,합격
L01372,2026-04-26 23:33,P-SEOUL-01,F-2,야간,500mL,0.8,2.2,181.9,409,23.2,40.8,합격
L01373,2026-04-26 23:57,P-SEOUL-01,F-3,야간,500mL,-0.33,2.2,183.8,393,25.8,34.2,합격
L01374,2026-04-27 00:12,P-SEOUL-01,F-1,야간,500mL,-0.61,2.11,179.9,373,23.0,53.7,합격
L01375,2026-04-27 00:56,P-SEOUL-01,F-3,야간,500mL,0.17,1.91,178.8,414,23.4,44.6,합격
L01376,2026-04-27 01:03,P-SEOUL-01,F-2,야간,1L,-2.83,2.12,180.6,393,21.0,44.1,합격
L01377,2026-04-27 01:16,P-SEOUL-01,F-3,야간,2L,-0.36,,180.5,390,24.0,50.2,합격
L01378,2026-04-27 01:50,P-SEOUL-01,F-2,야간,1L,1.76,2.2,181.1,383,23.2,48.1,합격
L01379,2026-04-27 01:58,P-SEOUL-01,F-1,야간,2L,1.56,2.0,180.4,387,28.4,45.9,합격
L01380,2026-04-27 03:39,P-SEOUL-01,F-3,야간,500mL,-1.14,2.12,178.1,397,24.5,48.2,합격
L01381,2026-04-27 04:29,P-SEOUL-01,F-2,야간,2L,-1.07,2.11,180.3,388,29.6,66.3,합격
L01382,2026-04-27 05:36,P-SEOUL-01,F-1,야간,1L,0.13,1.91,181.9,383,22.0,42.7,합격
L01383,2026-04-27 06:16,P-SEOUL-01,F-1,주간,1L,-0.69,2.23,177.8,411,22.3,43.2,합격
L01384,2026-04-27 06:41,P-SEOUL-01,F-2,주간,2L,-0.98,2.12,182.7,418,30.7,58.5,합격
L01385,2026-04-27 07:01,P-SEOUL-01,F-2,주간,500mL,-0.19,1.96,183.4,374,26.1,46.7,합격
L01386,2026-04-27 07:04,P-SEOUL-01,F-1,주간,1L,-0.89,2.16,181.4,400,24.7,57.7,합격
L01387,2026-04-27 07:41,P-SEOUL-01,F-1,주간,500mL,-1.24,1.86,178.9,411,24.0,51.5,합격
L01388,2026-04-27 07:54,P-SEOUL-01,F-2,주간,500mL,-0.87,2.24,180.0,386,25.7,37.0,합격
L01389,2026-04-27 08:02,P-SEOUL-01,F-3,주간,2L,1.08,1.27,179.2,419,21.6,57.0,재검
L01390,2026-04-27 09:41,P-SEOUL-01,F-1,주간,1L,0.77,2.02,178.7,416,31.8,50.5,합격
L01391,2026-04-27 09:44,P-SEOUL-01,F-2,주간,500mL,-1.1,1.84,178.1,439,24.1,54.8,합격
L01392,2026-04-27 09:51,P-SEOUL-01,F-1,주간,500mL,-0.55,1.96,181.0,392,30.8,51.7,합격
L01393,2026-04-27 10:54,P-SEOUL-01,F-3,주간,500mL,0.2,1.83,177.1,399,19.1,47.4,합격
L01394,2026-04-27 11:11,P-SEOUL-01,F-3,주간,500mL,0.69,,179.7,418,22.8,70.3,합격
L01395,2026-04-27 11:49,P-SEOUL-01,F-2,주간,1L,-0.25,1.42,183.2,396,20.9,47.9,재검
L01396,2026-04-27 12:10,P-SEOUL-01,F-2,주간,500mL,-1.94,2.43,182.0,385,23.6,49.8,합격
L01397,2026-04-27 12:55,P-SEOUL-01,F-1,주간,500mL,0.24,2.28,180.5,391,28.8,54.2,합격
L01398,2026-04-27 12:57,P-SEOUL-01,F-3,주간,500mL,-0.48,2.25,178.9,387,26.8,40.1,합격
L01399,2026-04-27 13:37,P-SEOUL-01,F-1,주간,500mL,-0.77,2.36,177.8,413,21.6,52.0,합격
L01400,2026-04-27 13:44,P-SEOUL-01,F-2,주간,500mL,-0.42,1.96,181.1,412,27.4,40.8,합격
L01401,2026-04-27 14:15,P-SEOUL-01,F-1,오후,500mL,0.29,2.13,180.3,414,20.3,,합격
L01402,2026-04-27 14:43,P-SEOUL-01,F-1,오후,500mL,1.08,1.96,178.1,397,27.3,62.6,합격
L01403,2026-04-27 14:50,P-SEOUL-01,F-3,오후,500mL,-0.87,2.34,180.2,408,24.9,58.8,합격
L01404,2026-04-27 14:57,P-SEOUL-01,F-1,오후,1L,2.2,2.17,179.6,394,30.3,65.2,합격
L01405,2026-04-27 15:07,P-SEOUL-01,F-1,오후,1L,0.69,1.93,183.8,392,30.8,45.2,합격
L01406,2026-04-27 15:08,P-SEOUL-01,F-3,오후,2L,0.37,2.21,180.3,388,29.5,54.8,합격
L01407,2026-04-27 15:12,P-SEOUL-01,F-2,오후,1L,0.49,2.0,177.6,400,29.5,54.5,합격
L01408,2026-04-27 15:21,P-SEOUL-01,F-1,오후,500mL,-0.03,1.91,180.9,383,29.1,49.8,합격
L01409,2026-04-27 15:50,P-SEOUL-01,F-1,오후,2L,-0.74,2.08,181.3,385,17.5,45.5,합격
L01410,2026-04-27 16:31,P-SEOUL-01,F-1,오후,500mL,0.63,2.22,177.2,408,28.7,51.8,합격
L01411,2026-04-27 16:35,P-SEOUL-01,F-1,오후,500mL,-0.63,1.96,180.8,415,24.3,40.2,합격
L01412,2026-04-27 17:07,P-SEOUL-01,F-1,오후,2L,-2.01,2.15,179.9,398,23.4,42.6,합격
L01413,2026-04-27 17:10,P-SEOUL-01,F-2,오후,2L,0.16,1.97,178.6,408,29.1,57.7,합격
L01414,2026-04-27 17:47,P-SEOUL-01,F-2,오후,500mL,0.61,2.03,180.6,400,26.5,39.3,합격
L01415,2026-04-27 18:01,P-SEOUL-01,F-3,오후,1L,-0.72,2.11,181.6,382,22.2,45.7,합격
L01416,2026-04-27 20:18,P-SEOUL-01,F-1,오후,1L,-0.03,1.95,182.0,398,22.2,47.4,합격
L01417,2026-04-27 20:32,P-SEOUL-01,F-1,오후,500mL,-0.39,1.98,178.4,385,18.3,36.5,합격
L01418,2026-04-27 21:10,P-SEOUL-01,F-3,오후,500mL,0.56,2.04,179.4,386,21.1,57.3,합격
L01419,2026-04-27 21:16,P-SEOUL-01,F-2,오후,1L,1.63,2.22,179.6,409,23.2,63.2,합격
L01420,2026-04-27 21:38,P-SEOUL-01,F-2,오후,500mL,0.63,2.13,176.5,399,23.2,54.3,합격
L01421,2026-04-27 21:44,P-SEOUL-01,F-2,오후,2L,-0.33,1.87,176.5,392,21.7,45.1,합격
L01422,2026-04-27 22:05,P-SEOUL-01,F-1,야간,1L,0.93,1.89,183.1,396,19.6,56.4,합격
L01423,2026-04-27 22:10,P-SEOUL-01,F-3,야간,500mL,-1.43,2.2,181.6,394,23.4,39.6,합격
L01424,2026-04-27 23:53,P-SEOUL-01,F-3,야간,1L,0.94,2.07,181.0,419,25.2,33.9,합격
L01425,2026-04-28 00:03,P-SEOUL-01,F-1,야간,2L,-1.21,1.92,180.2,404,20.3,56.3,합격
L01426,2026-04-28 02:21,P-SEOUL-01,F-2,야간,2L,-0.74,2.11,177.7,405,17.9,58.1,합격
L01427,2026-04-28 02:38,P-SEOUL-01,F-1,야간,500mL,-1.7,1.98,180.1,391,28.4,47.9,합격
L01428,2026-04-28 02:47,P-SEOUL-01,F-2,야간,500mL,-0.94,1.98,182.3,388,27.7,65.7,합격
L01429,2026-04-28 03:33,P-SEOUL-01,F-1,야간,1L,0.48,1.98,181.7,416,22.2,64.7,합격
L01430,2026-04-28 03:42,P-SEOUL-01,F-3,야간,2L,-0.98,2.01,182.0,371,22.3,54.4,합격
L01431,2026-04-28 04:14,P-SEOUL-01,F-1,야간,1L,0.32,2.22,178.0,386,16.9,46.9,합격
L01432,2026-04-28 04:33,P-SEOUL-01,F-3,야간,1L,-1.77,1.93,179.3,391,27.6,52.1,합격
L01433,2026-04-28 05:08,P-SEOUL-01,F-1,야간,1L,-4.13,2.01,179.9,390,21.4,48.7,재검
L01434,2026-04-28 05:18,P-SEOUL-01,F-3,야간,1L,0.15,2.1,177.6,379,18.5,61.7,합격
L01435,2026-04-28 05:18,P-SEOUL-01,F-1,야간,500mL,2.27,2.12,176.7,390,31.8,67.8,합격
L01436,2026-04-28 05:25,P-SEOUL-01,F-1,야간,1L,-0.13,1.98,179.0,413,16.2,53.9,합격
L01437,2026-04-28 05:30,P-SEOUL-01,F-2,야간,500mL,2.23,1.83,180.5,426,24.5,39.5,합격
L01438,2026-04-28 06:14,P-SEOUL-01,F-3,주간,2L,0.44,2.22,179.6,391,21.6,45.5,합격
L01439,2026-04-28 06:19,P-SEOUL-01,F-2,주간,500mL,1.13,2.0,180.7,396,27.1,59.2,합격
L01440,2026-04-28 06:47,P-SEOUL-01,F-3,주간,500mL,1.28,1.98,184.2,381,17.0,48.8,합격
L01441,2026-04-28 07:50,P-SEOUL-01,F-3,주간,1L,-1.28,2.31,177.8,399,24.0,53.1,합격
L01442,2026-04-28 08:00,P-SEOUL-01,F-2,주간,2L,0.5,2.12,179.5,388,21.6,62.8,합격
L01443,2026-04-28 08:51,P-SEOUL-01,F-2,주간,2L,-1.03,2.15,180.8,408,28.3,50.7,합격
L01444,2026-04-28 09:12,P-SEOUL-01,F-1,주간,1L,0.03,2.2,180.3,419,28.7,56.8,합격
L01445,2026-04-28 09:33,P-SEOUL-01,F-1,주간,1L,0.28,2.25,182.5,414,25.8,63.1,합격
L01446,2026-04-28 10:35,P-SEOUL-01,F-3,주간,1L,1.04,1.95,176.3,381,28.1,38.8,합격
L01447,2026-04-28 11:13,P-SEOUL-01,F-3,주간,500mL,0.05,2.17,175.6,389,24.3,72.4,합격
L01448,2026-04-28 11:30,P-SEOUL-01,F-2,주간,2L,-1.28,1.96,181.1,416,31.7,32.6,합격
L01449,2026-04-28 12:29,P-SEOUL-01,F-2,주간,500mL,0.15,2.33,180.4,398,27.2,43.9,합격
L01450,2026-04-28 13:15,P-SEOUL-01,F-1,주간,2L,-0.3,2.1,179.9,400,18.2,60.7,합격
L01451,2026-04-28 13:53,P-SEOUL-01,F-3,주간,500mL,1.05,2.05,178.9,419,28.3,62.6,합격
L01452,2026-04-28 14:00,P-SEOUL-01,F-1,오후,500mL,-0.62,1.98,176.0,403,21.0,67.0,합격
L01453,2026-04-28 14:21,P-SEOUL-01,F-1,오후,500mL,-1.54,1.77,180.1,409,23.5,54.7,합격
L01454,2026-04-28 15:09,P-SEOUL-01,F-1,오후,1L,-1.01,1.92,177.3,393,23.9,57.4,합격
L01455,2026-04-28 17:04,P-SEOUL-01,F-1,오후,2L,-0.75,1.85,175.7,403,20.9,55.2,합격
L01456,2026-04-28 17:07,P-SEOUL-01,F-1,오후,1L,-0.02,2.03,179.3,396,20.9,54.0,합격
L01457,2026-04-28 17:21,P-SEOUL-01,F-2,오후,1L,1.12,2.29,177.2,408,23.0,69.2,합격
L01458,2026-04-28 17:37,P-SEOUL-01,F-1,오후,500mL,0.09,1.99,183.7,392,19.7,41.4,합격
L01459,2026-04-28 18:03,P-SEOUL-01,F-1,오후,500mL,0.85,2.12,176.7,401,25.8,58.2,합격
L01460,2026-04-28 18:46,P-SEOUL-01,F-1,오후,1L,0.03,1.84,178.8,398,23.5,49.8,합격
L01461,2026-04-28 19:04,P-SEOUL-01,F-3,오후,500mL,-0.79,2.26,184.2,412,24.5,46.5,합격
L01462,2026-04-28 19:31,P-SEOUL-01,F-3,오후,1L,0.54,2.13,176.3,404,21.4,51.5,합격
L01463,2026-04-28 19:41,P-SEOUL-01,F-3,오후,500mL,0.58,1.95,181.3,401,22.0,52.0,합격
L01464,2026-04-28 20:01,P-SEOUL-01,F-2,오후,500mL,0.75,2.25,177.8,391,23.8,40.5,합격
L01465,2026-04-28 20:21,P-SEOUL-01,F-1,오후,2L,1.04,2.24,181.2,387,26.0,57.9,합격
L01466,2026-04-28 20:34,P-SEOUL-01,F-3,오후,500mL,1.17,2.07,179.2,391,23.7,52.9,합격
L01467,2026-04-28 20:38,P-SEOUL-01,F-3,오후,500mL,0.53,2.24,177.1,396,24.6,54.8,합격
L01468,2026-04-28 20:55,P-SEOUL-01,F-2,오후,2L,0.15,2.22,182.4,375,18.9,51.2,합격
L01469,2026-04-28 21:11,P-SEOUL-01,F-1,오후,2L,-0.2,1.94,179.0,390,17.2,51.0,합격
L01470,2026-04-28 21:49,P-SEOUL-01,F-1,오후,500mL,0.09,2.08,186.0,400,22.4,49.8,합격
L01471,2026-04-28 22:01,P-SEOUL-01,F-2,야간,500mL,-0.26,2.23,183.2,408,27.1,48.5,합격
L01472,2026-04-28 22:31,P-SEOUL-01,F-1,야간,2L,-1.05,2.14,178.9,408,23.8,62.7,합격
L01473,2026-04-28 23:00,P-SEOUL-01,F-2,야간,1L,-0.12,2.01,178.1,416,23.1,48.4,합격
L01474,2026-04-28 23:39,P-SEOUL-01,F-2,야간,2L,1.64,1.87,181.1,389,25.6,,합격
L01475,2026-04-28 23:42,P-SEOUL-01,F-3,야간,500mL,-1.18,2.08,182.8,393,24.3,50.0,합격
L01476,2026-04-29 00:10,P-SEOUL-01,F-1,야간,500mL,0.16,2.34,180.3,402,22.0,60.4,합격
L01477,2026-04-29 00:46,P-SEOUL-01,F-3,야간,1L,1.01,2.08,179.5,401,20.8,43.2,합격
L01478,2026-04-29 00:57,P-SEOUL-01,F-3,야간,500mL,-0.63,2.15,178.5,415,25.3,48.1,합격
L01479,2026-04-29 01:38,P-SEOUL-01,F-1,야간,500mL,0.66,2.02,178.9,387,26.2,59.2,합격
L01480,2026-04-29 02:00,P-SEOUL-01,F-2,야간,2L,0.2,1.88,179.4,399,26.2,52.8,합격
L01481,2026-04-29 02:22,P-SEOUL-01,F-2,야간,1L,-0.54,2.16,176.4,394,21.0,55.2,합격
L01482,2026-04-29 03:35,P-SEOUL-01,F-2,야간,500mL,-0.88,2.06,180.3,378,20.6,56.2,합격
L01483,2026-04-29 04:17,P-SEOUL-01,F-3,야간,500mL,1.04,1.93,177.9,384,26.4,61.8,합격
L01484,2026-04-29 04:24,P-SEOUL-01,F-3,야간,1L,0.99,2.08,182.1,387,25.8,61.5,합격
L01485,2026-04-29 05:10,P-SEOUL-01,F-1,야간,2L,1.28,2.08,178.8,413,31.1,42.9,합격
L01486,2026-04-29 05:39,P-SEOUL-01,F-3,야간,500mL,0.46,1.9,182.2,406,20.5,46.9,합격
L01487,2026-04-29 05:46,P-SEOUL-01,F-3,야간,2L,4.06,2.06,182.2,425,19.4,58.8,재검
L01488,2026-04-29 06:00,P-SEOUL-01,F-3,주간,1L,-3.93,2.29,180.3,394,27.9,47.2,재검
L01489,2026-04-29 07:27,P-SEOUL-01,F-1,주간,1L,1.31,2.04,179.3,402,27.2,53.4,합격
L01490,2026-04-29 07:34,P-SEOUL-01,F-2,주간,500mL,-0.09,2.18,181.9,396,28.8,47.4,합격
L01491,2026-04-29 09:07,P-SEOUL-01,F-2,주간,2L,-0.95,2.22,179.1,384,29.3,43.9,합격
L01492,2026-04-29 09:35,P-SEOUL-01,F-3,주간,2L,0.07,1.93,182.0,402,26.6,45.7,합격
L01493,2026-04-29 09:37,P-SEOUL-01,F-2,주간,2L,-0.62,2.09,181.1,409,26.8,55.3,합격
L01494,2026-04-29 11:43,P-SEOUL-01,F-2,주간,500mL,0.86,1.99,181.3,424,23.8,57.9,합격
L01495,2026-04-29 11:56,P-SEOUL-01,F-2,주간,500mL,-0.95,2.13,177.8,401,22.9,46.2,합격
L01496,2026-04-29 12:46,P-SEOUL-01,F-2,주간,500mL,-0.23,2.17,180.3,401,23.9,67.4,합격
L01497,2026-04-29 12:59,P-SEOUL-01,F-2,주간,1L,-4.21,2.13,182.9,420,28.6,48.6,재검
L01498,2026-04-29 13:58,P-SEOUL-01,F-1,주간,2L,0.98,2.09,179.1,404,23.3,53.3,합격
L01499,2026-04-29 14:14,P-SEOUL-01,F-3,오후,500mL,0.49,2.01,181.7,403,23.2,39.6,합격
L01500,2026-04-29 14:15,P-SEOUL-01,F-1,오후,2L,-0.49,1.83,179.1,397,27.5,45.1,합격
L01501,2026-04-29 14:34,P-SEOUL-01,F-3,오후,2L,0.34,2.07,181.2,393,23.1,52.3,합격
L01502,2026-04-29 14:49,P-SEOUL-01,F-1,오후,2L,1.19,2.12,179.8,404,27.0,57.2,합격
L01503,2026-04-29 15:01,P-SEOUL-01,F-2,오후,500mL,1.75,2.13,175.9,399,20.5,53.0,합격
L01504,2026-04-29 15:30,P-SEOUL-01,F-3,오후,500mL,-1.06,,180.7,366,27.7,39.4,합격
L01505,2026-04-29 15:52,P-SEOUL-01,F-2,오후,500mL,0.13,2.13,181.0,397,25.7,40.2,합격
L01506,2026-04-29 16:23,P-SEOUL-01,F-3,오후,2L,1.18,2.0,179.8,401,22.9,62.7,합격
L01507,2026-04-29 16:24,P-SEOUL-01,F-3,오후,500mL,-0.21,2.07,178.3,402,28.0,56.5,합격
L01508,2026-04-29 16:38,P-SEOUL-01,F-1,오후,2L,-0.44,2.14,180.4,404,25.0,45.7,합격
L01509,2026-04-29 16:56,P-SEOUL-01,F-2,오후,2L,-0.53,2.27,173.4,397,22.8,47.6,합격
L01510,2026-04-29 17:44,P-SEOUL-01,F-1,오후,500mL,0.6,2.09,176.7,399,28.4,53.9,합격
L01511,2026-04-29 17:57,P-SEOUL-01,F-1,오후,1L,-0.1,2.16,175.8,404,24.1,56.4,합격
L01512,2026-04-29 18:11,P-SEOUL-01,F-1,오후,1L,-0.31,2.07,181.2,381,25.2,53.3,합격
L01513,2026-04-29 19:04,P-SEOUL-01,F-1,오후,500mL,-0.64,1.94,177.0,399,23.7,46.3,합격
L01514,2026-04-29 19:21,P-SEOUL-01,F-1,오후,2L,-1.29,2.08,183.2,411,21.7,43.2,합격
L01515,2026-04-29 19:24,P-SEOUL-01,F-1,오후,500mL,0.52,1.79,184.5,400,19.8,59.0,합격
L01516,2026-04-29 20:29,P-SEOUL-01,F-2,오후,1L,0.24,2.0,179.0,395,27.5,54.8,합격
L01517,2026-04-29 20:37,P-SEOUL-01,F-1,오후,2L,-0.19,1.91,179.7,412,26.5,53.5,합격
L01518,2026-04-29 20:52,P-SEOUL-01,F-3,오후,2L,-0.17,1.83,180.5,396,27.6,48.7,합격
L01519,2026-04-29 21:11,P-SEOUL-01,F-2,오후,2L,3.95,2.01,179.7,392,22.1,50.1,재검
L01520,2026-04-29 21:28,P-SEOUL-01,F-3,오후,2L,0.46,,180.6,392,23.5,47.8,합격
L01521,2026-04-29 21:40,P-SEOUL-01,F-2,오후,500mL,-0.25,2.36,179.8,394,22.4,68.7,합격
L01522,2026-04-29 21:45,P-SEOUL-01,F-2,오후,1L,0.01,2.17,182.3,405,22.4,52.8,합격
L01523,2026-04-29 22:31,P-SEOUL-01,F-1,야간,1L,-0.59,1.91,182.2,406,26.6,43.9,합격
L01524,2026-04-29 22:49,P-SEOUL-01,F-1,야간,500mL,0.95,2.1,181.3,401,17.6,57.6,합격
L01525,2026-04-29 22:58,P-SEOUL-01,F-1,야간,500mL,1.25,1.95,180.5,386,15.5,46.0,합격
L01526,2026-04-29 22:59,P-SEOUL-01,F-3,야간,500mL,2.4,2.23,180.9,411,23.5,68.5,합격
L01527,2026-04-29 23:52,P-SEOUL-01,F-2,야간,1L,0.3,2.04,176.1,417,19.5,45.1,합격
L01528,2026-04-30 01:14,P-SEOUL-01,F-2,야간,1L,-2.76,2.11,181.6,381,22.2,,합격
L01529,2026-04-30 01:15,P-SEOUL-01,F-3,야간,500mL,0.75,2.05,177.2,425,24.1,69.2,합격
L01530,2026-04-30 01:35,P-SEOUL-01,F-1,야간,500mL,0.6,2.05,179.5,433,30.2,36.6,합격
L01531,2026-04-30 01:42,P-SEOUL-01,F-1,야간,500mL,-0.65,,181.9,399,18.6,52.9,합격
L01532,2026-04-30 02:07,P-SEOUL-01,F-3,야간,1L,-0.45,2.1,182.6,414,21.6,48.9,합격
L01533,2026-04-30 02:35,P-SEOUL-01,F-3,야간,2L,-0.55,2.36,183.4,395,27.4,58.9,합격
L01534,2026-04-30 02:41,P-SEOUL-01,F-2,야간,500mL,-0.55,,179.8,388,23.8,51.1,합격
L01535,2026-04-30 03:31,P-SEOUL-01,F-3,야간,500mL,0.34,2.05,178.9,409,21.6,65.1,합격
L01536,2026-04-30 03:32,P-SEOUL-01,F-2,야간,500mL,-0.31,1.93,179.8,398,26.4,53.3,합격
L01537,2026-04-30 03:34,P-SEOUL-01,F-3,야간,1L,0.77,2.14,179.5,404,23.5,61.8,합격
L01538,2026-04-30 04:20,P-SEOUL-01,F-1,야간,500mL,-0.43,2.05,176.0,390,27.3,54.1,합격
L01539,2026-04-30 04:58,P-SEOUL-01,F-1,야간,1L,-1.05,2.05,178.8,407,21.9,55.8,합격
L01540,2026-04-30 06:08,P-SEOUL-01,F-3,주간,2L,-1.24,2.08,180.1,393,23.4,47.1,합격
L01541,2026-04-30 06:19,P-SEOUL-01,F-2,주간,2L,-0.05,2.15,179.9,407,20.4,45.4,합격
L01542,2026-04-30 06:21,P-SEOUL-01,F-1,주간,500mL,1.08,1.89,180.5,391,23.3,53.9,합격
L01543,2026-04-30 07:23,P-SEOUL-01,F-3,주간,500mL,1.55,2.17,178.1,398,27.1,49.8,합격
L01544,2026-04-30 09:19,P-SEOUL-01,F-2,주간,1L,-1.31,2.08,178.9,404,23.5,40.2,합격
L01545,2026-04-30 09:32,P-SEOUL-01,F-1,주간,1L,-0.42,2.26,178.8,404,24.7,58.9,합격
L01546,2026-04-30 09:47,P-SEOUL-01,F-1,주간,500mL,-1.05,1.99,177.5,420,22.8,70.5,합격
L01547,2026-04-30 10:03,P-SEOUL-01,F-1,주간,500mL,-0.99,2.13,178.9,405,23.1,40.4,합격
L01548,2026-04-30 11:32,P-SEOUL-01,F-2,주간,500mL,-0.45,2.0,181.5,401,22.8,49.5,합격
L01549,2026-04-30 12:45,P-SEOUL-01,F-2,주간,500mL,0.06,2.06,180.0,419,22.3,41.4,합격
L01550,2026-04-30 12:49,P-SEOUL-01,F-2,주간,500mL,0.21,2.01,176.6,396,21.5,,합격
L01551,2026-04-30 13:11,P-SEOUL-01,F-3,주간,500mL,-0.55,2.17,178.7,398,19.6,57.6,합격
L01552,2026-04-30 14:18,P-SEOUL-01,F-1,오후,500mL,-0.74,2.04,179.3,367,23.3,44.1,합격
L01553,2026-04-30 15:08,P-SEOUL-01,F-1,오후,500mL,-0.75,2.01,182.2,411,24.2,58.4,합격
L01554,2026-04-30 16:34,P-SEOUL-01,F-3,오후,2L,1.11,1.92,179.8,396,19.2,53.7,합격
L01555,2026-04-30 16:44,P-SEOUL-01,F-3,오후,500mL,1.39,2.1,181.8,399,25.6,42.1,합격
L01556,2026-04-30 17:26,P-SEOUL-01,F-1,오후,1L,0.58,2.12,183.0,398,26.7,60.2,합격
L01557,2026-04-30 19:32,P-SEOUL-01,F-1,오후,500mL,0.32,1.88,179.5,422,21.6,38.2,합격
L01558,2026-04-30 20:17,P-SEOUL-01,F-1,오후,1L,-0.05,2.16,177.1,391,19.0,57.5,합격
L01559,2026-04-30 20:18,P-SEOUL-01,F-2,오후,500mL,2.7,2.01,182.9,399,20.7,48.8,합격
L01560,2026-04-30 20:21,P-SEOUL-01,F-1,오후,500mL,0.64,2.19,179.1,373,18.3,38.9,합격
L01561,2026-04-30 20:32,P-SEOUL-01,F-2,오후,500mL,0.95,2.14,178.7,373,23.8,64.8,합격
L01562,2026-04-30 20:32,P-SEOUL-01,F-2,오후,500mL,0.79,1.74,179.2,416,19.7,59.9,합격
L01563,2026-04-30 20:51,P-SEOUL-01,F-2,오후,1L,-0.5,1.97,180.2,395,24.0,50.7,합격
L01564,2026-04-30 21:11,P-SEOUL-01,F-2,오후,500mL,-0.32,2.14,182.2,410,23.0,45.1,합격
L01565,2026-04-30 21:41,P-SEOUL-01,F-1,오후,500mL,0.2,2.2,179.9,398,23.4,58.4,합격
L01566,2026-04-30 22:46,P-SEOUL-01,F-2,야간,1L,-0.15,2.15,179.9,400,26.9,37.6,합격
L01567,2026-05-01 00:38,P-SEOUL-01,F-1,야간,500mL,0.33,1.93,182.5,389,23.9,33.9,합격
L01568,2026-05-01 01:48,P-SEOUL-01,F-1,야간,500mL,2.61,,185.1,401,21.6,,합격
L01569,2026-05-01 01:54,P-SEOUL-01,F-1,야간,1L,-1.36,2.09,182.3,402,23.4,51.0,합격
L01570,2026-05-01 02:07,P-SEOUL-01,F-1,야간,500mL,-0.16,2.08,185.3,406,26.6,69.1,합격
L01571,2026-05-01 02:30,P-SEOUL-01,F-3,야간,1L,1.1,1.94,183.7,417,22.5,49.0,합격
L01572,2026-05-01 02:34,P-SEOUL-01,F-3,야간,500mL,-1.72,2.3,180.0,401,24.1,59.5,합격
L01573,2026-05-01 02:41,P-SEOUL-01,F-3,야간,500mL,-0.45,1.93,178.0,409,20.1,55.1,합격
L01574,2026-05-01 03:33,P-SEOUL-01,F-1,야간,2L,-4.8,2.08,181.9,404,27.2,47.4,재검
L01575,2026-05-01 03:36,P-SEOUL-01,F-2,야간,500mL,0.45,1.89,181.8,415,23.8,46.6,합격
L01576,2026-05-01 04:16,P-SEOUL-01,F-3,야간,1L,-0.78,2.1,177.6,413,22.4,55.1,합격
L01577,2026-05-01 04:28,P-SEOUL-01,F-2,야간,500mL,0.42,1.82,177.5,402,23.3,52.2,합격
L01578,2026-05-01 05:01,P-SEOUL-01,F-2,야간,2L,1.84,2.04,183.6,401,28.5,49.8,합격
L01579,2026-05-01 05:08,P-SEOUL-01,F-1,야간,1L,0.76,1.96,179.3,396,28.6,52.9,합격
L01580,2026-05-01 05:45,P-SEOUL-01,F-2,야간,2L,0.33,2.0,178.7,383,23.4,46.7,합격
L01581,2026-05-01 05:52,P-SEOUL-01,F-3,야간,2L,-0.33,1.68,177.8,402,16.5,52.3,합격
L01582,2026-05-01 05:55,P-SEOUL-01,F-2,야간,500mL,1.39,2.0,177.8,398,26.8,43.9,합격
L01583,2026-05-01 06:40,P-SEOUL-01,F-1,주간,1L,-0.19,2.29,182.9,395,25.1,48.3,합격
L01584,2026-05-01 06:48,P-SEOUL-01,F-2,주간,1L,4.26,2.11,179.8,402,30.5,70.7,재검
L01585,2026-05-01 07:13,P-SEOUL-01,F-3,주간,500mL,1.64,1.95,180.6,394,26.5,54.4,합격
L01586,2026-05-01 07:32,P-SEOUL-01,F-1,주간,1L,-1.05,2.25,179.0,406,25.6,58.1,합격
L01587,2026-05-01 07:58,P-SEOUL-01,F-2,주간,2L,1.29,2.1,180.1,430,25.4,54.9,합격
L01588,2026-05-01 08:03,P-SEOUL-01,F-3,주간,2L,-4.92,,178.8,407,25.0,65.4,재검
L01589,2026-05-01 08:21,P-SEOUL-01,F-3,주간,500mL,-0.24,2.11,177.8,394,28.0,37.4,합격
L01590,2026-05-01 08:42,P-SEOUL-01,F-1,주간,1L,0.05,2.39,181.3,393,28.5,60.6,합격
L01591,2026-05-01 08:58,P-SEOUL-01,F-2,주간,500mL,0.25,2.12,182.0,389,24.7,54.1,합격
L01592,2026-05-01 09:46,P-SEOUL-01,F-3,주간,500mL,-0.03,2.28,179.1,396,22.8,53.1,합격
L01593,2026-05-01 10:04,P-SEOUL-01,F-3,주간,1L,0.29,2.13,180.9,385,28.5,54.8,합격
L01594,2026-05-01 10:31,P-SEOUL-01,F-3,주간,1L,-0.95,,177.8,387,27.2,54.6,합격
L01595,2026-05-01 10:34,P-SEOUL-01,F-1,주간,2L,1.18,2.15,186.5,389,24.8,49.4,합격
L01596,2026-05-01 10:49,P-SEOUL-01,F-2,주간,1L,-1.48,2.03,179.6,392,20.4,55.7,합격
L01597,2026-05-01 10:56,P-SEOUL-01,F-2,주간,500mL,0.27,2.27,179.4,388,20.3,63.4,합격
L01598,2026-05-01 11:17,P-SEOUL-01,F-1,주간,500mL,0.9,2.1,179.0,393,27.0,55.5,합격
L01599,2026-05-01 11:25,P-SEOUL-01,F-1,주간,500mL,0.04,2.19,178.6,411,21.2,42.3,합격
L01600,2026-05-01 12:47,P-SEOUL-01,F-1,주간,2L,0.39,2.22,179.4,411,24.0,43.7,합격
L01601,2026-05-01 12:59,P-SEOUL-01,F-1,주간,2L,-0.68,2.26,179.9,402,32.1,60.4,합격
L01602,2026-05-01 13:42,P-SEOUL-01,F-3,주간,2L,0.47,2.15,178.7,400,16.1,46.0,합격
L01603,2026-05-01 13:58,P-SEOUL-01,F-2,주간,1L,0.81,2.26,179.7,386,24.6,44.7,합격
L01604,2026-05-01 15:37,P-SEOUL-01,F-2,오후,1L,-0.22,2.13,181.4,399,26.4,57.5,합격
L01605,2026-05-01 17:20,P-SEOUL-01,F-2,오후,1L,0.34,2.09,177.7,404,21.1,57.5,합격
L01606,2026-05-01 18:22,P-SEOUL-01,F-2,오후,1L,-3.97,2.02,181.6,351,24.4,50.1,재검
L01607,2026-05-01 19:15,P-SEOUL-01,F-3,오후,2L,-0.93,2.0,183.3,398,23.6,64.6,합격
L01608,2026-05-01 19:15,P-SEOUL-01,F-2,오후,500mL,0.94,2.03,180.3,412,28.5,51.1,합격
L01609,2026-05-01 19:23,P-SEOUL-01,F-1,오후,1L,-0.34,2.2,180.0,413,27.0,45.8,합격
L01610,2026-05-01 19:55,P-SEOUL-01,F-3,오후,500mL,-1.79,2.27,179.9,405,23.6,47.3,합격
L01611,2026-05-01 20:11,P-SEOUL-01,F-3,오후,1L,-0.9,2.04,179.6,397,29.2,44.9,합격
L01612,2026-05-01 20:45,P-SEOUL-01,F-3,오후,1L,0.66,2.05,179.6,379,23.3,47.6,합격
L01613,2026-05-01 21:03,P-SEOUL-01,F-1,오후,500mL,0.52,2.0,179.2,421,20.0,48.9,합격
L01614,2026-05-01 21:36,P-SEOUL-01,F-2,오후,1L,0.77,2.02,181.3,424,24.3,40.1,합격
L01615,2026-05-01 22:50,P-SEOUL-01,F-3,야간,1L,-0.3,1.95,178.3,392,24.2,54.6,합격
L01616,2026-05-01 23:15,P-SEOUL-01,F-1,야간,500mL,-0.96,1.93,179.9,398,22.9,52.8,합격
L01617,2026-05-01 23:19,P-SEOUL-01,F-3,야간,500mL,-0.5,2.05,179.9,394,23.0,49.6,합격
L01618,2026-05-02 00:20,P-SEOUL-01,F-3,야간,500mL,-0.14,2.03,178.7,399,23.8,44.7,합격
L01619,2026-05-02 00:20,P-SEOUL-01,F-1,야간,1L,1.06,2.05,177.6,388,23.4,48.0,합격
L01620,2026-05-02 01:02,P-SEOUL-01,F-3,야간,500mL,-0.95,2.06,183.1,426,25.5,49.7,합격
L01621,2026-05-02 02:23,P-SEOUL-01,F-2,야간,1L,0.97,2.02,181.8,402,28.2,55.9,합격
L01622,2026-05-02 02:34,P-SEOUL-01,F-2,야간,500mL,-0.61,2.06,183.1,394,23.8,61.7,합격
L01623,2026-05-02 02:56,P-SEOUL-01,F-3,야간,500mL,-0.25,2.14,181.7,408,24.5,69.1,합격
L01624,2026-05-02 04:35,P-SEOUL-01,F-1,야간,500mL,-0.89,2.2,179.0,406,23.0,39.8,합격
L01625,2026-05-02 05:46,P-SEOUL-01,F-2,야간,1L,0.04,2.03,181.1,396,19.7,44.7,합격
L01626,2026-05-02 05:48,P-SEOUL-01,F-2,야간,500mL,0.01,2.23,178.9,380,29.3,52.9,합격
L01627,2026-05-02 05:48,P-SEOUL-01,F-1,야간,500mL,1.17,2.2,182.8,395,24.9,38.8,합격
L01628,2026-05-02 06:02,P-SEOUL-01,F-2,주간,2L,-1.11,2.06,182.0,395,26.0,49.8,합격
L01629,2026-05-02 06:34,P-SEOUL-01,F-1,주간,500mL,-0.69,2.22,179.0,395,25.4,37.7,합격
L01630,2026-05-02 06:58,P-SEOUL-01,F-3,주간,1L,0.71,2.17,176.4,409,21.7,60.0,합격
L01631,2026-05-02 07:11,P-SEOUL-01,F-2,주간,500mL,-1.06,2.14,180.8,391,21.4,63.4,합격
L01632,2026-05-02 07:24,P-SEOUL-01,F-3,주간,500mL,0.95,1.88,180.0,409,28.4,65.1,합격
L01633,2026-05-02 09:30,P-SEOUL-01,F-1,주간,1L,-0.02,2.45,181.5,413,24.1,48.1,합격
L01634,2026-05-02 09:56,P-SEOUL-01,F-3,주간,1L,0.32,1.98,181.7,382,24.2,58.0,합격
L01635,2026-05-02 10:46,P-SEOUL-01,F-3,주간,1L,-0.83,,178.6,392,24.7,53.1,합격
L01636,2026-05-02 11:12,P-SEOUL-01,F-1,주간,500mL,0.6,2.2,177.6,404,23.2,51.3,합격
L01637,2026-05-02 11:49,P-SEOUL-01,F-2,주간,2L,-0.24,2.2,178.6,400,24.4,47.7,합격
L01638,2026-05-02 12:09,P-SEOUL-01,F-1,주간,500mL,-0.16,2.21,179.4,410,27.4,46.9,합격
L01639,2026-05-02 13:03,P-SEOUL-01,F-3,주간,500mL,-1.1,2.17,177.7,404,30.0,47.9,합격
L01640,2026-05-02 14:32,P-SEOUL-01,F-1,오후,2L,0.13,2.19,180.4,397,25.1,59.0,합격
L01641,2026-05-02 14:39,P-SEOUL-01,F-1,오후,2L,0.2,2.1,179.0,405,26.9,43.4,합격
L01642,2026-05-02 14:43,P-SEOUL-01,F-1,오후,500mL,0.66,2.08,179.1,411,27.7,51.3,합격
L01643,2026-05-02 16:01,P-SEOUL-01,F-3,오후,500mL,0.03,1.46,179.2,417,23.0,56.6,재검
L01644,2026-05-02 16:14,P-SEOUL-01,F-1,오후,500mL,-0.47,2.2,178.4,378,16.8,43.7,합격
L01645,2026-05-02 17:14,P-SEOUL-01,F-2,오후,500mL,-0.56,1.93,181.0,411,22.2,45.3,합격
L01646,2026-05-02 17:42,P-SEOUL-01,F-1,오후,1L,-5.25,2.0,174.6,392,23.4,40.5,재검
L01647,2026-05-02 17:51,P-SEOUL-01,F-1,오후,2L,-1.2,2.07,183.1,405,19.4,58.9,합격
L01648,2026-05-02 17:54,P-SEOUL-01,F-1,오후,500mL,-1.38,1.92,180.4,403,26.2,52.3,합격
L01649,2026-05-02 18:27,P-SEOUL-01,F-3,오후,2L,-0.76,2.39,180.2,400,21.0,50.3,합격
L01650,2026-05-02 19:31,P-SEOUL-01,F-2,오후,500mL,-0.21,1.83,181.1,395,21.6,51.3,합격
L01651,2026-05-02 19:43,P-SEOUL-01,F-2,오후,500mL,-1.44,2.26,182.9,382,17.0,41.5,합격
L01652,2026-05-02 20:13,P-SEOUL-01,F-1,오후,500mL,-0.46,2.12,181.8,396,20.4,65.7,합격
L01653,2026-05-02 20:25,P-SEOUL-01,F-1,오후,2L,0.5,2.16,178.2,391,24.5,48.9,합격
L01654,2026-05-02 20:31,P-SEOUL-01,F-3,오후,1L,-1.55,,181.7,402,30.5,49.2,합격
L01655,2026-05-02 21:53,P-SEOUL-01,F-1,오후,1L,1.14,2.03,178.7,407,23.9,64.5,합격
L01656,2026-05-02 21:59,P-SEOUL-01,F-2,오후,500mL,0.74,1.98,176.9,421,26.7,63.5,합격
L01657,2026-05-02 22:14,P-SEOUL-01,F-3,야간,500mL,0.85,1.89,182.1,398,23.2,52.0,합격
L01658,2026-05-02 22:19,P-SEOUL-01,F-3,야간,1L,0.12,2.18,179.2,389,27.4,49.8,합격
L01659,2026-05-02 22:41,P-SEOUL-01,F-3,야간,500mL,-0.38,2.15,180.4,401,22.6,49.4,합격
L01660,2026-05-02 22:51,P-SEOUL-01,F-2,야간,1L,4.75,1.88,182.1,393,27.5,43.1,재검
L01661,2026-05-03 00:05,P-SEOUL-01,F-1,야간,1L,2.24,1.73,182.2,367,21.8,36.8,합격
L01662,2026-05-03 00:10,P-SEOUL-01,F-3,야간,500mL,-0.32,2.34,181.2,392,24.4,43.3,합격
L01663,2026-05-03 00:17,P-SEOUL-01,F-1,야간,1L,0.13,2.03,182.4,389,18.5,44.8,합격
L01664,2026-05-03 00:37,P-SEOUL-01,F-1,야간,500mL,-0.64,1.98,182.4,433,19.2,52.7,합격
L01665,2026-05-03 00:39,P-SEOUL-01,F-3,야간,500mL,-0.08,1.98,176.8,411,22.5,47.5,합격
L01666,2026-05-03 02:16,P-SEOUL-01,F-3,야간,1L,1.12,2.1,177.8,397,24.2,53.8,합격
L01667,2026-05-03 02:26,P-SEOUL-01,F-2,야간,500mL,-0.66,2.1,180.0,386,23.2,37.9,합격
L01668,2026-05-03 02:50,P-SEOUL-01,F-1,야간,500mL,-0.14,1.9,181.5,408,31.7,56.6,합격
L01669,2026-05-03 03:15,P-SEOUL-01,F-1,야간,1L,-0.86,1.9,179.4,385,20.2,39.7,합격
L01670,2026-05-03 03:23,P-SEOUL-01,F-3,야간,500mL,-0.88,,182.4,378,25.0,49.8,합격
L01671,2026-05-03 03:24,P-SEOUL-01,F-3,야간,1L,0.5,2.05,178.4,403,29.5,66.3,합격
L01672,2026-05-03 03:59,P-SEOUL-01,F-2,야간,500mL,0.36,2.12,178.7,408,22.6,36.7,합격
L01673,2026-05-03 04:57,P-SEOUL-01,F-2,야간,500mL,0.43,2.02,180.9,391,28.8,55.5,합격
L01674,2026-05-03 05:09,P-SEOUL-01,F-1,야간,1L,0.02,1.82,180.2,397,25.2,58.2,합격
L01675,2026-05-03 05:12,P-SEOUL-01,F-3,야간,500mL,0.22,2.05,175.6,403,28.4,52.0,합격
L01676,2026-05-03 05:29,P-SEOUL-01,F-1,야간,500mL,0.28,2.08,183.2,404,25.7,46.0,합격
L01677,2026-05-03 05:32,P-SEOUL-01,F-1,야간,500mL,1.18,2.02,184.4,399,22.5,67.2,합격
L01678,2026-05-03 05:58,P-SEOUL-01,F-2,야간,2L,0.86,2.11,181.2,408,26.5,72.4,합격
L01679,2026-05-03 06:55,P-SEOUL-01,F-3,주간,2L,-0.13,2.07,183.2,419,24.2,49.3,합격
L01680,2026-05-03 08:03,P-SEOUL-01,F-3,주간,500mL,0.1,2.16,182.2,378,23.1,49.1,합격
L01681,2026-05-03 08:31,P-SEOUL-01,F-3,주간,2L,-0.86,2.16,179.9,395,24.0,55.1,합격
L01682,2026-05-03 09:12,P-SEOUL-01,F-3,주간,500mL,0.19,2.14,180.2,383,24.9,59.4,합격
L01683,2026-05-03 09:52,P-SEOUL-01,F-1,주간,1L,-0.02,,178.1,400,28.9,48.1,합격
L01684,2026-05-03 10:15,P-SEOUL-01,F-1,주간,500mL,0.65,2.36,180.3,413,19.8,45.5,합격
L01685,2026-05-03 10:18,P-SEOUL-01,F-1,주간,500mL,-1.51,1.98,179.7,393,22.8,49.6,합격
L01686,2026-05-03 10:25,P-SEOUL-01,F-3,주간,500mL,-1.11,2.22,182.4,419,25.3,57.7,합격
L01687,2026-05-03 10:34,P-SEOUL-01,F-2,주간,1L,-0.26,1.87,181.4,380,26.0,52.2,합격
L01688,2026-05-03 11:52,P-SEOUL-01,F-3,주간,500mL,0.53,2.1,180.3,417,30.4,48.8,합격
L01689,2026-05-03 11:56,P-SEOUL-01,F-1,주간,1L,0.22,2.21,179.6,410,21.2,43.7,합격
L01690,2026-05-03 12:20,P-SEOUL-01,F-2,주간,500mL,-0.3,2.17,178.5,397,24.9,42.6,합격
L01691,2026-05-03 14:44,P-SEOUL-01,F-2,오후,500mL,1.23,2.07,181.7,401,28.6,51.1,합격
L01692,2026-05-03 15:22,P-SEOUL-01,F-2,오후,1L,0.2,2.12,179.5,414,26.2,60.9,합격
L01693,2026-05-03 16:15,P-SEOUL-01,F-2,오후,500mL,-0.87,2.12,179.7,402,21.8,62.2,합격
L01694,2026-05-03 17:40,P-SEOUL-01,F-1,오후,500mL,0.41,2.42,176.2,409,25.8,42.8,합격
L01695,2026-05-03 18:09,P-SEOUL-01,F-3,오후,2L,-0.14,2.08,180.5,408,19.3,56.8,합격
L01696,2026-05-03 19:55,P-SEOUL-01,F-2,오후,2L,2.07,1.82,182.7,408,21.3,64.1,합격
L01697,2026-05-03 20:04,P-SEOUL-01,F-3,오후,1L,-0.24,2.27,181.7,387,26.1,42.4,합격
L01698,2026-05-03 20:43,P-SEOUL-01,F-3,오후,1L,-0.04,2.26,178.2,399,23.9,47.5,합격
L01699,2026-05-03 20:46,P-SEOUL-01,F-3,오후,500mL,0.04,2.02,180.8,403,22.9,47.0,합격
L01700,2026-05-03 21:15,P-SEOUL-01,F-3,오후,500mL,-0.17,2.15,180.4,393,21.2,54.8,합격
L01701,2026-05-03 21:35,P-SEOUL-01,F-1,오후,1L,0.04,2.23,180.5,427,29.1,60.5,합격
L01702,2026-05-03 22:23,P-SEOUL-01,F-1,야간,1L,0.06,2.05,182.7,386,23.4,63.9,합격
L01703,2026-05-03 23:11,P-SEOUL-01,F-2,야간,500mL,-0.9,2.04,180.0,403,19.3,33.1,합격
L01704,2026-05-03 23:27,P-SEOUL-01,F-3,야간,500mL,0.11,2.0,181.7,397,23.3,52.0,합격
L01705,2026-05-03 23:49,P-SEOUL-01,F-1,야간,2L,0.4,2.16,176.8,392,23.4,51.8,합격
L01706,2026-05-04 00:10,P-SEOUL-01,F-2,야간,500mL,0.02,2.23,177.7,380,24.8,62.4,합격
L01707,2026-05-04 00:10,P-SEOUL-01,F-3,야간,500mL,0.17,2.12,181.0,401,24.9,42.7,합격
L01708,2026-05-04 00:46,P-SEOUL-01,F-2,야간,500mL,-0.46,1.85,181.9,393,26.6,54.4,합격
L01709,2026-05-04 00:57,P-SEOUL-01,F-3,야간,1L,-0.26,2.04,181.7,405,17.7,50.4,합격
L01710,2026-05-04 02:12,P-SEOUL-01,F-1,야간,1L,0.19,1.96,178.6,393,23.8,47.9,합격
L01711,2026-05-04 02:24,P-SEOUL-01,F-1,야간,2L,0.37,2.04,181.2,414,23.2,47.3,합격
L01712,2026-05-04 02:36,P-SEOUL-01,F-1,야간,1L,0.36,2.14,181.3,412,21.4,63.1,합격
L01713,2026-05-04 02:40,P-SEOUL-01,F-2,야간,1L,0.45,2.19,178.0,379,28.8,54.0,합격
L01714,2026-05-04 02:53,P-SEOUL-01,F-2,야간,500mL,-0.64,2.13,180.3,380,20.7,55.9,합격
L01715,2026-05-04 03:22,P-SEOUL-01,F-1,야간,500mL,1.17,1.41,180.1,394,28.7,61.9,재검
L01716,2026-05-04 03:31,P-SEOUL-01,F-2,야간,500mL,-0.25,2.14,178.4,386,20.6,54.1,합격
L01717,2026-05-04 03:32,P-SEOUL-01,F-3,야간,2L,0.67,2.02,178.8,396,19.4,50.5,합격
L01718,2026-05-04 04:34,P-SEOUL-01,F-1,야간,2L,0.71,2.17,177.9,374,25.0,45.8,합격
L01719,2026-05-04 04:53,P-SEOUL-01,F-2,야간,500mL,-0.35,2.15,181.9,396,26.1,48.4,합격
L01720,2026-05-04 05:09,P-SEOUL-01,F-2,야간,2L,0.38,2.2,177.8,390,19.7,57.5,합격
L01721,2026-05-04 05:21,P-SEOUL-01,F-3,야간,500mL,-0.28,1.95,180.7,404,25.7,52.6,합격
L01722,2026-05-04 05:46,P-SEOUL-01,F-1,야간,500mL,-0.06,2.14,181.1,432,24.7,45.7,합격
L01723,2026-05-04 06:43,P-SEOUL-01,F-1,주간,500mL,-0.66,1.93,181.9,403,19.4,58.0,합격
L01724,2026-05-04 07:34,P-SEOUL-01,F-3,주간,500mL,0.83,2.13,182.0,406,23.4,66.0,합격
L01725,2026-05-04 07:47,P-SEOUL-01,F-3,주간,500mL,0.35,2.06,181.3,406,22.5,53.4,합격
L01726,2026-05-04 08:14,P-SEOUL-01,F-2,주간,500mL,0.52,2.16,181.0,410,23.7,51.2,합격
L01727,2026-05-04 08:17,P-SEOUL-01,F-1,주간,500mL,0.17,2.11,177.7,408,21.0,49.8,합격
L01728,2026-05-04 09:31,P-SEOUL-01,F-1,주간,2L,2.86,2.21,180.7,408,21.0,53.2,합격
L01729,2026-05-04 10:24,P-SEOUL-01,F-3,주간,1L,-0.61,2.14,180.7,419,20.2,60.7,합격
L01730,2026-05-04 11:07,P-SEOUL-01,F-2,주간,1L,0.26,2.3,177.1,391,16.9,53.3,합격
L01731,2026-05-04 11:22,P-SEOUL-01,F-1,주간,2L,1.19,2.13,177.4,394,20.6,49.9,합격
L01732,2026-05-04 11:26,P-SEOUL-01,F-1,주간,500mL,0.69,2.31,180.8,400,23.1,50.1,합격
L01733,2026-05-04 12:03,P-SEOUL-01,F-3,주간,2L,4.13,2.11,181.2,389,24.1,64.5,재검
L01734,2026-05-04 12:31,P-SEOUL-01,F-3,주간,500mL,-1.14,2.13,182.8,399,28.3,49.5,합격
L01735,2026-05-04 12:38,P-SEOUL-01,F-1,주간,500mL,-0.99,2.21,181.4,401,24.1,57.8,합격
L01736,2026-05-04 13:12,P-SEOUL-01,F-1,주간,1L,-1.16,2.0,182.1,399,20.9,63.5,합격
L01737,2026-05-04 14:05,P-SEOUL-01,F-3,오후,500mL,1.02,,176.0,380,20.4,65.0,합격
L01738,2026-05-04 14:09,P-SEOUL-01,F-2,오후,500mL,0.49,2.17,179.1,417,27.2,56.7,합격
L01739,2026-05-04 14:19,P-SEOUL-01,F-1,오후,500mL,-1.3,2.03,181.1,411,23.1,43.5,합격
L01740,2026-05-04 16:13,P-SEOUL-01,F-3,오후,500mL,0.06,2.47,183.2,382,22.3,44.2,합격
L01741,2026-05-04 16:14,P-SEOUL-01,F-1,오후,500mL,1.77,2.17,179.6,388,24.0,62.1,합격
L01742,2026-05-04 16:20,P-SEOUL-01,F-1,오후,2L,1.48,1.97,179.5,396,23.2,63.6,합격
L01743,2026-05-04 16:27,P-SEOUL-01,F-1,오후,500mL,-0.79,2.19,175.5,421,25.4,40.8,합격
L01744,2026-05-04 17:17,P-SEOUL-01,F-1,오후,500mL,-2.02,2.04,180.3,405,17.4,49.8,합격
L01745,2026-05-04 17:37,P-SEOUL-01,F-2,오후,500mL,-0.08,2.09,181.7,387,28.5,58.6,합격
L01746,2026-05-04 18:13,P-SEOUL-01,F-3,오후,500mL,-0.7,1.97,183.7,381,21.9,44.2,합격
L01747,2026-05-04 18:25,P-SEOUL-01,F-1,오후,2L,-0.12,2.04,177.1,397,25.2,53.1,합격
L01748,2026-05-04 18:52,P-SEOUL-01,F-3,오후,500mL,-0.67,2.13,177.4,407,28.4,54.5,합격
L01749,2026-05-04 19:34,P-SEOUL-01,F-3,오후,500mL,1.36,1.83,181.5,400,30.1,55.5,합격
L01750,2026-05-04 20:47,P-SEOUL-01,F-3,오후,500mL,-0.11,2.02,183.1,425,25.5,56.5,합격
L01751,2026-05-04 23:43,P-SEOUL-01,F-2,야간,500mL,-0.15,2.1,179.0,413,28.1,39.0,합격
L01752,2026-05-05 00:05,P-SEOUL-01,F-3,야간,500mL,-0.23,1.95,178.4,394,20.1,66.5,합격
L01753,2026-05-05 00:05,P-SEOUL-01,F-2,야간,1L,-0.24,2.17,179.0,405,23.7,51.1,합격
L01754,2026-05-05 00:47,P-SEOUL-01,F-1,야간,1L,0.63,1.93,181.8,393,25.8,53.2,합격
L01755,2026-05-05 00:53,P-SEOUL-01,F-1,야간,500mL,0.69,1.97,176.5,402,23.0,61.7,합격
L01756,2026-05-05 01:41,P-SEOUL-01,F-3,야간,500mL,0.09,1.73,182.7,399,19.9,60.9,합격
L01757,2026-05-05 01:43,P-SEOUL-01,F-3,야간,500mL,-1.63,1.92,183.2,363,26.8,56.2,합격
L01758,2026-05-05 02:42,P-SEOUL-01,F-1,야간,2L,-0.84,1.95,180.0,398,19.9,44.8,합격
L01759,2026-05-05 03:24,P-SEOUL-01,F-2,야간,500mL,1.47,2.32,181.1,416,28.2,55.4,합격
L01760,2026-05-05 03:48,P-SEOUL-01,F-1,야간,500mL,-0.52,2.09,180.4,400,18.4,53.7,합격
L01761,2026-05-05 04:14,P-SEOUL-01,F-3,야간,2L,-0.61,,181.8,402,28.4,47.9,합격
L01762,2026-05-05 04:46,P-SEOUL-01,F-3,야간,500mL,0.71,1.99,178.6,412,26.1,51.7,합격
L01763,2026-05-05 04:52,P-SEOUL-01,F-1,야간,500mL,-0.5,,176.1,390,24.3,45.2,합격
L01764,2026-05-05 05:38,P-SEOUL-01,F-2,야간,1L,-0.34,2.08,179.9,418,23.6,44.4,합격
L01765,2026-05-05 06:03,P-SEOUL-01,F-1,주간,1L,-0.37,2.2,183.7,413,29.3,46.3,합격
L01766,2026-05-05 06:23,P-SEOUL-01,F-3,주간,2L,0.43,2.23,180.6,383,24.2,71.8,합격
L01767,2026-05-05 06:26,P-SEOUL-01,F-3,주간,2L,-0.38,1.32,179.4,397,22.8,44.5,재검
L01768,2026-05-05 06:28,P-SEOUL-01,F-3,주간,500mL,-0.57,2.0,174.7,392,22.6,55.2,합격
L01769,2026-05-05 06:34,P-SEOUL-01,F-1,주간,1L,0.14,2.15,178.8,394,15.8,50.3,합격
L01770,2026-05-05 07:11,P-SEOUL-01,F-2,주간,2L,-0.01,2.08,180.3,373,26.4,51.5,재검
L01771,2026-05-05 07:45,P-SEOUL-01,F-3,주간,500mL,1.63,2.06,180.5,394,21.4,50.3,합격
L01772,2026-05-05 07:52,P-SEOUL-01,F-2,주간,1L,-0.17,2.17,178.8,393,23.9,43.2,합격
L01773,2026-05-05 08:09,P-SEOUL-01,F-2,주간,2L,0.13,1.97,182.5,423,23.4,33.1,합격
L01774,2026-05-05 08:21,P-SEOUL-01,F-2,주간,500mL,-0.23,2.39,179.8,398,30.0,53.5,합격
L01775,2026-05-05 08:37,P-SEOUL-01,F-2,주간,500mL,0.75,1.89,182.3,390,28.2,40.3,합격
L01776,2026-05-05 08:38,P-SEOUL-01,F-3,주간,1L,-1.72,2.22,181.7,385,20.3,46.3,합격
L01777,2026-05-05 08:40,P-SEOUL-01,F-2,주간,500mL,-1.41,2.08,178.6,382,23.1,56.3,합격
L01778,2026-05-05 08:54,P-SEOUL-01,F-1,주간,500mL,0.53,1.91,179.5,388,26.6,46.3,합격
L01779,2026-05-05 09:13,P-SEOUL-01,F-3,주간,1L,0.46,2.08,179.4,384,20.9,53.2,합격
L01780,2026-05-05 09:17,P-SEOUL-01,F-3,주간,1L,1.12,2.1,181.5,400,21.1,68.5,합격
L01781,2026-05-05 09:30,P-SEOUL-01,F-2,주간,500mL,-1.5,1.98,177.0,409,26.3,60.0,합격
L01782,2026-05-05 10:07,P-SEOUL-01,F-2,주간,1L,-0.28,1.98,181.9,411,28.2,52.9,합격
L01783,2026-05-05 10:31,P-SEOUL-01,F-2,주간,1L,-0.23,2.18,181.1,397,23.4,34.2,합격
L01784,2026-05-05 11:07,P-SEOUL-01,F-1,주간,500mL,-0.15,2.11,180.8,393,25.2,55.4,합격
L01785,2026-05-05 11:41,P-SEOUL-01,F-2,주간,500mL,-0.16,1.91,179.8,403,24.3,52.1,합격
L01786,2026-05-05 12:41,P-SEOUL-01,F-1,주간,2L,0.66,2.11,183.3,403,26.4,50.0,합격
L01787,2026-05-05 13:32,P-SEOUL-01,F-1,주간,1L,-0.49,2.39,181.0,404,24.2,49.8,합격
L01788,2026-05-05 13:59,P-SEOUL-01,F-2,주간,1L,0.74,2.06,178.0,394,23.5,45.0,합격
L01789,2026-05-05 14:13,P-SEOUL-01,F-1,오후,500mL,0.24,2.11,180.5,408,21.3,46.2,합격
L01790,2026-05-05 14:41,P-SEOUL-01,F-2,오후,1L,2.62,1.92,179.3,388,28.6,47.4,합격
L01791,2026-05-05 14:41,P-SEOUL-01,F-3,오후,500mL,1.54,2.23,178.3,413,21.0,55.2,합격
L01792,2026-05-05 14:52,P-SEOUL-01,F-1,오후,500mL,-0.56,2.01,178.5,389,26.4,54.4,합격
L01793,2026-05-05 15:09,P-SEOUL-01,F-3,오후,500mL,0.32,2.25,179.0,412,30.1,54.3,합격
L01794,2026-05-05 15:17,P-SEOUL-01,F-3,오후,500mL,1.04,1.78,177.7,422,27.2,52.7,합격
L01795,2026-05-05 16:15,P-SEOUL-01,F-2,오후,2L,-0.32,2.19,179.6,390,22.9,57.1,합격
L01796,2026-05-05 16:42,P-SEOUL-01,F-1,오후,2L,0.23,2.27,179.6,400,30.4,53.8,합격
L01797,2026-05-05 17:28,P-SEOUL-01,F-1,오후,500mL,0.05,2.14,179.9,430,28.6,49.6,합격
L01798,2026-05-05 17:45,P-SEOUL-01,F-1,오후,500mL,1.3,2.1,178.8,390,24.2,61.7,합격
L01799,2026-05-05 18:38,P-SEOUL-01,F-2,오후,1L,-0.2,2.13,180.0,388,22.6,54.4,합격
L01800,2026-05-05 18:40,P-SEOUL-01,F-3,오후,500mL,1.47,2.04,180.6,401,27.3,52.6,합격
L01801,2026-05-05 19:31,P-SEOUL-01,F-3,오후,500mL,1.86,2.15,175.0,377,23.5,55.7,합격
L01802,2026-05-05 19:31,P-SEOUL-01,F-1,오후,500mL,-0.16,2.04,182.4,400,16.2,43.9,합격
L01803,2026-05-05 19:47,P-SEOUL-01,F-2,오후,500mL,-5.26,1.95,181.4,399,23.9,,재검
L01804,2026-05-05 19:54,P-SEOUL-01,F-1,오후,500mL,0.77,2.29,177.5,401,25.5,54.3,합격
L01805,2026-05-05 20:03,P-SEOUL-01,F-1,오후,500mL,0.64,2.32,180.6,414,25.0,47.0,합격
L01806,2026-05-05 21:17,P-SEOUL-01,F-2,오후,2L,1.17,2.38,182.9,403,24.0,65.4,합격
L01807,2026-05-05 21:45,P-SEOUL-01,F-2,오후,500mL,0.2,2.0,180.2,397,23.0,53.4,합격
L01808,2026-05-05 21:47,P-SEOUL-01,F-2,오후,2L,0.54,2.25,180.3,413,25.7,51.8,합격
L01809,2026-05-05 22:00,P-SEOUL-01,F-1,야간,1L,-2.37,,179.7,390,24.7,39.4,합격
L01810,2026-05-05 22:18,P-SEOUL-01,F-2,야간,1L,0.09,1.83,182.2,432,24.3,44.4,합격
L01811,2026-05-05 23:15,P-SEOUL-01,F-3,야간,1L,-0.27,1.97,182.3,417,16.0,44.5,합격
L01812,2026-05-06 00:47,P-SEOUL-01,F-2,야간,500mL,0.35,2.12,182.1,418,23.8,54.6,합격
L01813,2026-05-06 00:49,P-SEOUL-01,F-1,야간,1L,-4.76,2.05,179.1,402,25.0,51.0,재검
L01814,2026-05-06 01:07,P-SEOUL-01,F-1,야간,2L,-2.41,1.96,177.3,397,25.4,55.9,합격
L01815,2026-05-06 01:22,P-SEOUL-01,F-2,야간,500mL,0.61,1.97,179.7,392,24.7,54.2,합격
L01816,2026-05-06 01:23,P-SEOUL-01,F-2,야간,1L,1.08,2.37,180.8,392,21.2,42.6,합격
L01817,2026-05-06 01:23,P-SEOUL-01,F-1,야간,2L,1.62,1.93,180.7,410,28.7,52.9,합격
L01818,2026-05-06 01:53,P-SEOUL-01,F-3,야간,2L,1.48,2.21,180.9,399,24.8,46.1,합격
L01819,2026-05-06 02:26,P-SEOUL-01,F-2,야간,500mL,-0.83,2.18,179.2,425,27.7,43.6,합격
L01820,2026-05-06 02:38,P-SEOUL-01,F-3,야간,500mL,0.28,2.19,177.7,378,25.8,52.3,합격
L01821,2026-05-06 02:58,P-SEOUL-01,F-3,야간,500mL,0.52,2.08,182.3,406,21.1,50.5,합격
L01822,2026-05-06 03:01,P-SEOUL-01,F-1,야간,1L,-0.65,1.96,179.2,397,22.8,63.6,합격
L01823,2026-05-06 03:07,P-SEOUL-01,F-3,야간,500mL,1.09,2.1,177.5,411,15.8,50.6,합격
L01824,2026-05-06 03:13,P-SEOUL-01,F-3,야간,2L,0.32,2.11,178.3,402,21.7,49.9,합격
L01825,2026-05-06 03:21,P-SEOUL-01,F-1,야간,500mL,-0.48,2.16,182.1,397,19.1,63.9,합격
L01826,2026-05-06 03:47,P-SEOUL-01,F-3,야간,2L,0.9,1.98,179.9,395,19.7,36.7,합격
L01827,2026-05-06 03:52,P-SEOUL-01,F-2,야간,2L,-0.21,2.26,181.5,409,27.8,47.6,합격
L01828,2026-05-06 04:47,P-SEOUL-01,F-2,야간,2L,1.11,1.97,180.8,397,21.9,40.3,합격
L01829,2026-05-06 04:51,P-SEOUL-01,F-3,야간,500mL,0.69,1.82,180.2,401,27.4,49.9,합격
L01830,2026-05-06 05:06,P-SEOUL-01,F-3,야간,1L,1.34,2.09,181.4,390,27.7,46.2,합격
L01831,2026-05-06 05:13,P-SEOUL-01,F-3,야간,1L,-0.22,2.16,181.2,393,25.4,54.7,합격
L01832,2026-05-06 06:00,P-SEOUL-01,F-2,주간,1L,-0.31,2.0,178.8,402,22.3,,합격
L01833,2026-05-06 06:20,P-SEOUL-01,F-1,주간,500mL,-1.67,1.93,178.4,391,25.6,51.1,합격
L01834,2026-05-06 07:18,P-SEOUL-01,F-1,주간,500mL,2.27,2.15,180.0,396,23.9,47.6,합격
L01835,2026-05-06 07:23,P-SEOUL-01,F-1,주간,1L,0.65,2.07,180.2,416,24.5,56.0,합격
L01836,2026-05-06 08:51,P-SEOUL-01,F-2,주간,500mL,-1.13,1.88,180.9,422,28.8,44.5,합격
L01837,2026-05-06 08:57,P-SEOUL-01,F-2,주간,500mL,0.48,1.97,175.4,399,21.8,53.8,합격
L01838,2026-05-06 09:09,P-SEOUL-01,F-1,주간,500mL,-0.46,2.19,180.5,410,25.0,47.7,합격
L01839,2026-05-06 09:33,P-SEOUL-01,F-2,주간,1L,-0.76,1.87,179.5,376,19.1,67.9,합격
L01840,2026-05-06 09:34,P-SEOUL-01,F-3,주간,1L,-0.47,2.07,182.4,387,22.3,49.8,합격
L01841,2026-05-06 09:50,P-SEOUL-01,F-3,주간,500mL,0.6,2.17,178.5,394,19.9,62.7,합격
L01842,2026-05-06 10:07,P-SEOUL-01,F-1,주간,1L,1.33,2.26,179.1,401,22.3,35.3,합격
L01843,2026-05-06 11:32,P-SEOUL-01,F-3,주간,1L,0.57,2.06,179.1,389,26.9,58.3,합격
L01844,2026-05-06 11:43,P-SEOUL-01,F-3,주간,1L,-1.8,1.97,182.9,406,16.2,46.1,합격
L01845,2026-05-06 11:49,P-SEOUL-01,F-1,주간,500mL,0.43,2.14,178.5,413,26.2,48.7,합격
L01846,2026-05-06 11:57,P-SEOUL-01,F-1,주간,500mL,0.98,2.29,181.4,409,24.2,54.2,합격
L01847,2026-05-06 12:07,P-SEOUL-01,F-2,주간,1L,0.75,2.13,178.8,400,23.5,50.9,합격
L01848,2026-05-06 12:31,P-SEOUL-01,F-3,주간,2L,-1.1,2.09,182.8,388,27.3,62.7,합격
L01849,2026-05-06 12:35,P-SEOUL-01,F-2,주간,2L,0.26,1.86,180.1,388,23.9,59.5,합격
L01850,2026-05-06 12:51,P-SEOUL-01,F-3,주간,500mL,-0.47,2.31,183.1,398,20.0,60.8,합격
L01851,2026-05-06 12:57,P-SEOUL-01,F-2,주간,500mL,0.01,1.95,179.8,403,31.4,60.9,합격
L01852,2026-05-06 13:02,P-SEOUL-01,F-3,주간,500mL,1.16,2.25,179.1,397,25.9,54.4,합격
L01853,2026-05-06 13:21,P-SEOUL-01,F-2,주간,500mL,1.21,2.2,182.3,407,29.6,53.0,합격
L01854,2026-05-06 13:23,P-SEOUL-01,F-3,주간,500mL,0.43,2.28,180.8,420,21.5,58.7,합격
L01855,2026-05-06 13:59,P-SEOUL-01,F-2,주간,500mL,0.46,2.01,182.0,403,27.2,48.7,합격
L01856,2026-05-06 14:32,P-SEOUL-01,F-3,오후,1L,-1.3,2.2,180.4,388,23.5,46.9,합격
L01857,2026-05-06 15:31,P-SEOUL-01,F-2,오후,500mL,1.93,1.26,179.2,416,23.1,59.4,재검
L01858,2026-05-06 15:37,P-SEOUL-01,F-2,오후,2L,1.07,,177.5,407,18.9,50.0,합격
L01859,2026-05-06 16:18,P-SEOUL-01,F-1,오후,1L,1.11,2.26,182.8,425,24.1,57.7,합격
L01860,2026-05-06 16:55,P-SEOUL-01,F-1,오후,500mL,-0.52,2.11,177.7,368,25.2,52.7,합격
L01861,2026-05-06 17:02,P-SEOUL-01,F-2,오후,500mL,0.36,2.03,178.7,397,27.1,68.4,합격
L01862,2026-05-06 17:14,P-SEOUL-01,F-1,오후,500mL,-0.99,1.92,181.8,410,22.5,45.5,합격
L01863,2026-05-06 19:01,P-SEOUL-01,F-1,오후,2L,0.27,2.09,181.2,398,26.9,37.6,합격
L01864,2026-05-06 20:33,P-SEOUL-01,F-3,오후,2L,-0.31,2.17,178.1,409,19.6,40.4,합격
L01865,2026-05-06 20:48,P-SEOUL-01,F-2,오후,2L,0.72,2.1,183.1,398,29.5,45.4,합격
L01866,2026-05-06 21:22,P-SEOUL-01,F-2,오후,1L,0.91,2.02,182.2,389,23.6,40.4,합격
L01867,2026-05-06 22:06,P-SEOUL-01,F-3,야간,2L,-0.31,2.08,179.6,397,22.1,50.9,합격
L01868,2026-05-06 22:21,P-SEOUL-01,F-2,야간,1L,-1.82,2.07,180.4,404,26.8,43.4,합격
L01869,2026-05-06 22:59,P-SEOUL-01,F-1,야간,1L,0.43,2.04,184.0,408,17.9,40.1,합격
L01870,2026-05-06 23:01,P-SEOUL-01,F-3,야간,500mL,-1.07,2.19,175.9,400,23.5,48.3,합격
L01871,2026-05-07 00:13,P-SEOUL-01,F-2,야간,500mL,0.02,1.98,177.8,394,25.7,59.4,합격
L01872,2026-05-07 00:27,P-SEOUL-01,F-2,야간,500mL,1.4,,181.0,384,20.4,52.6,합격
L01873,2026-05-07 01:06,P-SEOUL-01,F-3,야간,500mL,1.59,2.29,179.5,390,21.2,,합격
L01874,2026-05-07 01:32,P-SEOUL-01,F-2,야간,500mL,-0.13,1.89,177.9,382,22.4,47.8,합격
L01875,2026-05-07 02:27,P-SEOUL-01,F-1,야간,500mL,-0.35,2.15,180.2,403,26.9,63.2,합격
L01876,2026-05-07 02:51,P-SEOUL-01,F-2,야간,500mL,0.68,2.0,183.1,390,26.1,43.5,합격
L01877,2026-05-07 03:02,P-SEOUL-01,F-1,야간,2L,-0.95,1.99,180.2,409,24.0,54.1,합격
L01878,2026-05-07 03:20,P-SEOUL-01,F-2,야간,1L,-0.74,2.31,181.3,418,20.3,39.2,합격
L01879,2026-05-07 03:53,P-SEOUL-01,F-2,야간,500mL,0.53,2.0,181.0,416,26.5,59.0,합격
L01880,2026-05-07 04:05,P-SEOUL-01,F-2,야간,1L,-0.08,1.28,177.2,420,29.8,65.8,재검
L01881,2026-05-07 04:27,P-SEOUL-01,F-3,야간,1L,-0.44,1.9,179.3,414,23.6,48.6,합격
L01882,2026-05-07 05:17,P-SEOUL-01,F-2,야간,500mL,-1.62,2.01,182.9,376,29.6,44.3,합격
L01883,2026-05-07 05:29,P-SEOUL-01,F-1,야간,500mL,-0.3,2.13,180.4,386,21.7,71.5,합격
L01884,2026-05-07 05:31,P-SEOUL-01,F-3,야간,500mL,-0.65,1.79,180.8,392,21.0,50.8,합격
L01885,2026-05-07 05:38,P-SEOUL-01,F-2,야간,1L,0.25,2.02,178.4,407,25.2,54.4,합격
L01886,2026-05-07 05:42,P-SEOUL-01,F-1,야간,1L,-1.46,2.05,183.0,416,21.8,35.8,합격
L01887,2026-05-07 06:13,P-SEOUL-01,F-3,주간,500mL,2.03,1.95,180.9,397,20.3,43.6,합격
L01888,2026-05-07 08:09,P-SEOUL-01,F-3,주간,500mL,-1.87,,178.9,389,24.4,61.5,합격
L01889,2026-05-07 09:29,P-SEOUL-01,F-1,주간,500mL,-1.71,1.86,181.0,377,28.2,46.4,합격
L01890,2026-05-07 09:37,P-SEOUL-01,F-3,주간,500mL,0.25,2.2,179.4,406,24.5,38.7,합격
L01891,2026-05-07 10:22,P-SEOUL-01,F-2,주간,500mL,-1.6,2.21,178.3,389,25.5,53.4,합격
L01892,2026-05-07 10:32,P-SEOUL-01,F-1,주간,500mL,-0.29,1.98,178.9,409,23.2,55.5,합격
L01893,2026-05-07 11:40,P-SEOUL-01,F-3,주간,2L,0.9,2.08,179.5,409,23.5,,합격
L01894,2026-05-07 12:27,P-SEOUL-01,F-3,주간,1L,-0.89,2.29,180.9,401,25.5,42.9,합격
L01895,2026-05-07 12:28,P-SEOUL-01,F-2,주간,2L,-0.2,1.94,178.6,391,26.5,62.3,합격
L01896,2026-05-07 13:19,P-SEOUL-01,F-1,주간,1L,-1.53,1.91,176.4,408,20.7,50.1,합격
L01897,2026-05-07 13:28,P-SEOUL-01,F-2,주간,500mL,0.55,2.1,182.5,410,30.6,39.9,합격
L01898,2026-05-07 13:51,P-SEOUL-01,F-3,주간,2L,-0.13,2.21,183.5,389,24.7,59.7,합격
L01899,2026-05-07 13:57,P-SEOUL-01,F-1,주간,2L,-1.69,1.95,179.6,416,24.2,53.1,합격
L01900,2026-05-07 14:14,P-SEOUL-01,F-1,오후,500mL,0.06,,177.5,395,19.4,47.4,합격
L01901,2026-05-07 14:26,P-SEOUL-01,F-2,오후,500mL,0.38,2.13,177.9,423,25.4,52.1,합격
L01902,2026-05-07 14:36,P-SEOUL-01,F-1,오후,500mL,0.06,2.24,183.6,388,24.1,56.6,재검
L01903,2026-05-07 14:51,P-SEOUL-01,F-1,오후,1L,1.25,2.16,181.9,384,22.9,48.8,합격
L01904,2026-05-07 15:45,P-SEOUL-01,F-3,오후,500mL,-0.74,1.9,179.4,404,26.7,55.2,합격
L01905,2026-05-07 16:29,P-SEOUL-01,F-2,오후,500mL,1.44,2.26,178.6,388,15.7,72.4,합격
L01906,2026-05-07 16:39,P-SEOUL-01,F-1,오후,500mL,0.66,1.94,178.2,408,20.5,56.4,합격
L01907,2026-05-07 17:39,P-SEOUL-01,F-2,오후,500mL,-0.74,2.14,181.4,371,20.4,,합격
L01908,2026-05-07 17:46,P-SEOUL-01,F-1,오후,500mL,-0.37,2.11,180.7,415,19.2,43.5,합격
L01909,2026-05-07 17:47,P-SEOUL-01,F-2,오후,500mL,0.33,1.94,179.7,379,24.4,55.8,합격
L01910,2026-05-07 18:06,P-SEOUL-01,F-3,오후,1L,0.8,2.09,181.4,390,26.1,52.6,합격
L01911,2026-05-07 19:14,P-SEOUL-01,F-2,오후,2L,0.09,2.07,182.1,397,28.1,53.1,합격
L01912,2026-05-07 19:50,P-SEOUL-01,F-1,오후,500mL,0.15,2.24,181.7,401,23.3,54.8,합격
L01913,2026-05-07 19:57,P-SEOUL-01,F-2,오후,1L,-1.75,2.08,177.8,390,17.7,54.6,합격
L01914,2026-05-07 20:14,P-SEOUL-01,F-3,오후,1L,-1.02,2.02,175.8,400,27.6,40.6,합격
L01915,2026-05-07 20:28,P-SEOUL-01,F-3,오후,500mL,0.07,2.13,179.3,405,20.6,66.0,합격
L01916,2026-05-07 20:59,P-SEOUL-01,F-2,오후,500mL,1.22,2.09,180.3,421,23.8,52.0,합격
L01917,2026-05-07 21:18,P-SEOUL-01,F-3,오후,1L,-0.08,1.97,182.1,402,25.5,67.1,합격
L01918,2026-05-07 21:20,P-SEOUL-01,F-1,오후,2L,1.38,2.18,177.2,398,24.5,55.1,합격
L01919,2026-05-07 21:22,P-SEOUL-01,F-2,오후,2L,1.1,2.17,178.3,391,27.8,42.2,합격
L01920,2026-05-07 21:47,P-SEOUL-01,F-2,오후,500mL,-0.08,2.23,180.1,369,28.9,45.9,합격
L01921,2026-05-07 21:55,P-SEOUL-01,F-1,오후,1L,0.52,,183.8,406,20.3,54.7,합격
L01922,2026-05-07 22:08,P-SEOUL-01,F-1,야간,500mL,2.6,2.01,178.5,393,26.4,55.8,합격
L01923,2026-05-07 22:38,P-SEOUL-01,F-1,야간,2L,0.2,2.1,181.8,423,25.9,55.9,합격
L01924,2026-05-08 00:08,P-SEOUL-01,F-2,야간,1L,0.62,1.98,180.3,410,29.1,52.9,합격
L01925,2026-05-08 00:11,P-SEOUL-01,F-1,야간,1L,0.02,2.04,177.7,402,22.9,58.0,합격
L01926,2026-05-08 01:41,P-SEOUL-01,F-1,야간,500mL,1.56,2.1,181.5,407,21.1,51.8,합격
L01927,2026-05-08 02:00,P-SEOUL-01,F-2,야간,500mL,-1.14,2.08,180.6,415,26.9,66.0,합격
L01928,2026-05-08 02:22,P-SEOUL-01,F-2,야간,2L,-0.8,2.1,178.9,419,26.1,56.3,합격
L01929,2026-05-08 02:37,P-SEOUL-01,F-2,야간,2L,1.02,1.87,181.3,376,18.6,61.5,합격
L01930,2026-05-08 02:57,P-SEOUL-01,F-1,야간,500mL,-0.2,2.26,178.0,397,22.4,50.3,합격
L01931,2026-05-08 04:14,P-SEOUL-01,F-1,야간,500mL,1.18,2.02,179.1,406,30.0,45.1,합격
L01932,2026-05-08 04:16,P-SEOUL-01,F-2,야간,500mL,-1.34,2.16,177.2,404,24.7,56.5,합격
L01933,2026-05-08 05:29,P-SEOUL-01,F-2,야간,2L,-0.11,2.07,181.7,386,22.4,57.8,합격
L01934,2026-05-08 05:37,P-SEOUL-01,F-2,야간,500mL,0.57,2.11,183.8,395,26.2,53.8,합격
L01935,2026-05-08 06:23,P-SEOUL-01,F-3,주간,500mL,0.35,2.3,178.9,423,25.0,54.4,합격
L01936,2026-05-08 06:59,P-SEOUL-01,F-3,주간,500mL,1.42,2.25,183.9,385,22.0,,합격
L01937,2026-05-08 07:02,P-SEOUL-01,F-1,주간,500mL,1.08,2.25,181.6,398,23.3,60.0,합격
L01938,2026-05-08 07:38,P-SEOUL-01,F-2,주간,1L,0.78,2.34,180.5,402,25.7,52.1,합격
L01939,2026-05-08 08:10,P-SEOUL-01,F-1,주간,500mL,-1.02,2.12,181.2,379,26.6,61.5,합격
L01940,2026-05-08 09:02,P-SEOUL-01,F-3,주간,500mL,-0.45,2.3,180.8,391,25.1,,합격
L01941,2026-05-08 09:05,P-SEOUL-01,F-1,주간,1L,1.81,1.92,179.8,404,23.3,46.7,합격
L01942,2026-05-08 10:22,P-SEOUL-01,F-2,주간,2L,-0.29,2.01,179.2,406,29.1,49.0,합격
L01943,2026-05-08 11:47,P-SEOUL-01,F-2,주간,500mL,0.83,2.14,180.8,415,22.2,58.4,합격
L01944,2026-05-08 11:49,P-SEOUL-01,F-3,주간,500mL,-2.39,2.19,176.4,409,23.6,49.1,합격
L01945,2026-05-08 12:09,P-SEOUL-01,F-1,주간,2L,1.97,2.05,183.2,397,26.7,44.1,합격
L01946,2026-05-08 13:01,P-SEOUL-01,F-1,주간,500mL,0.04,1.95,178.6,402,26.8,73.9,합격
L01947,2026-05-08 13:18,P-SEOUL-01,F-2,주간,1L,0.82,2.08,181.0,388,23.9,55.7,합격
L01948,2026-05-08 14:07,P-SEOUL-01,F-2,오후,1L,-1.12,2.17,178.4,408,23.4,52.3,합격
L01949,2026-05-08 14:28,P-SEOUL-01,F-3,오후,1L,-0.17,2.07,177.4,402,26.8,50.4,합격
L01950,2026-05-08 14:39,P-SEOUL-01,F-2,오후,500mL,1.05,2.1,178.8,379,14.6,46.2,합격
L01951,2026-05-08 15:02,P-SEOUL-01,F-1,오후,1L,0.32,2.12,178.6,387,24.3,67.3,합격
L01952,2026-05-08 15:16,P-SEOUL-01,F-2,오후,1L,0.61,1.93,183.9,402,20.5,45.2,합격
L01953,2026-05-08 15:20,P-SEOUL-01,F-3,오후,1L,0.91,2.06,180.9,390,29.7,46.6,합격
L01954,2026-05-08 16:30,P-SEOUL-01,F-3,오후,2L,-0.25,2.4,176.4,393,20.4,27.7,합격
L01955,2026-05-08 17:04,P-SEOUL-01,F-2,오후,2L,-1.07,2.06,178.2,388,20.6,58.9,합격
L01956,2026-05-08 17:07,P-SEOUL-01,F-2,오후,2L,0.1,2.1,181.9,379,24.9,47.6,합격
L01957,2026-05-08 17:13,P-SEOUL-01,F-2,오후,2L,0.19,1.52,180.1,393,28.4,46.7,재검
L01958,2026-05-08 17:14,P-SEOUL-01,F-3,오후,2L,-1.72,2.21,178.1,397,20.8,41.7,합격
L01959,2026-05-08 17:22,P-SEOUL-01,F-1,오후,500mL,-0.46,2.14,179.5,413,17.4,64.5,합격
L01960,2026-05-08 17:32,P-SEOUL-01,F-1,오후,500mL,1.08,2.16,180.3,389,24.7,57.5,합격
L01961,2026-05-08 17:47,P-SEOUL-01,F-1,오후,500mL,1.44,2.12,183.1,389,21.5,40.0,합격
L01962,2026-05-08 18:10,P-SEOUL-01,F-3,오후,1L,-0.2,2.21,185.3,384,29.4,61.9,합격
L01963,2026-05-08 18:15,P-SEOUL-01,F-2,오후,500mL,-0.07,2.17,179.6,401,21.0,42.1,합격
L01964,2026-05-08 18:19,P-SEOUL-01,F-3,오후,1L,0.46,2.22,181.2,372,24.0,64.0,합격
L01965,2026-05-08 19:06,P-SEOUL-01,F-1,오후,1L,-0.94,,177.8,408,29.2,38.9,합격
L01966,2026-05-08 19:08,P-SEOUL-01,F-1,오후,500mL,0.14,2.09,180.9,425,26.2,52.4,합격
L01967,2026-05-08 19:13,P-SEOUL-01,F-2,오후,2L,0.32,2.17,177.7,417,23.7,37.5,합격
L01968,2026-05-08 19:24,P-SEOUL-01,F-1,오후,1L,-0.81,1.99,182.4,389,17.3,66.8,합격
L01969,2026-05-08 20:24,P-SEOUL-01,F-1,오후,500mL,0.05,2.12,180.1,382,21.7,45.7,합격
L01970,2026-05-08 21:40,P-SEOUL-01,F-1,오후,1L,1.46,2.1,179.0,405,19.9,48.6,합격
L01971,2026-05-08 21:50,P-SEOUL-01,F-3,오후,500mL,0.98,,182.1,385,22.8,56.3,합격
L01972,2026-05-08 21:51,P-SEOUL-01,F-2,오후,2L,-1.77,1.99,181.6,402,24.2,55.6,합격
L01973,2026-05-08 22:01,P-SEOUL-01,F-3,야간,500mL,0.02,2.08,181.9,414,26.9,55.7,합격
L01974,2026-05-08 22:29,P-SEOUL-01,F-1,야간,500mL,0.25,2.18,184.6,401,19.1,58.6,합격
L01975,2026-05-08 23:31,P-SEOUL-01,F-2,야간,2L,-1.07,2.1,179.7,418,29.0,59.4,합격
L01976,2026-05-08 23:46,P-SEOUL-01,F-3,야간,500mL,0.49,1.94,176.3,398,24.3,48.7,합격
L01977,2026-05-09 00:39,P-SEOUL-01,F-1,야간,500mL,-0.25,1.94,183.7,399,19.8,35.0,합격
L01978,2026-05-09 00:49,P-SEOUL-01,F-2,야간,500mL,0.99,2.03,178.7,402,18.9,44.2,합격
L01979,2026-05-09 00:58,P-SEOUL-01,F-3,야간,500mL,-0.04,2.08,180.4,389,23.3,57.9,합격
L01980,2026-05-09 02:02,P-SEOUL-01,F-2,야간,500mL,0.41,2.06,177.3,392,21.4,58.7,합격
L01981,2026-05-09 02:03,P-SEOUL-01,F-2,야간,1L,-0.74,2.08,180.0,403,23.7,42.3,합격
L01982,2026-05-09 02:17,P-SEOUL-01,F-2,야간,500mL,-0.74,2.06,181.5,419,31.4,53.4,합격
L01983,2026-05-09 02:21,P-SEOUL-01,F-3,야간,500mL,2.41,2.03,179.2,412,19.9,62.0,합격
L01984,2026-05-09 02:25,P-SEOUL-01,F-3,야간,1L,-1.27,2.09,178.1,398,26.3,43.2,합격
L01985,2026-05-09 04:04,P-SEOUL-01,F-3,야간,1L,-0.31,1.97,178.0,387,22.2,46.6,합격
L01986,2026-05-09 04:15,P-SEOUL-01,F-1,야간,1L,0.03,2.06,182.3,406,22.5,68.4,합격
L01987,2026-05-09 05:01,P-SEOUL-01,F-1,야간,500mL,0.17,2.06,176.3,409,22.0,35.8,합격
L01988,2026-05-09 05:13,P-SEOUL-01,F-1,야간,1L,-0.21,2.1,181.0,393,24.9,53.0,합격
L01989,2026-05-09 05:36,P-SEOUL-01,F-2,야간,1L,0.44,1.91,180.2,401,27.5,55.8,합격
L01990,2026-05-09 05:48,P-SEOUL-01,F-1,야간,500mL,0.57,1.98,181.4,400,21.3,48.2,합격
L01991,2026-05-09 05:59,P-SEOUL-01,F-1,야간,500mL,-0.25,1.97,180.0,388,22.4,61.8,합격
L01992,2026-05-09 06:13,P-SEOUL-01,F-2,주간,500mL,0.12,2.24,183.8,394,25.6,52.2,합격
L01993,2026-05-09 06:22,P-SEOUL-01,F-1,주간,2L,1.17,2.13,178.8,405,26.5,57.7,합격
L01994,2026-05-09 07:07,P-SEOUL-01,F-1,주간,2L,1.86,2.08,178.8,416,30.5,57.4,합격
L01995,2026-05-09 07:42,P-SEOUL-01,F-1,주간,500mL,-0.88,2.0,177.4,411,26.7,52.7,합격
L01996,2026-05-09 07:51,P-SEOUL-01,F-1,주간,2L,1.1,2.22,178.6,389,23.4,51.8,합격
L01997,2026-05-09 07:54,P-SEOUL-01,F-3,주간,2L,0.57,2.15,178.3,393,29.6,43.0,합격
L01998,2026-05-09 08:09,P-SEOUL-01,F-3,주간,2L,0.04,2.12,180.7,409,25.4,31.2,합격
L01999,2026-05-09 08:19,P-SEOUL-01,F-2,주간,1L,-0.74,2.03,183.2,389,20.6,48.7,합격
L02000,2026-05-09 08:50,P-SEOUL-01,F-1,주간,500mL,1.31,1.94,183.1,406,28.8,48.9,합격
L02001,2026-05-09 09:22,P-SEOUL-01,F-2,주간,500mL,1.7,2.23,178.9,408,28.9,65.6,합격
L02002,2026-05-09 09:28,P-SEOUL-01,F-1,주간,2L,-0.79,2.4,179.8,403,23.5,56.6,합격
L02003,2026-05-09 09:40,P-SEOUL-01,F-2,주간,1L,-0.19,2.0,181.0,421,18.7,57.7,합격
L02004,2026-05-09 09:50,P-SEOUL-01,F-1,주간,500mL,0.09,2.22,183.7,393,24.9,49.1,합격
L02005,2026-05-09 10:34,P-SEOUL-01,F-2,주간,1L,-1.9,2.07,179.9,399,23.9,54.0,합격
L02006,2026-05-09 10:58,P-SEOUL-01,F-3,주간,500mL,-0.66,2.08,182.6,387,19.6,65.8,합격
L02007,2026-05-09 11:22,P-SEOUL-01,F-2,주간,500mL,-0.33,2.05,178.8,412,25.7,62.6,합격
L02008,2026-05-09 12:10,P-SEOUL-01,F-2,주간,2L,0.59,2.05,175.4,396,22.8,50.7,합격
L02009,2026-05-09 12:43,P-SEOUL-01,F-1,주간,500mL,1.49,2.07,180.2,397,28.9,52.8,합격
L02010,2026-05-09 13:30,P-SEOUL-01,F-1,주간,500mL,-1.91,2.45,178.9,385,24.4,44.7,합격
L02011,2026-05-09 13:39,P-SEOUL-01,F-1,주간,2L,0.03,1.99,178.2,385,19.1,59.5,합격
L02012,2026-05-09 15:23,P-SEOUL-01,F-3,오후,2L,-0.62,2.21,180.3,395,26.1,51.7,합격
L02013,2026-05-09 15:31,P-SEOUL-01,F-3,오후,500mL,0.5,2.21,177.2,403,23.5,60.4,합격
L02014,2026-05-09 15:32,P-SEOUL-01,F-1,오후,500mL,0.5,,181.2,375,23.1,53.0,재검
L02015,2026-05-09 17:59,P-SEOUL-01,F-1,오후,2L,-1.0,2.26,178.7,389,29.9,54.9,합격
L02016,2026-05-09 18:15,P-SEOUL-01,F-1,오후,1L,0.73,,176.4,395,20.6,,합격
L02017,2026-05-09 18:40,P-SEOUL-01,F-2,오후,500mL,0.01,2.12,181.4,418,21.1,50.6,합격
L02018,2026-05-09 19:53,P-SEOUL-01,F-1,오후,2L,1.23,2.16,180.7,380,22.5,55.3,합격
L02019,2026-05-09 20:00,P-SEOUL-01,F-1,오후,2L,0.16,1.98,181.8,411,21.7,62.3,합격
L02020,2026-05-09 20:32,P-SEOUL-01,F-2,오후,500mL,0.48,2.12,178.6,387,23.2,52.4,재검
L02021,2026-05-09 20:34,P-SEOUL-01,F-2,오후,1L,0.75,2.06,177.2,399,24.8,60.8,합격
L02022,2026-05-09 21:20,P-SEOUL-01,F-3,오후,2L,0.47,1.96,177.6,403,18.3,39.5,합격
L02023,2026-05-09 22:51,P-SEOUL-01,F-2,야간,500mL,-3.84,1.81,182.7,406,25.3,61.1,재검
L02024,2026-05-09 23:02,P-SEOUL-01,F-2,야간,500mL,0.81,2.03,177.4,394,32.5,43.4,합격
L02025,2026-05-09 23:41,P-SEOUL-01,F-2,야간,2L,-0.59,2.18,177.5,411,23.1,46.3,합격
L02026,2026-05-09 23:42,P-SEOUL-01,F-3,야간,500mL,-0.14,2.12,181.4,387,27.6,46.3,합격
L02027,2026-05-09 23:46,P-SEOUL-01,F-1,야간,500mL,0.78,1.97,178.5,415,25.1,45.3,합격
L02028,2026-05-09 23:53,P-SEOUL-01,F-1,야간,500mL,0.12,1.52,175.2,397,23.5,63.7,재검
L02029,2026-05-10 00:22,P-SEOUL-01,F-2,야간,500mL,1.37,2.02,179.9,399,16.8,56.3,합격
L02030,2026-05-10 00:31,P-SEOUL-01,F-3,야간,500mL,0.25,2.23,181.4,390,22.5,49.8,합격
L02031,2026-05-10 01:21,P-SEOUL-01,F-2,야간,1L,-1.57,1.8,182.6,399,27.0,59.5,합격
L02032,2026-05-10 01:34,P-SEOUL-01,F-3,야간,500mL,0.11,,179.4,407,24.0,55.5,합격
L02033,2026-05-10 01:49,P-SEOUL-01,F-1,야간,1L,0.75,2.25,183.6,413,22.8,61.2,합격
L02034,2026-05-10 03:02,P-SEOUL-01,F-1,야간,500mL,1.68,2.09,184.3,405,23.2,61.7,합격
L02035,2026-05-10 03:24,P-SEOUL-01,F-3,야간,500mL,0.94,2.08,180.3,399,26.0,40.9,합격
L02036,2026-05-10 03:54,P-SEOUL-01,F-3,야간,1L,1.05,1.89,177.0,397,30.3,77.1,합격
L02037,2026-05-10 05:29,P-SEOUL-01,F-1,야간,500mL,-0.62,2.3,180.7,427,22.5,58.0,합격
L02038,2026-05-10 05:33,P-SEOUL-01,F-3,야간,2L,0.07,2.0,183.3,403,22.2,57.2,합격
L02039,2026-05-10 05:36,P-SEOUL-01,F-1,야간,500mL,-0.75,2.16,178.6,414,25.6,42.3,합격
L02040,2026-05-10 06:02,P-SEOUL-01,F-1,주간,500mL,-0.24,1.98,181.3,385,22.2,51.7,합격
L02041,2026-05-10 06:10,P-SEOUL-01,F-2,주간,500mL,-1.08,1.96,177.7,402,22.8,35.0,합격
L02042,2026-05-10 07:23,P-SEOUL-01,F-1,주간,500mL,-0.0,2.11,181.8,406,30.7,51.4,합격
L02043,2026-05-10 08:44,P-SEOUL-01,F-3,주간,1L,-1.44,1.94,179.0,410,25.4,51.7,합격
L02044,2026-05-10 09:22,P-SEOUL-01,F-3,주간,500mL,0.03,1.91,176.8,385,25.2,55.0,합격
L02045,2026-05-10 09:50,P-SEOUL-01,F-2,주간,500mL,0.96,2.15,180.4,404,25.9,39.3,합격
L02046,2026-05-10 10:26,P-SEOUL-01,F-1,주간,1L,-0.14,2.11,179.1,396,24.2,46.3,합격
L02047,2026-05-10 10:45,P-SEOUL-01,F-3,주간,500mL,-1.41,,177.7,400,24.8,47.2,합격
L02048,2026-05-10 10:49,P-SEOUL-01,F-2,주간,500mL,-1.69,2.09,179.6,416,21.8,43.8,합격
L02049,2026-05-10 12:03,P-SEOUL-01,F-1,주간,1L,-0.37,2.02,178.4,405,28.5,60.2,합격
L02050,2026-05-10 12:36,P-SEOUL-01,F-1,주간,2L,0.67,2.26,182.0,393,20.0,56.3,합격
L02051,2026-05-10 12:38,P-SEOUL-01,F-2,주간,2L,-1.18,2.04,182.3,398,23.3,62.1,합격
L02052,2026-05-10 12:44,P-SEOUL-01,F-3,주간,500mL,-0.21,2.15,179.3,397,24.9,51.0,합격
L02053,2026-05-10 13:08,P-SEOUL-01,F-3,주간,1L,-0.11,2.03,181.4,413,23.9,53.4,합격
L02054,2026-05-10 13:31,P-SEOUL-01,F-2,주간,1L,1.63,2.08,177.8,385,23.1,44.4,합격
L02055,2026-05-10 13:57,P-SEOUL-01,F-1,주간,500mL,0.24,2.09,178.3,422,28.7,41.9,합격
L02056,2026-05-10 14:29,P-SEOUL-01,F-3,오후,500mL,-0.74,2.14,178.5,390,27.9,55.0,합격
L02057,2026-05-10 15:15,P-SEOUL-01,F-1,오후,500mL,-0.9,2.24,177.7,413,19.7,53.4,합격
L02058,2026-05-10 15:36,P-SEOUL-01,F-2,오후,500mL,0.92,,179.8,383,22.2,44.0,합격
L02059,2026-05-10 15:44,P-SEOUL-01,F-2,오후,500mL,-1.28,2.08,180.1,399,27.3,58.7,합격
L02060,2026-05-10 16:09,P-SEOUL-01,F-3,오후,1L,0.5,2.05,183.0,404,20.5,40.2,합격
L02061,2026-05-10 16:48,P-SEOUL-01,F-2,오후,2L,-1.31,2.02,179.8,389,28.2,60.3,합격
L02062,2026-05-10 17:08,P-SEOUL-01,F-2,오후,1L,0.17,2.19,179.9,422,22.1,44.5,합격
L02063,2026-05-10 17:42,P-SEOUL-01,F-3,오후,500mL,-0.16,2.03,181.9,409,25.9,42.4,합격
L02064,2026-05-10 19:02,P-SEOUL-01,F-3,오후,1L,1.07,2.18,176.5,391,29.6,46.3,합격
L02065,2026-05-10 19:07,P-SEOUL-01,F-3,오후,1L,1.14,,175.9,405,24.8,56.8,합격
L02066,2026-05-10 19:18,P-SEOUL-01,F-1,오후,500mL,-1.56,2.19,180.1,397,27.8,56.9,합격
L02067,2026-05-10 20:19,P-SEOUL-01,F-2,오후,500mL,-0.38,2.12,184.4,378,23.2,46.4,합격
L02068,2026-05-10 20:32,P-SEOUL-01,F-2,오후,2L,0.7,2.26,182.3,401,25.9,50.8,합격
L02069,2026-05-10 21:11,P-SEOUL-01,F-1,오후,500mL,0.35,2.25,182.3,400,27.8,51.3,합격
L02070,2026-05-10 21:20,P-SEOUL-01,F-3,오후,500mL,-0.18,2.08,178.5,390,19.4,52.8,합격
L02071,2026-05-10 21:49,P-SEOUL-01,F-1,오후,2L,1.34,1.95,184.7,390,23.7,45.2,재검
L02072,2026-05-10 22:11,P-SEOUL-01,F-3,야간,500mL,-1.53,1.96,181.2,404,22.8,53.9,합격
L02073,2026-05-10 22:50,P-SEOUL-01,F-3,야간,1L,-0.66,2.08,185.0,405,23.5,67.7,합격
L02074,2026-05-10 23:26,P-SEOUL-01,F-2,야간,2L,0.39,2.03,181.6,411,22.5,73.9,합격
L02075,2026-05-11 00:32,P-SEOUL-01,F-1,야간,1L,0.25,2.08,178.4,396,32.2,61.3,합격
L02076,2026-05-11 00:39,P-SEOUL-01,F-1,야간,1L,-0.45,,178.4,412,23.6,60.2,합격
L02077,2026-05-11 00:43,P-SEOUL-01,F-1,야간,500mL,-0.53,2.02,179.6,395,19.7,51.1,합격
L02078,2026-05-11 01:27,P-SEOUL-01,F-1,야간,500mL,-0.38,2.03,176.8,393,26.9,43.8,합격
L02079,2026-05-11 01:40,P-SEOUL-01,F-2,야간,500mL,0.36,1.9,179.0,403,22.3,36.7,합격
L02080,2026-05-11 02:18,P-SEOUL-01,F-2,야간,500mL,-0.14,2.07,176.1,402,27.5,57.8,합격
L02081,2026-05-11 02:30,P-SEOUL-01,F-2,야간,500mL,-0.87,1.9,184.3,397,29.7,54.2,합격
L02082,2026-05-11 02:58,P-SEOUL-01,F-2,야간,500mL,-1.8,1.91,181.3,396,24.4,55.3,합격
L02083,2026-05-11 03:58,P-SEOUL-01,F-1,야간,1L,0.15,2.13,180.5,399,36.3,37.9,합격
L02084,2026-05-11 04:13,P-SEOUL-01,F-2,야간,500mL,-4.56,2.08,180.3,385,25.8,32.6,재검
L02085,2026-05-11 05:17,P-SEOUL-01,F-2,야간,1L,0.32,2.02,179.1,397,21.7,41.6,합격
L02086,2026-05-11 06:14,P-SEOUL-01,F-3,주간,500mL,-0.37,2.13,179.0,413,22.8,50.1,합격
L02087,2026-05-11 06:37,P-SEOUL-01,F-2,주간,500mL,-0.89,2.11,183.1,417,25.2,38.3,합격
L02088,2026-05-11 06:59,P-SEOUL-01,F-3,주간,2L,2.7,2.09,180.9,373,17.3,49.8,합격
L02089,2026-05-11 07:09,P-SEOUL-01,F-3,주간,1L,0.21,2.06,180.4,406,25.1,43.5,합격
L02090,2026-05-11 08:09,P-SEOUL-01,F-3,주간,500mL,0.82,2.35,177.4,397,28.3,44.3,합격
L02091,2026-05-11 08:52,P-SEOUL-01,F-3,주간,2L,0.59,2.21,183.0,409,25.0,46.1,합격
L02092,2026-05-11 09:11,P-SEOUL-01,F-2,주간,500mL,-1.29,2.11,179.9,390,26.2,41.6,합격
L02093,2026-05-11 09:49,P-SEOUL-01,F-2,주간,500mL,-0.33,2.02,180.4,389,24.7,52.7,합격
L02094,2026-05-11 10:11,P-SEOUL-01,F-1,주간,2L,1.01,2.14,181.9,395,21.5,49.8,합격
L02095,2026-05-11 10:12,P-SEOUL-01,F-3,주간,1L,0.34,1.88,178.3,382,25.7,50.4,합격
L02096,2026-05-11 10:23,P-SEOUL-01,F-2,주간,1L,1.33,2.3,179.4,400,28.4,58.8,합격
L02097,2026-05-11 11:10,P-SEOUL-01,F-2,주간,500mL,0.31,2.13,179.9,374,20.3,47.1,합격
L02098,2026-05-11 11:14,P-SEOUL-01,F-2,주간,500mL,0.23,1.85,179.5,391,24.8,67.9,합격
L02099,2026-05-11 11:28,P-SEOUL-01,F-3,주간,500mL,0.75,1.91,180.7,408,22.8,54.7,합격
L02100,2026-05-11 12:53,P-SEOUL-01,F-1,주간,2L,0.5,1.22,183.1,428,27.9,58.9,재검
L02101,2026-05-11 13:08,P-SEOUL-01,F-1,주간,2L,0.71,2.15,179.2,423,30.4,59.1,합격
L02102,2026-05-11 13:36,P-SEOUL-01,F-1,주간,500mL,0.52,2.2,179.8,397,21.9,58.5,합격
L02103,2026-05-11 14:11,P-SEOUL-01,F-1,오후,2L,1.4,2.12,180.0,407,26.0,52.2,합격
L02104,2026-05-11 14:31,P-SEOUL-01,F-1,오후,2L,1.34,1.97,181.6,421,17.6,29.6,합격
L02105,2026-05-11 14:56,P-SEOUL-01,F-1,오후,2L,-0.29,2.13,181.9,388,23.0,53.8,합격
L02106,2026-05-11 15:24,P-SEOUL-01,F-2,오후,500mL,-0.83,2.09,184.3,422,27.4,45.5,합격
L02107,2026-05-11 15:48,P-SEOUL-01,F-1,오후,500mL,1.1,2.17,177.5,414,19.7,60.0,합격
L02108,2026-05-11 16:28,P-SEOUL-01,F-1,오후,500mL,0.29,1.51,178.4,409,21.7,59.2,재검
L02109,2026-05-11 16:36,P-SEOUL-01,F-1,오후,500mL,-4.88,1.87,181.0,398,23.4,51.6,재검
L02110,2026-05-11 17:03,P-SEOUL-01,F-2,오후,500mL,-0.3,2.18,179.4,387,26.0,62.5,합격
L02111,2026-05-11 17:06,P-SEOUL-01,F-2,오후,2L,-1.94,1.99,180.9,413,19.9,61.9,합격
L02112,2026-05-11 17:26,P-SEOUL-01,F-1,오후,1L,-0.61,2.0,178.6,403,23.8,50.6,재검
L02113,2026-05-11 17:52,P-SEOUL-01,F-2,오후,500mL,-0.82,1.96,179.7,402,25.5,67.2,합격
L02114,2026-05-11 17:56,P-SEOUL-01,F-1,오후,2L,1.79,1.89,181.2,380,19.3,48.0,합격
L02115,2026-05-11 18:15,P-SEOUL-01,F-2,오후,500mL,-0.44,2.24,178.5,402,24.1,40.8,합격
L02116,2026-05-11 18:16,P-SEOUL-01,F-3,오후,2L,0.42,2.06,178.0,388,20.1,60.5,합격
L02117,2026-05-11 20:18,P-SEOUL-01,F-1,오후,1L,-0.4,2.19,178.6,383,22.4,46.5,합격
L02118,2026-05-11 20:51,P-SEOUL-01,F-3,오후,2L,0.19,2.26,177.7,403,22.3,46.4,합격
L02119,2026-05-11 21:06,P-SEOUL-01,F-2,오후,1L,-0.61,2.1,179.3,400,22.6,44.6,합격
L02120,2026-05-11 21:16,P-SEOUL-01,F-1,오후,500mL,0.38,2.03,179.9,397,28.0,45.5,합격
L02121,2026-05-11 21:52,P-SEOUL-01,F-1,오후,500mL,-0.12,2.47,175.9,413,26.2,60.7,합격
L02122,2026-05-11 22:05,P-SEOUL-01,F-3,야간,1L,-0.71,1.91,181.4,398,23.3,54.5,합격
L02123,2026-05-11 22:10,P-SEOUL-01,F-1,야간,1L,0.84,2.05,179.0,412,25.7,47.0,합격
L02124,2026-05-11 22:14,P-SEOUL-01,F-1,야간,500mL,1.25,1.97,180.5,388,23.7,64.2,합격
L02125,2026-05-11 22:54,P-SEOUL-01,F-3,야간,2L,-0.57,2.1,182.4,417,19.7,56.5,합격
L02126,2026-05-11 23:12,P-SEOUL-01,F-1,야간,500mL,-3.39,2.2,180.2,398,25.4,69.0,재검
L02127,2026-05-12 01:17,P-SEOUL-01,F-3,야간,2L,1.52,2.02,181.7,407,20.4,57.5,합격
L02128,2026-05-12 01:26,P-SEOUL-01,F-2,야간,500mL,0.07,1.95,183.2,388,24.6,49.9,합격
L02129,2026-05-12 01:33,P-SEOUL-01,F-2,야간,500mL,-0.77,2.2,181.0,397,28.9,49.1,합격
L02130,2026-05-12 02:20,P-SEOUL-01,F-1,야간,2L,-0.66,2.07,179.9,397,24.5,43.6,합격
L02131,2026-05-12 02:39,P-SEOUL-01,F-2,야간,1L,0.37,2.06,180.7,422,26.6,67.8,합격
L02132,2026-05-12 02:46,P-SEOUL-01,F-1,야간,2L,-1.15,1.95,181.6,388,20.0,61.7,합격
L02133,2026-05-12 03:21,P-SEOUL-01,F-2,야간,500mL,1.76,1.97,176.8,409,30.0,70.4,합격
L02134,2026-05-12 03:26,P-SEOUL-01,F-2,야간,500mL,0.2,,178.7,391,20.1,48.6,합격
L02135,2026-05-12 03:37,P-SEOUL-01,F-2,야간,500mL,-0.85,2.09,181.6,390,26.7,44.5,합격
L02136,2026-05-12 03:39,P-SEOUL-01,F-2,야간,1L,-0.48,1.93,181.3,390,26.9,64.8,합격
L02137,2026-05-12 03:42,P-SEOUL-01,F-2,야간,500mL,2.28,2.04,182.4,410,19.1,52.7,합격
L02138,2026-05-12 03:47,P-SEOUL-01,F-1,야간,500mL,-0.43,2.28,184.0,385,17.3,40.5,합격
L02139,2026-05-12 04:12,P-SEOUL-01,F-3,야간,1L,-0.73,1.89,181.2,393,23.6,63.8,합격
L02140,2026-05-12 04:27,P-SEOUL-01,F-3,야간,500mL,-0.92,1.96,180.3,388,19.7,67.4,합격
L02141,2026-05-12 04:32,P-SEOUL-01,F-1,야간,2L,-1.03,2.05,181.8,393,25.1,68.4,합격
L02142,2026-05-12 05:55,P-SEOUL-01,F-3,야간,1L,0.92,1.84,180.6,383,27.7,55.5,합격
L02143,2026-05-12 07:23,P-SEOUL-01,F-3,주간,500mL,-0.53,2.03,176.9,395,24.0,63.7,합격
L02144,2026-05-12 08:08,P-SEOUL-01,F-2,주간,2L,-4.09,1.98,177.4,377,22.9,55.0,재검
L02145,2026-05-12 09:22,P-SEOUL-01,F-2,주간,1L,-0.04,2.17,180.8,397,22.8,53.0,합격
L02146,2026-05-12 09:42,P-SEOUL-01,F-1,주간,1L,0.03,2.0,179.8,403,15.9,59.8,합격
L02147,2026-05-12 10:04,P-SEOUL-01,F-2,주간,1L,-0.18,2.29,181.6,402,29.1,54.3,합격
L02148,2026-05-12 10:11,P-SEOUL-01,F-1,주간,500mL,0.67,2.02,177.8,395,25.3,41.2,합격
L02149,2026-05-12 10:30,P-SEOUL-01,F-3,주간,1L,-1.02,2.21,177.7,398,20.8,69.6,합격
L02150,2026-05-12 11:22,P-SEOUL-01,F-2,주간,2L,-0.74,1.9,182.7,425,23.7,,합격
L02151,2026-05-12 12:41,P-SEOUL-01,F-2,주간,500mL,0.47,2.15,181.6,380,24.7,53.4,합격
L02152,2026-05-12 12:57,P-SEOUL-01,F-3,주간,500mL,-0.6,2.39,178.9,403,25.0,66.1,합격
L02153,2026-05-12 12:57,P-SEOUL-01,F-3,주간,500mL,-0.17,2.11,178.9,392,18.8,29.6,합격
L02154,2026-05-12 13:03,P-SEOUL-01,F-2,주간,500mL,-1.27,2.08,178.7,419,19.7,42.4,합격
L02155,2026-05-12 14:06,P-SEOUL-01,F-1,오후,500mL,0.77,2.13,180.3,420,30.7,48.6,합격
L02156,2026-05-12 15:23,P-SEOUL-01,F-2,오후,500mL,-0.14,2.33,178.0,384,27.8,51.4,합격
L02157,2026-05-12 17:29,P-SEOUL-01,F-1,오후,500mL,0.06,2.14,180.2,412,27.9,54.9,합격
L02158,2026-05-12 17:37,P-SEOUL-01,F-2,오후,2L,0.79,2.0,180.0,405,24.5,40.7,합격
L02159,2026-05-12 17:46,P-SEOUL-01,F-2,오후,500mL,0.45,2.07,183.9,384,26.4,56.9,합격
L02160,2026-05-12 18:06,P-SEOUL-01,F-1,오후,500mL,0.06,1.41,180.9,412,22.3,40.9,재검
L02161,2026-05-12 18:07,P-SEOUL-01,F-3,오후,1L,-1.35,2.11,176.6,394,26.7,48.1,합격
L02162,2026-05-12 18:28,P-SEOUL-01,F-1,오후,500mL,-0.21,1.98,182.0,386,22.1,50.1,합격
L02163,2026-05-12 18:35,P-SEOUL-01,F-1,오후,500mL,0.27,2.08,179.7,414,24.9,33.0,합격
L02164,2026-05-12 19:51,P-SEOUL-01,F-2,오후,1L,-0.6,1.26,179.0,423,22.6,67.5,재검
L02165,2026-05-12 20:19,P-SEOUL-01,F-2,오후,1L,0.06,1.95,180.0,384,21.5,32.7,합격
L02166,2026-05-12 20:26,P-SEOUL-01,F-1,오후,500mL,0.63,2.04,178.3,406,23.1,58.2,합격
L02167,2026-05-12 20:31,P-SEOUL-01,F-1,오후,1L,0.79,1.87,179.4,410,25.1,47.0,합격
L02168,2026-05-12 20:43,P-SEOUL-01,F-1,오후,500mL,1.02,2.04,179.0,413,23.5,,합격
L02169,2026-05-12 20:59,P-SEOUL-01,F-1,오후,1L,-1.46,1.97,180.1,401,18.0,,합격
L02170,2026-05-12 21:31,P-SEOUL-01,F-1,오후,2L,-0.12,2.44,180.7,408,23.4,58.5,합격
L02171,2026-05-12 22:06,P-SEOUL-01,F-3,야간,500mL,0.3,1.95,182.9,407,21.8,46.3,합격
L02172,2026-05-12 23:25,P-SEOUL-01,F-1,야간,500mL,-0.57,1.91,183.0,380,30.0,47.3,합격
L02173,2026-05-12 23:31,P-SEOUL-01,F-2,야간,500mL,0.09,2.04,178.4,400,26.5,49.6,합격
L02174,2026-05-12 23:35,P-SEOUL-01,F-2,야간,1L,-0.5,1.92,180.0,382,22.0,48.9,합격
L02175,2026-05-13 00:25,P-SEOUL-01,F-2,야간,2L,0.02,1.99,182.5,386,24.6,53.0,합격
L02176,2026-05-13 00:26,P-SEOUL-01,F-2,야간,500mL,-0.52,2.27,180.1,413,19.0,47.7,합격
L02177,2026-05-13 00:33,P-SEOUL-01,F-1,야간,500mL,1.28,1.96,176.8,398,21.6,41.4,합격
L02178,2026-05-13 01:14,P-SEOUL-01,F-1,야간,500mL,-0.24,2.07,181.8,410,27.7,49.6,합격
L02179,2026-05-13 03:04,P-SEOUL-01,F-2,야간,500mL,1.17,2.11,176.9,383,26.4,51.2,합격
L02180,2026-05-13 03:11,P-SEOUL-01,F-2,야간,2L,0.22,1.94,181.2,406,22.6,52.1,합격
L02181,2026-05-13 03:17,P-SEOUL-01,F-2,야간,1L,0.43,2.07,180.7,378,23.1,69.3,합격
L02182,2026-05-13 04:05,P-SEOUL-01,F-1,야간,500mL,-1.13,2.12,176.1,393,24.8,51.9,합격
L02183,2026-05-13 04:21,P-SEOUL-01,F-2,야간,500mL,-1.24,2.01,179.9,422,20.9,41.1,합격
L02184,2026-05-13 04:48,P-SEOUL-01,F-2,야간,500mL,0.1,2.1,181.8,405,26.3,35.6,합격
L02185,2026-05-13 05:11,P-SEOUL-01,F-1,야간,1L,-0.09,1.9,182.1,396,20.9,50.8,합격
L02186,2026-05-13 05:14,P-SEOUL-01,F-3,야간,1L,0.71,2.08,178.4,385,20.3,43.8,합격
L02187,2026-05-13 06:16,P-SEOUL-01,F-2,주간,500mL,-0.97,2.08,177.4,401,24.1,57.4,합격
L02188,2026-05-13 06:26,P-SEOUL-01,F-2,주간,1L,-0.6,2.34,176.2,402,21.0,51.9,합격
L02189,2026-05-13 06:54,P-SEOUL-01,F-2,주간,500mL,-0.63,1.9,179.8,386,18.9,56.4,합격
L02190,2026-05-13 07:10,P-SEOUL-01,F-1,주간,1L,0.92,2.14,178.9,386,19.0,50.9,합격
L02191,2026-05-13 07:55,P-SEOUL-01,F-2,주간,2L,0.19,2.15,179.1,407,17.2,50.1,합격
L02192,2026-05-13 08:07,P-SEOUL-01,F-2,주간,1L,0.97,2.18,182.4,402,27.1,56.1,합격
L02193,2026-05-13 08:20,P-SEOUL-01,F-2,주간,500mL,1.31,2.27,177.3,386,21.9,68.7,합격
L02194,2026-05-13 09:12,P-SEOUL-01,F-1,주간,500mL,0.32,,181.1,374,20.5,49.8,합격
L02195,2026-05-13 09:12,P-SEOUL-01,F-3,주간,500mL,-0.13,1.99,180.6,401,26.4,80.2,합격
L02196,2026-05-13 09:17,P-SEOUL-01,F-3,주간,1L,-0.6,2.03,180.0,403,19.7,56.1,합격
L02197,2026-05-13 09:22,P-SEOUL-01,F-1,주간,1L,0.51,2.05,179.1,424,24.7,46.6,합격
L02198,2026-05-13 09:29,P-SEOUL-01,F-2,주간,2L,1.33,2.25,180.3,399,18.4,55.5,합격
L02199,2026-05-13 09:53,P-SEOUL-01,F-3,주간,500mL,-0.21,1.99,181.3,369,21.9,44.4,합격
L02200,2026-05-13 09:57,P-SEOUL-01,F-3,주간,500mL,0.56,2.08,183.0,399,23.7,42.5,합격
L02201,2026-05-13 10:08,P-SEOUL-01,F-1,주간,2L,-0.03,2.13,180.8,388,27.6,63.3,합격
L02202,2026-05-13 11:15,P-SEOUL-01,F-3,주간,500mL,0.42,2.01,181.1,414,29.0,50.6,합격
L02203,2026-05-13 12:12,P-SEOUL-01,F-1,주간,2L,4.86,2.19,181.4,433,18.5,46.5,재검
L02204,2026-05-13 13:24,P-SEOUL-01,F-1,주간,500mL,-1.64,2.26,179.4,396,24.2,63.5,합격
L02205,2026-05-13 16:09,P-SEOUL-01,F-3,오후,2L,0.46,1.97,179.3,410,21.4,52.2,합격
L02206,2026-05-13 18:43,P-SEOUL-01,F-3,오후,2L,0.23,2.09,182.9,405,26.0,41.9,합격
L02207,2026-05-13 19:18,P-SEOUL-01,F-3,오후,500mL,-0.85,2.04,180.5,392,26.7,50.2,합격
L02208,2026-05-13 19:31,P-SEOUL-01,F-1,오후,500mL,1.02,2.16,180.6,376,17.9,32.6,합격
L02209,2026-05-13 20:06,P-SEOUL-01,F-3,오후,500mL,-4.84,2.08,180.6,395,18.6,52.2,재검
L02210,2026-05-13 20:09,P-SEOUL-01,F-3,오후,2L,-1.26,2.21,177.5,385,20.7,58.1,합격
L02211,2026-05-13 21:26,P-SEOUL-01,F-1,오후,2L,-1.06,2.21,175.7,414,25.0,54.1,합격
L02212,2026-05-13 21:34,P-SEOUL-01,F-1,오후,1L,-0.52,1.93,179.6,393,16.2,57.1,합격
L02213,2026-05-13 21:36,P-SEOUL-01,F-2,오후,500mL,-0.99,2.26,177.5,384,25.2,49.8,합격
L02214,2026-05-13 22:16,P-SEOUL-01,F-1,야간,1L,0.85,2.06,180.0,402,25.3,61.6,합격
L02215,2026-05-13 22:54,P-SEOUL-01,F-2,야간,500mL,1.02,2.22,181.0,389,24.8,57.6,합격
L02216,2026-05-13 23:09,P-SEOUL-01,F-2,야간,1L,0.4,1.98,184.4,392,22.2,38.8,합격
L02217,2026-05-13 23:11,P-SEOUL-01,F-2,야간,500mL,-0.35,1.83,179.0,394,21.8,69.5,합격
L02218,2026-05-13 23:12,P-SEOUL-01,F-1,야간,2L,-1.08,,181.8,390,23.7,44.1,합격
L02219,2026-05-14 00:17,P-SEOUL-01,F-2,야간,500mL,1.05,2.08,179.7,389,22.9,52.5,합격
L02220,2026-05-14 00:25,P-SEOUL-01,F-2,야간,1L,-5.49,1.9,181.8,395,22.1,63.3,재검
L02221,2026-05-14 00:26,P-SEOUL-01,F-1,야간,2L,0.48,2.16,178.2,401,28.4,58.1,합격
L02222,2026-05-14 00:30,P-SEOUL-01,F-2,야간,1L,-0.45,2.26,176.8,394,23.0,48.3,합격
L02223,2026-05-14 00:52,P-SEOUL-01,F-2,야간,1L,1.04,1.94,177.3,400,21.6,51.3,합격
L02224,2026-05-14 01:37,P-SEOUL-01,F-3,야간,500mL,0.69,1.42,182.4,402,21.7,47.4,재검
L02225,2026-05-14 01:49,P-SEOUL-01,F-2,야간,2L,0.82,2.06,181.8,407,26.5,52.6,합격
L02226,2026-05-14 02:24,P-SEOUL-01,F-3,야간,2L,-4.67,,180.3,408,21.6,56.4,재검
L02227,2026-05-14 02:26,P-SEOUL-01,F-3,야간,500mL,0.27,1.95,179.8,392,27.1,48.1,합격
L02228,2026-05-14 02:54,P-SEOUL-01,F-3,야간,500mL,-0.69,2.27,180.6,401,28.4,54.9,합격
L02229,2026-05-14 04:13,P-SEOUL-01,F-1,야간,500mL,0.22,2.37,179.9,399,27.5,42.2,합격
L02230,2026-05-14 05:30,P-SEOUL-01,F-2,야간,500mL,-0.38,2.1,177.7,402,23.5,78.1,합격
L02231,2026-05-14 06:06,P-SEOUL-01,F-2,주간,1L,0.64,2.21,179.4,425,29.8,55.8,합격
L02232,2026-05-14 06:23,P-SEOUL-01,F-2,주간,1L,-0.65,2.07,180.0,384,28.4,55.6,합격
L02233,2026-05-14 06:51,P-SEOUL-01,F-3,주간,500mL,-1.43,2.11,178.0,383,22.3,53.6,합격
L02234,2026-05-14 07:20,P-SEOUL-01,F-2,주간,500mL,-0.36,2.01,178.1,409,24.4,48.3,합격
L02235,2026-05-14 08:08,P-SEOUL-01,F-1,주간,500mL,0.68,2.17,179.6,402,27.3,42.4,합격
L02236,2026-05-14 08:22,P-SEOUL-01,F-3,주간,500mL,0.02,,179.3,393,24.6,40.7,합격
L02237,2026-05-14 08:34,P-SEOUL-01,F-2,주간,500mL,-1.66,2.09,183.2,379,24.9,37.8,합격
L02238,2026-05-14 09:33,P-SEOUL-01,F-1,주간,2L,0.16,2.01,178.6,402,26.3,51.0,합격
L02239,2026-05-14 10:01,P-SEOUL-01,F-2,주간,1L,-0.55,2.06,179.3,395,22.1,49.8,합격
L02240,2026-05-14 10:11,P-SEOUL-01,F-1,주간,2L,0.05,2.09,177.2,411,27.8,48.5,합격
L02241,2026-05-14 10:19,P-SEOUL-01,F-2,주간,500mL,-1.52,2.16,180.4,388,23.4,41.9,합격
L02242,2026-05-14 10:59,P-SEOUL-01,F-3,주간,2L,-0.74,2.25,177.8,412,21.9,52.7,합격
L02243,2026-05-14 11:20,P-SEOUL-01,F-1,주간,500mL,-0.25,2.01,178.9,375,23.8,44.5,합격
L02244,2026-05-14 11:20,P-SEOUL-01,F-3,주간,2L,-1.41,2.12,176.9,400,22.3,68.7,합격
L02245,2026-05-14 11:34,P-SEOUL-01,F-1,주간,2L,-0.7,1.93,180.7,393,22.4,46.7,합격
L02246,2026-05-14 11:47,P-SEOUL-01,F-2,주간,500mL,0.08,2.01,178.4,402,24.7,59.2,합격
L02247,2026-05-14 12:14,P-SEOUL-01,F-2,주간,1L,-0.38,2.06,181.7,408,22.8,59.5,합격
L02248,2026-05-14 12:22,P-SEOUL-01,F-2,주간,2L,0.22,1.96,178.8,398,22.5,58.3,합격
L02249,2026-05-14 12:30,P-SEOUL-01,F-1,주간,500mL,-0.35,2.11,179.9,404,22.5,49.5,합격
L02250,2026-05-14 12:36,P-SEOUL-01,F-1,주간,2L,-0.24,1.97,177.7,389,18.7,57.1,합격
L02251,2026-05-14 12:49,P-SEOUL-01,F-2,주간,500mL,-0.07,2.04,180.4,400,29.5,47.7,합격
L02252,2026-05-14 14:07,P-SEOUL-01,F-1,오후,1L,-2.07,2.2,180.5,429,22.6,52.4,합격
L02253,2026-05-14 15:08,P-SEOUL-01,F-1,오후,500mL,1.23,2.32,180.8,394,21.4,53.5,합격
L02254,2026-05-14 15:49,P-SEOUL-01,F-1,오후,2L,0.14,2.22,178.6,399,24.0,62.4,합격
L02255,2026-05-14 16:15,P-SEOUL-01,F-2,오후,1L,-1.25,2.11,177.8,398,26.2,41.7,합격
L02256,2026-05-14 16:16,P-SEOUL-01,F-1,오후,2L,0.74,2.14,181.5,390,25.4,64.3,합격
L02257,2026-05-14 16:34,P-SEOUL-01,F-3,오후,500mL,-0.27,2.3,177.9,400,23.2,43.6,합격
L02258,2026-05-14 16:46,P-SEOUL-01,F-3,오후,2L,-1.64,2.17,177.6,409,26.8,59.9,합격
L02259,2026-05-14 16:48,P-SEOUL-01,F-3,오후,1L,-1.04,2.23,179.5,395,23.2,54.4,합격
L02260,2026-05-14 16:58,P-SEOUL-01,F-2,오후,2L,0.84,2.07,179.2,406,27.6,43.5,합격
L02261,2026-05-14 17:19,P-SEOUL-01,F-1,오후,1L,1.24,2.06,183.0,413,20.9,62.9,합격
L02262,2026-05-14 17:21,P-SEOUL-01,F-3,오후,500mL,-0.55,2.04,179.4,401,23.3,55.1,합격
L02263,2026-05-14 17:54,P-SEOUL-01,F-2,오후,500mL,0.82,2.2,178.6,400,24.5,41.1,합격
L02264,2026-05-14 18:25,P-SEOUL-01,F-2,오후,1L,0.59,2.11,181.2,416,22.2,48.7,합격
L02265,2026-05-14 19:10,P-SEOUL-01,F-2,오후,1L,-0.29,2.15,178.5,403,24.0,60.7,합격
L02266,2026-05-14 19:24,P-SEOUL-01,F-1,오후,1L,0.37,2.16,182.5,390,21.0,61.2,합격
L02267,2026-05-14 19:26,P-SEOUL-01,F-3,오후,1L,0.49,2.1,179.9,399,22.9,77.8,합격
L02268,2026-05-14 19:34,P-SEOUL-01,F-1,오후,1L,-1.18,2.21,182.2,386,23.4,46.6,합격
L02269,2026-05-14 19:55,P-SEOUL-01,F-1,오후,500mL,0.23,2.24,180.4,392,21.0,43.8,합격
L02270,2026-05-14 20:08,P-SEOUL-01,F-1,오후,500mL,-4.5,1.88,178.8,414,21.2,54.5,재검
L02271,2026-05-14 20:11,P-SEOUL-01,F-1,오후,2L,0.61,2.25,182.3,419,21.3,45.3,합격
L02272,2026-05-14 21:05,P-SEOUL-01,F-1,오후,1L,-1.07,1.99,180.9,399,26.6,43.3,합격
L02273,2026-05-14 21:14,P-SEOUL-01,F-1,오후,500mL,0.08,2.2,182.1,411,25.7,51.7,합격
L02274,2026-05-14 21:26,P-SEOUL-01,F-1,오후,500mL,0.25,2.17,178.4,401,19.9,61.3,합격
L02275,2026-05-14 21:28,P-SEOUL-01,F-2,오후,500mL,0.49,2.03,180.0,396,33.5,60.4,합격
L02276,2026-05-14 21:41,P-SEOUL-01,F-1,오후,500mL,-1.4,2.17,177.5,386,26.1,58.2,합격
L02277,2026-05-14 22:13,P-SEOUL-01,F-1,야간,500mL,-0.4,2.08,181.3,416,26.0,65.7,합격
L02278,2026-05-14 22:32,P-SEOUL-01,F-3,야간,1L,-0.51,1.42,178.6,383,24.4,60.6,재검
L02279,2026-05-14 22:56,P-SEOUL-01,F-1,야간,2L,0.54,2.16,184.6,391,22.5,63.4,합격
L02280,2026-05-14 23:25,P-SEOUL-01,F-2,야간,500mL,-2.28,2.14,181.5,402,25.3,53.8,합격
L02281,2026-05-14 23:54,P-SEOUL-01,F-1,야간,500mL,-0.47,1.97,183.1,418,25.8,,합격
L02282,2026-05-15 01:12,P-SEOUL-01,F-2,야간,500mL,-0.31,1.94,179.0,399,21.6,43.2,합격
L02283,2026-05-15 01:19,P-SEOUL-01,F-1,야간,500mL,0.56,2.28,180.2,405,26.3,59.9,재검
L02284,2026-05-15 01:40,P-SEOUL-01,F-1,야간,1L,1.58,1.96,177.2,409,19.6,52.3,합격
L02285,2026-05-15 02:02,P-SEOUL-01,F-1,야간,2L,-0.62,2.07,179.5,416,23.6,64.8,합격
L02286,2026-05-15 02:03,P-SEOUL-01,F-1,야간,500mL,2.17,1.44,183.2,400,20.0,52.4,재검
L02287,2026-05-15 02:10,P-SEOUL-01,F-1,야간,500mL,-1.27,2.32,178.1,403,23.1,46.7,합격
L02288,2026-05-15 02:18,P-SEOUL-01,F-3,야간,500mL,-0.72,2.01,183.3,403,25.5,49.0,합격
L02289,2026-05-15 03:09,P-SEOUL-01,F-3,야간,1L,-1.51,2.09,180.3,392,25.7,40.5,합격
L02290,2026-05-15 03:27,P-SEOUL-01,F-1,야간,2L,0.19,2.15,183.0,403,28.0,59.1,합격
L02291,2026-05-15 04:56,P-SEOUL-01,F-3,야간,500mL,1.41,1.97,177.3,401,26.8,46.5,합격
L02292,2026-05-15 05:27,P-SEOUL-01,F-3,야간,1L,-0.41,1.94,179.1,394,26.2,48.0,합격
L02293,2026-05-15 05:29,P-SEOUL-01,F-1,야간,500mL,-0.08,2.0,182.9,412,17.4,56.6,합격
L02294,2026-05-15 05:42,P-SEOUL-01,F-3,야간,2L,-1.22,2.08,183.9,405,28.5,47.5,합격
L02295,2026-05-15 06:41,P-SEOUL-01,F-1,주간,500mL,0.92,2.02,180.9,405,27.0,45.8,합격
L02296,2026-05-15 07:15,P-SEOUL-01,F-1,주간,500mL,1.56,2.05,180.7,386,26.7,55.1,합격
L02297,2026-05-15 07:27,P-SEOUL-01,F-1,주간,500mL,-0.58,2.16,178.4,386,22.8,35.7,합격
L02298,2026-05-15 07:38,P-SEOUL-01,F-1,주간,2L,-0.1,1.74,178.7,391,27.8,41.3,합격
L02299,2026-05-15 07:53,P-SEOUL-01,F-3,주간,500mL,-1.36,2.25,180.0,384,26.1,48.0,합격
L02300,2026-05-15 08:17,P-SEOUL-01,F-1,주간,1L,1.48,2.1,180.2,409,25.6,48.2,합격
L02301,2026-05-15 08:23,P-SEOUL-01,F-3,주간,500mL,0.81,2.1,180.0,408,22.5,46.1,합격
L02302,2026-05-15 08:55,P-SEOUL-01,F-1,주간,1L,-0.48,1.83,179.7,394,22.2,46.2,합격
L02303,2026-05-15 10:00,P-SEOUL-01,F-2,주간,500mL,-0.48,2.03,182.7,383,20.6,46.3,합격
L02304,2026-05-15 11:47,P-SEOUL-01,F-3,주간,500mL,-0.06,1.98,178.7,387,29.7,54.6,합격
L02305,2026-05-15 12:12,P-SEOUL-01,F-2,주간,1L,0.92,1.95,181.1,426,24.3,55.8,합격
L02306,2026-05-15 12:16,P-SEOUL-01,F-2,주간,2L,0.53,2.27,181.9,396,27.1,50.6,합격
L02307,2026-05-15 12:47,P-SEOUL-01,F-2,주간,2L,0.86,,179.7,408,26.3,52.7,합격
L02308,2026-05-15 12:50,P-SEOUL-01,F-3,주간,500mL,0.74,2.22,181.7,402,28.2,53.1,합격
L02309,2026-05-15 13:23,P-SEOUL-01,F-1,주간,500mL,0.87,2.25,181.3,399,19.5,45.7,합격
L02310,2026-05-15 15:29,P-SEOUL-01,F-1,오후,500mL,-0.04,1.89,175.8,414,15.2,52.3,합격
L02311,2026-05-15 15:30,P-SEOUL-01,F-1,오후,500mL,0.45,2.39,182.3,386,22.8,58.8,합격
L02312,2026-05-15 15:32,P-SEOUL-01,F-2,오후,500mL,0.25,2.18,178.1,395,17.5,47.9,합격
L02313,2026-05-15 15:44,P-SEOUL-01,F-1,오후,500mL,-0.46,2.13,180.2,429,25.0,54.6,합격
L02314,2026-05-15 16:06,P-SEOUL-01,F-2,오후,500mL,-1.03,2.37,175.7,393,22.9,52.7,합격
L02315,2026-05-15 16:36,P-SEOUL-01,F-1,오후,500mL,0.45,2.22,178.9,397,20.6,62.4,합격
L02316,2026-05-15 16:44,P-SEOUL-01,F-2,오후,500mL,1.51,2.15,181.8,394,23.8,50.5,합격
L02317,2026-05-15 16:54,P-SEOUL-01,F-1,오후,2L,-1.52,2.1,183.1,409,24.9,62.3,합격
L02318,2026-05-15 17:12,P-SEOUL-01,F-3,오후,500mL,-1.03,1.99,180.8,369,23.3,58.5,합격
L02319,2026-05-15 18:11,P-SEOUL-01,F-3,오후,500mL,0.9,2.13,180.0,423,26.5,50.4,합격
L02320,2026-05-15 18:21,P-SEOUL-01,F-1,오후,500mL,-0.6,2.04,184.2,411,29.6,38.8,합격
L02321,2026-05-15 18:32,P-SEOUL-01,F-2,오후,500mL,-0.5,2.05,179.7,416,23.4,39.3,합격
L02322,2026-05-15 19:31,P-SEOUL-01,F-2,오후,500mL,-0.16,2.08,182.3,403,27.2,50.0,합격
L02323,2026-05-15 19:40,P-SEOUL-01,F-3,오후,2L,0.82,2.15,179.2,394,22.5,62.6,합격
L02324,2026-05-15 19:54,P-SEOUL-01,F-2,오후,500mL,-2.34,1.25,184.8,402,29.8,42.5,재검
L02325,2026-05-15 19:55,P-SEOUL-01,F-1,오후,1L,1.44,1.91,175.8,396,21.7,62.7,재검
L02326,2026-05-15 19:55,P-SEOUL-01,F-2,오후,2L,0.61,1.97,182.0,392,23.0,47.3,합격
L02327,2026-05-15 20:06,P-SEOUL-01,F-2,오후,1L,0.83,1.89,181.0,386,21.4,54.5,합격
L02328,2026-05-15 20:28,P-SEOUL-01,F-1,오후,1L,1.65,2.18,183.2,396,24.4,65.5,합격
L02329,2026-05-15 21:01,P-SEOUL-01,F-1,오후,500mL,2.0,2.1,178.5,393,17.3,54.5,합격
L02330,2026-05-15 21:21,P-SEOUL-01,F-2,오후,1L,1.82,,179.9,393,16.1,55.2,합격
L02331,2026-05-15 21:30,P-SEOUL-01,F-1,오후,2L,-1.16,2.22,179.2,385,19.5,49.7,합격
L02332,2026-05-15 22:21,P-SEOUL-01,F-3,야간,500mL,-0.63,2.21,177.8,418,21.5,52.2,합격
L02333,2026-05-15 22:32,P-SEOUL-01,F-1,야간,500mL,0.66,2.06,180.5,401,20.0,38.1,합격
L02334,2026-05-15 23:30,P-SEOUL-01,F-1,야간,500mL,1.83,2.0,178.3,396,22.6,60.1,합격
L02335,2026-05-16 00:23,P-SEOUL-01,F-2,야간,1L,1.64,2.14,176.9,433,21.9,45.4,합격
L02336,2026-05-16 00:29,P-SEOUL-01,F-2,야간,500mL,-0.34,2.08,176.3,398,20.6,48.3,합격
L02337,2026-05-16 00:42,P-SEOUL-01,F-2,야간,2L,1.5,2.14,179.6,399,27.1,44.0,합격
L02338,2026-05-16 00:53,P-SEOUL-01,F-2,야간,500mL,-0.34,2.17,181.9,429,17.0,50.0,합격
L02339,2026-05-16 00:57,P-SEOUL-01,F-3,야간,1L,0.38,2.02,178.4,383,24.9,56.0,합격
L02340,2026-05-16 02:19,P-SEOUL-01,F-3,야간,500mL,-0.37,2.1,180.0,405,25.1,54.8,합격
L02341,2026-05-16 02:27,P-SEOUL-01,F-3,야간,500mL,-1.02,2.03,181.8,397,25.4,56.7,합격
L02342,2026-05-16 02:56,P-SEOUL-01,F-1,야간,1L,-1.26,2.09,181.3,388,24.3,52.4,합격
L02343,2026-05-16 03:08,P-SEOUL-01,F-2,야간,2L,-0.52,2.4,178.7,398,18.7,61.9,합격
L02344,2026-05-16 04:50,P-SEOUL-01,F-3,야간,500mL,-1.3,2.02,178.3,408,24.9,60.8,합격
L02345,2026-05-16 05:03,P-SEOUL-01,F-3,야간,1L,0.89,2.09,182.3,390,26.3,56.0,합격
L02346,2026-05-16 05:26,P-SEOUL-01,F-1,야간,500mL,-0.11,2.04,180.3,399,22.5,52.1,합격
L02347,2026-05-16 05:26,P-SEOUL-01,F-3,야간,500mL,-0.14,2.04,180.5,406,25.3,52.0,합격
L02348,2026-05-16 05:27,P-SEOUL-01,F-1,야간,1L,-0.28,1.98,179.5,410,17.0,64.3,합격
L02349,2026-05-16 05:46,P-SEOUL-01,F-1,야간,500mL,-0.09,2.1,186.7,422,17.1,44.5,합격
L02350,2026-05-16 05:54,P-SEOUL-01,F-2,야간,500mL,0.27,2.21,180.6,402,27.7,48.1,합격
L02351,2026-05-16 05:55,P-SEOUL-01,F-3,야간,500mL,1.01,2.04,181.0,411,22.5,43.0,합격
L02352,2026-05-16 07:01,P-SEOUL-01,F-2,주간,2L,-1.07,2.05,178.6,404,22.7,54.2,합격
L02353,2026-05-16 08:12,P-SEOUL-01,F-3,주간,2L,-0.03,2.22,178.4,395,24.2,54.8,합격
L02354,2026-05-16 08:30,P-SEOUL-01,F-1,주간,500mL,-1.11,1.87,181.4,404,21.3,70.4,합격
L02355,2026-05-16 10:03,P-SEOUL-01,F-1,주간,2L,1.07,2.18,177.8,395,23.6,44.8,합격
L02356,2026-05-16 10:28,P-SEOUL-01,F-2,주간,2L,-1.1,2.33,177.8,410,25.6,50.5,합격
L02357,2026-05-16 10:46,P-SEOUL-01,F-2,주간,1L,-0.18,2.24,180.8,388,21.5,50.4,합격
L02358,2026-05-16 10:47,P-SEOUL-01,F-1,주간,500mL,-0.93,1.93,177.6,390,19.0,50.9,합격
L02359,2026-05-16 10:48,P-SEOUL-01,F-1,주간,1L,-0.76,2.12,181.0,401,20.1,52.4,합격
L02360,2026-05-16 10:55,P-SEOUL-01,F-2,주간,500mL,-0.48,2.01,176.0,393,24.3,46.2,합격
L02361,2026-05-16 12:54,P-SEOUL-01,F-2,주간,2L,0.71,1.98,180.3,405,26.3,45.9,합격
L02362,2026-05-16 13:15,P-SEOUL-01,F-1,주간,500mL,-0.24,1.94,180.0,400,28.4,42.4,합격
L02363,2026-05-16 13:22,P-SEOUL-01,F-2,주간,500mL,-0.66,,178.3,408,27.3,40.8,합격
L02364,2026-05-16 13:24,P-SEOUL-01,F-3,주간,500mL,-0.47,2.17,180.2,394,19.6,55.3,합격
L02365,2026-05-16 14:08,P-SEOUL-01,F-1,오후,500mL,-1.21,2.13,181.1,422,26.3,48.8,합격
L02366,2026-05-16 14:13,P-SEOUL-01,F-2,오후,500mL,-1.09,,178.2,401,24.3,50.1,합격
L02367,2026-05-16 14:31,P-SEOUL-01,F-2,오후,500mL,-1.02,1.78,185.2,416,20.8,43.2,합격
L02368,2026-05-16 15:26,P-SEOUL-01,F-3,오후,500mL,0.89,2.32,180.1,411,26.0,50.6,합격
L02369,2026-05-16 15:41,P-SEOUL-01,F-2,오후,500mL,0.48,1.97,178.0,386,21.9,63.9,합격
L02370,2026-05-16 17:07,P-SEOUL-01,F-2,오후,500mL,1.4,1.32,179.1,392,24.1,55.7,재검
L02371,2026-05-16 18:20,P-SEOUL-01,F-1,오후,500mL,0.21,2.11,179.4,405,24.3,63.2,합격
L02372,2026-05-16 18:26,P-SEOUL-01,F-3,오후,1L,0.33,1.97,179.5,413,17.2,49.9,합격
L02373,2026-05-16 19:45,P-SEOUL-01,F-3,오후,2L,0.9,2.01,181.6,391,26.8,57.2,합격
L02374,2026-05-16 19:53,P-SEOUL-01,F-2,오후,500mL,-0.55,1.99,177.6,391,29.9,47.5,합격
L02375,2026-05-16 20:00,P-SEOUL-01,F-3,오후,500mL,-1.91,2.09,179.6,409,29.6,50.6,합격
L02376,2026-05-16 20:53,P-SEOUL-01,F-1,오후,1L,-1.13,1.94,179.2,399,25.5,47.0,재검
L02377,2026-05-16 21:13,P-SEOUL-01,F-1,오후,500mL,1.11,1.88,180.1,404,22.4,61.2,합격
L02378,2026-05-16 21:15,P-SEOUL-01,F-1,오후,500mL,0.25,1.95,185.4,391,27.4,42.7,합격
L02379,2026-05-16 21:28,P-SEOUL-01,F-1,오후,2L,5.11,2.11,179.8,395,29.1,45.9,재검
L02380,2026-05-16 21:30,P-SEOUL-01,F-2,오후,500mL,-0.33,2.27,179.9,399,20.3,52.6,합격
L02381,2026-05-16 21:35,P-SEOUL-01,F-3,오후,500mL,0.61,2.01,182.7,408,24.8,49.2,합격
L02382,2026-05-16 21:38,P-SEOUL-01,F-1,오후,500mL,-1.22,,178.4,391,22.7,53.1,합격
L02383,2026-05-16 22:24,P-SEOUL-01,F-1,야간,2L,-0.26,,178.8,411,27.5,42.2,합격
L02384,2026-05-16 22:45,P-SEOUL-01,F-2,야간,2L,0.07,2.05,178.2,403,22.0,58.1,합격
L02385,2026-05-16 23:42,P-SEOUL-01,F-3,야간,500mL,0.56,2.07,180.1,411,25.1,55.7,합격
L02386,2026-05-16 23:59,P-SEOUL-01,F-1,야간,500mL,0.88,1.97,178.2,419,29.7,50.9,합격
L02387,2026-05-17 00:17,P-SEOUL-01,F-3,야간,500mL,1.17,2.11,180.0,417,21.9,64.2,합격
L02388,2026-05-17 00:34,P-SEOUL-01,F-1,야간,1L,-0.25,2.05,182.1,401,22.6,58.2,합격
L02389,2026-05-17 01:22,P-SEOUL-01,F-2,야간,1L,0.09,2.23,178.6,393,19.0,48.6,합격
L02390,2026-05-17 01:39,P-SEOUL-01,F-1,야간,2L,0.05,2.0,182.9,403,26.6,38.4,합격
L02391,2026-05-17 01:45,P-SEOUL-01,F-1,야간,1L,-1.0,2.18,176.5,402,23.6,52.2,합격
L02392,2026-05-17 02:50,P-SEOUL-01,F-2,야간,500mL,1.14,2.12,181.9,394,25.4,45.7,합격
L02393,2026-05-17 03:06,P-SEOUL-01,F-1,야간,500mL,-2.74,2.07,184.8,395,25.4,51.2,합격
L02394,2026-05-17 03:43,P-SEOUL-01,F-1,야간,1L,-0.4,1.87,184.4,399,20.7,52.6,합격
L02395,2026-05-17 04:28,P-SEOUL-01,F-3,야간,1L,0.43,1.94,182.3,395,27.4,43.8,합격
L02396,2026-05-17 04:47,P-SEOUL-01,F-1,야간,500mL,1.61,2.23,180.6,391,21.2,45.3,합격
L02397,2026-05-17 05:01,P-SEOUL-01,F-2,야간,2L,-1.06,2.05,180.9,391,19.9,55.8,합격
L02398,2026-05-17 05:24,P-SEOUL-01,F-2,야간,500mL,-1.03,1.82,178.7,423,25.8,63.1,합격
L02399,2026-05-17 06:45,P-SEOUL-01,F-3,주간,1L,-0.11,2.09,179.9,403,23.7,49.9,합격
L02400,2026-05-17 06:49,P-SEOUL-01,F-1,주간,2L,1.76,1.88,181.7,390,18.8,54.6,합격
L02401,2026-05-17 08:32,P-SEOUL-01,F-2,주간,500mL,0.38,2.1,181.4,406,28.2,56.3,합격
L02402,2026-05-17 09:02,P-SEOUL-01,F-2,주간,500mL,-0.51,2.17,180.5,409,28.2,54.1,합격
L02403,2026-05-17 09:52,P-SEOUL-01,F-3,주간,2L,1.42,2.3,178.8,386,21.9,47.7,합격
L02404,2026-05-17 10:35,P-SEOUL-01,F-2,주간,1L,0.57,2.11,179.6,410,17.1,53.3,합격
L02405,2026-05-17 11:35,P-SEOUL-01,F-1,주간,500mL,0.78,2.06,176.7,406,24.7,54.4,합격
L02406,2026-05-17 12:01,P-SEOUL-01,F-2,주간,1L,-0.9,2.05,182.9,397,28.9,35.7,합격
L02407,2026-05-17 12:16,P-SEOUL-01,F-1,주간,2L,-0.24,1.94,177.3,406,23.4,52.0,합격
L02408,2026-05-17 12:33,P-SEOUL-01,F-3,주간,500mL,-3.37,,183.2,383,22.0,62.8,재검
L02409,2026-05-17 13:04,P-SEOUL-01,F-1,주간,1L,1.37,2.01,179.1,407,21.2,46.5,합격
L02410,2026-05-17 13:09,P-SEOUL-01,F-2,주간,1L,-0.53,2.13,178.6,401,28.6,56.8,합격
L02411,2026-05-17 13:26,P-SEOUL-01,F-3,주간,500mL,0.06,2.12,178.6,395,18.4,70.1,합격
L02412,2026-05-17 13:33,P-SEOUL-01,F-1,주간,2L,5.25,2.3,176.3,391,21.3,48.7,재검
L02413,2026-05-17 13:41,P-SEOUL-01,F-1,주간,2L,0.46,2.11,178.0,393,21.0,50.5,합격
L02414,2026-05-17 15:03,P-SEOUL-01,F-2,오후,500mL,-0.08,2.03,181.0,393,23.1,43.9,합격
L02415,2026-05-17 15:05,P-SEOUL-01,F-2,오후,500mL,1.47,2.07,176.3,402,22.8,54.5,합격
L02416,2026-05-17 15:46,P-SEOUL-01,F-1,오후,2L,0.15,2.2,179.4,385,21.8,54.9,합격
L02417,2026-05-17 16:07,P-SEOUL-01,F-2,오후,500mL,0.12,2.16,178.2,400,24.6,59.5,합격
L02418,2026-05-17 16:59,P-SEOUL-01,F-1,오후,500mL,0.08,2.0,176.4,400,28.4,58.2,합격
L02419,2026-05-17 17:06,P-SEOUL-01,F-3,오후,500mL,-0.71,2.23,181.4,428,22.7,60.2,합격
L02420,2026-05-17 18:05,P-SEOUL-01,F-2,오후,1L,-0.15,1.92,183.0,404,22.0,69.5,합격
L02421,2026-05-17 18:27,P-SEOUL-01,F-1,오후,500mL,-0.17,2.0,179.0,411,19.3,53.2,합격
L02422,2026-05-17 18:42,P-SEOUL-01,F-1,오후,2L,0.49,1.93,182.3,383,19.9,42.7,합격
L02423,2026-05-17 21:02,P-SEOUL-01,F-1,오후,2L,0.15,2.01,179.9,382,23.5,33.5,합격
L02424,2026-05-17 21:13,P-SEOUL-01,F-1,오후,1L,-2.34,2.14,180.2,397,19.8,44.2,합격
L02425,2026-05-17 21:32,P-SEOUL-01,F-1,오후,500mL,0.58,2.14,179.9,418,23.0,58.0,합격
L02426,2026-05-17 21:32,P-SEOUL-01,F-1,오후,1L,0.48,1.93,181.1,370,20.7,56.8,합격
L02427,2026-05-17 22:51,P-SEOUL-01,F-3,야간,500mL,-1.57,1.94,181.3,381,25.9,53.4,합격
L02428,2026-05-17 23:01,P-SEOUL-01,F-1,야간,2L,-1.19,2.29,181.4,415,24.0,54.7,합격
L02429,2026-05-17 23:15,P-SEOUL-01,F-2,야간,1L,-0.33,2.19,180.3,404,22.9,55.3,합격
L02430,2026-05-17 23:32,P-SEOUL-01,F-3,야간,500mL,0.42,1.92,182.1,385,23.7,58.4,합격
L02431,2026-05-17 23:40,P-SEOUL-01,F-2,야간,1L,-0.19,1.99,179.1,419,23.7,38.5,합격
L02432,2026-05-17 23:48,P-SEOUL-01,F-1,야간,500mL,-1.14,1.86,181.6,393,20.9,60.1,합격
L02433,2026-05-18 00:42,P-SEOUL-01,F-1,야간,2L,-1.07,1.87,182.0,419,20.2,44.8,합격
L02434,2026-05-18 00:51,P-SEOUL-01,F-2,야간,1L,0.77,2.01,178.5,387,26.4,66.0,합격
L02435,2026-05-18 01:03,P-SEOUL-01,F-2,야간,500mL,-0.03,1.79,179.6,387,25.2,56.2,합격
L02436,2026-05-18 01:22,P-SEOUL-01,F-1,야간,2L,-5.27,2.19,178.8,374,23.4,55.0,재검
L02437,2026-05-18 01:38,P-SEOUL-01,F-3,야간,2L,-0.05,2.01,182.2,379,23.6,45.0,합격
L02438,2026-05-18 02:14,P-SEOUL-01,F-2,야간,500mL,0.35,1.89,177.9,394,30.1,53.3,합격
L02439,2026-05-18 02:32,P-SEOUL-01,F-3,야간,500mL,0.22,2.1,175.5,397,25.8,57.7,합격
L02440,2026-05-18 03:12,P-SEOUL-01,F-2,야간,2L,1.33,1.94,178.7,377,25.9,55.0,합격
L02441,2026-05-18 03:56,P-SEOUL-01,F-2,야간,1L,-0.03,2.06,183.0,406,20.6,57.9,합격
L02442,2026-05-18 04:05,P-SEOUL-01,F-2,야간,2L,-1.11,2.34,180.0,392,22.7,39.1,합격
L02443,2026-05-18 04:20,P-SEOUL-01,F-2,야간,2L,0.41,,176.1,413,21.8,45.8,합격
L02444,2026-05-18 04:23,P-SEOUL-01,F-2,야간,500mL,1.42,2.11,181.2,386,29.3,56.7,합격
L02445,2026-05-18 04:25,P-SEOUL-01,F-3,야간,1L,-0.19,2.17,183.0,390,18.0,42.2,합격
L02446,2026-05-18 04:25,P-SEOUL-01,F-1,야간,2L,-0.99,2.2,178.6,381,26.9,54.9,합격
L02447,2026-05-18 04:27,P-SEOUL-01,F-1,야간,2L,-1.11,1.75,182.6,420,23.1,59.3,합격
L02448,2026-05-18 05:22,P-SEOUL-01,F-1,야간,2L,0.54,2.1,183.0,402,23.3,60.6,합격
L02449,2026-05-18 05:55,P-SEOUL-01,F-3,야간,500mL,-0.41,2.02,179.4,404,26.4,38.9,합격
L02450,2026-05-18 06:05,P-SEOUL-01,F-2,주간,500mL,0.24,2.06,179.4,400,26.0,47.0,합격
L02451,2026-05-18 06:51,P-SEOUL-01,F-1,주간,2L,0.2,2.04,178.5,411,21.8,68.2,합격
L02452,2026-05-18 06:57,P-SEOUL-01,F-1,주간,1L,-0.22,2.04,178.8,398,21.5,,합격
L02453,2026-05-18 07:16,P-SEOUL-01,F-2,주간,500mL,-0.95,1.9,181.4,393,23.4,48.6,합격
L02454,2026-05-18 07:33,P-SEOUL-01,F-1,주간,500mL,-0.26,2.13,182.6,425,26.5,43.8,합격
L02455,2026-05-18 07:44,P-SEOUL-01,F-2,주간,500mL,1.11,2.05,182.4,399,23.2,63.4,합격
L02456,2026-05-18 09:25,P-SEOUL-01,F-2,주간,2L,1.33,2.09,181.0,384,25.1,58.0,합격
L02457,2026-05-18 09:45,P-SEOUL-01,F-1,주간,500mL,1.43,2.21,183.7,403,19.5,57.6,합격
L02458,2026-05-18 09:58,P-SEOUL-01,F-2,주간,500mL,0.56,2.06,180.0,404,23.4,62.4,합격
L02459,2026-05-18 10:21,P-SEOUL-01,F-2,주간,500mL,1.43,2.23,181.3,421,22.2,51.8,합격
L02460,2026-05-18 10:57,P-SEOUL-01,F-1,주간,500mL,0.86,2.02,176.9,389,22.4,48.3,합격
L02461,2026-05-18 11:17,P-SEOUL-01,F-2,주간,1L,0.94,2.07,179.6,384,28.2,42.2,합격
L02462,2026-05-18 11:22,P-SEOUL-01,F-1,주간,500mL,1.1,2.03,177.6,387,24.6,51.6,합격
L02463,2026-05-18 11:25,P-SEOUL-01,F-2,주간,2L,0.8,2.19,179.2,397,30.4,63.4,합격
L02464,2026-05-18 12:15,P-SEOUL-01,F-1,주간,1L,0.26,1.91,180.3,416,30.3,52.3,합격
L02465,2026-05-18 12:57,P-SEOUL-01,F-2,주간,1L,1.18,,178.0,418,22.9,41.5,합격
L02466,2026-05-18 14:22,P-SEOUL-01,F-3,오후,1L,1.84,2.08,181.2,408,23.7,45.8,합격
L02467,2026-05-18 14:51,P-SEOUL-01,F-3,오후,1L,-0.1,2.16,178.6,398,21.6,52.4,합격
L02468,2026-05-18 15:00,P-SEOUL-01,F-2,오후,500mL,0.75,2.23,181.8,410,28.4,55.4,합격
L02469,2026-05-18 16:15,P-SEOUL-01,F-1,오후,2L,-1.13,2.0,177.4,403,26.1,44.7,합격
L02470,2026-05-18 16:58,P-SEOUL-01,F-1,오후,500mL,-0.87,1.89,176.0,391,23.2,51.5,합격
L02471,2026-05-18 17:30,P-SEOUL-01,F-2,오후,1L,-0.39,1.93,182.3,396,20.7,45.9,합격
L02472,2026-05-18 17:51,P-SEOUL-01,F-1,오후,500mL,0.01,2.08,180.8,410,25.9,59.3,합격
L02473,2026-05-18 18:03,P-SEOUL-01,F-2,오후,500mL,0.95,2.08,179.5,421,21.3,58.4,합격
L02474,2026-05-18 18:08,P-SEOUL-01,F-2,오후,500mL,0.27,2.16,182.3,390,26.9,57.5,합격
L02475,2026-05-18 18:11,P-SEOUL-01,F-2,오후,500mL,0.93,2.1,181.4,397,24.8,52.0,합격
L02476,2026-05-18 18:15,P-SEOUL-01,F-1,오후,2L,0.58,2.07,180.4,420,21.9,59.3,합격
L02477,2026-05-18 18:17,P-SEOUL-01,F-2,오후,500mL,-0.56,2.28,181.9,408,21.4,61.4,합격
L02478,2026-05-18 18:22,P-SEOUL-01,F-1,오후,1L,0.99,2.25,179.0,408,23.8,57.2,합격
L02479,2026-05-18 19:20,P-SEOUL-01,F-3,오후,500mL,-0.17,2.24,180.1,407,27.4,59.5,합격
L02480,2026-05-18 19:21,P-SEOUL-01,F-1,오후,500mL,-0.51,2.21,180.3,395,25.5,43.7,합격
L02481,2026-05-18 19:31,P-SEOUL-01,F-1,오후,2L,-0.13,1.93,177.1,408,23.9,65.9,합격
L02482,2026-05-18 19:36,P-SEOUL-01,F-2,오후,2L,0.83,2.01,180.7,414,24.5,48.4,합격
L02483,2026-05-18 19:40,P-SEOUL-01,F-2,오후,1L,-0.13,2.12,180.6,396,23.5,36.8,합격
L02484,2026-05-18 20:29,P-SEOUL-01,F-2,오후,500mL,-0.58,1.93,180.2,391,22.2,45.3,합격
L02485,2026-05-18 20:47,P-SEOUL-01,F-3,오후,2L,0.82,1.98,177.5,402,27.8,31.1,합격
L02486,2026-05-18 20:48,P-SEOUL-01,F-1,오후,1L,-0.68,2.03,180.8,406,26.2,63.8,합격
L02487,2026-05-18 20:55,P-SEOUL-01,F-2,오후,1L,-0.88,2.03,182.1,411,20.1,54.0,합격
L02488,2026-05-18 21:31,P-SEOUL-01,F-1,오후,500mL,1.42,2.08,180.6,384,21.8,50.0,합격
L02489,2026-05-18 21:51,P-SEOUL-01,F-1,오후,1L,-1.52,2.39,177.9,402,28.1,40.8,합격
L02490,2026-05-18 22:46,P-SEOUL-01,F-1,야간,1L,-0.01,2.19,179.3,395,18.6,56.1,합격
L02491,2026-05-18 22:58,P-SEOUL-01,F-1,야간,500mL,0.77,2.09,183.4,391,27.2,49.5,합격
L02492,2026-05-18 23:18,P-SEOUL-01,F-2,야간,500mL,2.73,1.84,183.3,398,24.5,58.4,합격
L02493,2026-05-18 23:28,P-SEOUL-01,F-2,야간,500mL,-0.21,1.94,183.2,408,25.9,63.8,합격
L02494,2026-05-18 23:42,P-SEOUL-01,F-3,야간,1L,0.45,1.99,184.3,414,22.1,58.5,합격
L02495,2026-05-18 23:56,P-SEOUL-01,F-2,야간,1L,-0.33,2.17,178.5,401,27.1,54.0,합격
L02496,2026-05-19 00:17,P-SEOUL-01,F-1,야간,500mL,-1.44,1.95,182.1,388,25.0,54.2,합격
L02497,2026-05-19 00:46,P-SEOUL-01,F-2,야간,1L,0.01,1.86,177.5,411,22.1,53.3,합격
L02498,2026-05-19 01:01,P-SEOUL-01,F-3,야간,500mL,0.07,2.16,179.2,398,27.7,51.0,합격
L02499,2026-05-19 01:06,P-SEOUL-01,F-3,야간,500mL,-0.84,1.99,181.2,391,28.1,42.7,합격
L02500,2026-05-19 02:24,P-SEOUL-01,F-1,야간,1L,0.14,1.47,180.3,396,22.1,40.6,재검
L02501,2026-05-19 02:37,P-SEOUL-01,F-2,야간,1L,-0.87,2.05,177.6,406,22.3,49.7,합격
L02502,2026-05-19 03:06,P-SEOUL-01,F-2,야간,500mL,0.31,1.94,180.8,391,24.1,45.9,합격
L02503,2026-05-19 03:27,P-SEOUL-01,F-1,야간,1L,0.47,2.08,179.1,404,27.3,55.2,합격
L02504,2026-05-19 03:27,P-SEOUL-01,F-1,야간,1L,0.15,1.94,177.8,391,23.2,31.9,합격
L02505,2026-05-19 04:18,P-SEOUL-01,F-2,야간,500mL,-0.03,1.98,181.6,403,23.7,67.0,합격
L02506,2026-05-19 04:35,P-SEOUL-01,F-2,야간,1L,0.21,2.09,180.7,386,23.2,59.9,합격
L02507,2026-05-19 04:40,P-SEOUL-01,F-2,야간,500mL,-0.47,,182.1,414,23.7,36.2,합격
L02508,2026-05-19 05:34,P-SEOUL-01,F-3,야간,500mL,-0.1,1.35,179.9,408,19.4,56.6,재검
L02509,2026-05-19 05:53,P-SEOUL-01,F-1,야간,500mL,-1.49,2.28,177.9,420,27.2,53.2,합격
L02510,2026-05-19 06:05,P-SEOUL-01,F-1,주간,2L,-0.27,2.32,178.1,393,26.6,50.6,합격
L02511,2026-05-19 06:23,P-SEOUL-01,F-3,주간,500mL,0.29,2.21,181.9,390,17.4,44.5,합격
L02512,2026-05-19 06:36,P-SEOUL-01,F-2,주간,2L,-1.75,1.32,182.2,404,23.5,58.9,재검
L02513,2026-05-19 07:01,P-SEOUL-01,F-2,주간,1L,-0.3,1.89,179.6,396,20.7,59.7,합격
L02514,2026-05-19 07:02,P-SEOUL-01,F-1,주간,1L,1.08,1.89,179.4,397,23.4,46.3,합격
L02515,2026-05-19 07:43,P-SEOUL-01,F-3,주간,500mL,-0.96,2.04,181.0,396,26.2,53.3,합격
L02516,2026-05-19 08:08,P-SEOUL-01,F-1,주간,500mL,0.06,2.24,180.0,415,20.2,63.7,합격
L02517,2026-05-19 09:01,P-SEOUL-01,F-1,주간,2L,0.7,2.12,174.7,397,22.7,57.1,합격
L02518,2026-05-19 09:14,P-SEOUL-01,F-1,주간,500mL,-0.28,2.07,182.2,393,21.0,56.0,합격
L02519,2026-05-19 09:19,P-SEOUL-01,F-2,주간,500mL,-0.8,2.21,180.1,423,23.8,44.7,합격
L02520,2026-05-19 09:27,P-SEOUL-01,F-1,주간,2L,1.19,1.99,182.0,405,22.2,48.5,합격
L02521,2026-05-19 09:42,P-SEOUL-01,F-2,주간,500mL,-2.2,2.02,184.4,394,25.0,67.3,합격
L02522,2026-05-19 10:09,P-SEOUL-01,F-1,주간,2L,-0.68,2.14,180.1,407,24.5,49.9,합격
L02523,2026-05-19 11:52,P-SEOUL-01,F-3,주간,500mL,0.5,2.18,177.4,408,24.2,45.0,합격
L02524,2026-05-19 12:10,P-SEOUL-01,F-2,주간,500mL,0.34,,179.1,406,26.1,39.1,합격
L02525,2026-05-19 12:35,P-SEOUL-01,F-1,주간,1L,-1.13,2.05,181.6,400,27.9,59.6,합격
L02526,2026-05-19 12:57,P-SEOUL-01,F-2,주간,500mL,0.42,2.31,176.6,391,25.2,57.9,합격
L02527,2026-05-19 13:18,P-SEOUL-01,F-2,주간,500mL,-0.26,2.2,180.5,392,19.9,53.1,합격
L02528,2026-05-19 13:48,P-SEOUL-01,F-2,주간,500mL,-0.63,1.91,180.3,389,27.6,61.4,합격
L02529,2026-05-19 13:50,P-SEOUL-01,F-1,주간,500mL,-0.66,2.14,178.9,402,28.3,55.0,합격
L02530,2026-05-19 14:05,P-SEOUL-01,F-1,오후,1L,-1.23,2.13,178.6,383,28.3,40.8,합격
L02531,2026-05-19 14:57,P-SEOUL-01,F-1,오후,1L,1.88,2.03,181.0,389,23.3,42.7,합격
L02532,2026-05-19 15:06,P-SEOUL-01,F-2,오후,500mL,-0.46,2.19,180.1,403,23.9,49.6,합격
L02533,2026-05-19 15:19,P-SEOUL-01,F-2,오후,1L,-0.99,1.91,181.8,403,25.2,55.3,합격
L02534,2026-05-19 15:30,P-SEOUL-01,F-2,오후,1L,0.2,2.06,177.9,399,25.6,56.9,합격
L02535,2026-05-19 15:36,P-SEOUL-01,F-1,오후,1L,-0.13,2.08,181.6,425,19.9,50.9,합격
L02536,2026-05-19 16:03,P-SEOUL-01,F-1,오후,500mL,0.06,1.99,182.3,401,22.0,50.0,합격
L02537,2026-05-19 16:12,P-SEOUL-01,F-1,오후,1L,0.64,2.15,178.9,385,17.4,52.3,합격
L02538,2026-05-19 16:14,P-SEOUL-01,F-1,오후,500mL,-0.68,2.26,181.6,376,25.1,47.8,합격
L02539,2026-05-19 18:09,P-SEOUL-01,F-2,오후,500mL,0.54,2.16,180.8,395,20.2,70.9,합격
L02540,2026-05-19 19:13,P-SEOUL-01,F-2,오후,500mL,0.21,2.13,178.8,419,25.5,60.0,합격
L02541,2026-05-19 19:27,P-SEOUL-01,F-3,오후,500mL,0.93,2.11,176.6,402,23.5,41.2,합격
L02542,2026-05-19 19:44,P-SEOUL-01,F-1,오후,1L,-0.37,2.12,179.4,399,24.0,50.1,합격
L02543,2026-05-19 19:50,P-SEOUL-01,F-2,오후,500mL,2.03,2.18,178.7,389,20.5,47.8,합격
L02544,2026-05-19 19:51,P-SEOUL-01,F-1,오후,500mL,-0.36,2.28,181.8,399,22.6,36.3,합격
L02545,2026-05-19 21:35,P-SEOUL-01,F-1,오후,500mL,0.83,2.29,178.7,382,23.9,57.0,합격
L02546,2026-05-19 22:32,P-SEOUL-01,F-3,야간,500mL,0.09,2.0,180.2,388,27.0,66.9,합격
L02547,2026-05-19 23:14,P-SEOUL-01,F-2,야간,500mL,-1.05,1.74,185.1,406,19.0,49.6,합격
L02548,2026-05-19 23:33,P-SEOUL-01,F-2,야간,500mL,0.06,2.08,179.6,393,26.8,61.4,합격
L02549,2026-05-20 00:41,P-SEOUL-01,F-2,야간,1L,0.53,1.99,174.8,404,25.0,46.7,합격
L02550,2026-05-20 00:52,P-SEOUL-01,F-1,야간,500mL,-0.4,1.97,175.4,408,29.3,63.7,합격
L02551,2026-05-20 02:01,P-SEOUL-01,F-2,야간,500mL,0.78,2.11,177.4,387,25.2,59.0,합격
L02552,2026-05-20 02:38,P-SEOUL-01,F-3,야간,500mL,0.5,1.71,179.9,390,25.0,56.1,합격
L02553,2026-05-20 02:42,P-SEOUL-01,F-1,야간,500mL,-0.75,2.47,182.5,414,25.1,52.7,합격
L02554,2026-05-20 04:03,P-SEOUL-01,F-1,야간,1L,-0.33,1.9,179.6,401,22.2,63.2,합격
L02555,2026-05-20 05:15,P-SEOUL-01,F-1,야간,2L,1.3,2.0,177.2,367,24.0,45.1,합격
L02556,2026-05-20 05:20,P-SEOUL-01,F-2,야간,500mL,0.86,1.93,178.7,389,26.2,48.0,합격
L02557,2026-05-20 06:09,P-SEOUL-01,F-3,주간,1L,0.48,2.1,180.9,398,20.3,48.1,합격
L02558,2026-05-20 07:52,P-SEOUL-01,F-1,주간,500mL,-0.43,2.19,178.0,392,28.1,49.0,합격
L02559,2026-05-20 08:10,P-SEOUL-01,F-1,주간,1L,0.43,2.03,176.7,415,22.2,51.1,합격
L02560,2026-05-20 08:25,P-SEOUL-01,F-1,주간,500mL,-1.49,2.02,177.4,416,20.3,45.4,합격
L02561,2026-05-20 08:31,P-SEOUL-01,F-3,주간,500mL,0.36,1.4,180.8,405,24.0,49.1,재검
L02562,2026-05-20 08:52,P-SEOUL-01,F-2,주간,1L,-0.13,1.99,178.3,399,25.0,53.4,합격
L02563,2026-05-20 08:55,P-SEOUL-01,F-1,주간,2L,-0.31,2.1,183.0,395,20.5,55.6,합격
L02564,2026-05-20 09:07,P-SEOUL-01,F-2,주간,1L,0.36,2.12,181.7,405,17.2,43.9,합격
L02565,2026-05-20 10:00,P-SEOUL-01,F-2,주간,500mL,0.3,2.14,180.9,393,25.3,51.4,합격
L02566,2026-05-20 10:11,P-SEOUL-01,F-1,주간,1L,0.77,2.12,179.7,404,26.9,55.2,합격
L02567,2026-05-20 10:12,P-SEOUL-01,F-2,주간,1L,-0.51,2.09,179.1,414,26.6,52.0,합격
L02568,2026-05-20 10:55,P-SEOUL-01,F-2,주간,2L,1.28,2.02,177.4,400,25.5,59.3,합격
L02569,2026-05-20 11:04,P-SEOUL-01,F-2,주간,2L,-1.56,2.08,179.4,405,19.1,54.9,합격
L02570,2026-05-20 11:24,P-SEOUL-01,F-2,주간,2L,-0.5,1.95,181.9,405,26.9,42.3,합격
L02571,2026-05-20 11:34,P-SEOUL-01,F-3,주간,1L,1.22,2.08,177.3,384,27.4,48.3,합격
L02572,2026-05-20 11:45,P-SEOUL-01,F-2,주간,500mL,1.07,2.07,185.1,389,27.3,65.1,합격
L02573,2026-05-20 12:54,P-SEOUL-01,F-1,주간,1L,0.28,2.08,181.7,422,27.5,69.6,합격
L02574,2026-05-20 13:08,P-SEOUL-01,F-3,주간,1L,-0.46,1.95,181.3,393,14.9,48.3,합격
L02575,2026-05-20 13:20,P-SEOUL-01,F-3,주간,500mL,-0.76,1.92,180.8,414,31.1,55.7,합격
L02576,2026-05-20 14:07,P-SEOUL-01,F-3,오후,500mL,-0.57,2.24,181.9,421,29.9,56.8,합격
L02577,2026-05-20 14:37,P-SEOUL-01,F-1,오후,500mL,-1.03,2.13,179.3,395,27.4,66.2,합격
L02578,2026-05-20 15:52,P-SEOUL-01,F-1,오후,1L,-0.03,1.93,176.2,396,26.0,47.2,합격
L02579,2026-05-20 16:02,P-SEOUL-01,F-2,오후,1L,0.55,2.06,176.2,409,22.6,58.5,합격
L02580,2026-05-20 16:15,P-SEOUL-01,F-2,오후,1L,0.3,1.93,180.9,395,19.2,47.9,합격
L02581,2026-05-20 17:19,P-SEOUL-01,F-2,오후,500mL,-0.3,1.89,177.1,400,25.2,48.0,합격
L02582,2026-05-20 17:23,P-SEOUL-01,F-1,오후,1L,-0.07,2.06,178.8,410,26.5,51.0,합격
L02583,2026-05-20 17:28,P-SEOUL-01,F-2,오후,1L,-1.15,2.17,179.4,401,25.5,60.3,합격
L02584,2026-05-20 18:18,P-SEOUL-01,F-2,오후,500mL,0.2,2.12,181.6,434,28.2,52.7,합격
L02585,2026-05-20 19:21,P-SEOUL-01,F-3,오후,2L,-0.46,2.08,177.4,397,22.1,44.3,합격
L02586,2026-05-20 19:22,P-SEOUL-01,F-2,오후,1L,-1.63,2.05,182.2,390,24.2,45.5,합격
L02587,2026-05-20 19:46,P-SEOUL-01,F-3,오후,500mL,0.85,1.98,180.9,396,22.7,52.4,합격
L02588,2026-05-20 20:01,P-SEOUL-01,F-2,오후,2L,-0.22,2.06,178.2,397,26.7,45.8,합격
L02589,2026-05-20 20:37,P-SEOUL-01,F-3,오후,2L,1.27,2.22,181.3,417,26.1,59.8,합격
L02590,2026-05-20 21:52,P-SEOUL-01,F-1,오후,500mL,1.02,2.19,178.0,393,23.7,53.2,합격
L02591,2026-05-20 22:13,P-SEOUL-01,F-2,야간,500mL,0.83,1.95,177.3,385,23.9,60.3,합격
L02592,2026-05-20 23:25,P-SEOUL-01,F-3,야간,1L,-0.44,2.13,182.4,410,28.3,55.3,합격
L02593,2026-05-20 23:26,P-SEOUL-01,F-1,야간,500mL,1.39,2.27,180.6,368,26.5,49.3,합격
L02594,2026-05-21 01:40,P-SEOUL-01,F-2,야간,1L,0.17,2.02,182.5,384,22.8,50.1,합격
L02595,2026-05-21 01:47,P-SEOUL-01,F-1,야간,500mL,-1.06,2.02,181.8,393,19.0,53.8,합격
L02596,2026-05-21 02:01,P-SEOUL-01,F-2,야간,500mL,-0.39,2.19,182.5,396,24.3,41.4,합격
L02597,2026-05-21 02:28,P-SEOUL-01,F-3,야간,500mL,0.49,2.05,183.0,434,22.2,49.1,합격
L02598,2026-05-21 03:29,P-SEOUL-01,F-1,야간,1L,0.72,2.14,176.1,401,21.7,47.5,합격
L02599,2026-05-21 04:08,P-SEOUL-01,F-2,야간,500mL,0.62,2.03,181.9,391,24.2,68.1,합격
L02600,2026-05-21 04:47,P-SEOUL-01,F-3,야간,2L,0.16,2.24,181.4,390,23.7,53.3,합격
L02601,2026-05-21 05:01,P-SEOUL-01,F-2,야간,1L,-0.06,2.02,179.4,402,24.0,51.2,합격
L02602,2026-05-21 05:03,P-SEOUL-01,F-2,야간,500mL,0.44,2.02,181.3,425,24.5,35.6,합격
L02603,2026-05-21 05:38,P-SEOUL-01,F-1,야간,1L,1.5,1.99,181.4,393,25.4,58.6,합격
L02604,2026-05-21 06:14,P-SEOUL-01,F-1,주간,1L,0.6,2.2,178.7,419,22.5,45.7,합격
L02605,2026-05-21 06:42,P-SEOUL-01,F-1,주간,500mL,-0.9,1.97,182.0,391,27.6,44.5,합격
L02606,2026-05-21 06:51,P-SEOUL-01,F-2,주간,500mL,0.79,2.17,178.9,392,24.1,49.9,합격
L02607,2026-05-21 06:52,P-SEOUL-01,F-1,주간,1L,-0.86,2.11,182.9,402,18.6,65.4,합격
L02608,2026-05-21 07:00,P-SEOUL-01,F-2,주간,500mL,0.65,2.11,180.4,403,26.5,47.1,합격
L02609,2026-05-21 07:32,P-SEOUL-01,F-3,주간,500mL,-0.73,,183.8,392,23.1,45.2,합격
L02610,2026-05-21 07:39,P-SEOUL-01,F-2,주간,500mL,0.94,2.1,180.2,376,17.9,51.5,합격
L02611,2026-05-21 08:07,P-SEOUL-01,F-2,주간,1L,-0.3,1.84,180.7,397,22.8,47.9,합격
L02612,2026-05-21 08:17,P-SEOUL-01,F-2,주간,500mL,-0.89,2.18,181.7,403,27.8,54.2,합격
L02613,2026-05-21 08:21,P-SEOUL-01,F-1,주간,1L,0.97,2.16,181.9,399,19.9,59.9,합격
L02614,2026-05-21 08:48,P-SEOUL-01,F-1,주간,500mL,-0.3,2.02,177.3,387,15.4,56.1,합격
L02615,2026-05-21 08:49,P-SEOUL-01,F-1,주간,500mL,-0.26,2.11,179.1,385,24.1,46.3,합격
L02616,2026-05-21 09:19,P-SEOUL-01,F-3,주간,500mL,0.96,1.97,182.3,409,21.9,47.0,재검
L02617,2026-05-21 09:20,P-SEOUL-01,F-1,주간,500mL,0.85,2.02,180.8,413,21.7,53.9,합격
L02618,2026-05-21 10:02,P-SEOUL-01,F-3,주간,500mL,-0.78,2.08,179.8,418,23.5,59.3,합격
L02619,2026-05-21 10:44,P-SEOUL-01,F-3,주간,1L,-1.54,1.99,176.9,383,23.7,47.3,합격
L02620,2026-05-21 10:58,P-SEOUL-01,F-1,주간,500mL,-1.18,2.1,181.4,408,23.0,53.5,합격
L02621,2026-05-21 11:00,P-SEOUL-01,F-3,주간,500mL,0.26,1.94,181.7,401,20.2,45.8,합격
L02622,2026-05-21 13:42,P-SEOUL-01,F-3,주간,1L,1.67,2.03,178.2,398,30.3,41.6,합격
L02623,2026-05-21 13:43,P-SEOUL-01,F-1,주간,500mL,-1.26,2.2,178.1,400,24.3,60.3,합격
L02624,2026-05-21 14:06,P-SEOUL-01,F-2,오후,500mL,0.34,2.08,178.0,395,19.6,52.3,합격
L02625,2026-05-21 14:07,P-SEOUL-01,F-2,오후,500mL,-0.98,1.98,182.0,394,24.9,40.9,합격
L02626,2026-05-21 14:09,P-SEOUL-01,F-1,오후,1L,-0.49,2.02,181.6,384,24.4,42.5,합격
L02627,2026-05-21 16:08,P-SEOUL-01,F-3,오후,500mL,1.91,2.17,181.4,380,28.5,60.5,합격
L02628,2026-05-21 16:28,P-SEOUL-01,F-2,오후,500mL,0.89,1.99,179.9,412,27.8,58.7,합격
L02629,2026-05-21 16:37,P-SEOUL-01,F-2,오후,2L,0.69,2.22,177.9,400,28.6,53.9,합격
L02630,2026-05-21 16:40,P-SEOUL-01,F-2,오후,500mL,-0.15,1.98,180.7,402,24.9,61.6,합격
L02631,2026-05-21 16:44,P-SEOUL-01,F-1,오후,500mL,0.47,2.01,179.9,397,24.2,52.0,합격
L02632,2026-05-21 17:54,P-SEOUL-01,F-1,오후,1L,1.99,2.24,179.3,407,30.2,52.0,합격
L02633,2026-05-21 18:24,P-SEOUL-01,F-3,오후,500mL,1.06,2.02,182.0,390,27.7,50.6,합격
L02634,2026-05-21 19:01,P-SEOUL-01,F-3,오후,1L,-0.48,2.1,179.5,412,14.6,57.0,합격
L02635,2026-05-21 19:35,P-SEOUL-01,F-3,오후,500mL,1.7,2.16,176.5,407,24.9,72.6,합격
L02636,2026-05-21 19:55,P-SEOUL-01,F-2,오후,500mL,-1.21,1.99,180.3,417,25.0,55.6,합격
L02637,2026-05-21 20:04,P-SEOUL-01,F-2,오후,1L,-0.06,2.13,180.0,396,19.6,51.2,합격
L02638,2026-05-21 20:17,P-SEOUL-01,F-2,오후,500mL,-1.41,2.07,179.2,402,24.8,57.0,합격
L02639,2026-05-21 20:59,P-SEOUL-01,F-2,오후,500mL,-0.61,1.86,181.4,390,23.1,49.5,합격
L02640,2026-05-21 21:09,P-SEOUL-01,F-2,오후,500mL,-0.57,2.09,176.0,412,30.1,50.1,합격
L02641,2026-05-21 21:13,P-SEOUL-01,F-1,오후,1L,-1.32,2.04,179.0,395,27.7,62.2,합격
L02642,2026-05-21 21:30,P-SEOUL-01,F-3,오후,500mL,-0.17,2.27,181.8,379,23.7,49.8,합격
L02643,2026-05-21 22:39,P-SEOUL-01,F-1,야간,2L,0.03,1.85,178.5,381,22.4,50.5,합격
L02644,2026-05-21 22:50,P-SEOUL-01,F-3,야간,500mL,0.31,2.16,179.9,373,21.7,55.5,합격
L02645,2026-05-21 22:53,P-SEOUL-01,F-1,야간,1L,-0.12,2.03,181.6,422,20.8,50.8,합격
L02646,2026-05-21 23:12,P-SEOUL-01,F-2,야간,2L,0.37,1.85,180.1,424,28.3,57.0,합격
L02647,2026-05-21 23:58,P-SEOUL-01,F-1,야간,500mL,-1.71,2.14,181.2,418,29.7,49.5,합격
L02648,2026-05-22 00:40,P-SEOUL-01,F-3,야간,500mL,0.18,1.91,180.6,403,24.6,42.2,합격
L02649,2026-05-22 00:45,P-SEOUL-01,F-1,야간,500mL,-0.8,1.79,176.0,423,24.6,58.0,합격
L02650,2026-05-22 00:58,P-SEOUL-01,F-2,야간,500mL,-0.61,1.77,176.1,392,26.2,60.8,합격
L02651,2026-05-22 01:00,P-SEOUL-01,F-2,야간,500mL,-1.05,1.95,177.1,397,22.0,60.4,합격
L02652,2026-05-22 01:01,P-SEOUL-01,F-3,야간,500mL,0.64,2.0,181.5,406,30.5,36.8,합격
L02653,2026-05-22 01:08,P-SEOUL-01,F-2,야간,500mL,0.69,1.94,179.6,409,24.5,58.1,합격
L02654,2026-05-22 01:34,P-SEOUL-01,F-1,야간,2L,-0.11,2.06,181.5,398,24.2,53.2,합격
L02655,2026-05-22 01:43,P-SEOUL-01,F-3,야간,500mL,-0.65,2.43,178.2,395,22.6,52.9,합격
L02656,2026-05-22 02:27,P-SEOUL-01,F-3,야간,1L,0.31,2.05,181.8,397,26.4,45.9,합격
L02657,2026-05-22 02:45,P-SEOUL-01,F-2,야간,2L,0.88,2.17,183.3,387,26.3,43.3,합격
L02658,2026-05-22 03:34,P-SEOUL-01,F-2,야간,500mL,4.86,,184.9,407,28.8,60.9,재검
L02659,2026-05-22 04:01,P-SEOUL-01,F-2,야간,500mL,0.17,2.04,178.2,385,28.0,45.5,합격
L02660,2026-05-22 04:26,P-SEOUL-01,F-2,야간,500mL,0.49,2.09,181.3,389,22.5,45.4,합격
L02661,2026-05-22 04:35,P-SEOUL-01,F-1,야간,1L,0.15,2.18,180.5,392,26.0,55.9,합격
L02662,2026-05-22 05:17,P-SEOUL-01,F-3,야간,1L,-0.02,2.3,182.7,384,27.8,58.6,합격
L02663,2026-05-22 06:20,P-SEOUL-01,F-3,주간,500mL,3.38,1.98,179.8,401,21.5,52.3,재검
L02664,2026-05-22 06:58,P-SEOUL-01,F-2,주간,500mL,0.66,2.2,180.2,377,21.6,72.2,합격
L02665,2026-05-22 07:29,P-SEOUL-01,F-1,주간,500mL,0.57,2.07,180.4,398,20.2,25.2,합격
L02666,2026-05-22 08:20,P-SEOUL-01,F-3,주간,1L,-0.51,1.98,181.0,387,27.5,51.9,합격
L02667,2026-05-22 08:30,P-SEOUL-01,F-1,주간,500mL,4.35,1.99,178.4,405,24.9,42.7,재검
L02668,2026-05-22 08:49,P-SEOUL-01,F-1,주간,1L,-1.0,2.06,182.0,390,17.4,47.9,합격
L02669,2026-05-22 09:31,P-SEOUL-01,F-2,주간,2L,1.18,2.13,179.0,410,26.8,54.6,합격
L02670,2026-05-22 09:48,P-SEOUL-01,F-3,주간,500mL,-0.04,2.18,176.5,410,19.8,43.4,합격
L02671,2026-05-22 10:45,P-SEOUL-01,F-1,주간,500mL,0.49,2.2,178.6,416,30.6,55.3,합격
L02672,2026-05-22 11:04,P-SEOUL-01,F-2,주간,1L,0.03,2.22,180.0,405,24.9,49.6,합격
L02673,2026-05-22 11:05,P-SEOUL-01,F-3,주간,500mL,1.02,2.14,186.0,402,32.3,51.6,합격
L02674,2026-05-22 11:19,P-SEOUL-01,F-1,주간,1L,-1.33,2.12,184.2,373,22.7,37.7,합격
L02675,2026-05-22 11:51,P-SEOUL-01,F-1,주간,500mL,0.8,2.29,179.1,382,24.8,57.9,합격
L02676,2026-05-22 12:08,P-SEOUL-01,F-3,주간,1L,-1.57,2.35,182.7,417,22.6,54.7,합격
L02677,2026-05-22 12:40,P-SEOUL-01,F-2,주간,500mL,-1.62,1.98,178.6,408,22.9,49.1,합격
L02678,2026-05-22 12:48,P-SEOUL-01,F-1,주간,500mL,-0.82,2.04,180.5,398,24.7,46.2,합격
L02679,2026-05-22 13:03,P-SEOUL-01,F-3,주간,500mL,0.66,2.05,178.8,402,20.7,47.2,합격
L02680,2026-05-22 13:04,P-SEOUL-01,F-2,주간,1L,0.97,2.25,177.7,386,23.0,49.5,합격
L02681,2026-05-22 13:42,P-SEOUL-01,F-3,주간,500mL,0.02,2.02,180.5,407,26.0,46.5,합격
L02682,2026-05-22 13:44,P-SEOUL-01,F-2,주간,500mL,-0.43,1.81,181.8,383,27.1,57.3,합격
L02683,2026-05-22 14:24,P-SEOUL-01,F-3,오후,500mL,-0.06,2.07,181.4,388,22.2,49.5,합격
L02684,2026-05-22 15:07,P-SEOUL-01,F-2,오후,1L,-0.92,2.23,176.1,409,28.1,,합격
L02685,2026-05-22 17:30,P-SEOUL-01,F-2,오후,1L,0.9,1.98,180.3,405,24.4,38.9,합격
L02686,2026-05-22 18:13,P-SEOUL-01,F-3,오후,500mL,1.69,2.07,179.5,413,22.8,54.8,합격
L02687,2026-05-22 19:28,P-SEOUL-01,F-1,오후,500mL,0.21,1.91,177.9,399,23.3,45.7,합격
L02688,2026-05-22 19:57,P-SEOUL-01,F-1,오후,500mL,-1.48,1.97,177.4,404,32.4,45.2,합격
L02689,2026-05-22 20:14,P-SEOUL-01,F-1,오후,2L,0.89,1.94,180.1,401,23.0,48.9,합격
L02690,2026-05-22 20:39,P-SEOUL-01,F-1,오후,1L,-0.67,1.93,179.9,417,24.7,60.1,합격
L02691,2026-05-22 20:58,P-SEOUL-01,F-2,오후,500mL,0.01,2.2,175.0,429,23.6,45.6,합격
L02692,2026-05-22 21:39,P-SEOUL-01,F-2,오후,500mL,0.62,2.15,180.5,369,28.9,45.1,합격
L02693,2026-05-22 21:50,P-SEOUL-01,F-1,오후,500mL,0.1,1.97,177.7,390,21.9,57.8,합격
L02694,2026-05-22 22:55,P-SEOUL-01,F-3,야간,500mL,1.09,1.93,178.1,392,26.8,57.9,합격
L02695,2026-05-22 22:55,P-SEOUL-01,F-1,야간,2L,0.11,2.03,180.7,406,22.8,50.9,합격
L02696,2026-05-23 00:14,P-SEOUL-01,F-1,야간,500mL,0.24,2.02,185.2,431,20.4,59.2,합격
L02697,2026-05-23 01:01,P-SEOUL-01,F-3,야간,500mL,0.09,1.76,180.5,376,25.0,46.3,합격
L02698,2026-05-23 01:14,P-SEOUL-01,F-1,야간,2L,1.06,2.16,176.7,415,21.5,51.6,합격
L02699,2026-05-23 01:34,P-SEOUL-01,F-1,야간,1L,1.19,2.2,178.5,387,23.3,62.5,합격
L02700,2026-05-23 02:40,P-SEOUL-01,F-2,야간,1L,1.4,2.18,179.4,388,34.9,60.1,합격
L02701,2026-05-23 02:44,P-SEOUL-01,F-1,야간,500mL,0.24,2.04,181.7,379,28.8,56.0,합격
L02702,2026-05-23 03:15,P-SEOUL-01,F-3,야간,500mL,0.24,2.11,178.0,415,26.8,47.7,합격
L02703,2026-05-23 03:23,P-SEOUL-01,F-1,야간,500mL,1.22,2.2,181.3,415,25.3,43.0,합격
L02704,2026-05-23 03:29,P-SEOUL-01,F-2,야간,500mL,-1.5,2.0,184.2,392,25.2,61.9,합격
L02705,2026-05-23 04:39,P-SEOUL-01,F-1,야간,500mL,-0.72,2.18,182.4,397,23.7,44.7,합격
L02706,2026-05-23 04:58,P-SEOUL-01,F-2,야간,500mL,-0.94,1.99,180.2,408,27.4,51.6,합격
L02707,2026-05-23 05:15,P-SEOUL-01,F-1,야간,2L,0.3,2.16,181.8,413,21.6,38.2,합격
L02708,2026-05-23 06:12,P-SEOUL-01,F-1,주간,1L,-0.59,,181.3,410,23.3,49.7,합격
L02709,2026-05-23 06:15,P-SEOUL-01,F-2,주간,2L,-0.98,2.09,179.9,404,23.8,59.4,합격
L02710,2026-05-23 06:43,P-SEOUL-01,F-3,주간,1L,-0.55,2.19,176.5,426,29.5,55.7,합격
L02711,2026-05-23 07:35,P-SEOUL-01,F-1,주간,500mL,2.34,2.14,177.8,403,22.3,53.7,합격
L02712,2026-05-23 07:47,P-SEOUL-01,F-3,주간,500mL,-0.26,1.36,182.5,405,27.2,45.5,재검
L02713,2026-05-23 08:55,P-SEOUL-01,F-2,주간,1L,0.74,2.09,179.5,392,16.9,52.7,합격
L02714,2026-05-23 09:39,P-SEOUL-01,F-2,주간,1L,1.14,2.4,180.9,394,26.7,54.0,합격
L02715,2026-05-23 09:47,P-SEOUL-01,F-1,주간,1L,-0.34,2.27,181.2,388,23.4,50.8,합격
L02716,2026-05-23 09:49,P-SEOUL-01,F-2,주간,1L,0.73,2.36,179.2,419,22.1,49.2,합격
L02717,2026-05-23 09:56,P-SEOUL-01,F-3,주간,2L,1.17,2.1,181.4,412,29.1,46.7,합격
L02718,2026-05-23 10:13,P-SEOUL-01,F-2,주간,500mL,0.33,1.97,181.1,412,24.3,47.7,합격
L02719,2026-05-23 10:34,P-SEOUL-01,F-3,주간,1L,-0.72,2.07,181.7,408,23.2,52.0,합격
L02720,2026-05-23 11:03,P-SEOUL-01,F-2,주간,500mL,-0.36,2.16,184.4,389,26.3,48.3,합격
L02721,2026-05-23 13:47,P-SEOUL-01,F-1,주간,500mL,-1.19,1.97,179.9,394,23.5,49.8,합격
L02722,2026-05-23 15:21,P-SEOUL-01,F-1,오후,500mL,-0.82,1.32,176.7,404,19.8,53.2,재검
L02723,2026-05-23 15:27,P-SEOUL-01,F-1,오후,1L,1.63,1.7,178.4,368,24.2,58.8,합격
L02724,2026-05-23 15:29,P-SEOUL-01,F-2,오후,500mL,-0.33,2.19,178.3,384,24.3,51.8,합격
L02725,2026-05-23 15:39,P-SEOUL-01,F-1,오후,500mL,-0.73,1.96,178.9,391,18.8,55.9,합격
L02726,2026-05-23 15:39,P-SEOUL-01,F-1,오후,500mL,-0.01,2.11,177.5,403,23.6,60.1,합격
L02727,2026-05-23 15:52,P-SEOUL-01,F-1,오후,1L,0.03,2.0,176.1,387,30.4,54.8,합격
L02728,2026-05-23 16:32,P-SEOUL-01,F-2,오후,1L,-1.45,1.98,180.8,384,24.7,,합격
L02729,2026-05-23 16:52,P-SEOUL-01,F-1,오후,2L,-1.15,1.95,182.0,409,20.0,49.4,합격
L02730,2026-05-23 17:00,P-SEOUL-01,F-1,오후,2L,1.88,2.2,183.1,396,28.9,51.2,합격
L02731,2026-05-23 17:55,P-SEOUL-01,F-3,오후,1L,1.97,1.88,183.5,378,24.8,58.4,합격
L02732,2026-05-23 17:56,P-SEOUL-01,F-2,오후,500mL,0.67,2.2,181.0,401,23.0,44.6,합격
L02733,2026-05-23 18:00,P-SEOUL-01,F-2,오후,500mL,-0.1,,180.9,407,27.1,56.3,합격
L02734,2026-05-23 18:33,P-SEOUL-01,F-2,오후,1L,-0.93,2.13,178.3,399,24.0,51.6,합격
L02735,2026-05-23 18:39,P-SEOUL-01,F-1,오후,500mL,-1.87,1.99,179.5,397,21.6,59.1,합격
L02736,2026-05-23 18:43,P-SEOUL-01,F-1,오후,500mL,0.58,2.24,182.0,411,25.9,50.0,합격
L02737,2026-05-23 18:45,P-SEOUL-01,F-3,오후,500mL,-0.0,1.93,180.6,399,19.7,59.2,합격
L02738,2026-05-23 19:16,P-SEOUL-01,F-3,오후,500mL,-0.52,2.15,178.1,417,21.9,45.1,합격
L02739,2026-05-23 19:33,P-SEOUL-01,F-1,오후,1L,-0.76,1.38,179.8,388,21.9,56.5,재검
L02740,2026-05-23 19:35,P-SEOUL-01,F-2,오후,2L,1.19,,179.4,407,27.0,63.9,합격
L02741,2026-05-23 19:47,P-SEOUL-01,F-3,오후,500mL,0.08,2.09,182.1,403,24.4,59.2,합격
L02742,2026-05-23 20:16,P-SEOUL-01,F-3,오후,2L,0.28,2.15,177.3,405,30.0,49.6,합격
L02743,2026-05-23 20:30,P-SEOUL-01,F-2,오후,1L,0.28,2.05,178.0,405,19.4,28.7,합격
L02744,2026-05-23 20:42,P-SEOUL-01,F-1,오후,500mL,-0.72,2.21,179.6,385,21.1,65.7,합격
L02745,2026-05-23 21:10,P-SEOUL-01,F-1,오후,500mL,-0.01,2.06,178.7,436,18.7,49.8,합격
L02746,2026-05-23 21:56,P-SEOUL-01,F-1,오후,500mL,0.4,2.05,176.2,400,25.2,52.4,합격
L02747,2026-05-23 22:13,P-SEOUL-01,F-2,야간,500mL,-0.29,2.14,178.3,394,21.7,42.4,합격
L02748,2026-05-23 22:48,P-SEOUL-01,F-3,야간,500mL,1.05,2.07,179.3,399,23.7,54.7,합격
L02749,2026-05-23 23:06,P-SEOUL-01,F-1,야간,1L,-1.67,2.01,179.4,408,24.9,41.0,합격
L02750,2026-05-23 23:19,P-SEOUL-01,F-1,야간,2L,-0.17,1.97,181.0,403,21.4,58.7,합격
L02751,2026-05-24 00:15,P-SEOUL-01,F-1,야간,1L,-0.62,1.86,179.2,393,19.0,55.9,합격
L02752,2026-05-24 01:07,P-SEOUL-01,F-2,야간,500mL,-0.59,2.01,181.8,373,24.6,44.4,합격
L02753,2026-05-24 02:05,P-SEOUL-01,F-2,야간,2L,0.03,1.41,180.4,396,18.4,37.6,재검
L02754,2026-05-24 02:14,P-SEOUL-01,F-2,야간,500mL,0.44,2.29,181.9,399,22.7,41.8,합격
L02755,2026-05-24 02:57,P-SEOUL-01,F-2,야간,500mL,0.33,2.05,178.6,395,31.3,65.2,합격
L02756,2026-05-24 03:03,P-SEOUL-01,F-1,야간,2L,0.93,2.29,182.5,412,28.8,40.1,합격
L02757,2026-05-24 03:54,P-SEOUL-01,F-1,야간,500mL,1.21,1.41,176.0,380,20.5,,재검
L02758,2026-05-24 04:19,P-SEOUL-01,F-1,야간,1L,-0.72,2.35,177.6,385,25.4,71.9,합격
L02759,2026-05-24 04:40,P-SEOUL-01,F-1,야간,1L,0.39,1.98,180.9,397,22.5,48.4,합격
L02760,2026-05-24 05:18,P-SEOUL-01,F-1,야간,2L,-0.09,1.99,181.2,394,26.9,40.4,합격
L02761,2026-05-24 05:39,P-SEOUL-01,F-2,야간,2L,2.52,2.04,178.0,420,22.9,48.3,합격
L02762,2026-05-24 06:08,P-SEOUL-01,F-2,주간,500mL,-0.94,1.91,185.0,403,16.5,44.8,합격
L02763,2026-05-24 06:16,P-SEOUL-01,F-3,주간,1L,1.45,2.14,178.5,386,23.8,43.6,합격
L02764,2026-05-24 06:26,P-SEOUL-01,F-2,주간,2L,-0.11,2.1,181.7,378,26.6,54.9,합격
L02765,2026-05-24 06:39,P-SEOUL-01,F-2,주간,500mL,-2.05,2.15,179.6,377,20.9,48.6,합격
L02766,2026-05-24 06:47,P-SEOUL-01,F-1,주간,500mL,-1.44,1.92,181.7,404,23.0,45.4,합격
L02767,2026-05-24 06:57,P-SEOUL-01,F-3,주간,2L,-2.29,2.09,184.8,380,28.4,40.3,합격
L02768,2026-05-24 08:10,P-SEOUL-01,F-2,주간,500mL,-0.08,,178.3,420,23.7,48.9,합격
L02769,2026-05-24 08:16,P-SEOUL-01,F-3,주간,500mL,-0.46,2.05,182.1,404,22.6,49.3,합격
L02770,2026-05-24 08:21,P-SEOUL-01,F-2,주간,1L,0.64,1.84,178.7,398,21.7,53.9,합격
L02771,2026-05-24 09:14,P-SEOUL-01,F-1,주간,2L,1.23,2.08,179.8,399,23.7,40.7,합격
L02772,2026-05-24 09:48,P-SEOUL-01,F-2,주간,500mL,0.59,1.91,179.4,399,26.7,53.3,합격
L02773,2026-05-24 09:57,P-SEOUL-01,F-1,주간,500mL,0.48,2.12,179.3,399,30.2,27.7,합격
L02774,2026-05-24 09:57,P-SEOUL-01,F-2,주간,1L,-1.61,1.88,183.0,406,23.5,67.3,합격
L02775,2026-05-24 09:59,P-SEOUL-01,F-1,주간,500mL,0.26,1.98,179.2,401,20.4,53.3,합격
L02776,2026-05-24 10:00,P-SEOUL-01,F-2,주간,500mL,0.41,2.14,180.7,395,29.7,41.7,합격
L02777,2026-05-24 10:22,P-SEOUL-01,F-1,주간,1L,1.37,2.16,179.0,411,24.1,52.7,재검
L02778,2026-05-24 10:51,P-SEOUL-01,F-3,주간,1L,-0.58,2.11,177.5,409,26.6,58.7,합격
L02779,2026-05-24 10:53,P-SEOUL-01,F-2,주간,1L,-0.39,2.3,180.8,393,24.2,39.3,합격
L02780,2026-05-24 11:36,P-SEOUL-01,F-1,주간,1L,3.04,1.88,179.1,410,22.6,66.4,재검
L02781,2026-05-24 12:47,P-SEOUL-01,F-3,주간,500mL,-1.22,2.11,183.1,410,24.0,45.4,합격
L02782,2026-05-24 13:27,P-SEOUL-01,F-2,주간,2L,0.23,2.04,183.7,420,18.9,57.5,합격
L02783,2026-05-24 14:03,P-SEOUL-01,F-1,오후,500mL,-0.26,2.26,180.2,384,21.1,60.2,합격
L02784,2026-05-24 15:51,P-SEOUL-01,F-1,오후,500mL,-0.19,2.22,183.3,403,27.4,47.5,합격
L02785,2026-05-24 16:29,P-SEOUL-01,F-2,오후,500mL,3.59,2.21,180.0,407,25.4,39.0,재검
L02786,2026-05-24 16:46,P-SEOUL-01,F-3,오후,2L,-0.14,1.9,180.8,399,20.5,41.2,합격
L02787,2026-05-24 18:30,P-SEOUL-01,F-2,오후,500mL,-0.75,1.87,179.2,397,23.1,45.4,합격
L02788,2026-05-24 18:59,P-SEOUL-01,F-2,오후,2L,1.8,1.33,179.3,385,23.9,41.7,재검
L02789,2026-05-24 19:42,P-SEOUL-01,F-3,오후,500mL,0.8,2.3,182.5,398,23.9,58.8,합격
L02790,2026-05-24 20:58,P-SEOUL-01,F-2,오후,500mL,0.53,2.0,178.0,399,23.1,45.2,합격
L02791,2026-05-24 21:13,P-SEOUL-01,F-1,오후,500mL,-1.74,2.0,181.5,402,25.8,67.1,합격
L02792,2026-05-24 21:32,P-SEOUL-01,F-3,오후,1L,-0.08,2.12,182.1,395,22.8,42.5,합격
L02793,2026-05-24 21:35,P-SEOUL-01,F-1,오후,500mL,-0.89,2.11,176.7,365,23.3,44.8,합격
L02794,2026-05-24 22:46,P-SEOUL-01,F-3,야간,1L,-1.0,2.06,181.9,414,20.3,55.3,합격
L02795,2026-05-24 23:24,P-SEOUL-01,F-2,야간,500mL,0.02,2.13,178.1,398,19.3,51.5,합격
L02796,2026-05-24 23:48,P-SEOUL-01,F-3,야간,500mL,1.17,2.17,180.0,401,22.2,52.3,합격
L02797,2026-05-25 00:03,P-SEOUL-01,F-3,야간,500mL,1.93,1.91,179.3,417,20.8,46.8,합격
L02798,2026-05-25 00:54,P-SEOUL-01,F-1,야간,1L,1.08,2.07,181.5,379,27.0,39.1,합격
L02799,2026-05-25 01:26,P-SEOUL-01,F-2,야간,2L,-0.19,1.92,177.8,401,22.6,55.9,합격
L02800,2026-05-25 01:28,P-SEOUL-01,F-3,야간,2L,0.09,,180.0,384,29.2,55.9,합격
L02801,2026-05-25 01:42,P-SEOUL-01,F-3,야간,1L,-1.64,2.23,177.1,408,22.4,53.4,합격
L02802,2026-05-25 03:20,P-SEOUL-01,F-3,야간,500mL,4.47,,178.2,414,30.8,48.2,재검
L02803,2026-05-25 03:23,P-SEOUL-01,F-1,야간,1L,1.07,2.14,179.5,385,22.5,51.4,합격
L02804,2026-05-25 03:48,P-SEOUL-01,F-1,야간,2L,0.65,1.94,182.3,407,24.1,45.2,합격
L02805,2026-05-25 03:55,P-SEOUL-01,F-3,야간,500mL,-0.47,2.13,180.5,376,25.8,60.1,합격
L02806,2026-05-25 04:20,P-SEOUL-01,F-2,야간,1L,0.6,2.03,177.9,402,23.8,51.2,합격
L02807,2026-05-25 04:25,P-SEOUL-01,F-2,야간,500mL,0.16,2.1,175.6,386,23.7,38.6,재검
L02808,2026-05-25 04:33,P-SEOUL-01,F-3,야간,1L,-1.48,1.96,177.3,395,29.7,53.9,합격
L02809,2026-05-25 04:42,P-SEOUL-01,F-3,야간,1L,-0.49,2.17,178.5,397,24.3,63.0,합격
L02810,2026-05-25 04:44,P-SEOUL-01,F-2,야간,500mL,1.82,2.04,179.5,396,25.0,50.2,합격
L02811,2026-05-25 04:49,P-SEOUL-01,F-2,야간,2L,-0.62,2.25,180.9,392,22.2,56.8,합격
L02812,2026-05-25 05:33,P-SEOUL-01,F-2,야간,2L,-0.17,2.16,180.5,402,19.6,45.2,합격
L02813,2026-05-25 05:43,P-SEOUL-01,F-3,야간,500mL,-0.81,1.95,175.8,398,24.3,58.1,합격
L02814,2026-05-25 05:49,P-SEOUL-01,F-3,야간,500mL,1.16,2.19,180.4,389,27.0,70.3,합격
L02815,2026-05-25 06:21,P-SEOUL-01,F-2,주간,1L,-0.73,2.02,180.5,408,31.3,48.9,합격
L02816,2026-05-25 06:39,P-SEOUL-01,F-3,주간,500mL,-1.91,1.93,178.3,376,26.5,60.9,합격
L02817,2026-05-25 07:28,P-SEOUL-01,F-2,주간,1L,0.43,1.98,186.9,409,19.3,51.1,합격
L02818,2026-05-25 07:54,P-SEOUL-01,F-1,주간,1L,1.51,2.15,179.9,388,28.1,49.5,합격
L02819,2026-05-25 10:06,P-SEOUL-01,F-2,주간,2L,-0.34,2.16,181.4,415,26.1,57.5,합격
L02820,2026-05-25 10:53,P-SEOUL-01,F-3,주간,1L,-0.87,1.93,178.7,409,23.8,52.5,합격
L02821,2026-05-25 11:13,P-SEOUL-01,F-2,주간,1L,0.1,2.24,179.4,410,22.2,48.9,합격
L02822,2026-05-25 11:46,P-SEOUL-01,F-1,주간,1L,1.34,,180.6,406,27.5,54.8,합격
L02823,2026-05-25 11:54,P-SEOUL-01,F-1,주간,2L,-1.28,2.16,181.0,401,26.3,59.8,합격
L02824,2026-05-25 12:21,P-SEOUL-01,F-2,주간,2L,-0.6,2.09,179.9,396,27.3,42.5,합격
L02825,2026-05-25 12:27,P-SEOUL-01,F-3,주간,500mL,-1.38,2.11,182.7,391,26.9,57.3,합격
L02826,2026-05-25 12:43,P-SEOUL-01,F-2,주간,500mL,1.39,2.23,181.9,399,24.8,52.3,합격
L02827,2026-05-25 12:51,P-SEOUL-01,F-3,주간,500mL,0.59,2.05,178.0,396,28.7,60.7,합격
L02828,2026-05-25 13:06,P-SEOUL-01,F-1,주간,500mL,0.76,2.17,178.8,399,21.5,60.3,합격
L02829,2026-05-25 13:45,P-SEOUL-01,F-2,주간,500mL,-0.02,2.21,179.2,409,31.2,55.0,합격
L02830,2026-05-25 14:52,P-SEOUL-01,F-1,오후,1L,-0.58,2.19,180.2,395,23.8,48.4,합격
L02831,2026-05-25 15:24,P-SEOUL-01,F-2,오후,500mL,-0.8,2.02,178.4,388,20.5,37.5,합격
L02832,2026-05-25 15:56,P-SEOUL-01,F-1,오후,500mL,2.08,2.21,178.1,408,23.3,48.6,합격
L02833,2026-05-25 15:58,P-SEOUL-01,F-2,오후,500mL,0.94,2.19,181.5,403,22.9,50.0,합격
L02834,2026-05-25 16:03,P-SEOUL-01,F-3,오후,2L,-0.72,2.24,178.9,389,23.6,39.1,합격
L02835,2026-05-25 16:17,P-SEOUL-01,F-1,오후,500mL,-1.64,2.09,180.3,388,23.0,60.7,합격
L02836,2026-05-25 16:40,P-SEOUL-01,F-2,오후,500mL,-2.4,1.96,178.3,385,24.6,50.2,합격
L02837,2026-05-25 17:25,P-SEOUL-01,F-3,오후,500mL,-1.26,2.08,181.7,398,25.4,42.5,합격
L02838,2026-05-25 17:30,P-SEOUL-01,F-3,오후,500mL,-0.39,2.26,179.5,408,28.3,65.2,합격
L02839,2026-05-25 17:56,P-SEOUL-01,F-2,오후,500mL,0.16,1.96,182.8,420,20.3,45.2,합격
L02840,2026-05-25 17:58,P-SEOUL-01,F-2,오후,500mL,0.94,2.35,180.9,422,17.5,38.9,합격
L02841,2026-05-25 18:14,P-SEOUL-01,F-3,오후,2L,-1.32,2.18,179.7,434,23.4,59.1,합격
L02842,2026-05-25 18:36,P-SEOUL-01,F-3,오후,2L,-0.31,2.16,177.0,395,25.2,50.9,합격
L02843,2026-05-25 18:45,P-SEOUL-01,F-2,오후,500mL,-0.04,1.97,184.0,399,23.0,43.4,합격
L02844,2026-05-25 19:03,P-SEOUL-01,F-2,오후,500mL,2.62,2.38,181.9,416,26.6,46.7,합격
L02845,2026-05-25 19:09,P-SEOUL-01,F-1,오후,500mL,-0.53,,177.4,407,26.6,55.3,합격
L02846,2026-05-25 19:40,P-SEOUL-01,F-2,오후,2L,-0.17,1.88,178.3,410,24.5,50.1,합격
L02847,2026-05-25 20:35,P-SEOUL-01,F-1,오후,2L,-0.74,2.15,184.2,404,26.9,37.2,합격
L02848,2026-05-25 20:54,P-SEOUL-01,F-2,오후,500mL,0.11,2.12,179.6,406,24.9,73.1,합격
L02849,2026-05-25 21:20,P-SEOUL-01,F-2,오후,500mL,-0.52,2.15,182.1,405,26.5,57.8,합격
L02850,2026-05-25 21:36,P-SEOUL-01,F-2,오후,500mL,-0.85,2.01,175.3,406,25.1,66.2,합격
L02851,2026-05-25 21:41,P-SEOUL-01,F-1,오후,500mL,-0.27,2.14,182.0,412,24.1,52.2,합격
L02852,2026-05-25 22:01,P-SEOUL-01,F-1,야간,500mL,-1.55,2.16,182.4,404,24.3,41.4,합격
L02853,2026-05-25 22:14,P-SEOUL-01,F-1,야간,1L,0.59,2.11,180.7,406,23.7,53.3,합격
L02854,2026-05-25 22:25,P-SEOUL-01,F-1,야간,500mL,-0.3,2.04,181.7,393,25.6,69.1,합격
L02855,2026-05-25 22:31,P-SEOUL-01,F-2,야간,500mL,0.28,2.12,179.5,398,16.0,52.6,합격
L02856,2026-05-25 22:58,P-SEOUL-01,F-1,야간,500mL,-1.0,2.1,182.7,399,23.8,46.8,합격
L02857,2026-05-25 23:04,P-SEOUL-01,F-1,야간,2L,0.44,2.18,184.0,410,24.8,50.5,합격
L02858,2026-05-25 23:30,P-SEOUL-01,F-1,야간,500mL,-0.2,2.16,180.8,400,24.0,45.1,합격
L02859,2026-05-25 23:35,P-SEOUL-01,F-2,야간,2L,0.09,2.12,179.1,403,29.2,61.3,합격
L02860,2026-05-26 00:09,P-SEOUL-01,F-1,야간,500mL,1.53,2.2,180.8,392,24.4,50.1,합격
L02861,2026-05-26 00:10,P-SEOUL-01,F-3,야간,1L,0.51,2.17,178.1,420,23.7,54.7,합격
L02862,2026-05-26 00:31,P-SEOUL-01,F-1,야간,500mL,-0.01,2.05,180.5,389,19.4,60.2,합격
L02863,2026-05-26 01:50,P-SEOUL-01,F-1,야간,500mL,-0.45,2.18,181.8,413,22.3,62.5,합격
L02864,2026-05-26 02:20,P-SEOUL-01,F-3,야간,2L,1.02,2.09,181.0,398,22.2,55.4,합격
L02865,2026-05-26 03:05,P-SEOUL-01,F-3,야간,500mL,-0.33,2.17,179.0,371,27.6,43.2,합격
L02866,2026-05-26 03:20,P-SEOUL-01,F-2,야간,2L,-0.6,2.12,182.8,412,20.3,46.1,합격
L02867,2026-05-26 04:18,P-SEOUL-01,F-1,야간,500mL,-1.08,1.98,177.4,386,22.0,55.1,합격
L02868,2026-05-26 04:21,P-SEOUL-01,F-3,야간,500mL,-0.54,1.92,181.6,393,19.7,64.6,합격
L02869,2026-05-26 04:48,P-SEOUL-01,F-2,야간,1L,0.64,2.09,180.4,376,24.9,58.9,합격
L02870,2026-05-26 05:05,P-SEOUL-01,F-2,야간,1L,0.49,2.08,180.4,413,20.5,56.5,합격
L02871,2026-05-26 05:16,P-SEOUL-01,F-1,야간,500mL,-0.26,2.33,178.3,411,27.1,42.4,합격
L02872,2026-05-26 05:18,P-SEOUL-01,F-2,야간,500mL,-1.11,2.1,179.2,417,28.8,49.7,합격
L02873,2026-05-26 05:50,P-SEOUL-01,F-1,야간,500mL,0.63,1.91,176.4,398,24.5,56.1,합격
L02874,2026-05-26 06:26,P-SEOUL-01,F-2,주간,1L,1.18,2.35,179.9,383,22.8,51.2,합격
L02875,2026-05-26 07:27,P-SEOUL-01,F-1,주간,1L,0.3,2.17,180.8,369,27.3,41.3,합격
L02876,2026-05-26 08:06,P-SEOUL-01,F-1,주간,500mL,-0.7,2.12,181.3,379,24.4,40.9,합격
L02877,2026-05-26 08:11,P-SEOUL-01,F-1,주간,1L,1.2,,179.4,393,18.4,41.3,합격
L02878,2026-05-26 08:40,P-SEOUL-01,F-2,주간,500mL,0.59,2.13,183.5,399,21.7,43.8,합격
L02879,2026-05-26 09:06,P-SEOUL-01,F-3,주간,500mL,0.87,1.97,182.0,403,19.6,51.4,합격
L02880,2026-05-26 09:19,P-SEOUL-01,F-1,주간,500mL,0.85,2.27,179.9,399,27.9,51.1,합격
L02881,2026-05-26 09:34,P-SEOUL-01,F-3,주간,500mL,-0.12,2.12,177.1,410,21.6,61.1,합격
L02882,2026-05-26 09:45,P-SEOUL-01,F-1,주간,500mL,1.11,2.05,178.0,408,21.1,50.1,합격
L02883,2026-05-26 09:51,P-SEOUL-01,F-3,주간,500mL,-0.22,2.01,183.0,397,24.2,61.4,합격
L02884,2026-05-26 10:00,P-SEOUL-01,F-1,주간,500mL,-1.02,2.08,181.3,413,23.2,47.0,합격
L02885,2026-05-26 10:20,P-SEOUL-01,F-1,주간,500mL,-2.01,2.31,178.9,413,21.9,55.6,합격
L02886,2026-05-26 10:31,P-SEOUL-01,F-1,주간,500mL,0.92,2.02,181.0,402,26.6,60.6,합격
L02887,2026-05-26 11:09,P-SEOUL-01,F-3,주간,500mL,0.84,1.29,175.5,418,23.8,51.8,재검
L02888,2026-05-26 11:27,P-SEOUL-01,F-1,주간,2L,-0.78,2.09,177.1,380,30.3,56.9,합격
L02889,2026-05-26 13:12,P-SEOUL-01,F-2,주간,1L,0.3,2.05,180.9,422,26.2,,합격
L02890,2026-05-26 13:54,P-SEOUL-01,F-2,주간,500mL,-1.03,2.13,178.7,387,32.4,55.6,합격
L02891,2026-05-26 14:31,P-SEOUL-01,F-2,오후,500mL,-0.2,1.96,178.4,407,21.7,37.2,합격
L02892,2026-05-26 14:55,P-SEOUL-01,F-2,오후,1L,-1.45,2.14,180.3,409,28.8,55.9,합격
L02893,2026-05-26 15:05,P-SEOUL-01,F-1,오후,500mL,0.49,2.13,177.2,397,18.5,52.6,합격
L02894,2026-05-26 15:48,P-SEOUL-01,F-2,오후,1L,-0.15,2.18,181.3,402,25.0,54.0,합격
L02895,2026-05-26 16:01,P-SEOUL-01,F-1,오후,500mL,0.31,2.07,184.9,409,23.4,39.3,합격
L02896,2026-05-26 16:18,P-SEOUL-01,F-3,오후,500mL,1.45,1.97,182.7,398,25.0,51.9,합격
L02897,2026-05-26 16:28,P-SEOUL-01,F-1,오후,2L,-1.42,2.01,180.1,404,27.6,54.3,합격
L02898,2026-05-26 16:57,P-SEOUL-01,F-1,오후,1L,1.42,1.82,176.5,399,24.1,61.7,합격
L02899,2026-05-26 17:10,P-SEOUL-01,F-1,오후,500mL,0.26,2.08,178.6,398,20.8,42.2,합격
L02900,2026-05-26 18:53,P-SEOUL-01,F-3,오후,500mL,1.01,2.43,177.9,385,21.3,64.8,합격
L02901,2026-05-26 18:54,P-SEOUL-01,F-3,오후,500mL,1.84,2.43,180.9,372,23.5,51.3,합격
L02902,2026-05-26 19:04,P-SEOUL-01,F-3,오후,2L,0.49,1.97,181.9,395,22.3,49.4,합격
L02903,2026-05-26 19:25,P-SEOUL-01,F-3,오후,2L,-0.09,2.0,177.8,399,19.6,50.0,합격
L02904,2026-05-26 19:31,P-SEOUL-01,F-1,오후,500mL,-1.16,2.3,181.9,418,26.5,55.2,합격
L02905,2026-05-26 19:43,P-SEOUL-01,F-1,오후,500mL,-0.1,2.08,176.8,400,21.9,41.9,합격
L02906,2026-05-26 20:33,P-SEOUL-01,F-1,오후,500mL,0.54,2.19,181.0,391,25.3,40.3,합격
L02907,2026-05-26 21:50,P-SEOUL-01,F-2,오후,1L,-0.79,2.07,180.7,389,24.6,64.2,합격
L02908,2026-05-26 23:07,P-SEOUL-01,F-3,야간,1L,-0.62,2.14,179.7,385,28.0,68.3,합격
L02909,2026-05-26 23:18,P-SEOUL-01,F-2,야간,1L,-0.66,1.32,179.1,390,21.3,51.0,재검
L02910,2026-05-26 23:30,P-SEOUL-01,F-1,야간,500mL,0.57,1.95,179.7,400,21.7,32.6,합격
L02911,2026-05-27 00:16,P-SEOUL-01,F-2,야간,500mL,0.86,1.97,183.7,400,19.1,57.5,합격
L02912,2026-05-27 01:13,P-SEOUL-01,F-1,야간,1L,-1.34,1.48,179.8,412,17.6,42.5,재검
L02913,2026-05-27 01:21,P-SEOUL-01,F-3,야간,500mL,-1.98,2.14,179.1,388,18.9,50.8,합격
L02914,2026-05-27 02:03,P-SEOUL-01,F-2,야간,500mL,-0.66,2.11,179.9,427,17.7,40.4,합격
L02915,2026-05-27 04:07,P-SEOUL-01,F-2,야간,1L,1.49,2.03,177.7,382,23.8,59.5,합격
L02916,2026-05-27 04:19,P-SEOUL-01,F-2,야간,2L,0.45,2.02,179.4,411,23.2,54.7,합격
L02917,2026-05-27 04:36,P-SEOUL-01,F-1,야간,1L,1.51,2.1,181.2,391,23.0,50.0,합격
L02918,2026-05-27 05:10,P-SEOUL-01,F-3,야간,1L,0.38,2.03,182.5,407,29.2,52.1,합격
L02919,2026-05-27 06:02,P-SEOUL-01,F-2,주간,500mL,3.99,2.02,182.3,383,26.7,40.0,재검
L02920,2026-05-27 06:13,P-SEOUL-01,F-3,주간,500mL,0.12,2.06,181.6,382,27.0,52.6,합격
L02921,2026-05-27 07:26,P-SEOUL-01,F-1,주간,2L,0.58,2.07,180.1,416,27.5,50.5,합격
L02922,2026-05-27 07:32,P-SEOUL-01,F-1,주간,2L,0.69,2.16,178.0,396,26.3,48.6,합격
L02923,2026-05-27 08:57,P-SEOUL-01,F-3,주간,500mL,0.33,2.13,177.9,416,23.6,48.7,합격
L02924,2026-05-27 09:24,P-SEOUL-01,F-2,주간,2L,1.21,1.97,177.2,379,25.7,51.7,합격
L02925,2026-05-27 09:46,P-SEOUL-01,F-2,주간,500mL,-1.44,2.25,180.7,389,19.7,53.0,합격
L02926,2026-05-27 09:48,P-SEOUL-01,F-3,주간,1L,0.59,2.0,182.0,392,28.4,64.2,합격
L02927,2026-05-27 10:07,P-SEOUL-01,F-1,주간,500mL,-0.35,2.12,180.7,403,24.7,44.5,합격
L02928,2026-05-27 11:09,P-SEOUL-01,F-1,주간,500mL,0.94,2.09,178.9,417,21.9,66.4,합격
L02929,2026-05-27 12:08,P-SEOUL-01,F-2,주간,500mL,1.2,2.08,175.5,393,25.1,57.6,합격
L02930,2026-05-27 12:27,P-SEOUL-01,F-1,주간,500mL,-0.26,1.98,178.2,405,26.9,53.3,합격
L02931,2026-05-27 14:00,P-SEOUL-01,F-3,오후,500mL,-1.7,2.01,179.1,418,23.4,59.5,합격
L02932,2026-05-27 14:35,P-SEOUL-01,F-1,오후,2L,1.7,2.28,182.5,382,27.8,42.9,합격
L02933,2026-05-27 14:40,P-SEOUL-01,F-3,오후,2L,0.85,1.41,181.1,402,25.4,61.7,재검
L02934,2026-05-27 14:52,P-SEOUL-01,F-3,오후,500mL,-1.12,2.05,178.2,395,21.3,49.3,합격
L02935,2026-05-27 15:13,P-SEOUL-01,F-1,오후,500mL,0.77,2.31,176.4,394,27.2,67.7,합격
L02936,2026-05-27 15:46,P-SEOUL-01,F-3,오후,1L,-0.34,2.15,181.7,397,15.4,52.3,합격
L02937,2026-05-27 17:38,P-SEOUL-01,F-2,오후,500mL,-0.34,2.35,182.2,401,24.4,50.2,합격
L02938,2026-05-27 17:40,P-SEOUL-01,F-3,오후,1L,-0.9,1.33,181.4,410,22.1,38.1,재검
L02939,2026-05-27 18:22,P-SEOUL-01,F-2,오후,500mL,1.14,2.16,176.2,395,29.2,42.9,합격
L02940,2026-05-27 18:23,P-SEOUL-01,F-2,오후,500mL,0.58,2.16,179.3,382,24.5,62.6,합격
L02941,2026-05-27 19:03,P-SEOUL-01,F-1,오후,500mL,-1.31,2.12,180.7,382,24.2,44.8,합격
L02942,2026-05-27 20:11,P-SEOUL-01,F-3,오후,2L,-0.14,2.04,177.0,412,25.9,61.1,합격
L02943,2026-05-27 20:16,P-SEOUL-01,F-1,오후,500mL,-0.92,2.25,182.1,391,23.3,51.9,합격
L02944,2026-05-27 20:23,P-SEOUL-01,F-2,오후,2L,-0.78,2.12,177.2,393,24.3,55.4,합격
L02945,2026-05-27 21:08,P-SEOUL-01,F-2,오후,500mL,-0.94,1.76,179.2,393,20.3,48.9,합격
L02946,2026-05-27 21:13,P-SEOUL-01,F-1,오후,500mL,-0.29,2.17,178.1,398,23.2,47.0,합격
L02947,2026-05-27 21:13,P-SEOUL-01,F-2,오후,500mL,4.16,2.1,180.7,413,24.9,45.0,재검
L02948,2026-05-27 21:33,P-SEOUL-01,F-1,오후,500mL,0.28,2.24,181.1,390,23.6,44.9,합격
L02949,2026-05-27 21:48,P-SEOUL-01,F-3,오후,1L,0.78,,179.1,409,23.8,53.0,합격
L02950,2026-05-27 22:33,P-SEOUL-01,F-2,야간,500mL,1.28,1.93,178.0,399,21.0,55.5,합격
L02951,2026-05-27 22:34,P-SEOUL-01,F-2,야간,500mL,0.5,2.22,182.7,395,35.1,50.4,합격
L02952,2026-05-27 22:56,P-SEOUL-01,F-3,야간,2L,-0.18,2.12,176.0,401,21.5,46.8,합격
L02953,2026-05-27 23:52,P-SEOUL-01,F-2,야간,500mL,-0.99,1.95,182.7,393,15.6,43.2,합격
L02954,2026-05-28 00:53,P-SEOUL-01,F-1,야간,500mL,0.23,2.06,174.6,402,23.7,48.6,합격
L02955,2026-05-28 01:08,P-SEOUL-01,F-1,야간,500mL,1.03,2.25,178.4,396,24.0,54.0,합격
L02956,2026-05-28 01:30,P-SEOUL-01,F-1,야간,500mL,-0.66,2.1,183.1,407,25.6,52.6,합격
L02957,2026-05-28 01:53,P-SEOUL-01,F-2,야간,500mL,0.72,1.39,179.0,404,26.1,38.7,재검
L02958,2026-05-28 02:04,P-SEOUL-01,F-1,야간,500mL,-1.3,2.19,179.3,419,25.3,53.8,합격
L02959,2026-05-28 02:23,P-SEOUL-01,F-3,야간,500mL,-0.58,2.13,179.4,407,26.1,53.5,합격
L02960,2026-05-28 02:49,P-SEOUL-01,F-1,야간,500mL,-0.71,1.97,179.8,406,32.7,52.4,합격
L02961,2026-05-28 03:27,P-SEOUL-01,F-2,야간,500mL,-0.96,2.12,180.4,399,21.8,44.8,합격
L02962,2026-05-28 03:59,P-SEOUL-01,F-2,야간,2L,-2.33,2.2,181.5,399,19.1,46.3,합격
L02963,2026-05-28 04:23,P-SEOUL-01,F-1,야간,2L,-1.34,2.03,178.1,391,24.5,47.5,합격
L02964,2026-05-28 04:40,P-SEOUL-01,F-2,야간,500mL,0.56,2.2,182.8,421,21.3,45.9,합격
L02965,2026-05-28 04:55,P-SEOUL-01,F-1,야간,500mL,0.44,2.02,180.3,404,27.9,53.2,합격
L02966,2026-05-28 05:42,P-SEOUL-01,F-2,야간,2L,0.54,2.18,179.9,389,24.8,46.9,합격
L02967,2026-05-28 06:47,P-SEOUL-01,F-2,주간,1L,1.78,2.08,181.6,400,21.8,58.1,합격
L02968,2026-05-28 07:27,P-SEOUL-01,F-1,주간,2L,-0.32,2.17,176.9,395,26.2,44.1,합격
L02969,2026-05-28 07:27,P-SEOUL-01,F-3,주간,500mL,-0.59,2.12,181.5,403,21.1,57.3,합격
L02970,2026-05-28 08:19,P-SEOUL-01,F-3,주간,2L,0.03,2.14,179.7,395,22.8,43.9,합격
L02971,2026-05-28 08:32,P-SEOUL-01,F-2,주간,1L,0.02,2.12,177.1,383,28.2,46.7,합격
L02972,2026-05-28 08:44,P-SEOUL-01,F-2,주간,500mL,1.08,2.2,177.4,391,27.7,58.0,합격
L02973,2026-05-28 08:45,P-SEOUL-01,F-3,주간,2L,0.63,2.05,179.8,394,24.5,48.0,합격
L02974,2026-05-28 09:03,P-SEOUL-01,F-2,주간,1L,-0.0,2.31,180.6,425,26.3,54.6,합격
L02975,2026-05-28 09:04,P-SEOUL-01,F-1,주간,500mL,0.4,1.91,179.7,404,19.7,41.8,합격
L02976,2026-05-28 09:46,P-SEOUL-01,F-2,주간,2L,-0.23,2.23,178.3,383,26.7,42.5,합격
L02977,2026-05-28 10:13,P-SEOUL-01,F-2,주간,500mL,3.7,2.15,178.5,403,29.0,57.4,재검
L02978,2026-05-28 10:15,P-SEOUL-01,F-3,주간,2L,0.95,2.17,178.0,401,25.3,51.9,합격
L02979,2026-05-28 10:24,P-SEOUL-01,F-3,주간,2L,0.47,2.15,178.9,393,26.3,53.1,합격
L02980,2026-05-28 11:21,P-SEOUL-01,F-3,주간,500mL,-0.35,2.22,177.1,424,23.7,52.1,합격
L02981,2026-05-28 11:32,P-SEOUL-01,F-1,주간,500mL,0.06,2.07,177.8,387,27.2,57.8,합격
L02982,2026-05-28 12:01,P-SEOUL-01,F-2,주간,500mL,-1.47,,179.0,390,24.1,53.8,합격
L02983,2026-05-28 12:12,P-SEOUL-01,F-3,주간,1L,-0.76,2.03,179.1,416,27.8,40.8,합격
L02984,2026-05-28 12:45,P-SEOUL-01,F-2,주간,500mL,-1.2,2.07,178.6,408,21.5,52.8,합격
L02985,2026-05-28 13:31,P-SEOUL-01,F-1,주간,500mL,0.73,2.22,180.4,405,22.0,66.2,합격
L02986,2026-05-28 13:57,P-SEOUL-01,F-2,주간,500mL,-0.4,2.39,179.7,396,22.6,40.2,합격
L02987,2026-05-28 14:13,P-SEOUL-01,F-1,오후,2L,0.55,2.12,180.8,424,22.2,56.7,합격
L02988,2026-05-28 15:00,P-SEOUL-01,F-1,오후,500mL,-1.48,2.02,178.9,413,20.3,59.2,합격
L02989,2026-05-28 16:22,P-SEOUL-01,F-3,오후,2L,-0.14,2.41,179.6,384,23.2,52.5,합격
L02990,2026-05-28 16:27,P-SEOUL-01,F-1,오후,500mL,0.12,2.4,180.1,398,25.3,52.7,합격
L02991,2026-05-28 16:56,P-SEOUL-01,F-2,오후,500mL,1.01,2.08,179.5,399,16.9,51.7,합격
L02992,2026-05-28 17:54,P-SEOUL-01,F-1,오후,1L,-0.27,2.17,181.6,404,32.1,58.5,합격
L02993,2026-05-28 17:55,P-SEOUL-01,F-3,오후,1L,-0.08,2.25,181.6,389,25.7,47.1,합격
L02994,2026-05-28 18:03,P-SEOUL-01,F-3,오후,2L,-0.08,2.03,181.0,407,25.4,45.9,합격
L02995,2026-05-28 18:41,P-SEOUL-01,F-2,오후,500mL,-1.02,2.15,179.8,411,25.6,56.7,합격
L02996,2026-05-28 18:45,P-SEOUL-01,F-1,오후,500mL,-1.56,2.39,179.2,404,23.7,60.1,합격
L02997,2026-05-28 18:55,P-SEOUL-01,F-1,오후,500mL,0.15,2.18,178.5,397,27.2,57.7,합격
L02998,2026-05-28 19:49,P-SEOUL-01,F-3,오후,500mL,-0.58,2.17,179.2,402,22.8,52.2,합격
L02999,2026-05-28 20:09,P-SEOUL-01,F-2,오후,2L,-0.35,2.02,183.0,422,27.8,54.7,합격
L03000,2026-05-28 20:41,P-SEOUL-01,F-3,오후,500mL,-0.26,2.19,180.7,399,26.6,52.9,합격
L03001,2026-05-28 20:41,P-SEOUL-01,F-3,오후,500mL,-2.05,2.16,177.2,377,21.8,54.1,합격
L03002,2026-05-28 20:42,P-SEOUL-01,F-3,오후,500mL,0.91,2.08,179.1,420,26.3,49.5,합격
L03003,2026-05-28 20:55,P-SEOUL-01,F-3,오후,500mL,0.41,2.13,179.6,404,26.6,53.3,합격
L03004,2026-05-28 21:04,P-SEOUL-01,F-3,오후,500mL,-0.52,2.09,182.9,395,16.0,53.0,합격
L03005,2026-05-28 21:10,P-SEOUL-01,F-3,오후,500mL,-0.64,2.05,180.6,400,19.6,34.8,합격
L03006,2026-05-28 21:45,P-SEOUL-01,F-1,오후,500mL,-0.54,1.95,177.5,403,18.6,48.6,합격
L03007,2026-05-28 22:28,P-SEOUL-01,F-3,야간,500mL,0.63,1.87,178.4,404,21.0,58.7,합격
L03008,2026-05-28 22:37,P-SEOUL-01,F-2,야간,500mL,-0.91,2.11,179.6,394,25.7,51.0,합격
L03009,2026-05-28 22:40,P-SEOUL-01,F-2,야간,500mL,0.8,1.98,180.3,413,26.1,64.1,합격
L03010,2026-05-28 22:47,P-SEOUL-01,F-1,야간,500mL,-0.95,2.23,180.8,403,26.1,52.6,합격
L03011,2026-05-28 22:54,P-SEOUL-01,F-1,야간,500mL,-0.64,2.12,179.7,391,21.8,53.6,합격
L03012,2026-05-28 23:09,P-SEOUL-01,F-1,야간,1L,-1.04,2.05,179.0,419,26.1,42.3,합격
L03013,2026-05-28 23:54,P-SEOUL-01,F-2,야간,500mL,0.2,2.18,182.9,413,19.6,58.4,합격
L03014,2026-05-29 00:01,P-SEOUL-01,F-2,야간,500mL,0.45,,182.3,404,21.2,39.7,합격
L03015,2026-05-29 00:14,P-SEOUL-01,F-3,야간,500mL,-0.08,1.89,182.7,402,24.4,41.5,합격
L03016,2026-05-29 00:23,P-SEOUL-01,F-1,야간,1L,-0.48,2.14,183.3,393,21.1,46.0,합격
L03017,2026-05-29 00:33,P-SEOUL-01,F-3,야간,1L,0.71,2.06,180.0,410,26.9,54.5,합격
L03018,2026-05-29 00:51,P-SEOUL-01,F-2,야간,2L,-1.2,1.91,178.4,399,17.3,58.3,합격
L03019,2026-05-29 01:10,P-SEOUL-01,F-1,야간,500mL,-1.49,2.14,178.6,399,24.7,53.6,합격
L03020,2026-05-29 01:30,P-SEOUL-01,F-3,야간,500mL,-0.92,1.84,181.3,407,24.4,40.5,합격
L03021,2026-05-29 02:13,P-SEOUL-01,F-1,야간,1L,0.59,2.19,184.1,405,19.2,54.7,합격
L03022,2026-05-29 02:44,P-SEOUL-01,F-1,야간,2L,-0.15,1.47,183.9,394,25.2,46.6,재검
L03023,2026-05-29 03:17,P-SEOUL-01,F-1,야간,500mL,-0.87,2.06,179.7,398,32.7,60.5,합격
L03024,2026-05-29 04:23,P-SEOUL-01,F-3,야간,2L,-0.01,2.14,182.0,408,22.1,44.1,합격
L03025,2026-05-29 04:52,P-SEOUL-01,F-2,야간,500mL,-0.38,2.03,178.1,386,20.6,38.9,합격
L03026,2026-05-29 05:26,P-SEOUL-01,F-1,야간,2L,2.55,2.05,179.7,360,22.8,49.4,합격
L03027,2026-05-29 06:08,P-SEOUL-01,F-1,주간,1L,1.35,2.1,181.0,395,20.6,50.6,합격
L03028,2026-05-29 06:20,P-SEOUL-01,F-1,주간,500mL,0.83,2.02,179.7,401,22.9,59.7,합격
L03029,2026-05-29 06:49,P-SEOUL-01,F-2,주간,500mL,-0.15,2.17,178.0,406,20.7,64.2,합격
L03030,2026-05-29 10:42,P-SEOUL-01,F-2,주간,1L,-0.03,1.99,180.6,379,23.8,47.2,합격
L03031,2026-05-29 11:19,P-SEOUL-01,F-1,주간,2L,-0.88,2.14,177.9,402,27.3,60.3,합격
L03032,2026-05-29 11:28,P-SEOUL-01,F-3,주간,500mL,-0.02,2.02,181.3,389,20.6,45.4,합격
L03033,2026-05-29 11:51,P-SEOUL-01,F-2,주간,500mL,-0.26,2.13,179.1,428,28.0,56.5,합격
L03034,2026-05-29 12:17,P-SEOUL-01,F-3,주간,1L,1.81,2.11,185.1,394,23.0,57.1,합격
L03035,2026-05-29 12:45,P-SEOUL-01,F-1,주간,2L,-0.93,2.1,177.4,407,25.3,52.2,합격
L03036,2026-05-29 12:54,P-SEOUL-01,F-3,주간,1L,1.87,2.23,178.2,405,22.6,56.7,합격
L03037,2026-05-29 13:01,P-SEOUL-01,F-2,주간,1L,-0.48,2.29,180.8,418,22.4,47.2,합격
L03038,2026-05-29 13:08,P-SEOUL-01,F-1,주간,500mL,0.33,2.0,179.9,405,23.9,50.7,합격
L03039,2026-05-29 14:41,P-SEOUL-01,F-3,오후,500mL,0.9,,179.3,398,23.5,61.5,합격
L03040,2026-05-29 14:54,P-SEOUL-01,F-1,오후,500mL,0.47,1.89,177.5,405,28.4,53.1,합격
L03041,2026-05-29 15:19,P-SEOUL-01,F-1,오후,1L,-0.26,2.31,180.4,397,23.9,59.3,합격
L03042,2026-05-29 15:54,P-SEOUL-01,F-1,오후,2L,0.6,1.91,180.8,392,21.8,59.0,합격
L03043,2026-05-29 16:13,P-SEOUL-01,F-1,오후,500mL,-1.79,2.06,180.2,384,27.1,55.5,합격
L03044,2026-05-29 16:36,P-SEOUL-01,F-2,오후,500mL,0.53,2.1,181.0,404,23.3,49.0,합격
L03045,2026-05-29 16:51,P-SEOUL-01,F-3,오후,2L,-0.4,1.98,176.6,404,23.2,67.5,합격
L03046,2026-05-29 17:08,P-SEOUL-01,F-1,오후,2L,-0.61,2.18,178.3,389,28.9,52.4,합격
L03047,2026-05-29 17:27,P-SEOUL-01,F-2,오후,2L,0.93,2.05,181.2,393,21.7,42.0,합격
L03048,2026-05-29 17:36,P-SEOUL-01,F-1,오후,500mL,1.04,2.13,180.8,398,25.4,57.9,합격
L03049,2026-05-29 17:50,P-SEOUL-01,F-2,오후,1L,1.27,1.97,178.3,398,20.7,50.6,합격
L03050,2026-05-29 18:28,P-SEOUL-01,F-2,오후,500mL,-0.28,1.94,178.6,405,23.9,44.1,합격
L03051,2026-05-29 18:38,P-SEOUL-01,F-2,오후,2L,0.31,1.99,178.1,411,28.1,53.9,합격
L03052,2026-05-29 18:47,P-SEOUL-01,F-3,오후,2L,0.91,2.12,180.0,393,27.6,39.3,합격
L03053,2026-05-29 19:34,P-SEOUL-01,F-2,오후,500mL,-0.83,2.05,182.5,406,19.8,43.9,합격
L03054,2026-05-29 20:16,P-SEOUL-01,F-1,오후,500mL,-0.8,2.1,180.7,387,23.0,63.7,합격
L03055,2026-05-29 21:10,P-SEOUL-01,F-2,오후,500mL,0.24,2.15,178.6,410,27.2,37.4,합격
L03056,2026-05-29 21:21,P-SEOUL-01,F-2,오후,2L,0.89,1.97,179.3,387,19.9,54.1,합격
L03057,2026-05-29 22:13,P-SEOUL-01,F-2,야간,500mL,0.26,2.0,181.2,409,20.4,58.1,합격
L03058,2026-05-29 23:03,P-SEOUL-01,F-1,야간,500mL,0.45,2.02,178.9,382,26.7,65.9,합격
L03059,2026-05-29 23:55,P-SEOUL-01,F-2,야간,2L,-0.43,1.96,180.3,389,20.3,57.7,합격
L03060,2026-05-30 00:24,P-SEOUL-01,F-1,야간,1L,0.29,2.14,180.1,391,27.7,53.8,합격
L03061,2026-05-30 01:06,P-SEOUL-01,F-1,야간,500mL,-0.64,2.12,180.0,410,24.0,46.0,합격
L03062,2026-05-30 01:50,P-SEOUL-01,F-2,야간,500mL,1.68,2.23,178.1,395,20.8,51.4,합격
L03063,2026-05-30 01:53,P-SEOUL-01,F-1,야간,2L,0.09,2.02,179.0,402,22.6,41.2,합격
L03064,2026-05-30 01:57,P-SEOUL-01,F-1,야간,500mL,0.7,2.51,177.6,406,26.7,50.3,합격
L03065,2026-05-30 02:32,P-SEOUL-01,F-1,야간,500mL,-0.51,2.02,178.2,383,19.3,46.6,합격
L03066,2026-05-30 02:54,P-SEOUL-01,F-2,야간,500mL,-0.89,1.98,180.8,409,22.4,46.0,합격
L03067,2026-05-30 03:13,P-SEOUL-01,F-2,야간,500mL,-0.08,2.02,180.5,383,25.1,54.1,합격
L03068,2026-05-30 03:58,P-SEOUL-01,F-1,야간,500mL,1.06,1.94,178.0,395,29.1,52.5,합격
L03069,2026-05-30 04:33,P-SEOUL-01,F-3,야간,2L,-1.04,2.07,178.9,399,21.4,53.2,합격
L03070,2026-05-30 05:01,P-SEOUL-01,F-3,야간,500mL,-0.03,2.31,179.5,394,21.1,56.0,재검
L03071,2026-05-30 05:28,P-SEOUL-01,F-1,야간,500mL,-0.54,2.0,179.0,407,23.2,38.3,합격
L03072,2026-05-30 05:29,P-SEOUL-01,F-1,야간,2L,1.35,2.04,175.9,385,20.3,48.1,합격
L03073,2026-05-30 05:57,P-SEOUL-01,F-2,야간,2L,-0.51,1.93,184.0,401,24.2,63.3,합격
L03074,2026-05-30 06:03,P-SEOUL-01,F-3,주간,2L,0.39,2.19,180.3,398,20.9,56.0,합격
L03075,2026-05-30 06:07,P-SEOUL-01,F-3,주간,500mL,-0.63,2.22,179.9,417,27.3,,합격
L03076,2026-05-30 06:49,P-SEOUL-01,F-2,주간,500mL,0.3,1.96,179.7,395,15.8,63.4,합격
L03077,2026-05-30 06:49,P-SEOUL-01,F-1,주간,2L,1.53,1.94,178.6,375,21.9,54.2,합격
L03078,2026-05-30 08:22,P-SEOUL-01,F-1,주간,1L,-0.53,2.2,178.6,422,23.3,56.7,합격
L03079,2026-05-30 11:07,P-SEOUL-01,F-2,주간,500mL,-0.17,2.22,178.6,394,25.3,49.5,합격
L03080,2026-05-30 11:19,P-SEOUL-01,F-2,주간,1L,0.91,1.99,175.7,405,24.9,59.6,합격
L03081,2026-05-30 11:43,P-SEOUL-01,F-1,주간,500mL,-4.07,2.15,177.5,389,20.2,47.3,재검
L03082,2026-05-30 12:52,P-SEOUL-01,F-3,주간,500mL,-0.4,2.01,185.1,396,25.2,57.0,합격
L03083,2026-05-30 13:13,P-SEOUL-01,F-2,주간,2L,-1.25,2.13,178.7,376,21.6,48.6,합격
L03084,2026-05-30 14:02,P-SEOUL-01,F-2,오후,500mL,-0.82,2.19,176.0,393,22.5,50.0,합격
L03085,2026-05-30 14:54,P-SEOUL-01,F-2,오후,500mL,0.33,1.97,180.2,396,27.1,42.8,합격
L03086,2026-05-30 15:08,P-SEOUL-01,F-1,오후,500mL,-0.67,2.15,176.6,401,22.4,49.6,합격
L03087,2026-05-30 15:08,P-SEOUL-01,F-3,오후,2L,-0.18,2.17,182.5,385,33.1,,합격
L03088,2026-05-30 15:10,P-SEOUL-01,F-2,오후,1L,0.76,2.12,179.5,407,30.6,49.8,합격
L03089,2026-05-30 15:19,P-SEOUL-01,F-1,오후,500mL,0.16,2.09,178.4,403,22.8,54.0,합격
L03090,2026-05-30 15:40,P-SEOUL-01,F-3,오후,500mL,-2.03,2.19,179.6,427,28.6,53.5,합격
L03091,2026-05-30 15:40,P-SEOUL-01,F-1,오후,500mL,-0.13,2.14,179.2,377,24.0,53.7,합격
L03092,2026-05-30 15:41,P-SEOUL-01,F-1,오후,500mL,-1.03,2.1,180.8,396,23.7,58.2,합격
L03093,2026-05-30 16:07,P-SEOUL-01,F-1,오후,2L,0.86,2.15,181.8,430,26.8,43.2,합격
L03094,2026-05-30 16:41,P-SEOUL-01,F-1,오후,1L,0.82,2.0,180.1,392,20.4,48.8,합격
L03095,2026-05-30 17:39,P-SEOUL-01,F-2,오후,2L,-0.05,2.17,178.4,402,27.1,56.1,합격
L03096,2026-05-30 17:50,P-SEOUL-01,F-3,오후,500mL,0.07,1.32,178.6,384,26.8,59.6,재검
L03097,2026-05-30 18:11,P-SEOUL-01,F-2,오후,1L,-0.5,2.09,180.6,400,24.3,49.6,합격
L03098,2026-05-30 20:17,P-SEOUL-01,F-1,오후,2L,-1.03,2.08,179.1,403,20.3,45.4,합격
L03099,2026-05-30 20:49,P-SEOUL-01,F-2,오후,500mL,0.91,2.09,181.8,401,21.5,43.6,합격
L03100,2026-05-30 20:58,P-SEOUL-01,F-1,오후,500mL,0.59,2.2,181.3,382,21.6,53.9,합격
L03101,2026-05-30 21:00,P-SEOUL-01,F-1,오후,500mL,0.17,1.46,179.5,388,21.2,52.9,재검
L03102,2026-05-30 21:04,P-SEOUL-01,F-1,오후,2L,0.22,2.32,179.5,389,25.1,61.5,합격
L03103,2026-05-30 21:31,P-SEOUL-01,F-1,오후,500mL,-0.06,2.17,178.8,391,20.7,52.0,합격
L03104,2026-05-30 21:37,P-SEOUL-01,F-1,오후,500mL,1.13,,180.3,395,22.5,49.6,합격
L03105,2026-05-30 21:47,P-SEOUL-01,F-3,오후,500mL,0.24,2.25,176.4,397,21.1,56.6,합격
L03106,2026-05-30 22:02,P-SEOUL-01,F-1,야간,500mL,0.05,1.86,179.1,408,27.9,49.4,합격
L03107,2026-05-30 22:45,P-SEOUL-01,F-1,야간,1L,0.47,1.35,182.1,391,17.1,54.1,재검
L03108,2026-05-30 23:21,P-SEOUL-01,F-3,야간,1L,0.19,2.11,182.0,401,24.7,58.7,합격
L03109,2026-05-31 00:03,P-SEOUL-01,F-2,야간,2L,-0.84,2.15,178.7,402,26.1,54.7,합격
L03110,2026-05-31 00:17,P-SEOUL-01,F-2,야간,1L,-0.48,2.09,180.1,417,25.1,55.6,합격
L03111,2026-05-31 00:59,P-SEOUL-01,F-3,야간,1L,-0.66,2.0,181.6,413,21.0,61.1,합격
L03112,2026-05-31 01:18,P-SEOUL-01,F-3,야간,500mL,-0.06,2.1,181.7,390,24.8,62.2,합격
L03113,2026-05-31 02:16,P-SEOUL-01,F-1,야간,1L,3.34,1.78,180.8,426,19.0,41.6,재검
L03114,2026-05-31 02:17,P-SEOUL-01,F-1,야간,500mL,-1.45,2.05,183.1,392,21.4,64.2,합격
L03115,2026-05-31 02:46,P-SEOUL-01,F-2,야간,500mL,0.21,2.21,181.5,391,23.5,64.9,합격
L03116,2026-05-31 03:56,P-SEOUL-01,F-1,야간,1L,0.17,2.04,179.4,412,23.5,56.7,합격
L03117,2026-05-31 03:57,P-SEOUL-01,F-2,야간,500mL,0.3,2.15,179.9,385,23.4,55.2,합격
L03118,2026-05-31 04:12,P-SEOUL-01,F-2,야간,500mL,-1.58,1.99,177.6,418,26.7,51.6,합격
L03119,2026-05-31 05:26,P-SEOUL-01,F-3,야간,1L,0.65,2.17,180.4,402,25.3,51.9,합격
L03120,2026-05-31 06:33,P-SEOUL-01,F-3,주간,500mL,-1.29,2.2,179.3,392,26.9,52.7,합격
L03121,2026-05-31 07:03,P-SEOUL-01,F-2,주간,500mL,-4.65,2.41,176.7,418,25.5,49.9,재검
L03122,2026-05-31 07:50,P-SEOUL-01,F-1,주간,2L,-0.2,2.43,180.1,391,23.8,44.8,합격
L03123,2026-05-31 08:56,P-SEOUL-01,F-2,주간,1L,-0.36,2.01,178.5,412,16.5,54.7,합격
L03124,2026-05-31 09:12,P-SEOUL-01,F-1,주간,500mL,-0.46,2.04,180.5,411,24.1,38.1,합격
L03125,2026-05-31 09:30,P-SEOUL-01,F-3,주간,2L,-0.71,2.16,180.4,395,20.1,44.7,합격
L03126,2026-05-31 09:44,P-SEOUL-01,F-1,주간,2L,0.14,2.03,179.2,412,24.7,42.3,합격
L03127,2026-05-31 10:04,P-SEOUL-01,F-1,주간,500mL,0.71,2.09,183.5,380,16.8,59.3,합격
L03128,2026-05-31 10:08,P-SEOUL-01,F-2,주간,500mL,-0.33,2.38,180.8,415,26.2,68.3,합격
L03129,2026-05-31 10:11,P-SEOUL-01,F-3,주간,500mL,0.67,2.14,184.1,396,25.9,55.0,합격
L03130,2026-05-31 10:27,P-SEOUL-01,F-1,주간,500mL,0.25,2.39,179.8,397,26.1,47.9,합격
L03131,2026-05-31 10:49,P-SEOUL-01,F-2,주간,1L,-0.29,1.87,178.0,395,24.6,46.3,합격
L03132,2026-05-31 10:51,P-SEOUL-01,F-1,주간,1L,-0.57,2.27,180.5,412,23.2,44.8,합격
L03133,2026-05-31 10:58,P-SEOUL-01,F-2,주간,1L,0.8,2.14,181.0,387,25.6,56.1,합격
L03134,2026-05-31 12:13,P-SEOUL-01,F-2,주간,500mL,-0.02,1.92,180.8,401,23.6,55.2,합격
L03135,2026-05-31 12:45,P-SEOUL-01,F-2,주간,500mL,-1.4,2.09,182.8,408,23.8,54.8,합격
L03136,2026-05-31 12:45,P-SEOUL-01,F-2,주간,500mL,0.08,2.08,179.1,405,23.2,42.6,합격
L03137,2026-05-31 12:50,P-SEOUL-01,F-2,주간,1L,0.15,1.99,177.9,404,21.8,45.0,합격
L03138,2026-05-31 12:51,P-SEOUL-01,F-2,주간,500mL,-0.96,2.1,180.1,407,22.6,58.1,합격
L03139,2026-05-31 15:20,P-SEOUL-01,F-2,오후,500mL,0.26,2.16,178.5,406,25.7,60.5,합격
L03140,2026-05-31 15:33,P-SEOUL-01,F-2,오후,1L,-0.33,1.85,176.6,393,25.3,58.4,합격
L03141,2026-05-31 15:40,P-SEOUL-01,F-1,오후,1L,3.96,2.07,178.2,401,24.3,59.3,재검
L03142,2026-05-31 15:46,P-SEOUL-01,F-3,오후,500mL,-1.11,1.26,178.7,405,18.1,59.0,재검
L03143,2026-05-31 16:08,P-SEOUL-01,F-1,오후,500mL,0.36,2.09,181.6,416,21.3,49.0,합격
L03144,2026-05-31 17:42,P-SEOUL-01,F-2,오후,2L,-0.22,2.26,179.9,411,21.8,37.4,합격
L03145,2026-05-31 18:21,P-SEOUL-01,F-3,오후,500mL,-0.52,2.29,182.5,406,22.8,47.7,합격
L03146,2026-05-31 18:29,P-SEOUL-01,F-1,오후,2L,0.62,2.22,181.3,400,20.2,57.8,합격
L03147,2026-05-31 19:15,P-SEOUL-01,F-2,오후,2L,0.06,2.04,180.7,409,17.2,45.5,합격
L03148,2026-05-31 19:26,P-SEOUL-01,F-2,오후,500mL,-0.88,2.22,180.4,388,25.6,,합격
L03149,2026-05-31 19:52,P-SEOUL-01,F-1,오후,500mL,0.91,1.96,182.1,421,28.0,54.4,합격
L03150,2026-05-31 20:11,P-SEOUL-01,F-1,오후,500mL,1.73,2.2,182.3,401,21.3,39.6,합격
L03151,2026-05-31 20:12,P-SEOUL-01,F-1,오후,500mL,-0.99,2.13,181.6,404,25.0,52.3,합격
L03152,2026-05-31 20:14,P-SEOUL-01,F-3,오후,500mL,-0.45,2.18,178.6,394,18.7,51.8,합격
L03153,2026-05-31 20:21,P-SEOUL-01,F-3,오후,1L,-0.76,2.33,181.3,401,25.1,54.2,합격
L03154,2026-05-31 20:51,P-SEOUL-01,F-3,오후,1L,0.49,2.21,181.8,397,18.9,40.5,합격
L03155,2026-05-31 22:12,P-SEOUL-01,F-1,야간,500mL,-1.51,1.99,182.6,389,26.4,48.1,합격
L03156,2026-05-31 22:42,P-SEOUL-01,F-1,야간,1L,0.09,2.18,180.4,409,21.5,58.1,합격
L03157,2026-05-31 22:45,P-SEOUL-01,F-3,야간,500mL,0.87,2.04,178.2,411,25.3,48.4,합격
L03158,2026-05-31 23:46,P-SEOUL-01,F-1,야간,1L,-1.21,2.03,178.8,401,22.5,59.2,합격
L03159,2026-06-01 02:07,P-SEOUL-01,F-1,야간,500mL,0.13,2.03,174.3,400,17.0,53.3,합격
L03160,2026-06-01 02:48,P-SEOUL-01,F-3,야간,500mL,-0.5,2.08,182.6,403,25.5,75.4,합격
L03161,2026-06-01 03:22,P-SEOUL-01,F-2,야간,1L,-1.07,2.17,183.9,420,20.9,70.2,합격
L03162,2026-06-01 03:24,P-SEOUL-01,F-2,야간,500mL,1.27,2.14,179.6,402,22.5,58.0,합격
L03163,2026-06-01 03:50,P-SEOUL-01,F-1,야간,500mL,0.67,2.23,179.6,377,23.1,40.8,합격
L03164,2026-06-01 04:52,P-SEOUL-01,F-2,야간,500mL,-1.18,1.94,180.6,398,22.1,44.3,합격
L03165,2026-06-01 05:20,P-SEOUL-01,F-1,야간,500mL,-1.93,2.01,178.7,420,32.8,60.2,합격
L03166,2026-06-01 05:46,P-SEOUL-01,F-1,야간,500mL,2.31,2.19,178.8,397,22.3,47.6,합격
L03167,2026-06-01 06:05,P-SEOUL-01,F-1,주간,1L,0.02,1.41,182.1,394,29.0,51.5,재검
L03168,2026-06-01 06:12,P-SEOUL-01,F-3,주간,1L,0.53,1.94,180.2,382,22.3,47.6,합격
L03169,2026-06-01 06:33,P-SEOUL-01,F-1,주간,1L,0.4,1.3,180.0,402,23.1,46.6,재검
L03170,2026-06-01 06:48,P-SEOUL-01,F-2,주간,1L,1.37,2.28,180.0,394,23.9,55.3,합격
L03171,2026-06-01 06:52,P-SEOUL-01,F-2,주간,500mL,-1.16,1.98,178.3,417,26.6,47.6,합격
L03172,2026-06-01 07:31,P-SEOUL-01,F-2,주간,500mL,-0.7,2.05,180.0,412,23.1,52.3,합격
L03173,2026-06-01 07:35,P-SEOUL-01,F-2,주간,500mL,-0.76,2.13,180.7,380,25.0,55.0,합격
L03174,2026-06-01 07:37,P-SEOUL-01,F-1,주간,500mL,0.61,2.13,181.0,393,26.5,60.7,합격
L03175,2026-06-01 07:57,P-SEOUL-01,F-2,주간,2L,-0.3,1.97,180.6,403,22.2,53.6,합격
L03176,2026-06-01 08:24,P-SEOUL-01,F-3,주간,500mL,-0.28,2.3,177.4,394,22.5,55.1,합격
L03177,2026-06-01 08:29,P-SEOUL-01,F-3,주간,500mL,0.13,1.94,178.1,400,25.4,51.0,합격
L03178,2026-06-01 08:53,P-SEOUL-01,F-2,주간,500mL,-0.02,1.89,182.3,402,23.1,52.1,합격
L03179,2026-06-01 09:21,P-SEOUL-01,F-2,주간,500mL,0.41,2.25,181.7,387,19.9,49.2,합격
L03180,2026-06-01 10:07,P-SEOUL-01,F-2,주간,1L,0.74,2.04,178.4,386,20.6,41.6,합격
L03181,2026-06-01 10:32,P-SEOUL-01,F-3,주간,1L,-0.94,2.07,180.7,399,22.1,54.5,합격
L03182,2026-06-01 10:45,P-SEOUL-01,F-2,주간,500mL,0.87,2.16,181.7,393,25.1,66.4,합격
L03183,2026-06-01 10:53,P-SEOUL-01,F-1,주간,2L,-1.22,2.26,180.1,383,20.5,44.4,합격
L03184,2026-06-01 11:05,P-SEOUL-01,F-1,주간,500mL,-2.48,1.92,181.8,408,25.8,45.5,합격
L03185,2026-06-01 12:24,P-SEOUL-01,F-3,주간,1L,0.47,2.03,179.0,383,26.9,55.7,합격
L03186,2026-06-01 12:24,P-SEOUL-01,F-1,주간,1L,0.44,1.95,181.9,397,23.3,48.4,합격
L03187,2026-06-01 12:31,P-SEOUL-01,F-3,주간,1L,-1.24,2.06,178.2,415,25.4,52.4,합격
L03188,2026-06-01 12:38,P-SEOUL-01,F-1,주간,500mL,-0.77,2.17,179.6,391,29.2,54.8,합격
L03189,2026-06-01 12:46,P-SEOUL-01,F-1,주간,2L,-1.12,1.97,180.8,404,24.1,40.9,합격
L03190,2026-06-01 14:44,P-SEOUL-01,F-1,오후,500mL,-0.75,2.36,180.7,392,26.2,45.1,합격
L03191,2026-06-01 14:49,P-SEOUL-01,F-1,오후,500mL,1.7,2.28,184.5,400,21.2,70.1,합격
L03192,2026-06-01 14:59,P-SEOUL-01,F-1,오후,500mL,-1.37,2.0,180.6,387,24.3,50.4,합격
L03193,2026-06-01 15:22,P-SEOUL-01,F-1,오후,1L,0.07,2.29,181.7,386,24.6,64.0,합격
L03194,2026-06-01 16:12,P-SEOUL-01,F-1,오후,1L,-0.56,2.1,180.9,398,29.3,46.9,합격
L03195,2026-06-01 16:45,P-SEOUL-01,F-1,오후,500mL,-1.24,1.97,180.6,416,22.3,49.3,합격
L03196,2026-06-01 16:49,P-SEOUL-01,F-1,오후,500mL,0.52,2.15,182.1,421,24.6,41.5,합격
L03197,2026-06-01 16:56,P-SEOUL-01,F-3,오후,500mL,0.73,2.0,176.2,421,28.4,47.3,합격
L03198,2026-06-01 17:22,P-SEOUL-01,F-2,오후,1L,-0.83,2.45,179.3,400,17.5,54.0,합격
L03199,2026-06-01 17:35,P-SEOUL-01,F-2,오후,500mL,1.44,2.02,179.8,418,23.4,66.5,합격
L03200,2026-06-01 17:54,P-SEOUL-01,F-2,오후,2L,0.83,2.18,179.9,407,25.9,50.9,합격
L03201,2026-06-01 18:20,P-SEOUL-01,F-2,오후,1L,0.53,2.28,178.3,403,22.8,52.8,합격
L03202,2026-06-01 19:51,P-SEOUL-01,F-1,오후,500mL,0.69,2.15,175.4,406,23.6,67.2,합격
L03203,2026-06-01 21:49,P-SEOUL-01,F-2,오후,1L,0.44,2.06,180.7,405,22.6,46.3,합격
L03204,2026-06-01 21:53,P-SEOUL-01,F-1,오후,500mL,0.54,2.12,177.5,403,25.9,45.5,합격
L03205,2026-06-01 23:37,P-SEOUL-01,F-3,야간,2L,-0.33,2.06,178.8,406,23.9,55.9,합격
L03206,2026-06-01 23:55,P-SEOUL-01,F-1,야간,2L,-0.29,2.31,179.7,404,24.1,48.5,합격
L03207,2026-06-02 00:00,P-SEOUL-01,F-1,야간,500mL,0.26,2.02,182.8,411,23.9,82.5,합격
L03208,2026-06-02 00:10,P-SEOUL-01,F-1,야간,1L,-0.79,1.91,180.6,413,27.2,58.4,합격
L03209,2026-06-02 01:02,P-SEOUL-01,F-2,야간,500mL,-0.23,2.14,180.2,412,25.9,53.7,합격
L03210,2026-06-02 01:24,P-SEOUL-01,F-2,야간,1L,0.48,2.18,180.2,400,22.2,65.8,합격
L03211,2026-06-02 01:53,P-SEOUL-01,F-3,야간,500mL,0.9,2.2,180.0,406,22.3,46.4,합격
L03212,2026-06-02 02:00,P-SEOUL-01,F-1,야간,1L,1.01,2.23,177.8,385,24.0,50.8,합격
L03213,2026-06-02 02:01,P-SEOUL-01,F-3,야간,500mL,-0.25,1.98,180.3,399,23.4,33.8,합격
L03214,2026-06-02 02:10,P-SEOUL-01,F-3,야간,1L,-1.36,2.18,179.3,412,22.5,47.4,합격
L03215,2026-06-02 03:58,P-SEOUL-01,F-1,야간,500mL,1.56,2.02,177.2,414,21.0,49.3,합격
L03216,2026-06-02 04:12,P-SEOUL-01,F-3,야간,500mL,-0.27,1.86,176.7,400,28.5,31.5,재검
L03217,2026-06-02 04:21,P-SEOUL-01,F-1,야간,500mL,0.28,2.04,183.9,383,29.1,53.1,합격
L03218,2026-06-02 04:59,P-SEOUL-01,F-3,야간,500mL,-1.32,2.14,180.1,403,28.0,58.2,합격
L03219,2026-06-02 05:10,P-SEOUL-01,F-3,야간,500mL,-1.45,1.96,180.3,396,26.5,45.6,합격
L03220,2026-06-02 06:35,P-SEOUL-01,F-1,주간,2L,-0.72,1.84,181.3,392,30.0,52.0,합격
L03221,2026-06-02 07:29,P-SEOUL-01,F-3,주간,1L,-0.73,2.12,178.8,401,25.6,40.5,합격
L03222,2026-06-02 07:47,P-SEOUL-01,F-2,주간,500mL,-1.5,2.15,180.6,401,24.2,52.4,합격
L03223,2026-06-02 07:54,P-SEOUL-01,F-1,주간,500mL,-0.6,,178.6,405,25.0,41.2,합격
L03224,2026-06-02 08:05,P-SEOUL-01,F-1,주간,2L,0.25,2.17,178.5,405,26.2,55.1,합격
L03225,2026-06-02 08:15,P-SEOUL-01,F-2,주간,500mL,0.03,1.94,179.7,390,28.8,54.8,합격
L03226,2026-06-02 08:26,P-SEOUL-01,F-1,주간,500mL,1.17,2.17,178.8,397,23.1,53.9,합격
L03227,2026-06-02 08:36,P-SEOUL-01,F-3,주간,500mL,0.6,2.23,176.9,384,26.0,48.1,합격
L03228,2026-06-02 08:59,P-SEOUL-01,F-3,주간,1L,0.96,,177.5,421,24.0,57.9,합격
L03229,2026-06-02 09:00,P-SEOUL-01,F-2,주간,2L,-0.65,2.18,179.1,394,21.8,47.0,합격
L03230,2026-06-02 10:25,P-SEOUL-01,F-2,주간,500mL,-0.7,2.14,177.5,390,29.1,40.7,합격
L03231,2026-06-02 10:41,P-SEOUL-01,F-3,주간,2L,0.44,2.2,178.4,401,22.9,61.3,합격
L03232,2026-06-02 10:46,P-SEOUL-01,F-2,주간,1L,-0.2,1.99,181.1,405,23.0,53.2,합격
L03233,2026-06-02 11:39,P-SEOUL-01,F-3,주간,1L,-0.74,1.98,180.1,404,22.1,61.3,합격
L03234,2026-06-02 12:05,P-SEOUL-01,F-2,주간,1L,-1.45,1.97,179.4,407,22.0,44.1,합격
L03235,2026-06-02 12:18,P-SEOUL-01,F-1,주간,500mL,1.07,2.23,178.6,415,19.4,47.9,합격
L03236,2026-06-02 12:24,P-SEOUL-01,F-1,주간,500mL,-1.34,1.86,179.7,398,21.0,53.9,합격
L03237,2026-06-02 12:44,P-SEOUL-01,F-1,주간,500mL,0.5,1.95,181.6,391,25.6,50.0,합격
L03238,2026-06-02 14:20,P-SEOUL-01,F-2,오후,500mL,-0.83,2.07,182.1,436,26.3,45.6,합격
L03239,2026-06-02 14:34,P-SEOUL-01,F-2,오후,500mL,-0.46,2.1,181.4,398,31.0,50.3,합격
L03240,2026-06-02 15:48,P-SEOUL-01,F-1,오후,500mL,-0.4,2.11,179.0,409,23.4,59.1,합격
L03241,2026-06-02 16:03,P-SEOUL-01,F-1,오후,2L,0.52,2.18,179.6,397,22.2,53.9,합격
L03242,2026-06-02 16:06,P-SEOUL-01,F-3,오후,2L,1.63,2.08,180.1,404,28.9,57.3,합격
L03243,2026-06-02 16:18,P-SEOUL-01,F-1,오후,500mL,-1.17,2.08,180.7,405,24.3,53.0,합격
L03244,2026-06-02 16:21,P-SEOUL-01,F-1,오후,500mL,-1.38,1.97,178.7,395,31.7,54.2,합격
L03245,2026-06-02 16:33,P-SEOUL-01,F-2,오후,2L,0.88,2.2,181.0,392,19.4,42.9,합격
L03246,2026-06-02 16:47,P-SEOUL-01,F-2,오후,1L,-0.65,2.11,179.5,413,23.0,48.6,합격
L03247,2026-06-02 17:22,P-SEOUL-01,F-2,오후,2L,0.44,2.08,180.5,401,27.9,56.7,합격
L03248,2026-06-02 17:24,P-SEOUL-01,F-3,오후,500mL,-0.92,2.1,179.0,398,22.6,59.1,합격
L03249,2026-06-02 17:48,P-SEOUL-01,F-3,오후,1L,-0.5,2.4,181.9,400,28.8,60.9,합격
L03250,2026-06-02 18:09,P-SEOUL-01,F-2,오후,2L,0.73,2.23,179.9,405,19.9,63.6,합격
L03251,2026-06-02 18:15,P-SEOUL-01,F-1,오후,1L,0.99,1.95,181.7,404,18.2,54.4,합격
L03252,2026-06-02 18:59,P-SEOUL-01,F-1,오후,500mL,-1.33,2.16,176.8,398,28.7,32.7,합격
L03253,2026-06-02 19:04,P-SEOUL-01,F-1,오후,500mL,-1.13,2.0,177.7,393,26.7,44.2,합격
L03254,2026-06-02 19:24,P-SEOUL-01,F-2,오후,2L,-0.01,2.23,180.9,387,24.7,58.0,합격
L03255,2026-06-02 19:33,P-SEOUL-01,F-1,오후,2L,0.29,2.13,180.9,406,22.2,46.7,합격
L03256,2026-06-02 19:56,P-SEOUL-01,F-1,오후,500mL,-0.1,2.02,181.7,404,29.1,54.6,합격
L03257,2026-06-02 20:47,P-SEOUL-01,F-2,오후,500mL,-0.94,1.97,179.4,403,23.1,50.8,합격
L03258,2026-06-02 21:42,P-SEOUL-01,F-1,오후,500mL,-1.01,1.97,183.2,376,21.0,52.5,합격
L03259,2026-06-02 21:50,P-SEOUL-01,F-2,오후,1L,-0.84,2.2,181.7,404,27.5,48.7,합격
L03260,2026-06-02 22:16,P-SEOUL-01,F-1,야간,500mL,0.27,2.06,181.0,378,26.9,52.9,합격
L03261,2026-06-02 23:10,P-SEOUL-01,F-2,야간,1L,0.33,1.94,183.4,412,22.6,45.0,합격
L03262,2026-06-02 23:37,P-SEOUL-01,F-2,야간,500mL,0.54,2.01,178.4,374,24.2,46.2,합격
L03263,2026-06-03 00:30,P-SEOUL-01,F-1,야간,500mL,0.75,1.82,181.4,398,29.6,63.8,합격
L03264,2026-06-03 00:31,P-SEOUL-01,F-2,야간,500mL,2.29,2.04,179.6,420,24.7,52.4,합격
L03265,2026-06-03 00:46,P-SEOUL-01,F-2,야간,2L,-0.61,2.17,178.3,412,17.4,,합격
L03266,2026-06-03 01:31,P-SEOUL-01,F-1,야간,2L,0.77,1.86,176.2,389,24.7,53.6,합격
L03267,2026-06-03 01:59,P-SEOUL-01,F-1,야간,500mL,-0.43,2.26,178.0,373,25.8,49.6,합격
L03268,2026-06-03 02:58,P-SEOUL-01,F-3,야간,1L,-1.37,1.96,181.0,417,23.2,51.0,합격
L03269,2026-06-03 03:09,P-SEOUL-01,F-3,야간,1L,1.13,1.87,181.0,399,24.3,48.9,합격
L03270,2026-06-03 03:16,P-SEOUL-01,F-1,야간,2L,-1.35,2.02,181.8,389,27.8,54.2,합격
L03271,2026-06-03 03:36,P-SEOUL-01,F-2,야간,2L,0.42,2.08,181.1,393,19.2,59.3,합격
L03272,2026-06-03 04:20,P-SEOUL-01,F-1,야간,1L,-0.6,1.9,181.1,402,22.2,52.2,합격
L03273,2026-06-03 04:23,P-SEOUL-01,F-2,야간,500mL,-0.16,1.86,178.2,389,26.5,48.9,합격
L03274,2026-06-03 04:40,P-SEOUL-01,F-1,야간,2L,0.86,1.98,175.7,374,30.6,46.9,합격
L03275,2026-06-03 05:45,P-SEOUL-01,F-3,야간,500mL,0.57,2.15,176.4,415,21.5,55.8,합격
L03276,2026-06-03 05:56,P-SEOUL-01,F-2,야간,2L,0.89,2.22,179.9,413,28.5,72.6,합격
L03277,2026-06-03 06:02,P-SEOUL-01,F-1,주간,1L,0.51,1.92,179.1,410,20.9,49.0,합격
L03278,2026-06-03 06:26,P-SEOUL-01,F-2,주간,1L,1.63,2.21,178.5,415,25.5,47.1,합격
L03279,2026-06-03 06:53,P-SEOUL-01,F-2,주간,500mL,0.09,2.17,181.5,411,17.2,46.9,합격
L03280,2026-06-03 07:11,P-SEOUL-01,F-2,주간,500mL,-0.83,1.87,177.5,406,28.3,49.8,합격
L03281,2026-06-03 07:16,P-SEOUL-01,F-3,주간,500mL,0.06,2.04,179.6,389,21.6,50.1,합격
L03282,2026-06-03 08:07,P-SEOUL-01,F-2,주간,1L,0.71,2.27,180.1,412,26.8,50.3,합격
L03283,2026-06-03 09:10,P-SEOUL-01,F-1,주간,1L,1.05,1.95,179.5,403,31.2,43.4,합격
L03284,2026-06-03 09:34,P-SEOUL-01,F-2,주간,2L,-0.8,2.14,176.4,389,28.2,37.8,합격
L03285,2026-06-03 10:13,P-SEOUL-01,F-2,주간,1L,-0.41,,178.3,398,27.6,59.6,합격
L03286,2026-06-03 11:33,P-SEOUL-01,F-2,주간,500mL,1.13,2.25,178.2,417,21.8,58.5,합격
L03287,2026-06-03 12:24,P-SEOUL-01,F-1,주간,1L,0.72,2.22,181.5,414,24.4,41.7,합격
L03288,2026-06-03 12:59,P-SEOUL-01,F-2,주간,1L,1.05,2.0,174.7,396,16.5,58.0,합격
L03289,2026-06-03 13:10,P-SEOUL-01,F-2,주간,1L,-0.9,2.1,180.2,392,22.2,59.5,합격
L03290,2026-06-03 14:06,P-SEOUL-01,F-1,오후,500mL,0.06,2.21,180.8,409,18.9,55.8,합격
L03291,2026-06-03 14:29,P-SEOUL-01,F-2,오후,500mL,0.6,2.02,182.1,404,21.6,53.3,합격
L03292,2026-06-03 15:12,P-SEOUL-01,F-2,오후,2L,0.75,1.8,181.9,408,24.9,52.1,합격
L03293,2026-06-03 16:11,P-SEOUL-01,F-2,오후,2L,0.65,1.87,178.2,407,23.1,43.2,합격
L03294,2026-06-03 16:54,P-SEOUL-01,F-2,오후,500mL,-0.46,2.19,182.8,375,23.2,49.1,합격
L03295,2026-06-03 17:03,P-SEOUL-01,F-2,오후,1L,-0.51,2.29,180.0,387,23.5,63.6,합격
L03296,2026-06-03 17:29,P-SEOUL-01,F-2,오후,500mL,1.29,2.13,184.2,395,29.2,36.3,합격
L03297,2026-06-03 17:43,P-SEOUL-01,F-1,오후,1L,-0.23,2.05,181.6,414,24.0,59.5,합격
L03298,2026-06-03 17:47,P-SEOUL-01,F-1,오후,2L,-0.13,2.05,182.0,418,27.4,67.3,합격
L03299,2026-06-03 18:41,P-SEOUL-01,F-3,오후,500mL,1.17,2.02,178.2,434,24.0,57.5,합격
L03300,2026-06-03 18:50,P-SEOUL-01,F-2,오후,500mL,0.05,2.07,180.9,404,28.7,61.5,합격
L03301,2026-06-03 19:31,P-SEOUL-01,F-1,오후,500mL,0.01,2.12,180.5,381,22.7,58.3,합격
L03302,2026-06-03 20:15,P-SEOUL-01,F-2,오후,1L,0.93,2.0,177.1,402,22.0,52.5,합격
L03303,2026-06-03 20:19,P-SEOUL-01,F-3,오후,500mL,0.49,2.12,178.4,407,22.6,36.1,합격
L03304,2026-06-03 20:20,P-SEOUL-01,F-3,오후,500mL,0.3,2.18,179.3,406,16.1,,합격
L03305,2026-06-03 20:38,P-SEOUL-01,F-1,오후,500mL,0.91,1.99,177.7,399,26.2,54.3,합격
L03306,2026-06-03 20:51,P-SEOUL-01,F-1,오후,2L,0.62,2.24,179.9,408,24.9,50.7,합격
L03307,2026-06-03 21:03,P-SEOUL-01,F-3,오후,2L,-0.3,1.87,178.3,400,30.5,57.7,합격
L03308,2026-06-03 21:11,P-SEOUL-01,F-1,오후,1L,-0.55,2.12,179.9,412,24.7,48.6,합격
L03309,2026-06-03 21:27,P-SEOUL-01,F-1,오후,2L,-0.54,2.29,178.1,396,20.7,67.4,합격
L03310,2026-06-03 21:55,P-SEOUL-01,F-1,오후,500mL,0.05,2.02,181.0,400,20.5,35.1,합격
L03311,2026-06-03 22:14,P-SEOUL-01,F-1,야간,1L,-0.31,1.8,180.1,398,22.4,55.1,합격
L03312,2026-06-03 22:32,P-SEOUL-01,F-1,야간,1L,1.64,1.89,180.7,418,29.8,53.1,합격
L03313,2026-06-03 22:50,P-SEOUL-01,F-2,야간,2L,-0.73,1.98,178.7,395,18.7,40.4,합격
L03314,2026-06-03 23:13,P-SEOUL-01,F-3,야간,2L,0.05,2.18,180.3,410,23.7,38.4,합격
L03315,2026-06-03 23:17,P-SEOUL-01,F-2,야간,1L,-0.2,2.1,180.8,412,16.9,38.8,합격
L03316,2026-06-03 23:20,P-SEOUL-01,F-2,야간,1L,-0.66,2.09,176.1,392,23.6,60.0,합격
L03317,2026-06-03 23:45,P-SEOUL-01,F-1,야간,2L,0.38,2.25,177.0,383,25.3,63.6,합격
L03318,2026-06-04 00:23,P-SEOUL-01,F-3,야간,500mL,0.73,2.1,179.5,389,24.8,48.6,합격
L03319,2026-06-04 00:31,P-SEOUL-01,F-2,야간,500mL,-0.08,1.54,183.7,406,23.6,61.4,재검
L03320,2026-06-04 00:43,P-SEOUL-01,F-1,야간,500mL,-0.65,1.88,177.5,390,19.1,49.6,합격
L03321,2026-06-04 01:30,P-SEOUL-01,F-2,야간,1L,-1.64,2.16,177.4,397,24.3,48.1,합격
L03322,2026-06-04 01:30,P-SEOUL-01,F-1,야간,500mL,-1.09,2.12,183.4,411,21.4,60.7,합격
L03323,2026-06-04 01:44,P-SEOUL-01,F-2,야간,500mL,-0.17,2.35,181.3,412,27.9,40.2,합격
L03324,2026-06-04 02:56,P-SEOUL-01,F-3,야간,2L,0.42,2.33,181.2,398,27.1,53.1,합격
L03325,2026-06-04 03:37,P-SEOUL-01,F-1,야간,2L,-0.9,2.08,180.6,400,23.8,69.4,합격
L03326,2026-06-04 04:02,P-SEOUL-01,F-3,야간,2L,2.44,2.16,181.0,423,23.0,43.5,합격
L03327,2026-06-04 04:19,P-SEOUL-01,F-1,야간,2L,0.06,2.04,181.0,393,23.5,56.7,합격
L03328,2026-06-04 05:34,P-SEOUL-01,F-3,야간,500mL,-1.89,1.79,180.7,392,26.1,51.8,합격
L03329,2026-06-04 06:01,P-SEOUL-01,F-1,주간,1L,0.32,1.99,178.6,388,28.4,38.9,합격
L03330,2026-06-04 06:29,P-SEOUL-01,F-1,주간,1L,0.07,2.09,173.4,395,21.1,53.2,합격
L03331,2026-06-04 06:36,P-SEOUL-01,F-1,주간,500mL,-0.62,2.13,181.6,411,26.6,48.1,합격
L03332,2026-06-04 06:36,P-SEOUL-01,F-1,주간,2L,0.86,2.26,181.1,407,22.2,48.4,합격
L03333,2026-06-04 08:55,P-SEOUL-01,F-2,주간,1L,-0.32,2.34,178.8,404,19.4,64.5,합격
L03334,2026-06-04 09:13,P-SEOUL-01,F-2,주간,500mL,0.36,2.27,180.5,425,21.4,50.9,합격
L03335,2026-06-04 09:17,P-SEOUL-01,F-1,주간,1L,-2.16,2.14,182.0,402,25.4,44.3,합격
L03336,2026-06-04 09:51,P-SEOUL-01,F-2,주간,1L,0.17,2.21,178.0,394,25.8,41.5,합격
L03337,2026-06-04 10:15,P-SEOUL-01,F-1,주간,500mL,0.82,2.13,181.8,408,23.2,53.8,합격
L03338,2026-06-04 10:21,P-SEOUL-01,F-3,주간,500mL,1.47,2.07,178.2,407,24.4,59.5,합격
L03339,2026-06-04 13:43,P-SEOUL-01,F-2,주간,1L,-0.44,2.01,182.9,396,22.5,57.9,합격
L03340,2026-06-04 13:56,P-SEOUL-01,F-2,주간,2L,0.68,2.18,180.6,400,26.6,47.7,합격
L03341,2026-06-04 14:00,P-SEOUL-01,F-1,오후,1L,-0.45,1.99,180.2,394,25.1,64.2,합격
L03342,2026-06-04 14:05,P-SEOUL-01,F-1,오후,500mL,0.08,1.98,181.0,407,22.4,44.6,합격
L03343,2026-06-04 14:59,P-SEOUL-01,F-1,오후,2L,0.55,2.15,182.7,406,21.7,51.0,합격
L03344,2026-06-04 15:17,P-SEOUL-01,F-1,오후,500mL,0.91,2.2,182.2,387,35.9,57.0,합격
L03345,2026-06-04 15:45,P-SEOUL-01,F-1,오후,1L,-0.91,2.05,180.5,407,27.9,51.9,합격
L03346,2026-06-04 16:00,P-SEOUL-01,F-1,오후,500mL,-0.9,2.2,181.7,404,23.7,57.4,합격
L03347,2026-06-04 16:01,P-SEOUL-01,F-3,오후,1L,-0.37,2.01,181.3,401,26.3,55.6,합격
L03348,2026-06-04 16:03,P-SEOUL-01,F-1,오후,1L,0.22,2.31,179.1,380,28.7,55.0,합격
L03349,2026-06-04 17:04,P-SEOUL-01,F-1,오후,500mL,0.27,1.52,180.1,400,21.4,50.8,재검
L03350,2026-06-04 17:12,P-SEOUL-01,F-2,오후,2L,-0.83,2.2,178.2,379,26.6,58.2,합격
L03351,2026-06-04 17:31,P-SEOUL-01,F-2,오후,500mL,0.32,2.16,178.1,408,19.2,45.0,합격
L03352,2026-06-04 17:46,P-SEOUL-01,F-2,오후,500mL,-1.38,2.02,178.0,408,18.7,44.4,합격
L03353,2026-06-04 18:25,P-SEOUL-01,F-1,오후,1L,0.13,2.18,181.2,396,25.9,49.7,합격
L03354,2026-06-04 18:29,P-SEOUL-01,F-2,오후,2L,0.16,2.19,178.3,391,20.7,53.8,합격
L03355,2026-06-04 18:42,P-SEOUL-01,F-1,오후,2L,1.23,2.02,178.9,389,24.6,59.6,합격
L03356,2026-06-04 18:43,P-SEOUL-01,F-1,오후,1L,0.05,2.22,179.7,396,26.7,47.7,합격
L03357,2026-06-04 18:54,P-SEOUL-01,F-2,오후,500mL,-0.12,2.39,177.3,408,24.7,50.5,합격
L03358,2026-06-04 19:13,P-SEOUL-01,F-2,오후,1L,0.81,2.18,179.2,378,27.1,58.7,합격
L03359,2026-06-04 19:20,P-SEOUL-01,F-3,오후,1L,0.13,1.99,181.5,412,24.6,50.9,합격
L03360,2026-06-04 19:25,P-SEOUL-01,F-3,오후,500mL,-0.55,2.17,181.6,406,27.8,40.8,합격
L03361,2026-06-04 19:36,P-SEOUL-01,F-1,오후,500mL,2.59,2.12,183.0,412,27.7,41.1,합격
L03362,2026-06-04 21:26,P-SEOUL-01,F-1,오후,1L,0.29,2.02,175.6,403,18.4,45.2,합격
L03363,2026-06-04 21:48,P-SEOUL-01,F-2,오후,1L,-1.86,2.46,179.8,408,23.6,55.7,합격
L03364,2026-06-04 22:02,P-SEOUL-01,F-1,야간,500mL,1.31,2.04,179.9,407,23.4,58.3,합격
L03365,2026-06-04 23:35,P-SEOUL-01,F-3,야간,500mL,-0.19,2.26,181.3,413,24.2,59.0,합격
L03366,2026-06-05 00:18,P-SEOUL-01,F-2,야간,1L,3.5,2.26,179.6,398,18.7,48.1,재검
L03367,2026-06-05 00:45,P-SEOUL-01,F-1,야간,500mL,-0.11,1.92,178.8,391,18.4,56.9,합격
L03368,2026-06-05 00:46,P-SEOUL-01,F-1,야간,500mL,-0.9,1.98,181.0,422,18.1,57.7,합격
L03369,2026-06-05 01:04,P-SEOUL-01,F-1,야간,500mL,0.12,2.02,183.3,421,26.8,52.9,합격
L03370,2026-06-05 01:21,P-SEOUL-01,F-3,야간,500mL,1.55,2.02,178.4,389,21.6,57.6,합격
L03371,2026-06-05 03:15,P-SEOUL-01,F-1,야간,2L,-0.25,2.06,179.0,404,27.5,51.6,합격
L03372,2026-06-05 04:01,P-SEOUL-01,F-3,야간,1L,0.65,2.0,178.8,403,18.4,53.1,합격
L03373,2026-06-05 04:14,P-SEOUL-01,F-2,야간,500mL,1.11,2.11,181.1,411,26.3,65.3,합격
L03374,2026-06-05 05:00,P-SEOUL-01,F-2,야간,500mL,-0.78,1.44,177.0,406,26.5,48.3,재검
L03375,2026-06-05 05:14,P-SEOUL-01,F-3,야간,1L,0.22,2.22,178.9,411,20.3,53.3,합격
L03376,2026-06-05 05:23,P-SEOUL-01,F-1,야간,1L,-0.72,2.06,181.0,390,22.2,48.9,합격
L03377,2026-06-05 06:07,P-SEOUL-01,F-1,주간,500mL,-0.27,1.91,180.3,390,27.0,49.8,합격
L03378,2026-06-05 06:43,P-SEOUL-01,F-3,주간,1L,-0.57,2.13,177.0,388,24.8,34.7,합격
L03379,2026-06-05 07:06,P-SEOUL-01,F-2,주간,1L,-0.21,2.04,179.4,393,20.4,57.2,합격
L03380,2026-06-05 07:20,P-SEOUL-01,F-2,주간,2L,-1.67,2.19,179.6,401,23.9,60.1,합격
L03381,2026-06-05 07:54,P-SEOUL-01,F-1,주간,2L,-0.65,2.12,176.5,385,27.7,54.8,합격
L03382,2026-06-05 08:29,P-SEOUL-01,F-1,주간,2L,1.48,2.14,180.3,401,30.7,51.6,합격
L03383,2026-06-05 08:39,P-SEOUL-01,F-1,주간,1L,0.33,2.24,177.2,412,21.1,46.0,합격
L03384,2026-06-05 09:34,P-SEOUL-01,F-1,주간,500mL,-1.46,2.26,183.0,388,24.0,47.9,합격
L03385,2026-06-05 10:01,P-SEOUL-01,F-2,주간,500mL,0.09,2.06,181.1,415,19.9,51.7,합격
L03386,2026-06-05 10:22,P-SEOUL-01,F-2,주간,2L,0.75,2.12,177.9,413,19.5,49.1,합격
L03387,2026-06-05 11:28,P-SEOUL-01,F-1,주간,2L,0.07,2.21,178.9,374,21.4,52.9,합격
L03388,2026-06-05 11:42,P-SEOUL-01,F-1,주간,2L,0.03,1.46,177.3,381,21.2,57.6,재검
L03389,2026-06-05 12:13,P-SEOUL-01,F-1,주간,500mL,-1.12,1.97,180.1,383,21.9,60.4,합격
L03390,2026-06-05 12:18,P-SEOUL-01,F-2,주간,1L,-2.37,2.07,177.7,408,22.8,65.1,합격
L03391,2026-06-05 12:25,P-SEOUL-01,F-2,주간,500mL,-0.75,1.93,181.5,392,19.0,44.4,합격
L03392,2026-06-05 13:00,P-SEOUL-01,F-3,주간,1L,0.67,2.01,177.2,400,28.9,41.3,합격
L03393,2026-06-05 14:01,P-SEOUL-01,F-2,오후,500mL,-0.35,1.92,177.1,400,28.2,57.3,합격
L03394,2026-06-05 14:29,P-SEOUL-01,F-1,오후,500mL,1.2,2.21,178.8,390,24.3,59.5,합격
L03395,2026-06-05 14:40,P-SEOUL-01,F-3,오후,500mL,-2.32,1.99,181.0,395,27.0,43.2,합격
L03396,2026-06-05 15:43,P-SEOUL-01,F-3,오후,2L,2.29,2.28,177.8,406,24.3,56.1,합격
L03397,2026-06-05 17:24,P-SEOUL-01,F-3,오후,500mL,-0.09,2.07,181.0,390,19.1,55.6,합격
L03398,2026-06-05 19:01,P-SEOUL-01,F-1,오후,500mL,-0.89,2.01,176.5,399,22.8,51.5,합격
L03399,2026-06-05 19:29,P-SEOUL-01,F-1,오후,500mL,1.03,1.52,180.4,381,26.8,53.7,재검
L03400,2026-06-05 19:40,P-SEOUL-01,F-2,오후,500mL,0.95,1.43,180.0,393,26.1,61.6,재검
L03401,2026-06-05 20:10,P-SEOUL-01,F-2,오후,500mL,-0.54,2.2,183.6,377,22.4,53.5,합격
L03402,2026-06-05 21:07,P-SEOUL-01,F-1,오후,2L,0.29,2.55,179.6,416,25.6,56.9,합격
L03403,2026-06-05 21:12,P-SEOUL-01,F-2,오후,500mL,0.05,1.99,178.7,420,20.5,,합격
L03404,2026-06-05 21:29,P-SEOUL-01,F-1,오후,500mL,0.73,2.1,182.8,401,29.7,55.8,합격
L03405,2026-06-05 21:30,P-SEOUL-01,F-1,오후,500mL,0.33,1.93,177.3,389,20.8,46.3,합격
L03406,2026-06-05 21:47,P-SEOUL-01,F-3,오후,500mL,2.28,1.89,179.0,395,26.2,51.4,합격
L03407,2026-06-05 21:54,P-SEOUL-01,F-3,오후,500mL,0.57,1.95,178.2,404,22.0,49.7,합격
L03408,2026-06-05 21:57,P-SEOUL-01,F-3,오후,1L,-0.65,2.16,182.4,394,14.8,57.5,합격
L03409,2026-06-05 22:09,P-SEOUL-01,F-2,야간,500mL,-1.06,2.01,179.5,390,23.7,50.5,합격
L03410,2026-06-05 23:05,P-SEOUL-01,F-1,야간,2L,-0.21,2.09,182.4,396,24.9,57.5,합격
L03411,2026-06-05 23:09,P-SEOUL-01,F-2,야간,1L,-0.65,1.98,178.4,415,25.9,49.7,합격
L03412,2026-06-05 23:35,P-SEOUL-01,F-1,야간,500mL,0.26,2.18,180.2,431,27.1,53.3,합격
L03413,2026-06-05 23:45,P-SEOUL-01,F-2,야간,2L,-0.16,2.01,178.6,401,24.0,54.4,합격
L03414,2026-06-06 00:01,P-SEOUL-01,F-3,야간,500mL,-1.21,2.11,183.3,396,22.8,60.9,합격
L03415,2026-06-06 00:51,P-SEOUL-01,F-3,야간,2L,-0.65,,181.2,403,19.5,45.8,합격
L03416,2026-06-06 01:28,P-SEOUL-01,F-2,야간,500mL,-1.11,2.05,179.4,402,19.0,45.6,합격
L03417,2026-06-06 01:31,P-SEOUL-01,F-1,야간,1L,-0.53,2.0,181.5,420,22.9,66.3,합격
L03418,2026-06-06 01:43,P-SEOUL-01,F-1,야간,500mL,0.78,2.06,182.0,400,24.9,57.2,합격
L03419,2026-06-06 02:29,P-SEOUL-01,F-1,야간,500mL,0.63,2.2,182.8,393,25.5,49.9,합격
L03420,2026-06-06 02:57,P-SEOUL-01,F-1,야간,1L,0.15,2.12,182.7,394,29.0,58.7,합격
L03421,2026-06-06 03:13,P-SEOUL-01,F-1,야간,500mL,0.59,1.89,184.5,387,23.3,44.9,합격
L03422,2026-06-06 03:57,P-SEOUL-01,F-1,야간,500mL,1.34,1.99,179.1,385,24.2,55.4,합격
L03423,2026-06-06 03:58,P-SEOUL-01,F-1,야간,500mL,-1.44,1.49,180.0,385,21.7,64.1,재검
L03424,2026-06-06 04:09,P-SEOUL-01,F-1,야간,1L,0.47,2.03,177.0,412,25.3,41.9,합격
L03425,2026-06-06 04:56,P-SEOUL-01,F-2,야간,500mL,0.19,2.08,180.7,398,21.1,60.3,합격
L03426,2026-06-06 05:36,P-SEOUL-01,F-3,야간,500mL,0.69,1.86,179.3,401,23.8,57.1,합격
L03427,2026-06-06 07:03,P-SEOUL-01,F-1,주간,1L,-0.05,2.22,182.2,389,27.1,55.4,합격
L03428,2026-06-06 07:31,P-SEOUL-01,F-2,주간,500mL,0.92,2.11,183.1,402,21.1,46.8,합격
L03429,2026-06-06 08:03,P-SEOUL-01,F-2,주간,1L,-0.23,2.2,177.4,370,27.0,59.9,합격
L03430,2026-06-06 08:03,P-SEOUL-01,F-2,주간,2L,2.04,1.24,182.8,415,25.0,51.3,재검
L03431,2026-06-06 08:53,P-SEOUL-01,F-3,주간,500mL,-0.78,2.05,181.9,389,32.5,37.5,합격
L03432,2026-06-06 08:57,P-SEOUL-01,F-3,주간,1L,1.07,1.85,180.2,403,20.5,57.5,합격
L03433,2026-06-06 09:12,P-SEOUL-01,F-1,주간,1L,-0.28,2.24,178.0,421,26.6,46.5,합격
L03434,2026-06-06 09:23,P-SEOUL-01,F-2,주간,500mL,0.94,2.22,183.6,388,24.5,39.6,합격
L03435,2026-06-06 10:12,P-SEOUL-01,F-1,주간,2L,0.71,2.01,184.4,403,26.7,42.2,합격
L03436,2026-06-06 10:42,P-SEOUL-01,F-3,주간,500mL,0.12,2.07,179.9,389,24.4,,합격
L03437,2026-06-06 11:24,P-SEOUL-01,F-1,주간,1L,-1.86,2.27,180.8,415,23.2,57.3,합격
L03438,2026-06-06 11:51,P-SEOUL-01,F-1,주간,500mL,0.67,1.99,179.1,393,24.3,52.3,합격
L03439,2026-06-06 12:05,P-SEOUL-01,F-2,주간,1L,-0.81,2.27,179.7,393,25.4,51.6,합격
L03440,2026-06-06 12:05,P-SEOUL-01,F-1,주간,500mL,0.04,2.13,178.0,393,20.7,48.6,합격
L03441,2026-06-06 12:13,P-SEOUL-01,F-2,주간,500mL,0.84,,182.6,384,17.9,42.0,합격
L03442,2026-06-06 12:22,P-SEOUL-01,F-3,주간,1L,-0.93,2.0,181.7,414,28.9,45.2,합격
L03443,2026-06-06 13:30,P-SEOUL-01,F-1,주간,1L,-1.17,2.04,179.7,384,23.7,50.3,합격
L03444,2026-06-06 14:10,P-SEOUL-01,F-2,오후,500mL,-0.84,2.22,183.2,417,22.0,52.1,합격
L03445,2026-06-06 14:14,P-SEOUL-01,F-1,오후,1L,0.51,1.95,179.2,418,21.6,50.5,합격
L03446,2026-06-06 14:24,P-SEOUL-01,F-2,오후,500mL,1.23,2.2,180.1,393,20.8,52.2,합격
L03447,2026-06-06 15:28,P-SEOUL-01,F-1,오후,500mL,-1.27,2.14,180.5,396,23.9,65.9,합격
L03448,2026-06-06 15:34,P-SEOUL-01,F-3,오후,2L,4.88,2.08,180.9,392,23.0,48.1,재검
L03449,2026-06-06 15:46,P-SEOUL-01,F-3,오후,1L,-0.58,2.13,180.5,388,25.3,55.4,합격
L03450,2026-06-06 16:37,P-SEOUL-01,F-3,오후,500mL,-0.53,2.07,180.3,381,27.1,52.9,합격
L03451,2026-06-06 16:58,P-SEOUL-01,F-2,오후,500mL,-0.77,2.02,182.2,403,20.5,41.4,합격
L03452,2026-06-06 17:15,P-SEOUL-01,F-1,오후,2L,-1.61,2.25,179.7,387,20.8,38.7,합격
L03453,2026-06-06 17:56,P-SEOUL-01,F-3,오후,2L,-0.54,2.1,178.8,391,25.4,49.3,합격
L03454,2026-06-06 17:57,P-SEOUL-01,F-1,오후,500mL,0.03,2.21,182.6,388,23.9,50.2,합격
L03455,2026-06-06 18:24,P-SEOUL-01,F-2,오후,500mL,-0.28,2.12,178.5,390,21.3,46.3,합격
L03456,2026-06-06 19:01,P-SEOUL-01,F-1,오후,2L,0.44,2.32,180.2,407,22.0,52.6,합격
L03457,2026-06-06 19:12,P-SEOUL-01,F-3,오후,1L,-0.18,2.3,180.2,387,19.7,46.4,합격
L03458,2026-06-06 19:27,P-SEOUL-01,F-1,오후,1L,-0.23,2.3,176.9,398,22.2,68.7,합격
L03459,2026-06-06 19:40,P-SEOUL-01,F-1,오후,2L,0.11,2.06,179.7,412,24.7,56.0,합격
L03460,2026-06-06 19:44,P-SEOUL-01,F-3,오후,500mL,0.27,1.89,177.5,405,27.0,41.6,합격
L03461,2026-06-06 20:28,P-SEOUL-01,F-1,오후,500mL,1.32,2.29,178.1,412,21.5,58.7,합격
L03462,2026-06-06 20:43,P-SEOUL-01,F-2,오후,500mL,0.17,2.14,182.3,397,22.3,52.9,합격
L03463,2026-06-06 20:48,P-SEOUL-01,F-1,오후,500mL,0.55,,179.9,397,24.7,53.1,합격
L03464,2026-06-06 21:04,P-SEOUL-01,F-2,오후,2L,0.52,2.13,182.2,409,23.1,51.6,합격
L03465,2026-06-07 00:00,P-SEOUL-01,F-3,야간,500mL,0.3,2.13,180.3,397,19.3,64.6,합격
L03466,2026-06-07 01:27,P-SEOUL-01,F-3,야간,1L,0.92,2.05,184.8,394,16.9,65.2,합격
L03467,2026-06-07 01:39,P-SEOUL-01,F-2,야간,500mL,0.65,2.19,183.0,379,21.2,36.8,합격
L03468,2026-06-07 01:39,P-SEOUL-01,F-1,야간,1L,0.59,2.2,179.7,396,28.0,52.9,합격
L03469,2026-06-07 01:46,P-SEOUL-01,F-1,야간,500mL,-0.46,1.92,182.4,393,24.6,40.4,합격
L03470,2026-06-07 01:52,P-SEOUL-01,F-1,야간,500mL,-0.37,2.28,182.2,437,28.7,50.0,합격
L03471,2026-06-07 03:28,P-SEOUL-01,F-1,야간,1L,-1.32,2.06,180.9,391,21.6,47.5,합격
L03472,2026-06-07 03:51,P-SEOUL-01,F-2,야간,500mL,-0.62,1.99,178.8,407,27.8,52.5,합격
L03473,2026-06-07 03:53,P-SEOUL-01,F-2,야간,500mL,-1.24,2.13,179.9,407,22.9,52.2,합격
L03474,2026-06-07 03:56,P-SEOUL-01,F-2,야간,1L,-0.66,2.01,177.0,412,22.5,52.0,합격
L03475,2026-06-07 04:27,P-SEOUL-01,F-3,야간,500mL,0.17,2.2,179.5,409,23.1,44.3,합격
L03476,2026-06-07 04:37,P-SEOUL-01,F-2,야간,500mL,3.3,2.03,181.9,400,26.1,58.7,재검
L03477,2026-06-07 05:16,P-SEOUL-01,F-2,야간,500mL,0.76,2.04,181.5,414,24.2,48.4,합격
L03478,2026-06-07 05:35,P-SEOUL-01,F-3,야간,500mL,1.9,1.72,183.9,417,23.8,48.7,합격
L03479,2026-06-07 05:46,P-SEOUL-01,F-2,야간,500mL,-0.66,1.88,180.2,417,21.3,60.8,합격
L03480,2026-06-07 07:39,P-SEOUL-01,F-2,주간,1L,0.27,1.95,179.1,413,27.5,53.4,합격
L03481,2026-06-07 08:35,P-SEOUL-01,F-2,주간,500mL,-1.01,2.16,180.5,405,19.1,63.9,합격
L03482,2026-06-07 08:46,P-SEOUL-01,F-1,주간,1L,-0.24,2.2,180.5,401,27.2,75.6,합격
L03483,2026-06-07 09:54,P-SEOUL-01,F-3,주간,2L,-0.63,1.41,182.2,413,29.3,47.4,재검
L03484,2026-06-07 10:21,P-SEOUL-01,F-1,주간,1L,0.56,2.15,182.9,408,25.9,57.0,합격
L03485,2026-06-07 11:03,P-SEOUL-01,F-3,주간,2L,-1.95,2.19,180.1,399,26.5,57.9,합격
L03486,2026-06-07 11:07,P-SEOUL-01,F-1,주간,500mL,1.49,2.22,179.5,399,19.6,59.7,합격
L03487,2026-06-07 11:38,P-SEOUL-01,F-2,주간,500mL,-0.27,2.1,179.5,412,20.7,49.2,합격
L03488,2026-06-07 12:03,P-SEOUL-01,F-2,주간,500mL,0.95,2.08,179.7,416,25.6,52.2,합격
L03489,2026-06-07 12:32,P-SEOUL-01,F-2,주간,1L,-0.17,2.08,178.3,400,20.8,41.5,합격
L03490,2026-06-07 13:09,P-SEOUL-01,F-2,주간,500mL,-1.75,1.95,181.3,405,26.0,63.9,합격
L03491,2026-06-07 13:16,P-SEOUL-01,F-1,주간,500mL,-1.99,1.92,179.1,411,27.0,54.6,합격
L03492,2026-06-07 14:55,P-SEOUL-01,F-2,오후,1L,0.68,1.88,181.8,386,22.6,51.6,합격
L03493,2026-06-07 15:32,P-SEOUL-01,F-2,오후,500mL,0.21,2.17,182.2,392,22.2,61.5,합격
L03494,2026-06-07 16:23,P-SEOUL-01,F-2,오후,2L,0.47,2.12,176.1,396,24.4,52.3,합격
L03495,2026-06-07 17:12,P-SEOUL-01,F-1,오후,500mL,0.55,1.94,179.9,398,24.2,55.6,합격
L03496,2026-06-07 17:52,P-SEOUL-01,F-3,오후,1L,0.47,1.41,182.1,406,25.1,48.4,재검
L03497,2026-06-07 17:57,P-SEOUL-01,F-3,오후,500mL,-0.16,1.88,180.8,392,20.3,40.1,합격
L03498,2026-06-07 18:07,P-SEOUL-01,F-1,오후,1L,-1.06,2.02,179.8,393,25.9,51.3,합격
L03499,2026-06-07 18:23,P-SEOUL-01,F-3,오후,2L,1.03,2.18,182.1,397,25.6,50.7,합격
L03500,2026-06-07 20:19,P-SEOUL-01,F-3,오후,500mL,-0.95,1.84,181.2,412,21.3,37.3,합격
L03501,2026-06-07 20:57,P-SEOUL-01,F-1,오후,1L,0.41,2.07,180.9,407,23.3,55.8,합격
L03502,2026-06-07 22:15,P-SEOUL-01,F-3,야간,1L,-0.8,1.97,178.1,406,20.5,51.4,합격
L03503,2026-06-07 23:01,P-SEOUL-01,F-1,야간,2L,-0.5,2.07,177.8,412,28.1,54.6,합격
L03504,2026-06-08 00:07,P-SEOUL-01,F-2,야간,2L,-0.3,2.11,178.8,423,26.5,55.7,합격
L03505,2026-06-08 00:40,P-SEOUL-01,F-2,야간,1L,0.24,1.91,180.7,398,24.8,44.2,합격
L03506,2026-06-08 00:40,P-SEOUL-01,F-2,야간,2L,-0.49,1.97,177.2,399,23.2,59.9,합격
L03507,2026-06-08 01:03,P-SEOUL-01,F-3,야간,1L,1.18,2.25,180.4,412,22.3,48.9,합격
L03508,2026-06-08 01:08,P-SEOUL-01,F-1,야간,500mL,-0.06,1.82,180.4,414,24.0,68.3,합격
L03509,2026-06-08 03:08,P-SEOUL-01,F-2,야간,500mL,0.66,1.9,175.6,377,18.8,59.2,합격
L03510,2026-06-08 03:13,P-SEOUL-01,F-2,야간,2L,0.47,2.06,178.8,412,21.1,55.1,합격
L03511,2026-06-08 03:31,P-SEOUL-01,F-2,야간,1L,0.06,1.93,180.6,381,21.2,56.4,합격
L03512,2026-06-08 03:56,P-SEOUL-01,F-1,야간,1L,-0.57,2.29,180.8,399,24.3,65.5,합격
L03513,2026-06-08 04:31,P-SEOUL-01,F-2,야간,1L,-0.24,2.2,180.4,399,20.9,68.3,합격
L03514,2026-06-08 05:07,P-SEOUL-01,F-2,야간,500mL,-0.1,2.01,178.7,391,22.4,47.1,합격
L03515,2026-06-08 05:08,P-SEOUL-01,F-3,야간,2L,-0.84,2.02,179.0,430,27.5,54.8,합격
L03516,2026-06-08 05:33,P-SEOUL-01,F-2,야간,1L,0.58,2.01,179.2,406,26.0,54.3,합격
L03517,2026-06-08 05:37,P-SEOUL-01,F-1,야간,500mL,0.63,1.97,179.6,410,27.2,59.0,합격
L03518,2026-06-08 05:55,P-SEOUL-01,F-3,야간,500mL,-0.07,2.01,180.4,407,28.1,42.3,합격
L03519,2026-06-08 05:57,P-SEOUL-01,F-2,야간,500mL,1.12,2.02,176.0,425,26.8,51.9,합격
L03520,2026-06-08 06:38,P-SEOUL-01,F-1,주간,500mL,-1.6,2.16,176.0,390,29.6,58.4,합격
L03521,2026-06-08 07:45,P-SEOUL-01,F-2,주간,1L,-1.34,2.08,174.5,419,25.6,58.4,합격
L03522,2026-06-08 07:58,P-SEOUL-01,F-3,주간,500mL,0.62,2.19,181.9,403,24.1,64.1,합격
L03523,2026-06-08 08:11,P-SEOUL-01,F-3,주간,500mL,-0.25,2.09,182.4,425,30.7,41.2,합격
L03524,2026-06-08 08:15,P-SEOUL-01,F-3,주간,1L,0.28,2.16,178.5,415,28.6,57.5,합격
L03525,2026-06-08 09:54,P-SEOUL-01,F-1,주간,2L,-0.31,2.18,177.4,408,25.7,54.8,합격
L03526,2026-06-08 11:09,P-SEOUL-01,F-1,주간,500mL,-0.67,2.02,178.3,398,20.1,50.0,합격
L03527,2026-06-08 11:23,P-SEOUL-01,F-1,주간,1L,0.1,2.15,178.9,400,22.7,49.8,합격
L03528,2026-06-08 12:20,P-SEOUL-01,F-1,주간,500mL,-0.5,2.13,182.7,397,25.8,40.3,합격
L03529,2026-06-08 12:23,P-SEOUL-01,F-2,주간,500mL,-0.75,,180.9,427,26.0,66.9,합격
L03530,2026-06-08 12:57,P-SEOUL-01,F-2,주간,500mL,-0.3,2.15,180.4,389,21.4,62.6,합격
L03531,2026-06-08 13:09,P-SEOUL-01,F-3,주간,500mL,0.82,2.0,183.3,426,32.2,53.3,합격
L03532,2026-06-08 14:03,P-SEOUL-01,F-1,오후,500mL,0.37,2.19,179.9,382,20.6,55.4,합격
L03533,2026-06-08 14:36,P-SEOUL-01,F-2,오후,1L,0.52,2.14,179.3,395,26.8,60.7,합격
L03534,2026-06-08 15:35,P-SEOUL-01,F-2,오후,2L,0.35,2.18,177.7,414,20.1,37.6,합격
L03535,2026-06-08 15:37,P-SEOUL-01,F-3,오후,500mL,0.67,2.1,179.1,403,19.6,50.3,합격
L03536,2026-06-08 16:30,P-SEOUL-01,F-1,오후,500mL,-0.74,2.02,179.0,405,24.8,57.2,합격
L03537,2026-06-08 17:06,P-SEOUL-01,F-3,오후,2L,0.96,1.91,181.9,412,23.1,39.9,합격
L03538,2026-06-08 17:11,P-SEOUL-01,F-1,오후,500mL,2.06,2.1,181.8,405,26.1,52.1,합격
L03539,2026-06-08 17:36,P-SEOUL-01,F-1,오후,1L,-0.42,2.12,178.2,406,19.4,54.5,합격
L03540,2026-06-08 18:10,P-SEOUL-01,F-2,오후,1L,0.92,2.02,180.4,393,27.2,52.4,합격
L03541,2026-06-08 19:10,P-SEOUL-01,F-2,오후,500mL,1.04,2.25,182.5,407,25.3,53.5,합격
L03542,2026-06-08 19:43,P-SEOUL-01,F-1,오후,500mL,0.03,2.12,183.6,416,20.3,56.5,합격
L03543,2026-06-08 20:43,P-SEOUL-01,F-1,오후,500mL,0.27,2.13,181.5,395,26.3,55.3,합격
L03544,2026-06-08 21:46,P-SEOUL-01,F-1,오후,500mL,2.07,2.04,176.5,410,20.8,41.3,합격
L03545,2026-06-08 22:12,P-SEOUL-01,F-3,야간,500mL,0.68,2.09,178.3,402,22.6,52.0,합격
L03546,2026-06-08 22:22,P-SEOUL-01,F-1,야간,1L,0.02,1.97,179.8,403,20.6,69.8,합격
L03547,2026-06-08 22:36,P-SEOUL-01,F-2,야간,500mL,-0.28,1.89,181.0,405,28.3,53.5,합격
L03548,2026-06-08 22:40,P-SEOUL-01,F-2,야간,1L,-0.41,2.17,181.3,393,23.7,55.9,합격
L03549,2026-06-08 23:07,P-SEOUL-01,F-2,야간,2L,0.24,2.04,178.1,384,21.2,49.4,합격
L03550,2026-06-08 23:45,P-SEOUL-01,F-2,야간,500mL,-1.09,2.32,177.8,395,24.7,48.3,합격
L03551,2026-06-09 00:03,P-SEOUL-01,F-2,야간,1L,1.63,2.14,179.7,385,20.6,39.2,합격
L03552,2026-06-09 00:26,P-SEOUL-01,F-3,야간,500mL,-0.47,2.1,180.8,408,24.0,54.7,합격
L03553,2026-06-09 00:31,P-SEOUL-01,F-3,야간,2L,-0.25,2.06,179.3,413,21.1,48.7,합격
L03554,2026-06-09 00:53,P-SEOUL-01,F-3,야간,500mL,0.35,1.9,181.7,388,22.2,60.3,합격
L03555,2026-06-09 01:08,P-SEOUL-01,F-1,야간,2L,0.52,2.12,182.6,395,24.9,46.6,합격
L03556,2026-06-09 01:12,P-SEOUL-01,F-2,야간,2L,-1.3,2.17,183.6,418,27.8,42.3,합격
L03557,2026-06-09 01:24,P-SEOUL-01,F-3,야간,1L,-1.05,2.12,183.1,418,24.6,49.3,합격
L03558,2026-06-09 01:46,P-SEOUL-01,F-1,야간,2L,-0.01,2.07,180.6,375,23.3,50.5,합격
L03559,2026-06-09 02:20,P-SEOUL-01,F-2,야간,1L,0.63,2.14,179.6,398,27.0,64.9,합격
L03560,2026-06-09 02:43,P-SEOUL-01,F-3,야간,500mL,0.66,2.02,177.7,393,17.1,60.6,합격
L03561,2026-06-09 03:21,P-SEOUL-01,F-2,야간,2L,2.04,2.23,185.0,388,26.0,53.3,합격
L03562,2026-06-09 03:32,P-SEOUL-01,F-1,야간,2L,1.58,2.08,185.4,404,22.7,41.2,합격
L03563,2026-06-09 03:39,P-SEOUL-01,F-2,야간,2L,-1.17,2.23,180.1,402,23.7,48.4,합격
L03564,2026-06-09 03:55,P-SEOUL-01,F-2,야간,2L,0.36,2.15,181.5,409,14.5,61.3,합격
L03565,2026-06-09 04:24,P-SEOUL-01,F-2,야간,500mL,-1.07,1.44,177.0,394,29.9,58.7,재검
L03566,2026-06-09 04:46,P-SEOUL-01,F-1,야간,500mL,1.22,1.98,178.3,403,24.2,49.7,합격
L03567,2026-06-09 04:51,P-SEOUL-01,F-3,야간,500mL,-0.63,2.12,178.0,397,23.7,59.2,합격
L03568,2026-06-09 05:32,P-SEOUL-01,F-3,야간,500mL,0.29,2.04,178.3,394,29.5,53.9,합격
L03569,2026-06-09 05:52,P-SEOUL-01,F-2,야간,1L,-0.74,2.16,181.4,396,24.3,54.2,합격
L03570,2026-06-09 06:47,P-SEOUL-01,F-1,주간,500mL,2.25,2.07,184.4,395,29.0,50.1,합격
L03571,2026-06-09 06:58,P-SEOUL-01,F-2,주간,1L,-0.91,2.36,184.6,403,21.0,61.9,합격
L03572,2026-06-09 07:01,P-SEOUL-01,F-2,주간,500mL,-0.91,1.88,180.7,416,22.0,57.0,합격
L03573,2026-06-09 07:06,P-SEOUL-01,F-1,주간,500mL,-0.33,1.99,178.0,395,23.6,56.6,합격
L03574,2026-06-09 10:06,P-SEOUL-01,F-1,주간,500mL,1.58,2.14,180.3,388,20.6,53.6,합격
L03575,2026-06-09 10:18,P-SEOUL-01,F-2,주간,500mL,-1.4,2.3,183.8,397,23.5,66.0,합격
L03576,2026-06-09 11:37,P-SEOUL-01,F-2,주간,1L,-0.29,2.04,181.4,375,23.8,44.8,합격
L03577,2026-06-09 11:56,P-SEOUL-01,F-2,주간,500mL,-0.45,2.18,182.7,388,27.4,54.0,합격
L03578,2026-06-09 12:05,P-SEOUL-01,F-1,주간,500mL,0.68,1.99,184.3,389,24.2,44.5,합격
L03579,2026-06-09 12:18,P-SEOUL-01,F-1,주간,500mL,-0.42,2.2,180.6,403,23.1,46.2,합격
L03580,2026-06-09 12:20,P-SEOUL-01,F-1,주간,1L,-1.39,1.97,175.6,404,20.2,46.9,합격
L03581,2026-06-09 12:51,P-SEOUL-01,F-1,주간,500mL,-0.05,,180.7,433,22.6,58.1,합격
L03582,2026-06-09 12:53,P-SEOUL-01,F-1,주간,500mL,-0.65,,176.8,401,26.0,60.8,합격
L03583,2026-06-09 13:07,P-SEOUL-01,F-3,주간,1L,0.26,2.17,179.6,393,29.3,34.7,합격
L03584,2026-06-09 13:58,P-SEOUL-01,F-1,주간,1L,0.9,2.19,180.9,413,23.3,34.6,합격
L03585,2026-06-09 14:02,P-SEOUL-01,F-2,오후,2L,-0.51,1.97,176.9,407,24.7,46.6,합격
L03586,2026-06-09 15:13,P-SEOUL-01,F-2,오후,2L,-0.31,2.02,178.6,408,31.5,56.1,합격
L03587,2026-06-09 15:21,P-SEOUL-01,F-1,오후,500mL,0.08,1.87,182.4,401,21.2,55.5,합격
L03588,2026-06-09 16:58,P-SEOUL-01,F-2,오후,1L,0.72,2.1,179.5,392,27.3,53.9,합격
L03589,2026-06-09 17:17,P-SEOUL-01,F-1,오후,500mL,0.46,2.18,180.2,379,24.4,45.6,합격
L03590,2026-06-09 17:36,P-SEOUL-01,F-1,오후,2L,-0.35,2.24,179.9,401,24.7,45.6,합격
L03591,2026-06-09 18:30,P-SEOUL-01,F-1,오후,500mL,0.27,2.22,180.7,400,25.2,38.7,합격
L03592,2026-06-09 18:44,P-SEOUL-01,F-1,오후,500mL,1.55,2.19,181.6,402,21.7,53.4,합격
L03593,2026-06-09 18:50,P-SEOUL-01,F-2,오후,1L,-0.94,2.25,179.2,396,25.4,57.4,합격
L03594,2026-06-09 19:06,P-SEOUL-01,F-2,오후,500mL,0.85,1.91,177.4,374,27.2,58.6,합격
L03595,2026-06-09 19:26,P-SEOUL-01,F-2,오후,500mL,1.22,2.04,179.9,410,24.6,50.8,합격
L03596,2026-06-09 20:23,P-SEOUL-01,F-2,오후,2L,-1.16,2.21,179.3,395,25.5,41.9,합격
L03597,2026-06-09 21:55,P-SEOUL-01,F-2,오후,1L,-0.53,2.2,182.8,395,26.1,51.3,합격
L03598,2026-06-09 23:39,P-SEOUL-01,F-1,야간,500mL,-1.69,2.13,180.2,391,24.9,56.1,합격
L03599,2026-06-09 23:39,P-SEOUL-01,F-1,야간,2L,-0.37,2.17,183.2,416,19.0,53.8,합격
L03600,2026-06-10 00:25,P-SEOUL-01,F-1,야간,500mL,1.08,1.79,180.9,409,21.8,53.9,합격
L03601,2026-06-10 00:53,P-SEOUL-01,F-3,야간,1L,-0.56,2.0,180.4,379,27.1,52.3,합격
L03602,2026-06-10 00:54,P-SEOUL-01,F-1,야간,500mL,-0.86,1.9,179.6,379,26.8,55.8,합격
L03603,2026-06-10 01:08,P-SEOUL-01,F-3,야간,2L,-0.04,2.01,181.2,391,18.5,45.4,합격
L03604,2026-06-10 01:23,P-SEOUL-01,F-3,야간,500mL,-0.75,2.23,178.1,406,25.1,,합격
L03605,2026-06-10 02:38,P-SEOUL-01,F-2,야간,500mL,0.24,2.14,174.5,394,22.8,47.2,합격
L03606,2026-06-10 02:47,P-SEOUL-01,F-1,야간,1L,-0.05,1.99,178.2,420,27.9,56.5,합격
L03607,2026-06-10 03:32,P-SEOUL-01,F-1,야간,2L,0.09,1.99,179.9,402,25.6,47.7,합격
L03608,2026-06-10 03:52,P-SEOUL-01,F-1,야간,2L,0.08,1.83,180.8,395,19.5,44.5,합격
L03609,2026-06-10 04:18,P-SEOUL-01,F-1,야간,2L,-0.43,2.08,185.0,394,24.2,49.6,합격
L03610,2026-06-10 05:24,P-SEOUL-01,F-2,야간,500mL,-0.12,2.11,179.5,396,25.6,43.1,합격
L03611,2026-06-10 06:56,P-SEOUL-01,F-1,주간,2L,1.19,1.98,179.0,402,22.9,38.8,합격
L03612,2026-06-10 07:10,P-SEOUL-01,F-2,주간,500mL,0.65,2.1,180.5,388,24.4,54.2,합격
L03613,2026-06-10 08:19,P-SEOUL-01,F-3,주간,2L,0.82,2.11,182.1,414,24.2,49.0,합격
L03614,2026-06-10 08:24,P-SEOUL-01,F-2,주간,2L,0.21,2.0,181.9,423,20.8,59.4,합격
L03615,2026-06-10 10:11,P-SEOUL-01,F-1,주간,2L,-1.14,1.43,180.7,396,23.0,43.7,재검
L03616,2026-06-10 10:43,P-SEOUL-01,F-3,주간,2L,-0.86,2.38,174.7,400,21.7,54.0,합격
L03617,2026-06-10 10:52,P-SEOUL-01,F-3,주간,500mL,-0.03,,183.2,409,26.0,58.3,합격
L03618,2026-06-10 11:08,P-SEOUL-01,F-1,주간,2L,0.1,2.08,183.2,395,24.4,58.0,합격
L03619,2026-06-10 11:12,P-SEOUL-01,F-1,주간,500mL,0.15,2.14,179.5,407,20.2,56.6,합격
L03620,2026-06-10 11:35,P-SEOUL-01,F-1,주간,1L,0.54,2.3,177.0,405,25.7,47.8,합격
L03621,2026-06-10 11:43,P-SEOUL-01,F-2,주간,1L,-0.44,2.08,179.6,423,22.7,53.0,합격
L03622,2026-06-10 12:29,P-SEOUL-01,F-1,주간,2L,-0.34,2.03,180.0,415,21.9,54.7,합격
L03623,2026-06-10 12:58,P-SEOUL-01,F-1,주간,500mL,0.94,1.91,178.5,396,28.6,50.2,합격
L03624,2026-06-10 13:18,P-SEOUL-01,F-3,주간,1L,0.29,,175.7,384,23.9,63.3,합격
L03625,2026-06-10 13:58,P-SEOUL-01,F-2,주간,2L,0.36,2.12,179.9,417,26.7,54.0,합격
L03626,2026-06-10 14:08,P-SEOUL-01,F-1,오후,500mL,0.32,2.03,177.5,400,26.0,54.3,합격
L03627,2026-06-10 14:15,P-SEOUL-01,F-2,오후,1L,0.13,2.15,179.5,414,27.0,49.6,합격
L03628,2026-06-10 14:42,P-SEOUL-01,F-1,오후,2L,-0.8,1.96,181.3,403,25.6,44.5,합격
L03629,2026-06-10 14:46,P-SEOUL-01,F-3,오후,1L,-1.14,2.08,180.6,400,24.1,59.4,합격
L03630,2026-06-10 15:55,P-SEOUL-01,F-1,오후,1L,-5.12,2.15,179.5,420,20.2,49.1,재검
L03631,2026-06-10 16:31,P-SEOUL-01,F-1,오후,1L,0.44,2.18,180.0,398,19.9,47.4,합격
L03632,2026-06-10 16:35,P-SEOUL-01,F-1,오후,2L,4.83,1.98,180.4,356,25.7,70.4,재검
L03633,2026-06-10 17:30,P-SEOUL-01,F-1,오후,500mL,-0.89,2.25,176.5,403,22.6,50.2,합격
L03634,2026-06-10 17:34,P-SEOUL-01,F-2,오후,2L,1.04,2.12,181.1,410,22.5,56.4,합격
L03635,2026-06-10 17:53,P-SEOUL-01,F-1,오후,1L,-0.53,2.19,181.7,396,25.4,49.8,합격
L03636,2026-06-10 18:21,P-SEOUL-01,F-1,오후,500mL,-0.7,2.1,182.0,406,24.5,50.3,합격
L03637,2026-06-10 18:45,P-SEOUL-01,F-1,오후,1L,0.71,2.24,181.6,394,25.8,59.8,합격
L03638,2026-06-10 19:06,P-SEOUL-01,F-3,오후,1L,-1.09,2.02,179.7,397,26.6,39.7,합격
L03639,2026-06-10 19:16,P-SEOUL-01,F-3,오후,1L,1.1,2.06,177.2,389,25.6,57.2,합격
L03640,2026-06-10 19:17,P-SEOUL-01,F-2,오후,1L,0.73,2.32,178.6,390,18.6,60.3,합격
L03641,2026-06-10 19:35,P-SEOUL-01,F-1,오후,500mL,-0.36,,177.9,408,22.1,47.1,합격
L03642,2026-06-10 19:49,P-SEOUL-01,F-2,오후,500mL,-0.85,,180.7,391,28.3,57.3,재검
L03643,2026-06-10 20:44,P-SEOUL-01,F-3,오후,2L,-0.31,2.06,178.2,396,24.6,48.4,합격
L03644,2026-06-10 20:47,P-SEOUL-01,F-1,오후,500mL,0.43,2.09,176.2,409,29.2,40.8,합격
L03645,2026-06-10 20:57,P-SEOUL-01,F-2,오후,1L,0.61,2.11,182.2,387,21.3,55.7,합격
L03646,2026-06-10 20:59,P-SEOUL-01,F-1,오후,2L,-1.16,2.04,181.6,398,20.7,53.3,합격
L03647,2026-06-10 21:40,P-SEOUL-01,F-1,오후,1L,-0.07,2.17,179.3,381,25.8,57.6,합격
L03648,2026-06-10 21:47,P-SEOUL-01,F-2,오후,500mL,-4.95,2.2,183.0,400,29.7,71.1,재검
L03649,2026-06-10 22:15,P-SEOUL-01,F-1,야간,2L,0.12,2.08,184.0,390,25.3,47.2,합격
L03650,2026-06-10 22:37,P-SEOUL-01,F-3,야간,2L,0.34,2.04,176.9,372,22.4,69.5,합격
L03651,2026-06-10 22:42,P-SEOUL-01,F-1,야간,1L,-0.31,2.14,184.4,399,28.9,42.3,합격
L03652,2026-06-10 22:59,P-SEOUL-01,F-2,야간,500mL,1.15,1.88,182.7,417,29.4,42.2,합격
L03653,2026-06-10 23:05,P-SEOUL-01,F-1,야간,500mL,1.42,2.14,175.7,385,23.7,55.0,합격
L03654,2026-06-10 23:19,P-SEOUL-01,F-2,야간,1L,-0.8,2.19,181.1,401,25.3,43.6,합격
L03655,2026-06-10 23:30,P-SEOUL-01,F-1,야간,500mL,-0.9,1.9,177.6,383,24.0,49.4,합격
L03656,2026-06-10 23:31,P-SEOUL-01,F-2,야간,2L,1.66,2.01,181.5,395,24.9,68.3,합격
L03657,2026-06-11 00:54,P-SEOUL-01,F-2,야간,1L,0.18,1.81,177.1,382,28.5,44.2,합격
L03658,2026-06-11 01:48,P-SEOUL-01,F-1,야간,500mL,-0.89,2.06,173.9,386,29.6,56.2,합격
L03659,2026-06-11 02:43,P-SEOUL-01,F-2,야간,2L,-0.46,2.28,179.2,393,24.1,41.6,합격
L03660,2026-06-11 03:06,P-SEOUL-01,F-1,야간,1L,0.07,1.95,179.1,416,24.0,65.6,합격
L03661,2026-06-11 03:19,P-SEOUL-01,F-1,야간,1L,-0.25,1.84,179.7,397,23.4,43.5,합격
L03662,2026-06-11 04:13,P-SEOUL-01,F-2,야간,500mL,0.71,2.07,179.3,407,22.9,49.1,합격
L03663,2026-06-11 05:11,P-SEOUL-01,F-1,야간,500mL,-0.66,2.36,181.1,394,27.7,41.8,합격
L03664,2026-06-11 05:13,P-SEOUL-01,F-1,야간,500mL,-0.08,2.07,182.7,427,27.0,59.0,합격
L03665,2026-06-11 05:29,P-SEOUL-01,F-2,야간,500mL,0.81,2.18,181.5,384,23.7,60.5,합격
L03666,2026-06-11 06:26,P-SEOUL-01,F-2,주간,2L,-0.76,2.15,179.6,380,28.0,57.4,합격
L03667,2026-06-11 06:34,P-SEOUL-01,F-1,주간,2L,-0.36,1.97,178.1,404,25.1,38.0,합격
L03668,2026-06-11 06:43,P-SEOUL-01,F-1,주간,500mL,1.11,2.11,177.5,408,26.4,48.4,합격
L03669,2026-06-11 07:50,P-SEOUL-01,F-2,주간,2L,-0.23,2.09,183.8,406,23.7,42.5,합격
L03670,2026-06-11 08:47,P-SEOUL-01,F-1,주간,1L,-1.75,2.07,181.9,404,20.4,54.3,합격
L03671,2026-06-11 08:52,P-SEOUL-01,F-2,주간,1L,0.05,1.94,176.6,402,20.7,49.8,합격
L03672,2026-06-11 10:10,P-SEOUL-01,F-1,주간,500mL,-0.16,2.24,179.7,385,23.0,50.3,합격
L03673,2026-06-11 11:44,P-SEOUL-01,F-3,주간,1L,-1.04,2.19,178.1,401,16.2,47.1,합격
L03674,2026-06-11 12:30,P-SEOUL-01,F-3,주간,500mL,-1.41,2.13,178.5,414,24.9,56.2,합격
L03675,2026-06-11 12:45,P-SEOUL-01,F-2,주간,500mL,-0.43,2.02,180.1,403,26.0,42.4,합격
L03676,2026-06-11 12:48,P-SEOUL-01,F-1,주간,500mL,0.8,2.26,181.0,410,23.1,67.9,합격
L03677,2026-06-11 13:57,P-SEOUL-01,F-1,주간,2L,0.4,2.19,178.5,391,20.7,59.0,합격
L03678,2026-06-11 14:42,P-SEOUL-01,F-1,오후,1L,0.97,1.76,179.9,394,23.4,52.0,합격
L03679,2026-06-11 14:50,P-SEOUL-01,F-1,오후,1L,0.96,2.15,178.5,412,28.8,54.9,합격
L03680,2026-06-11 15:01,P-SEOUL-01,F-2,오후,1L,0.85,2.17,179.5,421,24.6,52.7,합격
L03681,2026-06-11 15:20,P-SEOUL-01,F-1,오후,1L,0.52,2.11,178.8,404,22.3,59.2,합격
L03682,2026-06-11 15:40,P-SEOUL-01,F-3,오후,500mL,-0.72,1.9,181.5,391,28.5,41.5,합격
L03683,2026-06-11 16:06,P-SEOUL-01,F-1,오후,1L,-1.44,2.07,180.6,377,19.8,54.3,합격
L03684,2026-06-11 16:11,P-SEOUL-01,F-1,오후,1L,0.41,2.13,176.1,387,24.7,58.8,합격
L03685,2026-06-11 16:17,P-SEOUL-01,F-1,오후,1L,0.37,2.02,179.7,424,19.7,39.1,합격
L03686,2026-06-11 16:27,P-SEOUL-01,F-1,오후,500mL,-0.08,1.98,180.5,425,25.8,49.4,합격
L03687,2026-06-11 16:57,P-SEOUL-01,F-1,오후,500mL,1.18,2.08,175.9,401,19.1,60.0,합격
L03688,2026-06-11 16:57,P-SEOUL-01,F-2,오후,500mL,-0.08,2.05,177.9,401,26.2,45.4,합격
L03689,2026-06-11 17:44,P-SEOUL-01,F-1,오후,2L,-0.13,1.96,177.9,407,19.6,73.9,합격
L03690,2026-06-11 18:19,P-SEOUL-01,F-1,오후,2L,0.44,2.16,179.3,393,27.0,48.5,합격
L03691,2026-06-11 19:15,P-SEOUL-01,F-1,오후,500mL,-1.02,2.36,181.8,376,23.8,45.1,합격
L03692,2026-06-11 19:16,P-SEOUL-01,F-2,오후,2L,-1.0,1.92,180.1,398,21.7,49.9,합격
L03693,2026-06-11 19:25,P-SEOUL-01,F-2,오후,500mL,-0.77,2.01,178.6,388,30.7,53.5,합격
L03694,2026-06-11 19:46,P-SEOUL-01,F-3,오후,1L,-0.31,2.16,179.3,399,24.4,43.0,합격
L03695,2026-06-11 20:00,P-SEOUL-01,F-3,오후,1L,0.85,2.33,180.9,395,22.8,63.5,합격
L03696,2026-06-11 20:32,P-SEOUL-01,F-3,오후,1L,-0.64,2.05,182.0,403,29.1,60.5,합격
L03697,2026-06-11 21:03,P-SEOUL-01,F-1,오후,500mL,0.94,2.02,180.7,383,21.4,55.9,합격
L03698,2026-06-11 21:12,P-SEOUL-01,F-1,오후,1L,-1.01,2.23,177.1,403,24.9,51.0,합격
L03699,2026-06-11 21:26,P-SEOUL-01,F-1,오후,500mL,-0.76,2.06,178.3,397,23.6,42.9,합격
L03700,2026-06-11 21:27,P-SEOUL-01,F-2,오후,500mL,0.1,2.14,177.2,411,24.6,62.7,합격
L03701,2026-06-11 21:31,P-SEOUL-01,F-2,오후,2L,-5.33,2.09,180.4,412,24.6,48.3,재검
L03702,2026-06-11 21:47,P-SEOUL-01,F-1,오후,1L,4.63,1.87,183.5,405,24.2,59.6,재검
L03703,2026-06-11 21:51,P-SEOUL-01,F-1,오후,1L,-0.37,2.3,178.3,387,23.5,57.0,합격
L03704,2026-06-11 22:05,P-SEOUL-01,F-1,야간,500mL,0.13,2.12,180.0,387,27.3,60.9,합격
L03705,2026-06-11 23:19,P-SEOUL-01,F-2,야간,2L,-0.33,1.8,177.6,404,19.1,65.4,합격
L03706,2026-06-12 00:12,P-SEOUL-01,F-2,야간,1L,-0.69,2.13,179.6,420,20.6,50.9,합격
L03707,2026-06-12 00:31,P-SEOUL-01,F-2,야간,500mL,0.08,2.13,177.4,381,32.3,70.1,합격
L03708,2026-06-12 01:39,P-SEOUL-01,F-2,야간,1L,0.17,2.02,180.7,397,29.3,47.9,합격
L03709,2026-06-12 01:47,P-SEOUL-01,F-3,야간,500mL,1.25,2.19,180.8,405,27.2,54.5,합격
L03710,2026-06-12 02:02,P-SEOUL-01,F-3,야간,1L,0.5,1.93,177.6,396,19.9,72.4,합격
L03711,2026-06-12 02:31,P-SEOUL-01,F-2,야간,1L,0.11,2.17,178.6,392,22.0,57.8,합격
L03712,2026-06-12 02:41,P-SEOUL-01,F-3,야간,1L,-3.54,2.05,179.0,409,27.2,57.8,재검
L03713,2026-06-12 02:52,P-SEOUL-01,F-3,야간,1L,0.73,1.78,179.6,409,28.9,36.7,합격
L03714,2026-06-12 02:53,P-SEOUL-01,F-2,야간,2L,0.23,2.24,181.2,408,28.3,43.5,합격
L03715,2026-06-12 02:58,P-SEOUL-01,F-2,야간,500mL,-1.48,2.13,179.5,395,21.4,36.2,합격
L03716,2026-06-12 03:11,P-SEOUL-01,F-3,야간,1L,0.31,2.14,180.9,403,21.9,48.9,합격
L03717,2026-06-12 03:20,P-SEOUL-01,F-3,야간,1L,0.24,2.21,182.7,404,28.9,36.1,합격
L03718,2026-06-12 03:56,P-SEOUL-01,F-2,야간,500mL,1.2,2.12,183.4,415,24.5,58.7,합격
L03719,2026-06-12 04:05,P-SEOUL-01,F-1,야간,500mL,-0.35,1.88,181.7,390,22.4,36.9,합격
L03720,2026-06-12 04:10,P-SEOUL-01,F-1,야간,2L,0.49,2.12,178.8,442,25.3,52.6,합격
L03721,2026-06-12 04:27,P-SEOUL-01,F-3,야간,1L,0.62,2.04,180.6,415,21.9,46.5,합격
L03722,2026-06-12 05:25,P-SEOUL-01,F-1,야간,1L,-0.56,2.17,179.6,400,24.3,54.7,합격
L03723,2026-06-12 05:45,P-SEOUL-01,F-1,야간,2L,-0.87,1.93,179.7,384,25.1,47.3,합격
L03724,2026-06-12 05:52,P-SEOUL-01,F-1,야간,500mL,0.29,1.9,183.6,398,22.8,54.9,합격
L03725,2026-06-12 05:52,P-SEOUL-01,F-1,야간,1L,0.34,2.01,181.0,395,25.0,52.2,합격
L03726,2026-06-12 07:16,P-SEOUL-01,F-2,주간,500mL,-0.17,1.23,179.8,411,28.4,36.6,재검
L03727,2026-06-12 07:18,P-SEOUL-01,F-1,주간,2L,-0.86,2.01,181.7,409,16.7,51.8,합격
L03728,2026-06-12 07:25,P-SEOUL-01,F-2,주간,2L,-1.09,2.05,181.4,399,24.6,63.4,합격
L03729,2026-06-12 08:09,P-SEOUL-01,F-3,주간,1L,-4.73,2.01,180.5,417,18.9,73.2,재검
L03730,2026-06-12 08:19,P-SEOUL-01,F-1,주간,500mL,0.44,2.24,179.9,404,20.3,57.5,합격
L03731,2026-06-12 08:48,P-SEOUL-01,F-2,주간,1L,-1.13,2.05,179.1,407,26.4,59.3,합격
L03732,2026-06-12 09:09,P-SEOUL-01,F-1,주간,500mL,-1.58,1.42,180.7,398,24.8,42.4,재검
L03733,2026-06-12 09:26,P-SEOUL-01,F-1,주간,500mL,0.49,2.04,177.3,368,26.4,62.0,합격
L03734,2026-06-12 09:53,P-SEOUL-01,F-3,주간,500mL,-0.14,2.08,182.3,396,22.9,33.4,합격
L03735,2026-06-12 10:12,P-SEOUL-01,F-1,주간,1L,0.24,2.29,179.3,394,29.8,46.2,합격
L03736,2026-06-12 10:16,P-SEOUL-01,F-3,주간,1L,-0.56,1.98,180.2,403,21.4,,합격
L03737,2026-06-12 11:09,P-SEOUL-01,F-1,주간,2L,-0.25,2.11,177.7,405,19.4,50.0,합격
L03738,2026-06-12 11:16,P-SEOUL-01,F-1,주간,1L,0.17,2.24,180.6,386,24.4,39.7,합격
L03739,2026-06-12 11:19,P-SEOUL-01,F-2,주간,500mL,1.23,2.17,180.2,410,29.0,61.1,합격
L03740,2026-06-12 11:37,P-SEOUL-01,F-2,주간,1L,-0.66,2.06,180.7,402,26.8,52.8,합격
L03741,2026-06-12 12:03,P-SEOUL-01,F-1,주간,1L,-1.08,2.02,178.6,405,29.7,57.6,합격
L03742,2026-06-12 12:08,P-SEOUL-01,F-2,주간,1L,-0.94,2.1,179.7,392,24.1,50.7,합격
L03743,2026-06-12 13:13,P-SEOUL-01,F-1,주간,1L,0.28,1.97,179.5,402,24.4,63.6,합격
L03744,2026-06-12 13:16,P-SEOUL-01,F-3,주간,1L,0.02,2.11,181.5,376,22.3,47.7,합격
L03745,2026-06-12 13:38,P-SEOUL-01,F-1,주간,500mL,0.38,2.15,179.1,409,16.2,45.3,합격
L03746,2026-06-12 14:11,P-SEOUL-01,F-3,오후,1L,-0.15,2.39,178.9,401,25.7,40.1,합격
L03747,2026-06-12 14:56,P-SEOUL-01,F-1,오후,500mL,-0.47,1.27,177.7,397,19.8,58.9,재검
L03748,2026-06-12 15:42,P-SEOUL-01,F-1,오후,2L,-0.78,2.38,178.1,420,23.8,55.2,합격
L03749,2026-06-12 16:15,P-SEOUL-01,F-3,오후,1L,-0.42,2.07,181.7,394,20.6,59.1,합격
L03750,2026-06-12 16:20,P-SEOUL-01,F-1,오후,2L,0.41,1.98,179.8,396,25.5,50.3,합격
L03751,2026-06-12 16:31,P-SEOUL-01,F-2,오후,1L,1.28,2.29,182.5,399,25.2,57.3,합격
L03752,2026-06-12 16:31,P-SEOUL-01,F-2,오후,500mL,1.15,2.07,180.1,383,21.5,57.4,합격
L03753,2026-06-12 16:40,P-SEOUL-01,F-1,오후,500mL,-0.11,2.22,181.3,403,18.9,56.0,합격
L03754,2026-06-12 16:48,P-SEOUL-01,F-1,오후,1L,0.37,2.18,179.7,403,24.2,61.9,합격
L03755,2026-06-12 16:54,P-SEOUL-01,F-1,오후,500mL,-0.35,1.92,179.6,389,27.7,62.2,합격
L03756,2026-06-12 17:19,P-SEOUL-01,F-2,오후,500mL,1.1,2.21,183.0,381,26.6,67.4,합격
L03757,2026-06-12 18:26,P-SEOUL-01,F-3,오후,500mL,1.03,2.04,181.8,406,23.7,55.6,합격
L03758,2026-06-12 18:35,P-SEOUL-01,F-3,오후,500mL,1.05,2.14,181.7,411,28.9,41.3,합격
L03759,2026-06-12 19:05,P-SEOUL-01,F-3,오후,500mL,-0.62,1.99,183.4,403,21.0,46.8,합격
L03760,2026-06-12 20:28,P-SEOUL-01,F-3,오후,500mL,-0.83,2.31,179.3,382,26.3,53.8,합격
L03761,2026-06-12 20:46,P-SEOUL-01,F-3,오후,500mL,-5.08,2.17,181.5,392,18.5,47.9,재검
L03762,2026-06-12 21:12,P-SEOUL-01,F-2,오후,500mL,-0.25,1.28,181.4,400,20.7,50.3,재검
L03763,2026-06-12 21:16,P-SEOUL-01,F-2,오후,500mL,0.87,2.08,179.5,391,27.4,62.8,합격
L03764,2026-06-12 22:09,P-SEOUL-01,F-3,야간,1L,-0.34,2.08,180.8,399,22.7,60.0,합격
L03765,2026-06-12 22:31,P-SEOUL-01,F-3,야간,1L,-0.54,2.07,179.6,397,31.6,49.9,합격
L03766,2026-06-12 22:33,P-SEOUL-01,F-3,야간,1L,-0.24,1.96,181.6,401,26.2,52.7,합격
L03767,2026-06-12 22:33,P-SEOUL-01,F-2,야간,2L,-1.01,1.98,181.9,389,31.2,63.6,합격
L03768,2026-06-12 22:58,P-SEOUL-01,F-2,야간,1L,0.12,2.0,179.6,394,31.9,44.5,합격
L03769,2026-06-12 22:59,P-SEOUL-01,F-2,야간,1L,-0.01,1.91,178.4,393,24.0,50.4,합격
L03770,2026-06-12 23:10,P-SEOUL-01,F-3,야간,500mL,0.73,2.15,182.6,430,18.9,52.4,합격
L03771,2026-06-12 23:41,P-SEOUL-01,F-2,야간,2L,-0.25,2.22,180.2,391,25.0,50.4,합격
L03772,2026-06-13 00:14,P-SEOUL-01,F-1,야간,500mL,-0.5,2.05,178.7,385,28.4,41.0,합격
L03773,2026-06-13 00:35,P-SEOUL-01,F-1,야간,1L,0.51,,180.7,397,23.5,44.5,합격
L03774,2026-06-13 00:37,P-SEOUL-01,F-2,야간,500mL,0.25,2.21,181.8,411,30.8,54.7,합격
L03775,2026-06-13 01:25,P-SEOUL-01,F-1,야간,500mL,0.04,1.98,180.4,407,21.6,47.6,합격
L03776,2026-06-13 01:36,P-SEOUL-01,F-1,야간,2L,-1.25,2.02,181.7,408,20.6,44.6,합격
L03777,2026-06-13 02:46,P-SEOUL-01,F-2,야간,500mL,3.5,2.09,182.7,413,27.6,35.0,재검
L03778,2026-06-13 03:11,P-SEOUL-01,F-3,야간,2L,-0.65,2.05,179.0,412,25.1,52.2,합격
L03779,2026-06-13 03:14,P-SEOUL-01,F-3,야간,1L,0.26,1.9,183.4,390,23.1,44.9,합격
L03780,2026-06-13 05:17,P-SEOUL-01,F-2,야간,1L,-1.04,2.11,180.5,417,23.7,52.1,합격
L03781,2026-06-13 05:27,P-SEOUL-01,F-3,야간,2L,-1.18,2.07,180.4,406,19.4,53.2,합격
L03782,2026-06-13 05:36,P-SEOUL-01,F-2,야간,1L,-0.48,1.97,179.4,388,29.5,48.6,합격
L03783,2026-06-13 05:47,P-SEOUL-01,F-2,야간,500mL,-1.21,1.89,181.4,406,21.0,49.7,합격
L03784,2026-06-13 06:47,P-SEOUL-01,F-1,주간,500mL,0.46,2.26,177.3,387,21.8,49.4,합격
L03785,2026-06-13 07:22,P-SEOUL-01,F-3,주간,2L,1.13,2.03,181.3,398,25.4,56.6,합격
L03786,2026-06-13 07:36,P-SEOUL-01,F-1,주간,500mL,-0.3,2.17,181.7,383,20.6,58.8,합격
L03787,2026-06-13 07:45,P-SEOUL-01,F-1,주간,2L,0.1,2.16,176.4,383,31.1,38.8,합격
L03788,2026-06-13 08:27,P-SEOUL-01,F-1,주간,500mL,-0.24,2.17,176.8,411,26.2,47.6,합격
L03789,2026-06-13 08:50,P-SEOUL-01,F-3,주간,1L,0.03,2.02,178.5,405,26.6,48.4,합격
L03790,2026-06-13 09:06,P-SEOUL-01,F-2,주간,2L,-0.45,1.93,182.8,406,24.5,63.4,합격
L03791,2026-06-13 09:09,P-SEOUL-01,F-1,주간,2L,-0.51,1.99,184.5,379,20.0,49.2,합격
L03792,2026-06-13 09:21,P-SEOUL-01,F-1,주간,500mL,0.26,2.07,177.4,411,31.4,42.6,합격
L03793,2026-06-13 09:27,P-SEOUL-01,F-3,주간,1L,-1.55,2.17,179.7,410,22.5,55.5,합격
L03794,2026-06-13 09:32,P-SEOUL-01,F-2,주간,500mL,1.07,2.04,183.0,381,26.9,40.9,합격
L03795,2026-06-13 09:42,P-SEOUL-01,F-2,주간,500mL,0.2,2.08,179.1,411,25.6,61.5,합격
L03796,2026-06-13 09:53,P-SEOUL-01,F-1,주간,1L,-0.7,2.29,177.9,417,26.9,59.2,합격
L03797,2026-06-13 10:07,P-SEOUL-01,F-1,주간,500mL,1.14,2.22,178.3,402,24.4,43.4,합격
L03798,2026-06-13 10:11,P-SEOUL-01,F-2,주간,500mL,0.05,2.19,182.1,391,21.7,56.6,합격
L03799,2026-06-13 10:40,P-SEOUL-01,F-3,주간,2L,-0.51,2.13,176.8,372,26.7,56.5,합격
L03800,2026-06-13 11:16,P-SEOUL-01,F-3,주간,1L,1.3,2.03,178.2,394,33.3,52.8,합격
L03801,2026-06-13 11:34,P-SEOUL-01,F-2,주간,1L,0.82,2.13,182.3,392,22.8,51.7,합격
L03802,2026-06-13 12:07,P-SEOUL-01,F-1,주간,500mL,5.12,2.04,179.3,404,23.5,51.5,재검
L03803,2026-06-13 12:24,P-SEOUL-01,F-1,주간,500mL,-0.39,2.02,176.2,421,19.4,44.0,합격
L03804,2026-06-13 12:26,P-SEOUL-01,F-1,주간,1L,-0.38,2.1,176.9,394,21.2,56.9,합격
L03805,2026-06-13 13:32,P-SEOUL-01,F-2,주간,1L,1.05,1.97,178.8,403,23.9,47.2,합격
L03806,2026-06-13 13:39,P-SEOUL-01,F-1,주간,1L,-1.79,2.25,181.5,391,17.7,50.5,합격
L03807,2026-06-13 13:48,P-SEOUL-01,F-3,주간,1L,-0.82,2.01,184.3,406,27.0,51.6,합격
L03808,2026-06-13 13:53,P-SEOUL-01,F-3,주간,500mL,0.63,2.19,179.7,401,26.9,47.3,합격
L03809,2026-06-13 14:04,P-SEOUL-01,F-1,오후,500mL,1.91,2.0,179.4,415,25.1,70.0,합격
L03810,2026-06-13 14:07,P-SEOUL-01,F-3,오후,500mL,1.18,2.14,183.1,417,25.0,57.2,합격
L03811,2026-06-13 14:08,P-SEOUL-01,F-1,오후,1L,1.28,2.06,182.0,406,21.7,40.7,합격
L03812,2026-06-13 14:34,P-SEOUL-01,F-1,오후,1L,-1.43,2.02,178.6,386,19.3,36.5,합격
L03813,2026-06-13 15:28,P-SEOUL-01,F-3,오후,500mL,0.03,2.08,179.7,415,30.0,61.4,합격
L03814,2026-06-13 16:52,P-SEOUL-01,F-3,오후,2L,1.95,2.17,184.4,402,23.7,51.6,합격
L03815,2026-06-13 17:04,P-SEOUL-01,F-2,오후,1L,-0.23,2.09,178.6,415,21.4,,합격
L03816,2026-06-13 17:26,P-SEOUL-01,F-3,오후,500mL,-1.3,2.08,185.3,392,26.4,59.0,합격
L03817,2026-06-13 18:35,P-SEOUL-01,F-2,오후,2L,-1.11,1.84,178.9,394,23.7,47.4,합격
L03818,2026-06-13 18:48,P-SEOUL-01,F-1,오후,500mL,-0.3,2.1,179.0,405,21.0,58.5,합격
L03819,2026-06-13 18:51,P-SEOUL-01,F-1,오후,2L,-0.25,2.18,183.6,416,28.2,49.8,합격
L03820,2026-06-13 20:02,P-SEOUL-01,F-3,오후,500mL,-0.57,2.33,180.3,416,22.5,56.8,합격
L03821,2026-06-13 20:43,P-SEOUL-01,F-1,오후,2L,0.95,2.08,176.3,399,20.4,59.6,합격
L03822,2026-06-13 20:52,P-SEOUL-01,F-1,오후,500mL,0.51,2.13,181.0,392,24.0,51.1,합격
L03823,2026-06-13 21:06,P-SEOUL-01,F-3,오후,2L,-0.72,2.14,179.9,425,23.0,45.7,합격
L03824,2026-06-13 21:22,P-SEOUL-01,F-2,오후,500mL,1.46,1.94,180.8,393,25.8,69.1,합격
L03825,2026-06-13 21:41,P-SEOUL-01,F-2,오후,1L,-1.11,2.13,177.0,405,25.8,52.1,합격
L03826,2026-06-13 21:50,P-SEOUL-01,F-1,오후,1L,0.33,1.83,180.2,403,21.3,56.7,합격
L03827,2026-06-13 22:26,P-SEOUL-01,F-3,야간,1L,-0.05,2.23,179.1,402,25.3,53.8,합격
L03828,2026-06-13 23:26,P-SEOUL-01,F-2,야간,2L,0.68,1.99,178.5,400,22.1,58.5,합격
L03829,2026-06-13 23:29,P-SEOUL-01,F-1,야간,500mL,4.6,2.23,178.7,402,22.7,44.4,재검
L03830,2026-06-13 23:32,P-SEOUL-01,F-2,야간,2L,1.29,1.96,182.1,417,21.1,43.8,합격
L03831,2026-06-14 00:20,P-SEOUL-01,F-2,야간,2L,-0.23,2.26,181.8,398,29.0,43.4,합격
L03832,2026-06-14 00:49,P-SEOUL-01,F-2,야간,2L,0.73,2.1,179.1,398,24.2,54.1,합격
L03833,2026-06-14 01:23,P-SEOUL-01,F-1,야간,1L,0.73,1.93,181.6,401,24.1,61.6,합격
L03834,2026-06-14 01:55,P-SEOUL-01,F-2,야간,500mL,0.2,2.11,181.1,396,25.8,34.8,합격
L03835,2026-06-14 02:02,P-SEOUL-01,F-3,야간,500mL,1.19,1.98,180.6,391,18.6,62.8,합격
L03836,2026-06-14 02:08,P-SEOUL-01,F-1,야간,500mL,0.21,2.16,181.0,397,27.1,59.7,합격
L03837,2026-06-14 02:08,P-SEOUL-01,F-2,야간,500mL,-0.13,1.96,178.5,385,30.2,32.8,합격
L03838,2026-06-14 02:50,P-SEOUL-01,F-2,야간,500mL,-0.01,1.83,183.6,400,18.5,48.3,합격
L03839,2026-06-14 03:25,P-SEOUL-01,F-1,야간,500mL,0.23,1.89,179.1,390,22.1,45.9,합격
L03840,2026-06-14 03:38,P-SEOUL-01,F-2,야간,2L,-0.65,2.04,179.7,412,31.6,43.4,합격
L03841,2026-06-14 03:51,P-SEOUL-01,F-1,야간,1L,-0.58,2.12,181.5,401,26.7,43.9,합격
L03842,2026-06-14 04:33,P-SEOUL-01,F-1,야간,500mL,-0.37,2.36,179.9,409,25.7,56.5,합격
L03843,2026-06-14 05:12,P-SEOUL-01,F-2,야간,500mL,0.28,1.85,178.4,366,24.7,63.9,합격
L03844,2026-06-14 05:21,P-SEOUL-01,F-1,야간,500mL,1.33,2.12,180.2,385,24.5,51.2,합격
L03845,2026-06-14 05:25,P-SEOUL-01,F-2,야간,2L,-0.42,1.93,179.9,401,28.5,56.3,합격
L03846,2026-06-14 05:26,P-SEOUL-01,F-1,야간,1L,0.59,2.23,179.9,390,27.0,59.3,합격
L03847,2026-06-14 05:32,P-SEOUL-01,F-3,야간,2L,-0.18,1.97,179.0,422,25.7,51.8,합격
L03848,2026-06-14 05:52,P-SEOUL-01,F-2,야간,500mL,-0.11,1.96,179.2,408,21.2,45.9,합격
L03849,2026-06-14 06:02,P-SEOUL-01,F-1,주간,500mL,-1.98,2.05,181.3,406,18.4,49.2,합격
L03850,2026-06-14 06:31,P-SEOUL-01,F-2,주간,500mL,0.21,2.0,181.4,404,26.2,53.5,합격
L03851,2026-06-14 06:59,P-SEOUL-01,F-1,주간,1L,-2.34,2.27,181.4,411,25.4,51.0,합격
L03852,2026-06-14 07:00,P-SEOUL-01,F-3,주간,500mL,-2.29,2.1,179.8,394,26.7,46.2,합격
L03853,2026-06-14 07:15,P-SEOUL-01,F-3,주간,1L,0.35,2.25,175.1,403,19.0,49.6,합격
L03854,2026-06-14 08:13,P-SEOUL-01,F-1,주간,500mL,-0.28,1.94,180.8,384,20.1,53.1,합격
L03855,2026-06-14 08:43,P-SEOUL-01,F-2,주간,500mL,-1.14,1.89,179.9,403,27.5,52.0,합격
L03856,2026-06-14 09:05,P-SEOUL-01,F-3,주간,500mL,0.54,1.98,180.1,379,21.4,44.4,합격
L03857,2026-06-14 09:09,P-SEOUL-01,F-1,주간,1L,-0.91,2.36,179.1,397,25.3,45.5,합격
L03858,2026-06-14 09:43,P-SEOUL-01,F-3,주간,500mL,2.24,2.0,178.8,407,24.2,63.2,합격
L03859,2026-06-14 10:29,P-SEOUL-01,F-3,주간,500mL,-0.83,1.89,178.3,407,24.8,52.7,합격
L03860,2026-06-14 10:34,P-SEOUL-01,F-3,주간,1L,0.54,1.79,179.7,399,21.7,64.4,합격
L03861,2026-06-14 10:38,P-SEOUL-01,F-2,주간,1L,0.17,2.12,179.6,402,25.4,57.8,합격
L03862,2026-06-14 10:51,P-SEOUL-01,F-2,주간,500mL,0.66,1.45,178.1,411,26.8,41.1,재검
L03863,2026-06-14 10:55,P-SEOUL-01,F-3,주간,500mL,-0.17,1.98,181.2,390,20.1,34.2,합격
L03864,2026-06-14 12:01,P-SEOUL-01,F-2,주간,500mL,0.22,2.07,178.5,397,22.5,52.9,합격
L03865,2026-06-14 12:12,P-SEOUL-01,F-1,주간,500mL,1.14,1.98,176.2,392,20.4,54.7,합격
L03866,2026-06-14 13:16,P-SEOUL-01,F-1,주간,500mL,-1.74,2.17,180.3,383,25.3,71.1,합격
L03867,2026-06-14 13:16,P-SEOUL-01,F-1,주간,500mL,1.66,2.19,180.5,388,18.1,32.9,합격
L03868,2026-06-14 14:15,P-SEOUL-01,F-1,오후,1L,-1.62,1.87,178.7,417,26.3,51.5,합격
L03869,2026-06-14 15:30,P-SEOUL-01,F-3,오후,2L,-0.19,2.04,182.2,400,22.8,53.4,합격
L03870,2026-06-14 15:38,P-SEOUL-01,F-1,오후,500mL,1.06,2.09,178.1,401,20.3,57.6,합격
L03871,2026-06-14 16:22,P-SEOUL-01,F-3,오후,500mL,0.96,2.07,180.4,398,23.5,53.8,합격
L03872,2026-06-14 17:05,P-SEOUL-01,F-1,오후,500mL,2.09,1.99,178.9,379,29.1,49.6,합격
L03873,2026-06-14 17:12,P-SEOUL-01,F-1,오후,500mL,0.31,2.24,178.2,419,28.5,53.1,합격
L03874,2026-06-14 17:22,P-SEOUL-01,F-3,오후,2L,0.89,2.13,178.3,396,22.1,46.4,합격
L03875,2026-06-14 17:29,P-SEOUL-01,F-2,오후,2L,0.23,2.08,178.0,384,23.2,47.2,합격
L03876,2026-06-14 17:33,P-SEOUL-01,F-2,오후,1L,0.13,1.98,179.9,389,23.9,65.6,합격
L03877,2026-06-14 18:13,P-SEOUL-01,F-3,오후,500mL,-0.41,2.2,178.0,428,32.2,56.4,합격
L03878,2026-06-14 19:07,P-SEOUL-01,F-3,오후,500mL,1.39,2.06,179.7,400,26.8,55.3,합격
L03879,2026-06-14 19:31,P-SEOUL-01,F-1,오후,500mL,-0.81,2.0,179.5,404,24.2,49.5,합격
L03880,2026-06-14 19:45,P-SEOUL-01,F-2,오후,2L,-0.32,1.99,178.0,403,28.5,47.4,합격
L03881,2026-06-14 19:49,P-SEOUL-01,F-2,오후,1L,3.5,1.87,177.9,404,26.5,56.4,재검
L03882,2026-06-14 20:20,P-SEOUL-01,F-1,오후,1L,-0.21,2.18,180.1,418,21.0,43.6,합격
L03883,2026-06-14 20:35,P-SEOUL-01,F-2,오후,500mL,1.4,2.07,178.2,394,34.0,57.8,합격
L03884,2026-06-14 20:46,P-SEOUL-01,F-1,오후,500mL,-1.15,1.81,184.2,393,24.8,42.3,합격
L03885,2026-06-14 20:57,P-SEOUL-01,F-3,오후,2L,-1.12,2.15,182.8,391,25.2,35.9,합격
L03886,2026-06-14 20:57,P-SEOUL-01,F-1,오후,500mL,-5.18,2.26,181.9,417,20.8,57.1,재검
L03887,2026-06-14 21:20,P-SEOUL-01,F-1,오후,500mL,-1.91,2.04,178.2,394,20.1,45.7,합격
L03888,2026-06-14 21:36,P-SEOUL-01,F-3,오후,500mL,0.2,2.12,178.1,392,19.9,60.4,합격
L03889,2026-06-14 22:05,P-SEOUL-01,F-3,야간,500mL,0.13,2.07,179.0,399,24.9,42.8,합격
L03890,2026-06-14 22:14,P-SEOUL-01,F-3,야간,500mL,0.52,2.11,180.3,392,25.7,74.4,합격
L03891,2026-06-14 22:48,P-SEOUL-01,F-1,야간,2L,-1.82,1.5,180.8,399,25.2,47.6,재검
L03892,2026-06-14 23:19,P-SEOUL-01,F-3,야간,1L,-0.83,1.92,178.0,410,23.8,54.2,합격
L03893,2026-06-15 00:04,P-SEOUL-01,F-3,야간,500mL,0.29,2.05,181.4,387,21.8,53.4,합격
L03894,2026-06-15 02:06,P-SEOUL-01,F-1,야간,500mL,-0.21,2.19,174.9,387,29.4,51.3,합격
L03895,2026-06-15 02:13,P-SEOUL-01,F-2,야간,500mL,-1.0,1.78,183.4,415,26.9,38.3,합격
L03896,2026-06-15 02:30,P-SEOUL-01,F-3,야간,2L,-0.13,2.06,179.7,409,22.2,54.8,합격
L03897,2026-06-15 02:52,P-SEOUL-01,F-1,야간,1L,0.3,2.04,182.2,415,19.2,38.1,합격
L03898,2026-06-15 03:02,P-SEOUL-01,F-2,야간,500mL,0.54,2.13,182.8,375,21.4,43.8,합격
L03899,2026-06-15 03:03,P-SEOUL-01,F-2,야간,2L,0.88,2.08,190.3,411,19.5,42.5,합격
L03900,2026-06-15 04:16,P-SEOUL-01,F-2,야간,500mL,-1.2,1.89,189.7,395,25.5,52.9,합격
L03901,2026-06-15 04:17,P-SEOUL-01,F-1,야간,2L,-4.19,2.01,183.4,396,21.8,48.4,재검
L03902,2026-06-15 05:15,P-SEOUL-01,F-1,야간,500mL,-0.6,2.3,179.4,386,29.2,49.2,합격
L03903,2026-06-15 05:53,P-SEOUL-01,F-1,야간,1L,0.22,1.91,178.8,392,22.0,57.2,합격
L03904,2026-06-15 06:57,P-SEOUL-01,F-3,주간,1L,0.03,2.06,183.2,410,22.9,38.3,합격
L03905,2026-06-15 07:16,P-SEOUL-01,F-1,주간,2L,-0.73,2.1,182.0,394,16.4,46.8,합격
L03906,2026-06-15 07:49,P-SEOUL-01,F-2,주간,500mL,-1.88,2.3,182.9,387,16.8,63.8,합격
L03907,2026-06-15 07:56,P-SEOUL-01,F-2,주간,2L,1.83,2.05,185.7,380,19.6,59.6,합격
L03908,2026-06-15 09:02,P-SEOUL-01,F-2,주간,1L,0.02,1.89,183.4,403,21.6,49.7,합격
L03909,2026-06-15 09:22,P-SEOUL-01,F-2,주간,500mL,0.89,2.22,184.9,387,19.8,55.9,합격
L03910,2026-06-15 10:07,P-SEOUL-01,F-1,주간,2L,-0.38,2.0,179.3,411,23.4,45.0,합격
L03911,2026-06-15 10:07,P-SEOUL-01,F-2,주간,500mL,-0.23,2.07,187.6,404,27.0,50.3,합격
L03912,2026-06-15 10:50,P-SEOUL-01,F-1,주간,1L,0.44,2.02,181.0,403,27.2,51.5,합격
L03913,2026-06-15 10:57,P-SEOUL-01,F-2,주간,2L,1.49,2.01,182.2,428,22.6,46.1,합격
L03914,2026-06-15 11:12,P-SEOUL-01,F-3,주간,500mL,-0.74,2.28,178.4,382,22.9,36.3,합격
L03915,2026-06-15 11:22,P-SEOUL-01,F-3,주간,2L,1.31,1.99,178.7,402,24.1,55.4,합격
L03916,2026-06-15 11:52,P-SEOUL-01,F-2,주간,500mL,-1.95,2.13,197.3,405,24.4,45.6,재검
L03917,2026-06-15 11:58,P-SEOUL-01,F-1,주간,500mL,1.15,2.07,181.6,399,23.3,56.0,합격
L03918,2026-06-15 13:03,P-SEOUL-01,F-1,주간,1L,0.17,2.54,179.7,390,15.7,45.7,합격
L03919,2026-06-15 13:06,P-SEOUL-01,F-1,주간,1L,1.2,2.01,181.9,385,25.4,45.0,합격
L03920,2026-06-15 13:36,P-SEOUL-01,F-2,주간,500mL,-0.87,2.14,180.6,427,24.2,36.7,합격
L03921,2026-06-15 13:50,P-SEOUL-01,F-2,주간,500mL,0.72,2.14,188.3,387,22.9,50.0,합격
L03922,2026-06-15 14:06,P-SEOUL-01,F-2,오후,500mL,-1.74,2.14,184.5,396,25.5,52.6,합격
L03923,2026-06-15 15:02,P-SEOUL-01,F-2,오후,500mL,0.55,2.11,187.5,396,21.7,50.2,합격
L03924,2026-06-15 15:10,P-SEOUL-01,F-2,오후,500mL,1.98,2.14,188.8,403,26.1,51.9,합격
L03925,2026-06-15 15:17,P-SEOUL-01,F-1,오후,500mL,1.12,1.78,183.1,396,18.2,50.3,합격
L03926,2026-06-15 15:44,P-SEOUL-01,F-2,오후,1L,-0.52,2.16,185.5,383,21.9,56.9,합격
L03927,2026-06-15 16:09,P-SEOUL-01,F-2,오후,1L,-0.49,2.08,185.2,421,19.1,63.9,합격
L03928,2026-06-15 16:47,P-SEOUL-01,F-2,오후,1L,-1.49,2.05,185.8,410,23.2,53.7,합격
L03929,2026-06-15 17:05,P-SEOUL-01,F-1,오후,2L,-0.09,2.2,179.8,387,26.4,56.0,합격
L03930,2026-06-15 17:09,P-SEOUL-01,F-1,오후,500mL,-0.2,2.11,181.5,399,23.8,50.6,합격
L03931,2026-06-15 17:10,P-SEOUL-01,F-1,오후,2L,-0.0,2.09,182.4,432,21.0,57.8,합격
L03932,2026-06-15 17:16,P-SEOUL-01,F-2,오후,2L,1.7,2.27,191.0,386,27.0,54.3,합격
L03933,2026-06-15 17:44,P-SEOUL-01,F-3,오후,500mL,-0.52,,182.0,401,20.9,56.8,합격
L03934,2026-06-15 17:53,P-SEOUL-01,F-3,오후,500mL,0.88,2.0,180.9,416,22.5,50.3,합격
L03935,2026-06-15 17:57,P-SEOUL-01,F-3,오후,500mL,0.94,1.92,180.9,387,23.5,57.1,합격
L03936,2026-06-15 18:51,P-SEOUL-01,F-2,오후,500mL,-0.19,2.29,187.9,402,21.9,60.5,합격
L03937,2026-06-15 19:19,P-SEOUL-01,F-1,오후,1L,4.36,2.1,178.6,410,22.3,66.2,재검
L03938,2026-06-15 19:26,P-SEOUL-01,F-3,오후,1L,-0.94,2.16,178.1,399,20.1,43.2,합격
L03939,2026-06-15 19:31,P-SEOUL-01,F-1,오후,500mL,-0.38,2.1,179.0,397,26.6,54.2,합격
L03940,2026-06-15 19:37,P-SEOUL-01,F-1,오후,500mL,-0.25,2.08,179.1,406,23.9,51.3,합격
L03941,2026-06-15 19:52,P-SEOUL-01,F-1,오후,500mL,0.83,2.24,180.2,402,32.2,56.9,합격
L03942,2026-06-15 19:56,P-SEOUL-01,F-1,오후,1L,0.69,2.09,177.9,397,25.6,61.6,합격
L03943,2026-06-15 21:35,P-SEOUL-01,F-2,오후,1L,-1.68,2.11,198.1,398,28.3,59.1,재검
L03944,2026-06-15 21:43,P-SEOUL-01,F-1,오후,1L,0.28,2.39,182.3,392,23.3,50.2,합격
L03945,2026-06-15 22:08,P-SEOUL-01,F-1,야간,500mL,-0.28,1.97,179.9,382,22.4,57.9,합격
L03946,2026-06-15 22:31,P-SEOUL-01,F-2,야간,500mL,-0.67,1.91,183.8,403,22.8,57.2,합격
L03947,2026-06-16 00:13,P-SEOUL-01,F-2,야간,500mL,-0.51,2.2,207.2,385,26.7,51.7,재검
L03948,2026-06-16 00:40,P-SEOUL-01,F-1,야간,1L,-0.45,2.06,176.7,398,20.3,49.0,재검
L03949,2026-06-16 00:49,P-SEOUL-01,F-1,야간,500mL,0.59,2.02,179.7,394,22.8,,합격
L03950,2026-06-16 01:37,P-SEOUL-01,F-1,야간,1L,1.61,2.05,179.0,396,26.2,45.8,합격
L03951,2026-06-16 01:57,P-SEOUL-01,F-2,야간,2L,-0.04,1.98,184.8,418,17.7,57.3,합격
L03952,2026-06-16 03:27,P-SEOUL-01,F-2,야간,1L,0.25,2.12,180.1,390,26.4,49.5,합격
L03953,2026-06-16 03:37,P-SEOUL-01,F-1,야간,500mL,-0.28,2.12,178.1,396,23.6,54.7,합격
L03954,2026-06-16 04:23,P-SEOUL-01,F-1,야간,2L,1.35,2.13,178.2,413,24.0,55.9,합격
L03955,2026-06-16 05:29,P-SEOUL-01,F-1,야간,500mL,0.44,2.21,177.2,394,21.9,45.7,합격
L03956,2026-06-16 05:38,P-SEOUL-01,F-1,야간,2L,-0.07,2.22,175.5,404,21.7,47.8,합격
L03957,2026-06-16 06:19,P-SEOUL-01,F-2,주간,1L,0.26,2.25,184.3,408,28.9,37.0,합격
L03958,2026-06-16 06:24,P-SEOUL-01,F-1,주간,1L,-1.43,2.4,177.3,402,35.0,54.7,합격
L03959,2026-06-16 06:33,P-SEOUL-01,F-1,주간,1L,0.39,2.36,176.9,407,23.8,39.9,합격
L03960,2026-06-16 06:33,P-SEOUL-01,F-3,주간,2L,1.19,2.04,178.4,400,26.7,43.3,합격
L03961,2026-06-16 06:37,P-SEOUL-01,F-2,주간,500mL,0.75,1.98,179.1,371,22.1,60.3,합격
L03962,2026-06-16 06:41,P-SEOUL-01,F-2,주간,2L,0.21,1.87,188.9,387,19.9,49.5,합격
L03963,2026-06-16 08:06,P-SEOUL-01,F-3,주간,2L,-0.01,1.9,182.5,404,24.3,57.8,합격
L03964,2026-06-16 08:15,P-SEOUL-01,F-3,주간,500mL,-0.01,2.19,180.1,387,21.2,54.5,합격
L03965,2026-06-16 08:26,P-SEOUL-01,F-2,주간,1L,-0.84,2.19,185.2,401,25.8,40.1,합격
L03966,2026-06-16 08:40,P-SEOUL-01,F-2,주간,500mL,-0.81,2.02,187.2,402,27.7,66.2,합격
L03967,2026-06-16 08:43,P-SEOUL-01,F-2,주간,1L,-0.3,2.09,186.8,385,23.4,57.6,합격
L03968,2026-06-16 08:59,P-SEOUL-01,F-3,주간,2L,0.32,2.29,180.4,399,16.9,53.2,합격
L03969,2026-06-16 09:02,P-SEOUL-01,F-2,주간,500mL,-0.21,1.9,183.6,401,20.3,48.8,합격
L03970,2026-06-16 09:04,P-SEOUL-01,F-3,주간,1L,1.25,2.09,181.0,402,22.1,41.9,합격
L03971,2026-06-16 09:17,P-SEOUL-01,F-2,주간,500mL,-1.89,2.11,184.7,397,24.5,59.3,합격
L03972,2026-06-16 09:17,P-SEOUL-01,F-2,주간,2L,-0.3,2.07,182.9,393,21.6,50.6,합격
L03973,2026-06-16 10:03,P-SEOUL-01,F-3,주간,500mL,-0.3,2.21,177.4,375,14.3,48.3,합격
L03974,2026-06-16 10:11,P-SEOUL-01,F-3,주간,1L,-0.23,2.25,179.5,379,21.8,46.5,합격
L03975,2026-06-16 10:41,P-SEOUL-01,F-1,주간,500mL,1.06,2.07,177.8,390,22.4,59.6,합격
L03976,2026-06-16 11:05,P-SEOUL-01,F-2,주간,500mL,1.22,2.13,181.5,397,23.7,45.3,합격
L03977,2026-06-16 11:07,P-SEOUL-01,F-3,주간,500mL,0.55,2.19,181.0,398,20.2,48.5,합격
L03978,2026-06-16 11:09,P-SEOUL-01,F-2,주간,2L,-0.71,2.23,182.7,400,25.7,51.3,합격
L03979,2026-06-16 11:45,P-SEOUL-01,F-2,주간,1L,0.2,2.18,178.3,424,23.6,61.0,합격
L03980,2026-06-16 12:29,P-SEOUL-01,F-2,주간,500mL,-0.68,2.05,184.0,408,19.7,52.4,합격
L03981,2026-06-16 12:35,P-SEOUL-01,F-1,주간,500mL,0.7,1.87,179.0,395,24.1,74.8,합격
L03982,2026-06-16 12:40,P-SEOUL-01,F-3,주간,500mL,-1.07,2.07,181.2,411,25.3,42.7,합격
L03983,2026-06-16 13:37,P-SEOUL-01,F-3,주간,500mL,-1.06,2.3,183.9,403,16.9,53.6,합격
L03984,2026-06-16 13:44,P-SEOUL-01,F-3,주간,2L,-0.43,1.99,180.4,389,18.5,56.8,합격
L03985,2026-06-16 13:54,P-SEOUL-01,F-1,주간,500mL,0.52,2.22,181.3,399,23.0,45.3,합격
L03986,2026-06-16 16:13,P-SEOUL-01,F-2,오후,1L,-1.84,2.33,184.0,400,24.8,43.2,합격
L03987,2026-06-16 17:16,P-SEOUL-01,F-3,오후,500mL,-0.15,2.17,181.6,398,23.3,38.6,합격
L03988,2026-06-16 17:17,P-SEOUL-01,F-1,오후,1L,-1.34,2.07,180.8,422,24.2,53.5,합격
L03989,2026-06-16 17:28,P-SEOUL-01,F-1,오후,500mL,1.49,1.95,182.1,387,26.8,38.4,합격
L03990,2026-06-16 17:31,P-SEOUL-01,F-1,오후,2L,0.29,2.24,181.7,389,18.1,63.9,합격
L03991,2026-06-16 18:44,P-SEOUL-01,F-1,오후,500mL,-0.23,2.24,178.9,396,26.0,50.0,합격
L03992,2026-06-16 18:54,P-SEOUL-01,F-2,오후,2L,0.42,2.12,176.6,397,21.2,46.1,합격
L03993,2026-06-16 19:14,P-SEOUL-01,F-2,오후,2L,-1.77,2.27,185.5,404,29.9,66.4,합격
L03994,2026-06-16 19:19,P-SEOUL-01,F-3,오후,1L,0.52,2.19,178.6,402,25.4,43.1,합격
L03995,2026-06-16 19:25,P-SEOUL-01,F-3,오후,500mL,1.11,2.02,177.4,389,26.2,58.3,합격
L03996,2026-06-16 19:27,P-SEOUL-01,F-1,오후,2L,-0.29,2.14,182.1,388,25.7,41.3,합격
L03997,2026-06-16 19:45,P-SEOUL-01,F-2,오후,1L,0.31,2.17,182.8,407,21.5,58.9,합격
L03998,2026-06-16 20:02,P-SEOUL-01,F-1,오후,500mL,0.51,2.1,178.7,398,28.9,61.1,합격
L03999,2026-06-16 20:21,P-SEOUL-01,F-3,오후,500mL,-1.16,2.13,181.1,411,26.3,53.0,합격
L04000,2026-06-16 20:27,P-SEOUL-01,F-1,오후,1L,-0.3,1.51,183.6,404,24.7,60.3,재검
L04001,2026-06-16 20:32,P-SEOUL-01,F-1,오후,500mL,1.03,2.25,178.1,412,20.6,48.1,합격
L04002,2026-06-16 21:07,P-SEOUL-01,F-1,오후,2L,1.02,2.21,184.4,400,25.9,56.1,합격
L04003,2026-06-16 21:12,P-SEOUL-01,F-2,오후,500mL,0.61,,182.4,396,25.5,63.6,합격
L04004,2026-06-16 21:13,P-SEOUL-01,F-1,오후,1L,0.01,1.9,175.9,405,26.6,52.5,합격
L04005,2026-06-16 22:30,P-SEOUL-01,F-2,야간,1L,-0.4,2.17,183.1,351,21.3,55.6,합격
L04006,2026-06-16 23:52,P-SEOUL-01,F-2,야간,1L,0.98,1.98,176.2,391,27.1,43.5,합격
L04007,2026-06-17 00:02,P-SEOUL-01,F-1,야간,500mL,1.55,2.01,182.1,407,21.6,54.8,합격
L04008,2026-06-17 00:28,P-SEOUL-01,F-2,야간,1L,-1.39,2.21,179.5,404,27.5,55.0,합격
L04009,2026-06-17 00:51,P-SEOUL-01,F-3,야간,500mL,-0.5,2.23,180.4,377,20.4,55.0,합격
L04010,2026-06-17 01:14,P-SEOUL-01,F-1,야간,500mL,-0.07,2.09,178.0,411,24.4,55.4,합격
L04011,2026-06-17 01:29,P-SEOUL-01,F-2,야간,1L,1.49,2.05,178.6,402,22.6,42.3,합격
L04012,2026-06-17 01:45,P-SEOUL-01,F-2,야간,500mL,0.79,1.27,184.9,385,17.4,62.0,재검
L04013,2026-06-17 02:01,P-SEOUL-01,F-1,야간,2L,0.15,2.26,180.8,394,23.3,51.1,합격
L04014,2026-06-17 02:45,P-SEOUL-01,F-2,야간,2L,0.64,2.03,177.9,381,26.4,52.9,합격
L04015,2026-06-17 03:07,P-SEOUL-01,F-3,야간,2L,0.35,1.93,179.5,416,22.5,44.3,합격
L04016,2026-06-17 03:12,P-SEOUL-01,F-1,야간,500mL,-1.0,2.31,178.7,409,19.9,52.7,합격
L04017,2026-06-17 03:28,P-SEOUL-01,F-1,야간,500mL,-0.54,2.09,179.8,381,25.5,52.6,합격
L04018,2026-06-17 03:33,P-SEOUL-01,F-2,야간,1L,1.29,1.94,187.9,393,21.9,68.5,합격
L04019,2026-06-17 03:47,P-SEOUL-01,F-2,야간,500mL,-0.09,2.16,181.8,415,22.7,48.6,합격
L04020,2026-06-17 03:51,P-SEOUL-01,F-3,야간,2L,0.43,1.95,176.3,393,23.3,46.9,합격
L04021,2026-06-17 04:00,P-SEOUL-01,F-3,야간,1L,-0.14,2.14,181.7,405,26.3,36.6,합격
L04022,2026-06-17 04:05,P-SEOUL-01,F-3,야간,500mL,-0.48,1.73,176.3,412,20.5,58.9,합격
L04023,2026-06-17 04:31,P-SEOUL-01,F-2,야간,500mL,-2.06,1.88,189.5,389,20.8,61.6,합격
L04024,2026-06-17 04:54,P-SEOUL-01,F-1,야간,500mL,0.74,1.92,180.7,398,26.8,66.6,합격
L04025,2026-06-17 05:05,P-SEOUL-01,F-1,야간,2L,0.42,1.96,179.8,388,22.0,42.4,합격
L04026,2026-06-17 05:52,P-SEOUL-01,F-2,야간,1L,-1.24,2.07,185.8,398,23.3,46.3,합격
L04027,2026-06-17 06:30,P-SEOUL-01,F-3,주간,500mL,0.13,2.15,183.3,382,23.2,44.7,합격
L04028,2026-06-17 06:34,P-SEOUL-01,F-3,주간,500mL,-0.4,2.13,178.4,397,21.9,45.8,합격
L04029,2026-06-17 08:06,P-SEOUL-01,F-3,주간,1L,-0.07,2.08,181.1,392,28.8,48.3,합격
L04030,2026-06-17 08:26,P-SEOUL-01,F-2,주간,1L,0.42,2.04,183.7,392,26.3,52.4,합격
L04031,2026-06-17 08:44,P-SEOUL-01,F-2,주간,1L,-1.16,1.84,186.1,403,24.1,60.0,합격
L04032,2026-06-17 09:15,P-SEOUL-01,F-2,주간,500mL,0.22,2.42,207.0,402,25.2,55.6,재검
L04033,2026-06-17 09:58,P-SEOUL-01,F-1,주간,2L,-0.02,2.0,182.5,400,23.7,43.2,합격
L04034,2026-06-17 10:20,P-SEOUL-01,F-2,주간,2L,-0.7,2.05,185.2,405,24.9,58.8,합격
L04035,2026-06-17 10:25,P-SEOUL-01,F-2,주간,2L,-0.96,2.19,181.6,394,21.3,57.7,합격
L04036,2026-06-17 10:31,P-SEOUL-01,F-3,주간,500mL,0.79,2.06,181.7,406,22.9,37.5,합격
L04037,2026-06-17 10:32,P-SEOUL-01,F-1,주간,500mL,-1.02,2.27,181.7,403,25.4,58.7,합격
L04038,2026-06-17 10:36,P-SEOUL-01,F-1,주간,1L,-1.44,2.02,177.7,379,21.3,44.2,합격
L04039,2026-06-17 11:21,P-SEOUL-01,F-1,주간,500mL,-1.03,1.94,178.9,389,27.0,34.1,합격
L04040,2026-06-17 12:12,P-SEOUL-01,F-3,주간,2L,-0.84,2.14,179.5,412,19.8,59.2,합격
L04041,2026-06-17 12:35,P-SEOUL-01,F-3,주간,1L,-0.29,1.88,182.0,402,22.5,45.9,합격
L04042,2026-06-17 12:50,P-SEOUL-01,F-1,주간,500mL,1.19,1.98,181.5,384,24.1,52.6,합격
L04043,2026-06-17 12:52,P-SEOUL-01,F-1,주간,500mL,-0.38,2.24,181.0,399,24.6,64.7,합격
L04044,2026-06-17 12:54,P-SEOUL-01,F-1,주간,2L,-0.32,2.26,183.2,400,19.2,65.4,합격
L04045,2026-06-17 12:55,P-SEOUL-01,F-3,주간,500mL,0.85,2.0,179.5,397,19.5,41.2,합격
L04046,2026-06-17 13:15,P-SEOUL-01,F-1,주간,1L,-0.9,1.32,178.0,371,22.8,40.2,재검
L04047,2026-06-17 13:33,P-SEOUL-01,F-1,주간,2L,-0.78,1.99,181.2,383,25.0,50.6,합격
L04048,2026-06-17 13:44,P-SEOUL-01,F-3,주간,1L,-0.21,2.18,184.7,405,29.9,55.7,합격
L04049,2026-06-17 13:46,P-SEOUL-01,F-3,주간,500mL,1.59,2.24,180.5,405,21.9,48.6,합격
L04050,2026-06-17 14:19,P-SEOUL-01,F-2,오후,500mL,-0.29,2.27,182.4,391,25.6,66.1,합격
L04051,2026-06-17 14:27,P-SEOUL-01,F-2,오후,2L,0.18,1.99,182.6,390,27.5,74.3,합격
L04052,2026-06-17 15:10,P-SEOUL-01,F-3,오후,500mL,0.12,2.06,178.2,414,27.5,52.0,합격
L04053,2026-06-17 15:24,P-SEOUL-01,F-3,오후,2L,-2.2,2.17,180.9,406,18.5,50.3,합격
L04054,2026-06-17 16:08,P-SEOUL-01,F-1,오후,500mL,-1.04,2.28,180.6,396,21.7,53.3,합격
L04055,2026-06-17 16:15,P-SEOUL-01,F-2,오후,500mL,-0.58,,187.3,396,23.9,43.9,합격
L04056,2026-06-17 16:20,P-SEOUL-01,F-2,오후,500mL,1.09,2.05,184.6,393,20.1,40.1,합격
L04057,2026-06-17 17:46,P-SEOUL-01,F-1,오후,500mL,0.32,2.52,181.8,408,31.2,46.5,합격
L04058,2026-06-17 18:05,P-SEOUL-01,F-1,오후,1L,1.35,1.89,185.0,381,24.6,44.5,합격
L04059,2026-06-17 18:25,P-SEOUL-01,F-1,오후,1L,-0.74,2.18,183.2,391,28.0,56.6,합격
L04060,2026-06-17 18:33,P-SEOUL-01,F-1,오후,1L,1.17,1.93,180.8,414,25.3,40.0,합격
L04061,2026-06-17 18:33,P-SEOUL-01,F-1,오후,1L,0.83,2.04,179.5,378,25.5,55.9,합격
L04062,2026-06-17 18:53,P-SEOUL-01,F-1,오후,500mL,0.05,2.04,182.1,409,17.9,65.6,합격
L04063,2026-06-17 18:59,P-SEOUL-01,F-2,오후,500mL,-0.8,2.21,186.7,388,26.4,58.6,합격
L04064,2026-06-17 18:59,P-SEOUL-01,F-2,오후,500mL,-2.22,1.8,187.3,397,19.9,48.0,합격
L04065,2026-06-17 19:14,P-SEOUL-01,F-1,오후,500mL,0.77,2.16,180.5,409,28.9,38.6,합격
L04066,2026-06-17 21:06,P-SEOUL-01,F-1,오후,500mL,-0.84,2.27,181.4,386,23.4,44.0,합격
L04067,2026-06-17 21:10,P-SEOUL-01,F-1,오후,500mL,-0.95,2.09,181.1,400,25.6,35.7,합격
L04068,2026-06-17 23:19,P-SEOUL-01,F-2,야간,2L,-0.88,1.81,187.0,388,31.5,49.8,합격
L04069,2026-06-18 00:23,P-SEOUL-01,F-1,야간,500mL,0.26,2.0,182.3,406,23.7,54.2,합격
L04070,2026-06-18 00:30,P-SEOUL-01,F-1,야간,500mL,-0.74,2.15,178.5,403,22.4,66.2,합격
L04071,2026-06-18 00:45,P-SEOUL-01,F-1,야간,2L,-1.43,1.97,181.9,411,23.5,50.3,합격
L04072,2026-06-18 01:11,P-SEOUL-01,F-1,야간,500mL,-1.83,2.05,179.8,392,23.0,42.6,합격
L04073,2026-06-18 01:43,P-SEOUL-01,F-2,야간,1L,-0.05,1.91,177.9,355,16.8,53.2,합격
L04074,2026-06-18 02:53,P-SEOUL-01,F-1,야간,500mL,0.76,2.07,177.8,408,21.0,58.1,합격
L04075,2026-06-18 03:00,P-SEOUL-01,F-3,야간,1L,-0.96,2.21,182.6,394,26.8,48.6,합격
L04076,2026-06-18 03:22,P-SEOUL-01,F-1,야간,1L,1.41,1.9,178.6,399,23.2,54.3,합격
L04077,2026-06-18 03:59,P-SEOUL-01,F-3,야간,2L,-0.47,1.91,184.3,425,24.3,,합격
L04078,2026-06-18 04:13,P-SEOUL-01,F-1,야간,1L,-0.32,2.12,178.2,401,23.9,59.8,합격
L04079,2026-06-18 04:51,P-SEOUL-01,F-1,야간,500mL,0.14,1.9,177.4,402,22.2,54.8,합격
L04080,2026-06-18 05:01,P-SEOUL-01,F-1,야간,1L,-5.39,2.18,180.7,389,25.6,56.4,재검
L04081,2026-06-18 05:53,P-SEOUL-01,F-1,야간,500mL,-1.82,2.14,178.8,409,21.4,69.4,합격
L04082,2026-06-18 05:56,P-SEOUL-01,F-1,야간,1L,-0.55,2.25,181.2,380,25.8,55.6,합격
L04083,2026-06-18 05:58,P-SEOUL-01,F-1,야간,2L,-0.2,2.21,178.7,402,27.5,62.2,합격
L04084,2026-06-18 06:18,P-SEOUL-01,F-2,주간,2L,-0.52,1.99,180.5,397,19.6,53.4,합격
L04085,2026-06-18 08:38,P-SEOUL-01,F-1,주간,1L,0.1,2.07,181.1,403,16.3,47.3,합격
L04086,2026-06-18 09:04,P-SEOUL-01,F-2,주간,2L,-0.03,2.25,180.5,394,18.4,58.3,합격
L04087,2026-06-18 09:20,P-SEOUL-01,F-2,주간,500mL,0.4,1.98,181.2,405,19.9,52.9,합격
L04088,2026-06-18 09:25,P-SEOUL-01,F-3,주간,500mL,0.8,2.13,179.5,392,29.8,42.4,합격
L04089,2026-06-18 10:25,P-SEOUL-01,F-2,주간,2L,0.09,2.0,190.8,386,21.0,64.3,합격
L04090,2026-06-18 10:33,P-SEOUL-01,F-1,주간,1L,0.47,2.05,180.8,393,23.6,57.1,합격
L04091,2026-06-18 10:41,P-SEOUL-01,F-2,주간,500mL,-2.01,1.36,187.6,412,24.6,47.8,재검
L04092,2026-06-18 11:23,P-SEOUL-01,F-2,주간,500mL,1.33,2.08,184.7,405,26.5,37.7,합격
L04093,2026-06-18 12:03,P-SEOUL-01,F-1,주간,2L,-0.67,1.9,181.4,408,19.2,56.0,합격
L04094,2026-06-18 12:54,P-SEOUL-01,F-1,주간,500mL,0.59,2.01,177.3,402,25.8,59.0,합격
L04095,2026-06-18 13:33,P-SEOUL-01,F-1,주간,1L,-1.09,2.03,179.4,416,28.8,44.4,합격
L04096,2026-06-18 13:41,P-SEOUL-01,F-1,주간,1L,0.2,2.01,178.9,380,28.7,43.3,합격
L04097,2026-06-18 13:50,P-SEOUL-01,F-1,주간,500mL,-0.97,2.25,181.3,400,25.0,43.6,합격
L04098,2026-06-18 13:52,P-SEOUL-01,F-2,주간,1L,-0.31,1.99,180.4,382,23.1,56.9,합격
L04099,2026-06-18 14:58,P-SEOUL-01,F-2,오후,1L,1.32,2.18,178.4,418,28.1,54.8,합격
L04100,2026-06-18 15:45,P-SEOUL-01,F-2,오후,500mL,-1.1,2.16,184.3,399,28.1,51.3,합격
L04101,2026-06-18 16:16,P-SEOUL-01,F-2,오후,1L,0.12,2.22,181.9,403,23.6,54.6,합격
L04102,2026-06-18 16:25,P-SEOUL-01,F-1,오후,500mL,-0.87,1.85,180.8,390,21.5,60.4,합격
L04103,2026-06-18 16:33,P-SEOUL-01,F-3,오후,2L,-0.68,2.06,178.7,404,22.1,63.5,합격
L04104,2026-06-18 17:27,P-SEOUL-01,F-3,오후,500mL,-2.04,2.11,182.3,407,17.8,51.2,합격
L04105,2026-06-18 17:29,P-SEOUL-01,F-2,오후,500mL,-0.42,2.14,183.5,380,26.1,60.6,합격
L04106,2026-06-18 17:31,P-SEOUL-01,F-1,오후,500mL,-1.02,2.2,181.1,415,22.9,49.0,합격
L04107,2026-06-18 17:54,P-SEOUL-01,F-1,오후,500mL,0.33,2.08,181.5,396,26.6,53.1,합격
L04108,2026-06-18 18:31,P-SEOUL-01,F-1,오후,1L,1.27,1.74,181.8,396,23.2,66.3,합격
L04109,2026-06-18 18:40,P-SEOUL-01,F-1,오후,500mL,1.36,2.16,178.1,404,21.9,54.6,합격
L04110,2026-06-18 18:54,P-SEOUL-01,F-2,오후,500mL,-1.48,2.09,182.7,393,20.3,58.1,합격
L04111,2026-06-18 19:39,P-SEOUL-01,F-1,오후,2L,0.04,2.05,179.8,388,26.6,52.6,합격
L04112,2026-06-18 20:08,P-SEOUL-01,F-1,오후,500mL,-0.44,2.23,178.8,390,23.8,49.2,합격
L04113,2026-06-18 20:13,P-SEOUL-01,F-1,오후,1L,-0.83,1.9,181.6,403,20.5,46.1,합격
L04114,2026-06-18 20:35,P-SEOUL-01,F-1,오후,2L,3.9,1.49,180.9,381,17.9,53.1,재검
L04115,2026-06-18 21:24,P-SEOUL-01,F-1,오후,1L,-2.09,1.95,180.3,399,16.3,60.3,합격
L04116,2026-06-18 21:29,P-SEOUL-01,F-2,오후,2L,-0.69,1.95,183.6,407,21.0,44.7,합격
L04117,2026-06-18 22:33,P-SEOUL-01,F-1,야간,1L,0.41,2.35,181.9,381,26.6,37.7,합격
L04118,2026-06-18 23:31,P-SEOUL-01,F-1,야간,1L,1.25,1.87,178.9,410,25.6,51.7,합격
L04119,2026-06-19 00:45,P-SEOUL-01,F-1,야간,500mL,0.53,2.13,178.5,376,25.8,57.6,합격
L04120,2026-06-19 01:47,P-SEOUL-01,F-3,야간,1L,-0.54,1.76,181.1,382,21.4,59.0,합격
L04121,2026-06-19 01:47,P-SEOUL-01,F-2,야간,1L,1.35,2.1,184.0,399,24.4,55.7,합격
L04122,2026-06-19 01:57,P-SEOUL-01,F-3,야간,500mL,0.84,2.1,177.3,426,25.0,38.2,합격
L04123,2026-06-19 02:10,P-SEOUL-01,F-3,야간,1L,-0.63,1.99,179.1,408,20.7,40.7,합격
L04124,2026-06-19 02:15,P-SEOUL-01,F-3,야간,500mL,-0.71,1.94,181.5,394,25.5,57.1,합격
L04125,2026-06-19 02:20,P-SEOUL-01,F-1,야간,1L,-0.95,2.34,179.2,389,20.8,56.8,합격
L04126,2026-06-19 02:23,P-SEOUL-01,F-2,야간,1L,0.03,1.98,188.4,415,25.1,57.3,합격
L04127,2026-06-19 03:18,P-SEOUL-01,F-1,야간,2L,0.16,2.11,181.3,398,30.2,54.2,합격
L04128,2026-06-19 03:33,P-SEOUL-01,F-3,야간,1L,1.14,2.01,177.3,400,21.8,51.8,재검
L04129,2026-06-19 04:20,P-SEOUL-01,F-3,야간,1L,0.62,2.05,178.4,404,24.6,55.8,합격
L04130,2026-06-19 04:28,P-SEOUL-01,F-2,야간,2L,1.12,2.17,182.2,417,21.2,41.2,합격
L04131,2026-06-19 04:54,P-SEOUL-01,F-2,야간,1L,0.99,1.94,188.8,392,24.4,59.3,합격
L04132,2026-06-19 05:00,P-SEOUL-01,F-2,야간,500mL,-2.36,2.29,202.9,398,21.3,46.2,재검
L04133,2026-06-19 05:48,P-SEOUL-01,F-3,야간,2L,-1.15,1.99,180.2,401,20.7,61.5,합격
L04134,2026-06-19 05:55,P-SEOUL-01,F-1,야간,1L,-0.51,2.11,177.0,402,23.3,50.7,합격
L04135,2026-06-19 06:09,P-SEOUL-01,F-1,주간,500mL,0.03,2.13,179.4,395,22.7,64.3,합격
L04136,2026-06-19 07:15,P-SEOUL-01,F-3,주간,2L,-1.78,2.08,180.7,400,23.6,47.5,합격
L04137,2026-06-19 07:34,P-SEOUL-01,F-3,주간,500mL,-0.59,2.14,180.3,401,32.3,30.9,합격
L04138,2026-06-19 08:05,P-SEOUL-01,F-2,주간,500mL,-2.52,2.12,186.9,402,23.4,42.3,합격
L04139,2026-06-19 08:18,P-SEOUL-01,F-3,주간,2L,0.1,1.97,182.6,401,21.6,49.2,합격
L04140,2026-06-19 09:33,P-SEOUL-01,F-1,주간,500mL,5.5,1.86,177.6,409,18.2,79.2,재검
L04141,2026-06-19 10:37,P-SEOUL-01,F-2,주간,500mL,0.32,1.94,184.3,372,25.3,50.4,합격
L04142,2026-06-19 10:40,P-SEOUL-01,F-1,주간,1L,0.13,2.11,179.5,388,25.9,49.0,합격
L04143,2026-06-19 11:10,P-SEOUL-01,F-1,주간,500mL,-0.73,2.2,179.5,411,26.0,57.4,합격
L04144,2026-06-19 12:46,P-SEOUL-01,F-3,주간,2L,-0.87,2.3,179.7,387,26.8,51.4,합격
L04145,2026-06-19 13:05,P-SEOUL-01,F-1,주간,500mL,-0.36,2.29,177.9,411,20.8,53.7,합격
L04146,2026-06-19 13:13,P-SEOUL-01,F-2,주간,500mL,-1.19,2.29,182.6,403,26.6,58.7,합격
L04147,2026-06-19 13:40,P-SEOUL-01,F-1,주간,1L,-1.2,2.13,178.3,378,22.5,40.4,합격
L04148,2026-06-19 14:49,P-SEOUL-01,F-1,오후,1L,-0.21,2.13,179.9,408,22.4,45.5,합격
L04149,2026-06-19 15:00,P-SEOUL-01,F-1,오후,500mL,-0.92,2.06,181.9,386,25.8,62.0,합격
L04150,2026-06-19 16:04,P-SEOUL-01,F-2,오후,1L,1.49,1.79,184.8,398,23.6,54.1,합격
L04151,2026-06-19 16:17,P-SEOUL-01,F-2,오후,500mL,-0.2,2.07,182.1,387,20.8,55.1,합격
L04152,2026-06-19 16:39,P-SEOUL-01,F-1,오후,2L,-1.08,1.92,178.8,405,22.7,65.3,합격
L04153,2026-06-19 17:57,P-SEOUL-01,F-1,오후,500mL,-0.66,1.95,177.5,405,22.0,44.0,합격
L04154,2026-06-19 18:00,P-SEOUL-01,F-3,오후,1L,-0.96,2.19,178.8,415,26.7,53.0,합격
L04155,2026-06-19 18:33,P-SEOUL-01,F-3,오후,2L,-0.7,2.17,181.8,413,25.7,41.0,합격
L04156,2026-06-19 18:49,P-SEOUL-01,F-2,오후,2L,-1.31,2.03,188.0,397,24.6,43.3,합격
L04157,2026-06-19 19:08,P-SEOUL-01,F-1,오후,1L,-0.49,2.07,181.1,386,27.0,63.4,합격
L04158,2026-06-19 19:25,P-SEOUL-01,F-1,오후,1L,-1.05,2.11,178.9,400,27.2,58.5,합격
L04159,2026-06-19 19:38,P-SEOUL-01,F-3,오후,500mL,-1.44,,180.7,389,22.8,46.2,합격
L04160,2026-06-19 19:56,P-SEOUL-01,F-3,오후,1L,0.11,2.04,179.0,389,21.5,44.2,합격
L04161,2026-06-19 20:31,P-SEOUL-01,F-3,오후,1L,-0.8,2.07,178.8,415,24.8,52.4,합격
L04162,2026-06-19 20:37,P-SEOUL-01,F-3,오후,1L,0.21,2.16,178.5,392,23.1,49.9,합격
L04163,2026-06-19 20:43,P-SEOUL-01,F-2,오후,2L,-0.7,2.19,181.1,403,30.6,47.3,합격
L04164,2026-06-19 20:44,P-SEOUL-01,F-2,오후,1L,-0.27,2.01,203.9,404,22.7,,재검
L04165,2026-06-19 21:32,P-SEOUL-01,F-2,오후,500mL,0.54,1.89,188.1,414,18.7,53.5,합격
L04166,2026-06-19 22:18,P-SEOUL-01,F-1,야간,500mL,-0.12,2.09,179.0,392,22.7,38.6,합격
L04167,2026-06-19 22:30,P-SEOUL-01,F-1,야간,1L,1.44,2.0,181.4,394,23.9,65.4,합격
L04168,2026-06-19 23:38,P-SEOUL-01,F-2,야간,500mL,0.85,1.88,186.5,393,24.7,51.9,합격
L04169,2026-06-20 00:01,P-SEOUL-01,F-3,야간,1L,0.63,1.7,180.5,386,26.0,50.6,합격
L04170,2026-06-20 00:59,P-SEOUL-01,F-1,야간,500mL,0.43,2.02,180.3,399,23.1,63.0,합격
L04171,2026-06-20 01:16,P-SEOUL-01,F-1,야간,500mL,-0.93,2.07,181.1,395,22.6,53.6,합격
L04172,2026-06-20 01:17,P-SEOUL-01,F-3,야간,500mL,0.98,1.96,183.3,389,23.6,56.6,합격
L04173,2026-06-20 01:41,P-SEOUL-01,F-2,야간,2L,1.95,2.09,183.9,389,24.0,56.8,합격
L04174,2026-06-20 02:09,P-SEOUL-01,F-3,야간,500mL,0.98,1.88,178.9,380,27.0,60.4,합격
L04175,2026-06-20 02:09,P-SEOUL-01,F-2,야간,1L,0.11,1.98,197.6,416,20.9,47.2,재검
L04176,2026-06-20 02:21,P-SEOUL-01,F-1,야간,1L,-0.39,2.08,181.5,379,23.5,53.1,합격
L04177,2026-06-20 02:51,P-SEOUL-01,F-2,야간,500mL,-0.34,1.89,180.6,381,16.5,63.6,합격
L04178,2026-06-20 03:48,P-SEOUL-01,F-1,야간,1L,-0.31,1.81,179.8,404,20.5,63.5,합격
L04179,2026-06-20 05:01,P-SEOUL-01,F-1,야간,500mL,0.38,1.94,178.5,401,18.8,58.3,합격
L04180,2026-06-20 05:15,P-SEOUL-01,F-1,야간,1L,0.73,2.11,178.9,390,23.6,65.4,합격
L04181,2026-06-20 05:23,P-SEOUL-01,F-1,야간,500mL,0.62,2.08,180.2,421,26.9,47.3,합격
L04182,2026-06-20 05:45,P-SEOUL-01,F-3,야간,1L,1.7,2.0,176.4,383,24.6,54.8,합격
L04183,2026-06-20 06:26,P-SEOUL-01,F-1,주간,500mL,0.53,1.92,180.8,409,20.6,57.3,합격
L04184,2026-06-20 06:41,P-SEOUL-01,F-2,주간,500mL,0.08,2.09,182.8,403,22.0,50.1,합격
L04185,2026-06-20 07:06,P-SEOUL-01,F-2,주간,1L,-0.81,,186.0,395,23.0,64.8,합격
L04186,2026-06-20 07:19,P-SEOUL-01,F-2,주간,500mL,-0.26,1.84,187.7,419,23.1,42.0,합격
L04187,2026-06-20 08:42,P-SEOUL-01,F-3,주간,500mL,0.49,2.33,179.9,397,18.7,62.4,합격
L04188,2026-06-20 09:17,P-SEOUL-01,F-1,주간,1L,-0.37,2.25,177.3,379,26.6,51.1,합격
L04189,2026-06-20 09:41,P-SEOUL-01,F-1,주간,2L,-0.35,2.27,183.4,397,24.2,60.5,합격
L04190,2026-06-20 09:57,P-SEOUL-01,F-3,주간,500mL,-0.3,2.15,180.0,390,22.4,54.0,합격
L04191,2026-06-20 09:59,P-SEOUL-01,F-2,주간,500mL,-0.22,1.91,184.2,393,16.2,63.0,합격
L04192,2026-06-20 10:06,P-SEOUL-01,F-2,주간,1L,0.42,2.21,185.2,403,23.6,48.1,합격
L04193,2026-06-20 11:00,P-SEOUL-01,F-1,주간,500mL,-0.37,2.03,180.5,421,17.3,56.0,합격
L04194,2026-06-20 11:05,P-SEOUL-01,F-1,주간,500mL,-0.1,2.07,184.2,396,19.1,54.7,합격
L04195,2026-06-20 11:23,P-SEOUL-01,F-1,주간,500mL,0.66,2.07,181.4,412,18.2,54.2,합격
L04196,2026-06-20 11:43,P-SEOUL-01,F-1,주간,1L,-1.09,2.27,180.4,422,21.6,58.4,합격
L04197,2026-06-20 13:07,P-SEOUL-01,F-1,주간,500mL,0.45,2.03,179.4,379,23.5,47.1,합격
L04198,2026-06-20 14:33,P-SEOUL-01,F-3,오후,2L,0.76,2.01,179.6,415,22.4,44.3,합격
L04199,2026-06-20 14:37,P-SEOUL-01,F-3,오후,500mL,-0.85,2.11,181.2,396,24.1,51.6,합격
L04200,2026-06-20 15:13,P-SEOUL-01,F-2,오후,500mL,-0.23,2.21,186.2,409,26.1,55.6,합격
L04201,2026-06-20 15:31,P-SEOUL-01,F-2,오후,1L,-0.22,2.26,182.8,421,26.7,48.4,합격
L04202,2026-06-20 15:50,P-SEOUL-01,F-2,오후,500mL,-0.62,2.13,185.9,385,30.3,46.2,합격
L04203,2026-06-20 16:09,P-SEOUL-01,F-1,오후,500mL,-0.3,2.06,179.4,391,26.7,46.9,합격
L04204,2026-06-20 16:41,P-SEOUL-01,F-1,오후,500mL,-0.45,2.19,178.4,381,24.2,,합격
L04205,2026-06-20 18:33,P-SEOUL-01,F-1,오후,500mL,0.23,2.06,179.7,404,24.6,55.1,합격
L04206,2026-06-20 18:54,P-SEOUL-01,F-3,오후,1L,0.27,2.02,177.6,392,24.2,56.8,합격
L04207,2026-06-20 19:37,P-SEOUL-01,F-3,오후,2L,-0.19,2.09,179.9,391,26.1,44.6,합격
L04208,2026-06-20 19:40,P-SEOUL-01,F-1,오후,2L,0.22,1.82,180.8,409,22.3,44.5,합격
L04209,2026-06-20 19:47,P-SEOUL-01,F-2,오후,500mL,0.44,2.06,185.7,395,21.8,45.2,합격
L04210,2026-06-20 21:10,P-SEOUL-01,F-2,오후,500mL,-0.48,2.04,186.2,379,23.5,59.8,합격
L04211,2026-06-20 21:12,P-SEOUL-01,F-1,오후,2L,0.69,2.14,181.9,412,18.9,60.9,합격
L04212,2026-06-20 21:51,P-SEOUL-01,F-3,오후,500mL,1.57,2.02,182.5,383,21.1,59.5,합격
L04213,2026-06-20 22:01,P-SEOUL-01,F-3,야간,500mL,0.29,2.03,186.8,422,22.0,51.1,합격
L04214,2026-06-20 22:03,P-SEOUL-01,F-1,야간,1L,-0.41,1.66,178.4,386,17.8,52.4,합격
L04215,2026-06-20 22:04,P-SEOUL-01,F-2,야간,500mL,0.74,2.17,181.7,390,27.9,44.0,합격
L04216,2026-06-20 22:32,P-SEOUL-01,F-2,야간,500mL,0.71,2.21,184.1,404,21.3,52.6,합격
L04217,2026-06-20 23:23,P-SEOUL-01,F-1,야간,500mL,-1.16,2.11,180.6,424,25.3,56.3,합격
L04218,2026-06-20 23:32,P-SEOUL-01,F-2,야간,500mL,-1.65,1.95,184.5,392,26.5,48.8,합격
L04219,2026-06-20 23:36,P-SEOUL-01,F-2,야간,1L,0.37,1.91,182.0,394,21.4,37.5,합격
L04220,2026-06-20 23:55,P-SEOUL-01,F-2,야간,500mL,-0.9,1.92,189.7,385,28.0,54.4,합격
L04221,2026-06-21 00:12,P-SEOUL-01,F-1,야간,2L,-1.01,2.24,182.4,389,22.3,47.6,합격
L04222,2026-06-21 00:25,P-SEOUL-01,F-1,야간,500mL,-0.19,2.26,182.8,415,28.5,52.5,합격
L04223,2026-06-21 00:37,P-SEOUL-01,F-3,야간,1L,0.43,2.19,178.9,379,21.6,45.5,합격
L04224,2026-06-21 00:40,P-SEOUL-01,F-1,야간,1L,1.16,,180.5,405,24.7,59.2,합격
L04225,2026-06-21 00:48,P-SEOUL-01,F-2,야간,500mL,-0.4,2.04,182.5,395,22.8,45.9,합격
L04226,2026-06-21 01:10,P-SEOUL-01,F-1,야간,500mL,0.14,1.8,179.1,404,28.0,50.3,합격
L04227,2026-06-21 01:14,P-SEOUL-01,F-2,야간,1L,-0.11,2.08,180.8,391,16.4,42.7,합격
L04228,2026-06-21 01:57,P-SEOUL-01,F-1,야간,500mL,-0.63,2.18,179.2,392,25.1,59.6,합격
L04229,2026-06-21 02:51,P-SEOUL-01,F-3,야간,500mL,-0.28,2.16,181.0,397,31.4,55.4,합격
L04230,2026-06-21 02:51,P-SEOUL-01,F-3,야간,2L,0.09,1.97,181.0,405,25.6,45.8,합격
L04231,2026-06-21 02:54,P-SEOUL-01,F-1,야간,1L,-0.43,2.22,179.7,407,27.7,44.1,합격
L04232,2026-06-21 03:27,P-SEOUL-01,F-1,야간,500mL,-0.51,2.13,180.3,392,30.6,49.8,합격
L04233,2026-06-21 04:38,P-SEOUL-01,F-2,야간,500mL,-0.17,2.03,179.8,387,19.7,53.2,합격
L04234,2026-06-21 05:01,P-SEOUL-01,F-2,야간,500mL,0.9,2.19,186.5,386,21.9,59.9,합격
L04235,2026-06-21 05:05,P-SEOUL-01,F-1,야간,2L,0.13,2.18,181.5,414,22.7,52.6,합격
L04236,2026-06-21 05:35,P-SEOUL-01,F-1,야간,500mL,0.14,2.18,183.4,400,23.8,55.2,합격
L04237,2026-06-21 05:57,P-SEOUL-01,F-1,야간,2L,-1.14,2.13,181.0,412,23.4,57.1,합격
L04238,2026-06-21 07:10,P-SEOUL-01,F-1,주간,500mL,0.2,2.05,177.3,421,23.3,51.5,합격
L04239,2026-06-21 07:27,P-SEOUL-01,F-2,주간,500mL,0.02,1.34,185.5,386,26.7,47.9,재검
L04240,2026-06-21 07:46,P-SEOUL-01,F-1,주간,1L,-0.95,2.19,177.7,397,25.4,51.1,합격
L04241,2026-06-21 07:53,P-SEOUL-01,F-1,주간,500mL,-0.49,2.02,182.1,390,25.1,60.3,합격
L04242,2026-06-21 08:33,P-SEOUL-01,F-1,주간,1L,-0.74,1.96,177.5,391,23.9,48.4,합격
L04243,2026-06-21 08:35,P-SEOUL-01,F-3,주간,500mL,-0.59,,180.7,393,23.8,63.0,합격
L04244,2026-06-21 08:51,P-SEOUL-01,F-2,주간,1L,0.95,2.03,182.7,406,26.0,49.1,합격
L04245,2026-06-21 10:52,P-SEOUL-01,F-1,주간,2L,-0.17,1.97,182.0,394,26.1,51.5,합격
L04246,2026-06-21 12:00,P-SEOUL-01,F-2,주간,500mL,0.43,2.02,188.3,403,29.7,38.7,합격
L04247,2026-06-21 12:11,P-SEOUL-01,F-1,주간,500mL,0.28,1.99,181.7,387,25.1,64.1,합격
L04248,2026-06-21 12:40,P-SEOUL-01,F-2,주간,2L,-0.14,2.22,179.9,391,20.5,40.1,합격
L04249,2026-06-21 12:51,P-SEOUL-01,F-2,주간,500mL,-0.11,2.45,179.7,401,25.9,56.9,합격
L04250,2026-06-21 13:19,P-SEOUL-01,F-1,주간,500mL,0.68,1.99,177.9,404,30.9,58.4,합격
L04251,2026-06-21 13:50,P-SEOUL-01,F-1,주간,2L,-1.05,2.05,179.4,412,20.1,46.8,합격
L04252,2026-06-21 14:29,P-SEOUL-01,F-2,오후,1L,0.27,2.14,181.5,404,24.5,47.8,합격
L04253,2026-06-21 14:33,P-SEOUL-01,F-2,오후,2L,0.59,2.04,181.1,394,22.3,39.3,합격
L04254,2026-06-21 16:03,P-SEOUL-01,F-3,오후,500mL,-1.32,2.08,182.5,387,24.3,50.9,합격
L04255,2026-06-21 16:29,P-SEOUL-01,F-3,오후,1L,-1.39,2.06,180.0,400,25.7,59.3,합격
L04256,2026-06-21 17:49,P-SEOUL-01,F-1,오후,2L,0.27,2.2,178.9,405,18.9,44.3,합격
L04257,2026-06-21 17:57,P-SEOUL-01,F-1,오후,1L,1.71,2.04,179.3,404,21.9,47.7,합격
L04258,2026-06-21 18:05,P-SEOUL-01,F-3,오후,500mL,-0.4,2.0,181.0,397,17.0,62.1,합격
L04259,2026-06-21 18:12,P-SEOUL-01,F-3,오후,500mL,0.54,,176.9,372,22.9,44.9,합격
L04260,2026-06-21 18:18,P-SEOUL-01,F-1,오후,1L,1.63,2.32,176.4,392,22.9,41.3,합격
L04261,2026-06-21 19:10,P-SEOUL-01,F-1,오후,500mL,0.12,2.12,178.2,412,21.4,59.0,합격
L04262,2026-06-21 19:30,P-SEOUL-01,F-1,오후,500mL,1.56,1.75,177.2,384,18.2,40.2,합격
L04263,2026-06-21 19:33,P-SEOUL-01,F-2,오후,500mL,-0.2,2.21,183.5,402,26.3,62.5,합격
L04264,2026-06-21 19:50,P-SEOUL-01,F-3,오후,1L,-0.66,2.08,180.1,398,23.0,57.7,합격
L04265,2026-06-21 20:15,P-SEOUL-01,F-2,오후,500mL,0.19,1.97,183.4,430,25.7,51.2,합격
L04266,2026-06-21 20:45,P-SEOUL-01,F-1,오후,500mL,-1.02,2.17,180.7,389,21.9,55.6,합격
L04267,2026-06-21 20:46,P-SEOUL-01,F-3,오후,2L,-0.3,2.08,183.3,409,21.9,47.0,합격
L04268,2026-06-21 20:54,P-SEOUL-01,F-2,오후,1L,-0.29,2.06,189.5,401,25.7,41.5,합격
L04269,2026-06-21 21:51,P-SEOUL-01,F-1,오후,500mL,0.49,2.06,186.4,395,28.3,33.0,합격
L04270,2026-06-21 22:05,P-SEOUL-01,F-2,야간,1L,0.41,2.21,181.9,382,29.3,50.9,합격
L04271,2026-06-21 22:07,P-SEOUL-01,F-1,야간,500mL,-0.99,2.17,175.4,400,24.3,66.5,합격
L04272,2026-06-21 22:20,P-SEOUL-01,F-2,야간,2L,-0.2,1.97,187.1,412,24.8,59.3,합격
L04273,2026-06-21 22:24,P-SEOUL-01,F-3,야간,1L,-1.45,1.93,179.7,380,19.1,36.3,합격
L04274,2026-06-21 22:52,P-SEOUL-01,F-3,야간,2L,0.55,2.27,182.2,393,27.2,43.2,합격
L04275,2026-06-21 23:19,P-SEOUL-01,F-1,야간,500mL,-0.77,1.95,181.4,380,21.9,48.5,합격
L04276,2026-06-21 23:21,P-SEOUL-01,F-2,야간,1L,0.17,2.07,189.5,402,24.0,58.1,합격
L04277,2026-06-21 23:48,P-SEOUL-01,F-3,야간,1L,1.12,1.96,182.4,389,26.3,50.4,합격
L04278,2026-06-22 00:16,P-SEOUL-01,F-1,야간,1L,-0.58,1.93,179.7,410,28.4,52.4,합격
L04279,2026-06-22 00:32,P-SEOUL-01,F-3,야간,500mL,-0.67,2.15,178.5,398,26.3,40.6,합격
L04280,2026-06-22 00:40,P-SEOUL-01,F-2,야간,1L,0.38,1.8,183.7,381,21.2,50.7,합격
L04281,2026-06-22 00:48,P-SEOUL-01,F-2,야간,500mL,0.39,2.13,180.1,410,26.3,58.2,합격
L04282,2026-06-22 01:05,P-SEOUL-01,F-1,야간,1L,0.17,2.02,178.6,410,16.9,60.2,합격
L04283,2026-06-22 01:30,P-SEOUL-01,F-1,야간,500mL,-0.61,2.19,180.9,398,21.3,45.8,합격
L04284,2026-06-22 01:40,P-SEOUL-01,F-3,야간,2L,0.45,2.24,177.4,390,26.6,65.0,합격
L04285,2026-06-22 02:08,P-SEOUL-01,F-1,야간,1L,0.91,2.28,181.9,386,26.8,64.0,합격
L04286,2026-06-22 02:30,P-SEOUL-01,F-1,야간,500mL,-0.55,2.02,179.4,378,28.2,60.5,합격
L04287,2026-06-22 02:52,P-SEOUL-01,F-1,야간,500mL,-1.72,2.32,175.9,415,23.9,52.6,합격
L04288,2026-06-22 03:19,P-SEOUL-01,F-2,야간,500mL,-0.87,2.13,187.7,415,18.0,53.9,합격
L04289,2026-06-22 04:12,P-SEOUL-01,F-3,야간,500mL,-1.65,1.81,181.9,401,21.6,56.6,합격
L04290,2026-06-22 05:37,P-SEOUL-01,F-2,야간,1L,-1.07,1.93,185.0,407,24.0,64.0,합격
L04291,2026-06-22 05:38,P-SEOUL-01,F-3,야간,500mL,0.53,1.92,179.4,406,26.4,59.4,합격
L04292,2026-06-22 05:44,P-SEOUL-01,F-1,야간,500mL,-1.74,2.24,179.5,415,24.5,60.0,합격
L04293,2026-06-22 06:09,P-SEOUL-01,F-1,주간,1L,0.56,2.09,181.0,381,25.8,55.2,합격
L04294,2026-06-22 06:17,P-SEOUL-01,F-3,주간,2L,-0.77,1.99,180.6,411,20.1,47.8,합격
L04295,2026-06-22 06:21,P-SEOUL-01,F-1,주간,500mL,-1.06,2.03,182.8,381,24.5,63.1,합격
L04296,2026-06-22 06:33,P-SEOUL-01,F-1,주간,1L,0.6,2.15,178.2,400,22.9,60.3,합격
L04297,2026-06-22 07:09,P-SEOUL-01,F-2,주간,1L,1.52,2.08,183.7,401,27.8,35.2,합격
L04298,2026-06-22 07:20,P-SEOUL-01,F-2,주간,2L,-1.16,2.07,191.1,400,26.0,48.8,합격
L04299,2026-06-22 07:26,P-SEOUL-01,F-3,주간,500mL,-0.64,2.08,180.6,404,21.8,54.5,합격
L04300,2026-06-22 07:44,P-SEOUL-01,F-2,주간,2L,-0.4,2.17,184.0,385,24.1,60.4,합격
L04301,2026-06-22 07:46,P-SEOUL-01,F-3,주간,1L,-1.26,2.16,178.7,408,25.4,48.6,합격
L04302,2026-06-22 08:06,P-SEOUL-01,F-1,주간,2L,0.62,1.92,180.1,389,19.8,43.2,합격
L04303,2026-06-22 09:39,P-SEOUL-01,F-2,주간,500mL,0.34,,189.0,409,21.8,51.2,합격
L04304,2026-06-22 09:54,P-SEOUL-01,F-1,주간,500mL,-1.87,2.33,182.0,389,22.1,44.8,합격
L04305,2026-06-22 09:59,P-SEOUL-01,F-2,주간,500mL,1.02,2.15,186.9,404,23.8,40.6,합격
L04306,2026-06-22 10:17,P-SEOUL-01,F-1,주간,2L,0.81,2.08,180.0,415,26.1,63.0,합격
L04307,2026-06-22 10:48,P-SEOUL-01,F-2,주간,2L,1.42,2.15,183.5,412,27.0,53.4,합격
L04308,2026-06-22 10:48,P-SEOUL-01,F-2,주간,1L,-0.61,2.26,184.7,404,24.6,51.0,합격
L04309,2026-06-22 10:53,P-SEOUL-01,F-3,주간,1L,0.96,2.27,174.8,381,30.3,61.8,합격
L04310,2026-06-22 11:35,P-SEOUL-01,F-2,주간,2L,2.06,2.08,182.8,380,30.7,59.7,합격
L04311,2026-06-22 11:41,P-SEOUL-01,F-3,주간,1L,3.55,2.1,179.4,399,23.8,47.6,재검
L04312,2026-06-22 12:27,P-SEOUL-01,F-1,주간,2L,-0.26,2.12,178.0,403,20.9,47.6,합격
L04313,2026-06-22 12:32,P-SEOUL-01,F-2,주간,500mL,0.07,1.91,184.7,403,22.6,60.6,합격
L04314,2026-06-22 12:33,P-SEOUL-01,F-3,주간,500mL,0.75,2.05,179.5,414,22.8,37.1,합격
L04315,2026-06-22 12:52,P-SEOUL-01,F-2,주간,1L,0.28,2.29,186.1,402,23.1,49.6,합격
L04316,2026-06-22 13:11,P-SEOUL-01,F-1,주간,1L,0.22,1.89,177.4,400,24.3,50.1,합격
L04317,2026-06-22 13:41,P-SEOUL-01,F-1,주간,500mL,-0.1,1.92,179.5,404,22.7,63.7,합격
L04318,2026-06-22 13:47,P-SEOUL-01,F-3,주간,2L,-5.47,2.08,179.8,379,21.6,39.3,재검
L04319,2026-06-22 13:51,P-SEOUL-01,F-1,주간,500mL,1.05,2.04,183.0,396,27.5,52.9,합격
L04320,2026-06-22 13:53,P-SEOUL-01,F-2,주간,1L,0.17,2.17,182.8,375,27.2,49.2,합격
L04321,2026-06-22 15:00,P-SEOUL-01,F-2,오후,500mL,1.48,2.08,191.4,375,22.7,49.5,합격
L04322,2026-06-22 15:13,P-SEOUL-01,F-1,오후,2L,-0.41,2.27,180.8,404,23.5,53.8,합격
L04323,2026-06-22 15:21,P-SEOUL-01,F-3,오후,500mL,0.34,,178.8,398,22.3,48.9,합격
L04324,2026-06-22 16:11,P-SEOUL-01,F-2,오후,500mL,0.4,2.1,187.8,381,22.5,48.2,합격
L04325,2026-06-22 17:11,P-SEOUL-01,F-3,오후,500mL,0.86,2.11,179.9,403,22.9,51.8,합격
L04326,2026-06-22 17:50,P-SEOUL-01,F-3,오후,2L,-1.8,2.06,182.7,400,22.3,59.1,합격
L04327,2026-06-22 18:27,P-SEOUL-01,F-2,오후,500mL,-0.88,2.24,184.1,419,31.6,57.3,합격
L04328,2026-06-22 18:48,P-SEOUL-01,F-3,오후,500mL,-0.69,2.18,183.6,410,15.8,53.0,합격
L04329,2026-06-22 19:38,P-SEOUL-01,F-2,오후,1L,-0.35,2.22,186.9,407,29.7,50.4,합격
L04330,2026-06-22 20:03,P-SEOUL-01,F-2,오후,1L,-0.5,1.99,183.8,406,28.5,47.3,합격
L04331,2026-06-22 20:35,P-SEOUL-01,F-3,오후,1L,-0.45,1.43,179.4,405,28.8,44.2,재검
L04332,2026-06-22 20:41,P-SEOUL-01,F-3,오후,500mL,0.09,2.05,178.2,397,20.9,46.0,합격
L04333,2026-06-22 20:47,P-SEOUL-01,F-1,오후,500mL,1.63,2.21,183.1,409,25.3,57.0,합격
L04334,2026-06-22 22:33,P-SEOUL-01,F-2,야간,500mL,0.05,1.8,177.9,389,26.6,45.8,합격
L04335,2026-06-22 23:54,P-SEOUL-01,F-1,야간,500mL,-0.57,,181.4,396,29.8,57.4,합격
L04336,2026-06-23 00:51,P-SEOUL-01,F-1,야간,500mL,-1.3,1.99,180.2,409,27.2,59.6,합격
L04337,2026-06-23 01:09,P-SEOUL-01,F-2,야간,1L,0.19,2.13,190.4,421,24.9,44.0,합격
L04338,2026-06-23 01:27,P-SEOUL-01,F-3,야간,500mL,0.84,2.04,176.2,397,24.8,52.2,합격
L04339,2026-06-23 01:37,P-SEOUL-01,F-1,야간,500mL,0.17,2.04,180.5,397,18.6,49.7,재검
L04340,2026-06-23 02:04,P-SEOUL-01,F-2,야간,1L,0.43,2.0,185.3,384,25.5,50.8,합격
L04341,2026-06-23 02:18,P-SEOUL-01,F-3,야간,500mL,-1.98,2.04,177.0,412,26.6,56.6,합격
L04342,2026-06-23 03:34,P-SEOUL-01,F-2,야간,2L,0.2,2.07,184.2,382,18.9,56.6,합격
L04343,2026-06-23 04:09,P-SEOUL-01,F-1,야간,2L,0.08,1.94,179.1,410,21.2,48.1,합격
L04344,2026-06-23 05:27,P-SEOUL-01,F-2,야간,500mL,-3.03,2.03,182.8,391,22.0,50.8,재검
L04345,2026-06-23 05:33,P-SEOUL-01,F-1,야간,500mL,-0.11,1.87,179.0,402,24.6,51.6,합격
L04346,2026-06-23 05:49,P-SEOUL-01,F-2,야간,2L,0.3,1.98,182.2,380,20.9,51.2,합격
L04347,2026-06-23 06:04,P-SEOUL-01,F-3,주간,1L,-0.67,1.98,179.6,371,24.7,46.5,합격
L04348,2026-06-23 06:18,P-SEOUL-01,F-1,주간,1L,0.7,2.25,178.2,387,27.4,54.8,합격
L04349,2026-06-23 07:23,P-SEOUL-01,F-2,주간,2L,-0.09,2.07,192.7,412,19.5,60.5,합격
L04350,2026-06-23 07:33,P-SEOUL-01,F-2,주간,500mL,1.19,2.09,182.5,405,23.1,54.4,합격
L04351,2026-06-23 08:52,P-SEOUL-01,F-3,주간,500mL,0.45,,181.4,396,21.7,48.5,합격
L04352,2026-06-23 08:55,P-SEOUL-01,F-1,주간,500mL,1.57,2.17,181.4,389,24.3,50.1,합격
L04353,2026-06-23 08:57,P-SEOUL-01,F-2,주간,1L,-0.99,2.2,186.5,390,26.3,53.9,합격
L04354,2026-06-23 09:29,P-SEOUL-01,F-3,주간,500mL,-0.18,2.19,178.6,395,29.1,56.6,합격
L04355,2026-06-23 10:00,P-SEOUL-01,F-1,주간,500mL,1.48,2.12,179.8,409,28.9,43.1,합격
L04356,2026-06-23 10:28,P-SEOUL-01,F-2,주간,500mL,-0.24,2.19,182.3,426,29.0,58.4,합격
L04357,2026-06-23 11:07,P-SEOUL-01,F-3,주간,1L,-0.2,2.15,179.7,394,25.0,48.0,합격
L04358,2026-06-23 11:09,P-SEOUL-01,F-1,주간,2L,0.46,2.15,180.4,416,22.7,67.3,합격
L04359,2026-06-23 11:12,P-SEOUL-01,F-1,주간,1L,0.28,2.07,183.9,414,17.5,60.6,합격
L04360,2026-06-23 11:28,P-SEOUL-01,F-2,주간,500mL,-0.18,2.02,181.1,397,26.1,52.1,합격
L04361,2026-06-23 13:30,P-SEOUL-01,F-3,주간,2L,-0.29,2.14,183.8,398,26.0,56.7,합격
L04362,2026-06-23 13:51,P-SEOUL-01,F-1,주간,500mL,-0.47,2.03,177.1,405,28.0,46.2,합격
L04363,2026-06-23 14:24,P-SEOUL-01,F-1,오후,2L,1.79,2.27,181.4,408,26.0,46.7,합격
L04364,2026-06-23 15:28,P-SEOUL-01,F-1,오후,500mL,0.67,2.05,178.0,398,24.4,55.1,합격
L04365,2026-06-23 15:40,P-SEOUL-01,F-2,오후,500mL,0.44,1.87,184.8,398,25.8,50.8,합격
L04366,2026-06-23 15:44,P-SEOUL-01,F-2,오후,500mL,-1.4,2.11,177.1,386,24.0,47.3,합격
L04367,2026-06-23 16:00,P-SEOUL-01,F-3,오후,500mL,0.17,2.02,179.0,415,20.8,51.9,합격
L04368,2026-06-23 16:55,P-SEOUL-01,F-2,오후,500mL,0.0,2.41,198.0,392,20.7,41.5,재검
L04369,2026-06-23 16:56,P-SEOUL-01,F-1,오후,500mL,0.12,2.25,179.0,390,26.9,38.3,합격
L04370,2026-06-23 17:11,P-SEOUL-01,F-1,오후,500mL,-1.78,2.02,177.4,405,26.8,47.7,합격
L04371,2026-06-23 19:12,P-SEOUL-01,F-3,오후,2L,0.23,2.15,183.9,394,24.4,41.3,합격
L04372,2026-06-23 19:14,P-SEOUL-01,F-3,오후,2L,-0.39,2.02,180.0,393,22.2,48.9,합격
L04373,2026-06-23 19:15,P-SEOUL-01,F-2,오후,1L,0.63,,186.5,414,22.6,51.0,합격
L04374,2026-06-23 19:27,P-SEOUL-01,F-1,오후,500mL,2.04,2.22,179.1,424,25.1,49.7,합격
L04375,2026-06-23 20:50,P-SEOUL-01,F-2,오후,1L,0.95,2.18,186.0,383,23.2,53.1,합격
L04376,2026-06-23 21:16,P-SEOUL-01,F-3,오후,1L,0.59,2.19,180.8,388,23.0,48.7,합격
L04377,2026-06-23 21:27,P-SEOUL-01,F-2,오후,500mL,0.34,2.12,179.0,403,24.5,71.2,합격
L04378,2026-06-23 22:11,P-SEOUL-01,F-1,야간,500mL,-0.68,2.24,179.3,396,27.5,65.8,합격
L04379,2026-06-23 22:41,P-SEOUL-01,F-1,야간,1L,0.24,1.83,181.5,396,24.4,60.7,합격
L04380,2026-06-23 23:18,P-SEOUL-01,F-1,야간,2L,0.09,2.09,180.8,410,25.3,65.5,합격
L04381,2026-06-23 23:20,P-SEOUL-01,F-2,야간,1L,0.15,2.15,178.7,395,23.6,41.2,합격
L04382,2026-06-23 23:51,P-SEOUL-01,F-1,야간,1L,0.96,2.08,180.8,405,20.2,48.8,합격
L04383,2026-06-24 00:11,P-SEOUL-01,F-1,야간,1L,0.88,2.01,181.8,407,22.4,54.6,합격
L04384,2026-06-24 01:29,P-SEOUL-01,F-2,야간,2L,1.06,2.0,205.5,379,22.8,47.7,재검
L04385,2026-06-24 01:50,P-SEOUL-01,F-1,야간,1L,-0.24,2.19,181.6,391,25.6,55.4,합격
L04386,2026-06-24 02:07,P-SEOUL-01,F-1,야간,1L,1.03,2.0,182.4,430,22.3,56.6,합격
L04387,2026-06-24 02:23,P-SEOUL-01,F-2,야간,500mL,-0.52,1.85,180.6,381,23.0,46.7,합격
L04388,2026-06-24 02:35,P-SEOUL-01,F-1,야간,1L,0.42,2.18,181.6,401,24.4,39.4,합격
L04389,2026-06-24 02:38,P-SEOUL-01,F-2,야간,2L,-0.29,2.11,176.7,394,29.4,65.2,합격
L04390,2026-06-24 02:49,P-SEOUL-01,F-1,야간,500mL,-4.56,1.21,181.2,402,23.0,48.5,재검
L04391,2026-06-24 03:18,P-SEOUL-01,F-3,야간,500mL,-0.31,1.79,181.6,412,24.6,51.5,합격
L04392,2026-06-24 03:36,P-SEOUL-01,F-2,야간,1L,-0.18,2.13,186.5,424,24.2,60.9,합격
L04393,2026-06-24 03:44,P-SEOUL-01,F-1,야간,500mL,0.48,2.01,179.1,413,23.8,55.6,합격
L04394,2026-06-24 03:58,P-SEOUL-01,F-3,야간,500mL,0.31,1.84,180.7,412,21.1,44.0,합격
L04395,2026-06-24 04:16,P-SEOUL-01,F-2,야간,2L,-1.16,2.28,187.9,377,22.2,48.7,합격
L04396,2026-06-24 05:18,P-SEOUL-01,F-3,야간,2L,-0.21,1.9,182.0,401,26.2,60.2,합격
L04397,2026-06-24 06:22,P-SEOUL-01,F-1,주간,1L,-0.36,2.4,178.7,412,28.3,43.1,합격
L04398,2026-06-24 06:22,P-SEOUL-01,F-2,주간,500mL,-0.12,2.34,187.9,396,24.1,48.0,합격
L04399,2026-06-24 06:41,P-SEOUL-01,F-1,주간,2L,1.3,2.18,179.7,414,24.7,37.9,합격
L04400,2026-06-24 07:24,P-SEOUL-01,F-1,주간,2L,0.92,2.2,178.9,418,18.8,53.2,합격
L04401,2026-06-24 07:39,P-SEOUL-01,F-1,주간,500mL,0.5,1.34,180.4,402,25.0,47.2,재검
L04402,2026-06-24 08:02,P-SEOUL-01,F-2,주간,2L,-1.12,1.9,189.8,410,21.1,63.7,합격
L04403,2026-06-24 08:15,P-SEOUL-01,F-1,주간,500mL,-0.45,,180.5,379,23.2,39.4,합격
L04404,2026-06-24 08:31,P-SEOUL-01,F-1,주간,2L,-0.69,1.91,175.9,407,25.6,47.9,합격
L04405,2026-06-24 09:02,P-SEOUL-01,F-3,주간,1L,-0.07,2.04,179.1,421,17.2,41.0,합격
L04406,2026-06-24 09:07,P-SEOUL-01,F-2,주간,500mL,-1.62,1.22,188.6,402,24.7,50.1,재검
L04407,2026-06-24 09:23,P-SEOUL-01,F-3,주간,1L,-1.46,1.93,181.8,396,23.8,55.2,합격
L04408,2026-06-24 09:52,P-SEOUL-01,F-2,주간,1L,1.51,1.83,201.8,390,21.4,61.2,재검
L04409,2026-06-24 10:05,P-SEOUL-01,F-1,주간,2L,0.11,2.01,178.2,407,24.8,51.4,합격
L04410,2026-06-24 10:18,P-SEOUL-01,F-1,주간,500mL,-0.71,2.21,178.7,395,23.5,,합격
L04411,2026-06-24 10:35,P-SEOUL-01,F-2,주간,500mL,0.28,1.95,186.3,421,14.7,56.8,합격
L04412,2026-06-24 11:27,P-SEOUL-01,F-3,주간,500mL,0.93,2.08,179.0,408,19.2,40.2,재검
L04413,2026-06-24 11:37,P-SEOUL-01,F-1,주간,500mL,-1.52,1.87,176.0,386,22.0,63.3,합격
L04414,2026-06-24 12:50,P-SEOUL-01,F-2,주간,500mL,1.03,2.14,185.3,416,22.7,68.4,합격
L04415,2026-06-24 12:56,P-SEOUL-01,F-1,주간,500mL,0.16,1.86,179.1,418,22.1,55.6,합격
L04416,2026-06-24 13:07,P-SEOUL-01,F-3,주간,500mL,-0.55,,179.3,420,19.9,60.2,합격
L04417,2026-06-24 13:19,P-SEOUL-01,F-3,주간,1L,0.21,2.29,180.6,391,24.5,59.9,합격
L04418,2026-06-24 13:24,P-SEOUL-01,F-1,주간,2L,0.99,2.19,178.6,380,29.5,48.5,합격
L04419,2026-06-24 13:39,P-SEOUL-01,F-3,주간,500mL,-0.45,2.29,184.9,382,26.3,53.7,합격
L04420,2026-06-24 13:44,P-SEOUL-01,F-1,주간,500mL,0.63,2.06,180.2,399,27.2,64.4,합격
L04421,2026-06-24 16:31,P-SEOUL-01,F-1,오후,1L,0.41,2.13,177.9,394,19.4,56.5,합격
L04422,2026-06-24 16:41,P-SEOUL-01,F-2,오후,500mL,0.14,2.07,190.5,412,20.4,49.6,합격
L04423,2026-06-24 16:42,P-SEOUL-01,F-2,오후,1L,-1.73,2.06,193.3,386,22.1,56.4,재검
L04424,2026-06-24 16:42,P-SEOUL-01,F-3,오후,2L,-1.27,1.99,180.1,416,29.5,72.4,합격
L04425,2026-06-24 17:07,P-SEOUL-01,F-2,오후,2L,1.13,1.94,184.1,401,26.0,47.0,합격
L04426,2026-06-24 18:36,P-SEOUL-01,F-3,오후,500mL,1.19,2.03,182.0,388,25.3,54.1,합격
L04427,2026-06-24 19:02,P-SEOUL-01,F-1,오후,500mL,0.79,2.27,180.9,409,18.6,51.0,합격
L04428,2026-06-24 20:04,P-SEOUL-01,F-1,오후,500mL,0.93,1.93,178.1,408,23.9,51.7,합격
L04429,2026-06-24 21:22,P-SEOUL-01,F-2,오후,500mL,0.08,1.99,179.2,379,25.9,41.5,합격
L04430,2026-06-24 21:27,P-SEOUL-01,F-2,오후,500mL,-0.21,1.35,185.7,399,21.2,44.5,재검
L04431,2026-06-24 21:50,P-SEOUL-01,F-2,오후,500mL,-1.0,2.0,185.0,401,22.7,41.1,합격
L04432,2026-06-24 22:31,P-SEOUL-01,F-2,야간,500mL,-0.5,1.98,184.5,397,23.7,55.1,합격
L04433,2026-06-24 23:17,P-SEOUL-01,F-1,야간,500mL,-0.42,2.04,181.6,386,23.2,52.9,합격
L04434,2026-06-24 23:24,P-SEOUL-01,F-2,야간,500mL,1.3,2.02,187.8,380,30.0,72.4,합격
L04435,2026-06-24 23:28,P-SEOUL-01,F-3,야간,500mL,1.14,2.19,181.9,421,24.7,41.8,합격
L04436,2026-06-25 00:31,P-SEOUL-01,F-2,야간,500mL,1.01,2.2,180.9,387,25.5,52.7,합격
L04437,2026-06-25 00:45,P-SEOUL-01,F-1,야간,2L,-0.04,2.09,178.3,425,23.5,55.4,합격
L04438,2026-06-25 01:06,P-SEOUL-01,F-2,야간,1L,0.45,2.09,180.8,397,22.3,50.8,합격
L04439,2026-06-25 01:12,P-SEOUL-01,F-3,야간,1L,0.86,2.06,181.8,410,30.6,50.4,합격
L04440,2026-06-25 01:33,P-SEOUL-01,F-3,야간,500mL,-0.88,2.14,178.0,388,27.0,39.6,합격
L04441,2026-06-25 01:41,P-SEOUL-01,F-2,야간,500mL,-0.22,1.95,181.3,410,21.2,63.8,합격
L04442,2026-06-25 01:59,P-SEOUL-01,F-1,야간,500mL,-1.8,2.2,180.8,415,20.2,63.9,합격
L04443,2026-06-25 02:01,P-SEOUL-01,F-1,야간,500mL,0.35,2.28,181.4,417,16.0,45.6,합격
L04444,2026-06-25 03:04,P-SEOUL-01,F-3,야간,2L,0.09,2.04,181.8,409,17.5,55.9,합격
L04445,2026-06-25 04:54,P-SEOUL-01,F-3,야간,500mL,-0.97,1.32,182.1,405,24.2,51.0,재검
L04446,2026-06-25 05:27,P-SEOUL-01,F-2,야간,500mL,-0.11,2.17,188.2,380,27.9,43.2,합격
L04447,2026-06-25 06:13,P-SEOUL-01,F-1,주간,1L,-0.85,2.1,182.1,415,23.6,62.9,합격
L04448,2026-06-25 06:29,P-SEOUL-01,F-2,주간,500mL,-0.53,2.08,189.3,387,22.1,45.9,합격
L04449,2026-06-25 07:05,P-SEOUL-01,F-2,주간,500mL,-0.89,2.0,190.0,400,24.1,48.2,합격
L04450,2026-06-25 08:13,P-SEOUL-01,F-1,주간,500mL,-0.47,2.3,180.3,401,20.8,44.4,합격
L04451,2026-06-25 08:21,P-SEOUL-01,F-1,주간,1L,-1.38,2.09,180.5,410,29.8,61.7,합격
L04452,2026-06-25 08:29,P-SEOUL-01,F-3,주간,500mL,0.44,2.06,181.8,400,23.9,46.5,합격
L04453,2026-06-25 09:57,P-SEOUL-01,F-3,주간,500mL,1.34,2.07,178.1,391,16.5,43.5,합격
L04454,2026-06-25 10:37,P-SEOUL-01,F-2,주간,500mL,0.76,1.79,187.6,413,27.7,63.1,합격
L04455,2026-06-25 10:54,P-SEOUL-01,F-2,주간,500mL,-0.11,2.14,183.4,396,19.5,59.2,합격
L04456,2026-06-25 11:41,P-SEOUL-01,F-1,주간,2L,1.33,1.89,176.4,395,23.7,44.1,합격
L04457,2026-06-25 11:52,P-SEOUL-01,F-1,주간,1L,1.1,1.25,181.6,399,27.6,52.1,재검
L04458,2026-06-25 11:58,P-SEOUL-01,F-2,주간,500mL,-0.04,2.16,184.7,394,25.9,79.5,합격
L04459,2026-06-25 12:04,P-SEOUL-01,F-2,주간,500mL,0.08,2.17,187.5,399,23.9,44.8,합격
L04460,2026-06-25 12:13,P-SEOUL-01,F-1,주간,500mL,-0.23,,181.2,395,23.2,46.2,합격
L04461,2026-06-25 13:42,P-SEOUL-01,F-2,주간,1L,1.07,2.25,188.4,397,27.0,41.2,합격
L04462,2026-06-25 14:12,P-SEOUL-01,F-2,오후,500mL,-0.85,1.87,184.5,388,22.0,49.1,합격
L04463,2026-06-25 14:45,P-SEOUL-01,F-2,오후,500mL,1.04,2.16,191.3,417,24.2,57.3,합격
L04464,2026-06-25 15:15,P-SEOUL-01,F-1,오후,500mL,0.58,2.15,179.9,394,27.9,48.6,합격
L04465,2026-06-25 15:37,P-SEOUL-01,F-3,오후,2L,0.07,1.93,176.8,399,25.7,48.8,합격
L04466,2026-06-25 15:51,P-SEOUL-01,F-1,오후,2L,-0.1,1.96,179.1,391,25.6,52.2,합격
L04467,2026-06-25 16:08,P-SEOUL-01,F-1,오후,500mL,-0.67,1.99,180.4,423,25.6,48.5,합격
L04468,2026-06-25 16:09,P-SEOUL-01,F-1,오후,2L,-1.03,2.31,175.6,414,24.5,57.0,합격
L04469,2026-06-25 16:19,P-SEOUL-01,F-1,오후,500mL,1.83,1.91,182.6,402,21.9,57.7,합격
L04470,2026-06-25 16:39,P-SEOUL-01,F-2,오후,1L,3.32,2.13,189.4,417,27.9,51.9,재검
L04471,2026-06-25 16:53,P-SEOUL-01,F-3,오후,1L,0.85,2.19,178.1,408,25.5,51.5,합격
L04472,2026-06-25 17:02,P-SEOUL-01,F-3,오후,2L,-0.35,2.2,180.1,382,27.3,39.7,합격
L04473,2026-06-25 17:11,P-SEOUL-01,F-2,오후,1L,2.36,2.01,183.1,392,18.6,56.4,합격
L04474,2026-06-25 17:59,P-SEOUL-01,F-2,오후,1L,-0.57,2.31,180.4,399,19.2,42.1,합격
L04475,2026-06-25 18:27,P-SEOUL-01,F-3,오후,500mL,0.0,2.15,178.8,386,27.5,46.4,합격
L04476,2026-06-25 18:39,P-SEOUL-01,F-1,오후,1L,0.35,2.23,182.3,398,28.3,51.0,합격
L04477,2026-06-25 19:59,P-SEOUL-01,F-3,오후,1L,1.3,2.04,179.4,424,26.4,57.0,합격
L04478,2026-06-25 20:21,P-SEOUL-01,F-2,오후,500mL,0.43,1.69,179.8,379,25.9,46.0,합격
L04479,2026-06-25 21:13,P-SEOUL-01,F-2,오후,1L,1.01,2.0,188.4,405,31.2,56.2,합격
L04480,2026-06-25 21:57,P-SEOUL-01,F-1,오후,1L,0.09,2.2,180.4,397,28.5,56.5,합격
L04481,2026-06-25 22:11,P-SEOUL-01,F-1,야간,500mL,1.86,1.96,184.3,385,23.9,64.8,합격
L04482,2026-06-25 23:30,P-SEOUL-01,F-3,야간,1L,0.26,1.99,181.2,400,22.4,52.0,합격
L04483,2026-06-25 23:36,P-SEOUL-01,F-1,야간,1L,-1.94,1.95,182.9,397,29.0,45.2,합격
L04484,2026-06-25 23:38,P-SEOUL-01,F-1,야간,1L,0.05,2.43,180.4,401,19.5,53.8,합격
L04485,2026-06-26 00:10,P-SEOUL-01,F-2,야간,1L,-0.72,1.95,185.8,376,22.5,64.9,합격
L04486,2026-06-26 01:20,P-SEOUL-01,F-2,야간,2L,-0.89,1.98,187.5,387,23.7,53.7,합격
L04487,2026-06-26 01:43,P-SEOUL-01,F-1,야간,1L,-1.14,2.12,179.6,404,26.1,,합격
L04488,2026-06-26 02:26,P-SEOUL-01,F-1,야간,1L,0.91,2.05,178.0,414,21.1,53.8,합격
L04489,2026-06-26 03:26,P-SEOUL-01,F-2,야간,1L,-0.51,1.95,185.1,399,22.4,43.0,합격
L04490,2026-06-26 03:29,P-SEOUL-01,F-2,야간,1L,-1.18,2.24,185.6,376,24.7,58.6,합격
L04491,2026-06-26 04:25,P-SEOUL-01,F-2,야간,2L,1.33,1.96,186.6,412,21.8,52.0,합격
L04492,2026-06-26 04:54,P-SEOUL-01,F-1,야간,500mL,0.36,2.2,179.5,379,28.5,53.5,합격
L04493,2026-06-26 06:01,P-SEOUL-01,F-2,주간,500mL,0.28,2.15,186.9,421,18.0,43.2,합격
L04494,2026-06-26 06:08,P-SEOUL-01,F-2,주간,500mL,-0.75,2.08,178.7,410,26.2,58.3,합격
L04495,2026-06-26 06:30,P-SEOUL-01,F-2,주간,1L,-1.33,1.99,187.2,412,30.6,40.1,합격
L04496,2026-06-26 07:09,P-SEOUL-01,F-1,주간,500mL,-1.66,2.02,179.7,396,23.0,45.9,합격
L04497,2026-06-26 07:30,P-SEOUL-01,F-1,주간,500mL,0.72,2.07,181.3,393,29.6,65.0,합격
L04498,2026-06-26 08:11,P-SEOUL-01,F-1,주간,500mL,-0.83,2.01,180.4,405,25.3,48.4,합격
L04499,2026-06-26 08:21,P-SEOUL-01,F-1,주간,500mL,-0.98,2.05,182.7,401,23.6,59.2,합격
L04500,2026-06-26 08:51,P-SEOUL-01,F-1,주간,2L,0.86,1.9,182.9,410,18.9,63.7,합격
L04501,2026-06-26 09:08,P-SEOUL-01,F-1,주간,1L,-1.16,2.09,181.5,413,19.0,64.8,합격
L04502,2026-06-26 09:09,P-SEOUL-01,F-1,주간,500mL,-3.78,2.14,180.0,396,25.1,55.3,재검
L04503,2026-06-26 09:38,P-SEOUL-01,F-1,주간,2L,-1.36,1.94,179.9,412,20.3,56.7,합격
L04504,2026-06-26 09:59,P-SEOUL-01,F-2,주간,2L,-0.57,2.15,185.5,414,21.4,51.7,합격
L04505,2026-06-26 10:19,P-SEOUL-01,F-1,주간,500mL,0.18,2.04,182.3,386,19.5,58.8,합격
L04506,2026-06-26 10:25,P-SEOUL-01,F-3,주간,500mL,-4.34,2.06,177.1,407,22.5,50.5,재검
L04507,2026-06-26 10:49,P-SEOUL-01,F-3,주간,500mL,-0.7,2.2,178.7,400,26.4,52.6,합격
L04508,2026-06-26 11:13,P-SEOUL-01,F-2,주간,500mL,-0.75,2.08,188.7,396,18.5,69.5,합격
L04509,2026-06-26 11:41,P-SEOUL-01,F-3,주간,2L,1.58,2.06,180.3,405,19.4,48.2,합격
L04510,2026-06-26 12:17,P-SEOUL-01,F-3,주간,1L,-0.35,2.05,178.1,399,25.8,58.2,합격
L04511,2026-06-26 12:46,P-SEOUL-01,F-2,주간,500mL,1.02,2.14,186.8,410,23.7,65.5,합격
L04512,2026-06-26 13:49,P-SEOUL-01,F-2,주간,1L,0.16,2.02,179.4,402,25.6,42.9,합격
L04513,2026-06-26 13:55,P-SEOUL-01,F-1,주간,2L,1.4,2.31,179.0,420,22.4,59.0,합격
L04514,2026-06-26 13:55,P-SEOUL-01,F-2,주간,500mL,0.02,2.14,181.7,390,26.5,41.6,합격
L04515,2026-06-26 14:30,P-SEOUL-01,F-2,오후,500mL,-1.12,2.28,189.2,391,22.2,62.1,합격
L04516,2026-06-26 14:40,P-SEOUL-01,F-2,오후,500mL,1.46,2.19,178.3,407,22.7,49.3,합격
L04517,2026-06-26 15:12,P-SEOUL-01,F-2,오후,500mL,1.0,2.06,183.0,393,19.3,44.4,합격
L04518,2026-06-26 15:34,P-SEOUL-01,F-2,오후,500mL,0.84,2.26,187.0,384,29.8,58.9,합격
L04519,2026-06-26 16:19,P-SEOUL-01,F-1,오후,1L,-1.89,2.28,179.5,413,26.2,51.2,합격
L04520,2026-06-26 16:49,P-SEOUL-01,F-1,오후,2L,-0.67,2.44,179.5,402,30.2,47.9,합격
L04521,2026-06-26 16:57,P-SEOUL-01,F-1,오후,500mL,1.5,2.24,179.8,393,29.2,42.9,합격
L04522,2026-06-26 17:20,P-SEOUL-01,F-2,오후,500mL,0.18,2.14,194.8,408,20.4,49.1,합격
L04523,2026-06-26 17:43,P-SEOUL-01,F-3,오후,500mL,1.33,2.03,180.0,397,27.2,39.9,합격
L04524,2026-06-26 17:48,P-SEOUL-01,F-3,오후,500mL,-0.08,2.16,176.9,410,18.4,60.2,합격
L04525,2026-06-26 18:39,P-SEOUL-01,F-1,오후,2L,-0.14,2.07,178.4,398,20.9,47.3,합격
L04526,2026-06-26 18:59,P-SEOUL-01,F-1,오후,1L,0.89,2.03,176.4,401,22.6,59.6,합격
L04527,2026-06-26 20:08,P-SEOUL-01,F-3,오후,1L,2.07,2.22,182.0,385,21.2,39.8,합격
L04528,2026-06-26 20:20,P-SEOUL-01,F-2,오후,500mL,0.22,1.91,184.5,408,27.5,59.1,합격
L04529,2026-06-26 20:58,P-SEOUL-01,F-2,오후,2L,-0.81,1.94,189.9,393,30.9,44.4,합격
L04530,2026-06-26 21:34,P-SEOUL-01,F-3,오후,1L,-3.82,1.79,179.7,420,27.4,48.3,재검
L04531,2026-06-26 22:26,P-SEOUL-01,F-3,야간,500mL,-0.42,2.19,181.4,390,25.3,50.5,합격
L04532,2026-06-26 22:34,P-SEOUL-01,F-1,야간,1L,-0.02,2.02,179.7,392,22.2,55.7,합격
L04533,2026-06-26 22:54,P-SEOUL-01,F-3,야간,500mL,-0.1,2.12,180.8,400,26.6,48.0,합격
L04534,2026-06-26 23:19,P-SEOUL-01,F-1,야간,500mL,0.15,1.95,181.3,398,25.5,44.7,합격
L04535,2026-06-26 23:26,P-SEOUL-01,F-3,야간,2L,-1.21,2.0,178.7,401,17.8,55.9,합격
L04536,2026-06-27 00:13,P-SEOUL-01,F-1,야간,2L,-0.01,1.93,178.9,393,22.7,58.8,합격
L04537,2026-06-27 00:58,P-SEOUL-01,F-3,야간,1L,1.05,2.26,177.8,416,24.2,51.9,합격
L04538,2026-06-27 01:15,P-SEOUL-01,F-1,야간,500mL,0.92,1.76,178.8,412,30.9,63.7,합격
L04539,2026-06-27 01:41,P-SEOUL-01,F-1,야간,2L,-4.16,2.22,180.3,403,22.0,55.9,재검
L04540,2026-06-27 02:12,P-SEOUL-01,F-1,야간,1L,0.05,1.9,179.5,398,24.5,52.7,합격
L04541,2026-06-27 03:49,P-SEOUL-01,F-1,야간,500mL,-0.28,1.27,180.7,412,23.4,50.0,재검
L04542,2026-06-27 04:14,P-SEOUL-01,F-2,야간,1L,2.17,2.07,196.9,411,20.6,57.3,재검
L04543,2026-06-27 04:37,P-SEOUL-01,F-1,야간,500mL,1.4,2.03,179.7,387,23.1,54.8,합격
L04544,2026-06-27 04:43,P-SEOUL-01,F-3,야간,500mL,1.27,2.08,180.2,385,24.9,41.8,합격
L04545,2026-06-27 04:45,P-SEOUL-01,F-1,야간,500mL,0.81,2.12,178.8,413,23.9,43.4,합격
L04546,2026-06-27 04:46,P-SEOUL-01,F-2,야간,2L,-0.42,2.05,181.2,421,21.0,53.5,합격
L04547,2026-06-27 04:53,P-SEOUL-01,F-1,야간,2L,0.81,2.13,181.5,402,20.2,53.4,합격
L04548,2026-06-27 05:15,P-SEOUL-01,F-1,야간,500mL,0.34,2.18,177.2,393,20.8,41.8,합격
L04549,2026-06-27 05:24,P-SEOUL-01,F-3,야간,500mL,0.87,1.97,179.7,386,25.0,53.3,합격
L04550,2026-06-27 05:51,P-SEOUL-01,F-2,야간,2L,-1.08,2.19,186.2,397,22.5,47.0,합격
L04551,2026-06-27 06:02,P-SEOUL-01,F-1,주간,500mL,-0.94,2.36,178.0,383,22.2,52.5,합격
L04552,2026-06-27 06:48,P-SEOUL-01,F-2,주간,2L,-0.1,2.01,188.2,412,23.8,47.7,합격
L04553,2026-06-27 07:23,P-SEOUL-01,F-2,주간,1L,1.27,2.31,188.6,400,28.3,46.2,합격
L04554,2026-06-27 07:50,P-SEOUL-01,F-2,주간,2L,-0.04,2.01,185.7,401,25.4,41.3,합격
L04555,2026-06-27 07:53,P-SEOUL-01,F-2,주간,500mL,0.94,1.98,209.5,397,24.9,63.8,재검
L04556,2026-06-27 08:19,P-SEOUL-01,F-1,주간,1L,-1.03,2.02,175.6,401,22.7,60.7,합격
L04557,2026-06-27 08:33,P-SEOUL-01,F-1,주간,500mL,-0.49,1.85,181.0,391,24.4,68.7,합격
L04558,2026-06-27 10:22,P-SEOUL-01,F-1,주간,500mL,-0.47,,181.2,406,29.2,38.3,합격
L04559,2026-06-27 10:37,P-SEOUL-01,F-3,주간,500mL,-0.81,1.84,179.4,397,25.0,,합격
L04560,2026-06-27 10:47,P-SEOUL-01,F-2,주간,1L,0.36,,187.1,404,17.7,40.3,합격
L04561,2026-06-27 11:30,P-SEOUL-01,F-3,주간,1L,-0.17,2.29,179.2,420,21.9,40.9,합격
L04562,2026-06-27 11:39,P-SEOUL-01,F-2,주간,1L,1.13,1.89,186.0,399,22.6,42.9,합격
L04563,2026-06-27 11:44,P-SEOUL-01,F-1,주간,500mL,-1.0,2.2,177.2,402,21.5,49.2,합격
L04564,2026-06-27 11:53,P-SEOUL-01,F-3,주간,500mL,0.45,2.02,183.2,398,27.4,43.9,합격
L04565,2026-06-27 12:04,P-SEOUL-01,F-1,주간,500mL,0.15,2.3,177.3,393,20.3,44.1,합격
L04566,2026-06-27 12:08,P-SEOUL-01,F-2,주간,500mL,1.34,2.08,192.1,400,21.8,49.8,합격
L04567,2026-06-27 13:11,P-SEOUL-01,F-1,주간,500mL,-0.53,2.16,178.4,410,29.4,72.5,합격
L04568,2026-06-27 13:38,P-SEOUL-01,F-1,주간,500mL,0.65,2.14,183.6,399,20.9,46.9,합격
L04569,2026-06-27 14:05,P-SEOUL-01,F-1,오후,500mL,0.42,1.96,179.4,414,24.2,58.1,합격
L04570,2026-06-27 14:28,P-SEOUL-01,F-3,오후,1L,-0.79,2.38,184.6,407,31.3,55.7,합격
L04571,2026-06-27 14:47,P-SEOUL-01,F-1,오후,500mL,-0.76,2.27,177.8,393,22.8,78.4,합격
L04572,2026-06-27 15:12,P-SEOUL-01,F-1,오후,500mL,-1.1,2.15,179.4,406,22.2,55.4,합격
L04573,2026-06-27 15:20,P-SEOUL-01,F-3,오후,500mL,0.85,2.21,179.3,398,20.5,59.3,합격
L04574,2026-06-27 15:25,P-SEOUL-01,F-1,오후,500mL,-1.58,2.17,177.5,390,17.8,40.4,합격
L04575,2026-06-27 16:15,P-SEOUL-01,F-2,오후,2L,-0.82,,179.4,399,28.4,51.8,합격
L04576,2026-06-27 16:17,P-SEOUL-01,F-2,오후,500mL,-0.55,2.3,184.8,381,20.4,68.3,합격
L04577,2026-06-27 16:18,P-SEOUL-01,F-2,오후,2L,0.88,1.82,182.1,406,23.3,61.3,합격
L04578,2026-06-27 16:46,P-SEOUL-01,F-2,오후,1L,0.07,2.08,183.0,403,21.4,53.8,합격
L04579,2026-06-27 16:57,P-SEOUL-01,F-1,오후,500mL,-1.79,2.1,180.6,411,20.6,54.9,합격
L04580,2026-06-27 17:06,P-SEOUL-01,F-1,오후,1L,-0.67,1.95,181.7,404,28.2,62.8,합격
L04581,2026-06-27 17:29,P-SEOUL-01,F-1,오후,500mL,-0.7,2.14,180.1,395,20.1,51.0,합격
L04582,2026-06-27 19:14,P-SEOUL-01,F-3,오후,1L,1.2,2.15,177.6,390,24.5,50.0,합격
L04583,2026-06-27 19:19,P-SEOUL-01,F-1,오후,500mL,1.15,2.04,176.4,383,26.0,55.5,합격
L04584,2026-06-27 19:46,P-SEOUL-01,F-2,오후,500mL,-0.85,2.0,184.0,401,25.9,58.2,합격
L04585,2026-06-27 19:54,P-SEOUL-01,F-3,오후,2L,-0.72,2.15,181.6,407,22.0,50.1,합격
L04586,2026-06-27 20:23,P-SEOUL-01,F-1,오후,1L,0.6,1.96,183.1,422,24.0,55.3,합격
L04587,2026-06-27 20:42,P-SEOUL-01,F-1,오후,1L,0.06,2.24,179.1,392,22.9,38.3,합격
L04588,2026-06-27 21:02,P-SEOUL-01,F-2,오후,500mL,0.46,2.11,183.1,422,21.1,56.4,합격
L04589,2026-06-27 21:12,P-SEOUL-01,F-2,오후,500mL,0.25,2.3,182.3,420,23.0,46.0,합격
L04590,2026-06-27 21:20,P-SEOUL-01,F-2,오후,1L,-0.04,2.01,182.8,401,24.3,43.5,합격
L04591,2026-06-27 21:23,P-SEOUL-01,F-3,오후,500mL,-1.13,2.29,180.7,394,23.5,64.2,합격
L04592,2026-06-27 21:24,P-SEOUL-01,F-2,오후,1L,-1.58,2.03,187.5,404,22.7,52.7,합격
L04593,2026-06-27 21:34,P-SEOUL-01,F-3,오후,500mL,1.21,2.1,179.2,415,23.4,63.6,합격
L04594,2026-06-27 23:03,P-SEOUL-01,F-2,야간,500mL,0.04,2.35,182.8,402,23.6,,합격
L04595,2026-06-27 23:23,P-SEOUL-01,F-1,야간,2L,0.23,2.08,180.2,385,25.1,62.8,합격
L04596,2026-06-27 23:35,P-SEOUL-01,F-1,야간,500mL,0.23,2.18,183.4,411,24.2,52.0,합격
L04597,2026-06-28 00:19,P-SEOUL-01,F-1,야간,2L,5.42,2.11,178.3,395,27.0,38.7,재검
L04598,2026-06-28 00:30,P-SEOUL-01,F-2,야간,1L,0.03,1.96,184.6,397,28.0,47.6,합격
L04599,2026-06-28 01:18,P-SEOUL-01,F-1,야간,2L,1.0,2.12,180.2,390,26.3,63.1,합격
L04600,2026-06-28 02:03,P-SEOUL-01,F-1,야간,500mL,0.36,2.01,181.3,396,28.3,52.0,합격
L04601,2026-06-28 02:52,P-SEOUL-01,F-1,야간,500mL,-1.65,2.02,183.9,399,25.4,55.8,합격
L04602,2026-06-28 03:10,P-SEOUL-01,F-3,야간,500mL,-0.62,1.82,182.7,387,22.5,55.5,합격
L04603,2026-06-28 03:39,P-SEOUL-01,F-1,야간,1L,-0.72,2.29,179.5,401,23.4,51.7,합격
L04604,2026-06-28 03:47,P-SEOUL-01,F-1,야간,1L,0.96,2.2,182.7,401,25.3,53.1,합격
L04605,2026-06-28 03:50,P-SEOUL-01,F-3,야간,2L,0.0,2.17,183.3,406,27.6,47.0,합격
L04606,2026-06-28 04:05,P-SEOUL-01,F-1,야간,500mL,1.22,2.0,182.5,413,26.1,53.9,합격
L04607,2026-06-28 04:18,P-SEOUL-01,F-1,야간,2L,0.95,2.08,180.6,397,19.1,50.9,합격
L04608,2026-06-28 05:13,P-SEOUL-01,F-2,야간,500mL,0.18,2.16,177.2,402,22.8,48.6,합격
L04609,2026-06-28 05:22,P-SEOUL-01,F-2,야간,500mL,0.74,2.11,184.4,387,28.4,41.8,합격
L04610,2026-06-28 06:23,P-SEOUL-01,F-3,주간,2L,0.45,2.12,177.4,403,23.6,52.0,합격
L04611,2026-06-28 07:50,P-SEOUL-01,F-3,주간,500mL,-3.71,2.35,178.5,396,22.3,46.6,재검
L04612,2026-06-28 08:43,P-SEOUL-01,F-2,주간,500mL,-1.6,2.08,181.3,406,24.4,52.1,합격
L04613,2026-06-28 09:24,P-SEOUL-01,F-2,주간,2L,0.62,2.0,180.6,413,21.0,46.0,합격
L04614,2026-06-28 09:26,P-SEOUL-01,F-2,주간,2L,0.89,2.33,185.8,384,23.1,65.2,합격
L04615,2026-06-28 09:30,P-SEOUL-01,F-2,주간,2L,5.07,2.23,183.2,419,23.1,57.9,재검
L04616,2026-06-28 09:39,P-SEOUL-01,F-3,주간,2L,0.36,2.22,182.9,418,22.8,53.5,합격
L04617,2026-06-28 09:51,P-SEOUL-01,F-1,주간,2L,-0.76,1.96,177.6,391,15.6,48.2,합격
L04618,2026-06-28 09:58,P-SEOUL-01,F-1,주간,1L,-0.6,2.04,181.2,401,17.6,57.8,합격
L04619,2026-06-28 12:30,P-SEOUL-01,F-2,주간,1L,-0.36,2.13,186.8,400,22.2,65.3,합격
L04620,2026-06-28 13:21,P-SEOUL-01,F-2,주간,1L,0.01,2.03,185.1,384,20.5,,합격
L04621,2026-06-28 13:31,P-SEOUL-01,F-1,주간,1L,1.2,2.01,181.1,395,28.2,53.2,합격
L04622,2026-06-28 13:42,P-SEOUL-01,F-1,주간,500mL,0.51,1.86,178.8,414,24.8,49.4,합격
L04623,2026-06-28 14:17,P-SEOUL-01,F-2,오후,500mL,0.16,2.23,187.0,412,21.6,54.7,합격
L04624,2026-06-28 14:46,P-SEOUL-01,F-1,오후,500mL,0.51,2.31,178.5,413,22.4,53.7,합격
L04625,2026-06-28 15:17,P-SEOUL-01,F-3,오후,500mL,0.56,2.22,177.7,417,26.2,60.4,합격
L04626,2026-06-28 16:11,P-SEOUL-01,F-1,오후,2L,0.38,2.26,181.4,408,23.0,63.7,합격
L04627,2026-06-28 17:08,P-SEOUL-01,F-2,오후,2L,-0.4,2.14,180.1,378,28.8,57.0,합격
L04628,2026-06-28 17:41,P-SEOUL-01,F-3,오후,500mL,0.76,1.93,179.3,387,24.2,44.3,합격
L04629,2026-06-28 17:59,P-SEOUL-01,F-3,오후,1L,-0.22,2.1,179.2,403,21.3,52.7,합격
L04630,2026-06-28 18:34,P-SEOUL-01,F-1,오후,500mL,-0.63,1.91,181.7,419,21.0,50.3,합격
L04631,2026-06-28 18:54,P-SEOUL-01,F-1,오후,1L,-0.65,2.13,179.0,402,20.7,54.7,합격
L04632,2026-06-28 19:28,P-SEOUL-01,F-1,오후,1L,0.22,1.85,180.5,384,18.2,42.6,합격
L04633,2026-06-28 19:34,P-SEOUL-01,F-2,오후,500mL,-0.87,1.99,183.1,405,18.8,40.1,합격
L04634,2026-06-28 19:42,P-SEOUL-01,F-2,오후,500mL,2.02,1.92,184.4,402,22.4,57.8,합격
L04635,2026-06-28 19:44,P-SEOUL-01,F-2,오후,2L,1.3,2.14,187.7,418,19.0,50.4,합격
L04636,2026-06-28 20:02,P-SEOUL-01,F-3,오후,2L,0.85,1.74,178.0,410,23.4,40.6,합격
L04637,2026-06-28 20:04,P-SEOUL-01,F-1,오후,500mL,0.27,,182.5,406,27.6,,합격
L04638,2026-06-28 20:10,P-SEOUL-01,F-2,오후,500mL,-1.53,1.94,187.9,398,22.3,69.4,합격
L04639,2026-06-28 20:43,P-SEOUL-01,F-2,오후,500mL,-0.24,2.01,185.6,411,27.8,,합격
L04640,2026-06-28 21:44,P-SEOUL-01,F-2,오후,1L,-0.5,2.01,182.2,407,26.8,66.4,합격
L04641,2026-06-28 21:55,P-SEOUL-01,F-1,오후,1L,0.48,2.06,184.2,384,20.9,63.6,합격
L04642,2026-06-28 21:57,P-SEOUL-01,F-2,오후,500mL,-1.06,2.11,181.0,414,26.4,56.9,합격
L04643,2026-06-28 22:42,P-SEOUL-01,F-1,야간,1L,0.32,2.22,180.8,394,19.5,54.3,합격
L04644,2026-06-28 23:01,P-SEOUL-01,F-2,야간,1L,0.56,2.22,179.3,410,33.2,62.6,합격
L04645,2026-06-28 23:45,P-SEOUL-01,F-3,야간,500mL,-0.81,2.01,179.2,410,23.3,54.3,합격
L04646,2026-06-29 00:02,P-SEOUL-01,F-1,야간,1L,1.0,2.14,180.6,388,25.3,56.3,합격
L04647,2026-06-29 00:07,P-SEOUL-01,F-3,야간,2L,-0.32,2.16,179.4,403,26.5,55.3,합격
L04648,2026-06-29 00:44,P-SEOUL-01,F-2,야간,500mL,-1.14,2.06,188.0,389,24.1,54.0,합격
L04649,2026-06-29 00:51,P-SEOUL-01,F-3,야간,500mL,2.26,2.05,181.0,386,17.1,49.9,합격
L04650,2026-06-29 02:06,P-SEOUL-01,F-1,야간,500mL,-0.27,2.13,178.5,416,26.8,39.8,합격
L04651,2026-06-29 03:16,P-SEOUL-01,F-2,야간,1L,0.39,1.85,188.4,391,27.1,52.0,합격
L04652,2026-06-29 03:34,P-SEOUL-01,F-2,야간,2L,0.3,2.19,186.0,388,25.6,61.9,합격
L04653,2026-06-29 04:05,P-SEOUL-01,F-3,야간,500mL,-0.16,1.91,176.1,410,32.7,45.4,합격
L04654,2026-06-29 04:19,P-SEOUL-01,F-1,야간,1L,-0.0,2.11,179.5,398,25.0,64.7,합격
L04655,2026-06-29 04:47,P-SEOUL-01,F-1,야간,500mL,0.76,2.11,183.4,421,23.4,56.3,합격
L04656,2026-06-29 05:00,P-SEOUL-01,F-3,야간,1L,0.32,2.1,179.2,387,20.9,51.2,합격
L04657,2026-06-29 05:22,P-SEOUL-01,F-2,야간,2L,-0.03,2.03,184.6,404,24.7,42.6,합격
L04658,2026-06-29 05:31,P-SEOUL-01,F-3,야간,1L,1.04,2.03,178.9,399,24.9,50.0,합격
L04659,2026-06-29 05:37,P-SEOUL-01,F-1,야간,1L,0.03,1.91,178.6,400,21.3,50.3,합격
L04660,2026-06-29 05:38,P-SEOUL-01,F-2,야간,2L,-0.69,2.06,181.5,384,22.9,55.0,합격
L04661,2026-06-29 05:45,P-SEOUL-01,F-3,야간,500mL,0.26,1.99,175.8,394,28.2,47.8,합격
L04662,2026-06-29 06:14,P-SEOUL-01,F-3,주간,1L,0.94,2.09,183.7,406,21.7,49.6,합격
L04663,2026-06-29 06:43,P-SEOUL-01,F-1,주간,2L,-1.53,2.18,181.0,395,24.7,60.2,합격
L04664,2026-06-29 07:06,P-SEOUL-01,F-2,주간,1L,0.62,,189.2,401,23.4,56.5,합격
L04665,2026-06-29 08:39,P-SEOUL-01,F-3,주간,1L,-0.68,2.13,181.2,405,24.9,48.9,합격
L04666,2026-06-29 08:39,P-SEOUL-01,F-3,주간,2L,0.61,2.2,179.6,403,23.5,51.9,합격
L04667,2026-06-29 08:46,P-SEOUL-01,F-1,주간,500mL,2.15,2.22,181.8,414,26.2,44.1,합격
L04668,2026-06-29 09:41,P-SEOUL-01,F-2,주간,500mL,-0.52,2.22,191.0,381,20.7,42.6,합격
L04669,2026-06-29 09:50,P-SEOUL-01,F-1,주간,1L,0.89,2.0,181.4,408,23.7,57.6,합격
L04670,2026-06-29 10:05,P-SEOUL-01,F-3,주간,2L,-0.08,2.31,178.4,389,23.6,54.0,합격
L04671,2026-06-29 10:52,P-SEOUL-01,F-1,주간,500mL,0.3,2.06,179.9,429,25.9,69.1,합격
L04672,2026-06-29 11:19,P-SEOUL-01,F-1,주간,500mL,0.49,1.96,180.9,398,29.2,58.7,합격
L04673,2026-06-29 11:34,P-SEOUL-01,F-1,주간,500mL,1.82,1.82,180.2,392,20.9,55.3,합격
L04674,2026-06-29 11:36,P-SEOUL-01,F-1,주간,500mL,-1.21,1.96,178.8,387,17.1,43.5,합격
L04675,2026-06-29 12:03,P-SEOUL-01,F-2,주간,500mL,-0.56,2.21,178.9,393,26.1,49.6,합격
L04676,2026-06-29 12:07,P-SEOUL-01,F-2,주간,1L,-0.71,2.07,199.0,395,29.0,54.4,재검
L04677,2026-06-29 12:32,P-SEOUL-01,F-3,주간,1L,-0.19,2.05,180.5,399,25.9,60.7,합격
L04678,2026-06-29 12:39,P-SEOUL-01,F-2,주간,500mL,1.37,2.08,188.1,422,23.1,57.4,합격
L04679,2026-06-29 12:53,P-SEOUL-01,F-1,주간,1L,0.21,1.88,183.8,365,23.7,53.4,합격
L04680,2026-06-29 13:21,P-SEOUL-01,F-3,주간,1L,0.52,2.03,179.3,389,29.4,38.9,합격
L04681,2026-06-29 15:14,P-SEOUL-01,F-1,오후,1L,1.62,2.15,177.0,397,26.1,54.5,합격
L04682,2026-06-29 15:14,P-SEOUL-01,F-2,오후,500mL,1.12,2.2,187.9,396,23.0,70.6,합격
L04683,2026-06-29 15:31,P-SEOUL-01,F-1,오후,1L,-1.08,2.15,181.2,406,24.2,52.3,합격
L04684,2026-06-29 16:13,P-SEOUL-01,F-3,오후,1L,0.05,2.13,182.2,401,22.9,50.3,합격
L04685,2026-06-29 16:41,P-SEOUL-01,F-3,오후,500mL,0.27,2.18,182.0,405,19.6,53.0,합격
L04686,2026-06-29 17:37,P-SEOUL-01,F-3,오후,1L,-1.0,2.0,176.8,402,23.9,53.6,합격
L04687,2026-06-29 18:16,P-SEOUL-01,F-3,오후,2L,0.27,1.98,179.3,396,27.0,36.8,합격
L04688,2026-06-29 18:35,P-SEOUL-01,F-2,오후,500mL,0.05,2.17,184.5,391,25.1,61.5,합격
L04689,2026-06-29 18:39,P-SEOUL-01,F-1,오후,1L,1.15,2.06,179.3,392,24.7,60.8,합격
L04690,2026-06-29 18:49,P-SEOUL-01,F-1,오후,500mL,-0.69,2.28,176.6,419,24.8,48.2,합격
L04691,2026-06-29 20:11,P-SEOUL-01,F-2,오후,500mL,0.93,,186.4,398,23.2,40.1,합격
L04692,2026-06-29 20:59,P-SEOUL-01,F-3,오후,1L,-0.18,1.95,177.4,391,24.9,68.1,합격
L04693,2026-06-29 21:25,P-SEOUL-01,F-1,오후,500mL,0.27,2.11,182.9,404,21.9,57.6,합격
L04694,2026-06-29 22:13,P-SEOUL-01,F-3,야간,500mL,-0.85,2.07,177.9,400,26.6,59.4,합격
L04695,2026-06-29 23:13,P-SEOUL-01,F-1,야간,1L,-0.32,1.87,177.2,425,25.6,47.5,합격
L04696,2026-06-30 00:55,P-SEOUL-01,F-1,야간,500mL,1.15,2.03,180.6,390,22.5,57.0,합격
L04697,2026-06-30 01:25,P-SEOUL-01,F-1,야간,500mL,1.53,2.21,182.2,402,20.3,68.1,합격
L04698,2026-06-30 02:20,P-SEOUL-01,F-3,야간,500mL,2.38,1.8,181.1,383,26.4,57.4,합격
L04699,2026-06-30 03:16,P-SEOUL-01,F-3,야간,1L,-0.04,1.99,184.4,400,32.5,53.3,합격
L04700,2026-06-30 05:23,P-SEOUL-01,F-3,야간,2L,-1.26,2.4,180.3,396,23.6,55.5,합격
L04701,2026-06-30 05:33,P-SEOUL-01,F-1,야간,500mL,0.04,2.05,183.2,393,26.4,53.4,합격
L04702,2026-06-30 05:40,P-SEOUL-01,F-1,야간,500mL,-0.21,1.97,175.4,397,22.8,63.1,합격
L04703,2026-06-30 06:07,P-SEOUL-01,F-1,주간,500mL,-0.62,2.16,181.5,413,23.5,52.0,합격
L04704,2026-06-30 06:32,P-SEOUL-01,F-2,주간,500mL,0.5,2.3,205.9,422,27.4,50.1,재검
L04705,2026-06-30 07:35,P-SEOUL-01,F-2,주간,1L,0.68,2.1,184.6,388,17.8,46.7,합격
L04706,2026-06-30 07:49,P-SEOUL-01,F-3,주간,1L,0.01,2.18,180.9,386,29.6,50.2,합격
L04707,2026-06-30 07:53,P-SEOUL-01,F-1,주간,500mL,0.76,2.1,178.4,396,21.6,54.0,합격
L04708,2026-06-30 08:15,P-SEOUL-01,F-1,주간,500mL,-0.55,2.05,182.2,395,19.9,37.0,합격
L04709,2026-06-30 09:16,P-SEOUL-01,F-1,주간,500mL,1.55,2.24,176.7,405,23.2,45.4,합격
L04710,2026-06-30 09:39,P-SEOUL-01,F-3,주간,500mL,-0.56,2.09,179.7,386,25.7,51.3,합격
L04711,2026-06-30 09:45,P-SEOUL-01,F-1,주간,1L,-0.21,2.2,181.4,400,24.5,58.1,합격
L04712,2026-06-30 10:28,P-SEOUL-01,F-3,주간,2L,-0.21,2.11,180.2,417,22.4,47.3,합격
L04713,2026-06-30 10:28,P-SEOUL-01,F-1,주간,500mL,-0.06,2.09,179.9,391,24.5,45.1,합격
L04714,2026-06-30 11:10,P-SEOUL-01,F-3,주간,2L,2.14,2.41,178.6,393,16.9,63.5,합격
L04715,2026-06-30 11:37,P-SEOUL-01,F-1,주간,2L,-0.03,2.01,181.4,388,25.4,38.0,합격
L04716,2026-06-30 13:27,P-SEOUL-01,F-1,주간,1L,0.01,2.0,178.0,386,22.6,44.9,합격
L04717,2026-06-30 14:01,P-SEOUL-01,F-1,오후,500mL,-1.65,2.15,177.4,421,23.7,63.1,합격
L04718,2026-06-30 14:13,P-SEOUL-01,F-2,오후,1L,-0.78,1.87,183.9,398,21.6,55.2,합격
L04719,2026-06-30 14:28,P-SEOUL-01,F-3,오후,2L,-0.22,2.18,179.2,384,21.3,57.6,합격
L04720,2026-06-30 15:02,P-SEOUL-01,F-3,오후,500mL,0.31,1.93,179.2,401,25.4,46.3,합격
L04721,2026-06-30 15:39,P-SEOUL-01,F-2,오후,1L,0.84,2.05,189.4,422,23.3,,합격
L04722,2026-06-30 16:18,P-SEOUL-01,F-1,오후,500mL,-1.65,2.22,177.4,376,23.7,63.3,합격
L04723,2026-06-30 16:45,P-SEOUL-01,F-2,오후,1L,-0.07,2.09,193.2,404,26.0,,합격
L04724,2026-06-30 16:45,P-SEOUL-01,F-2,오후,500mL,0.15,2.04,183.0,386,24.2,42.2,합격
L04725,2026-06-30 17:47,P-SEOUL-01,F-1,오후,1L,-1.11,2.16,179.5,400,27.5,57.2,합격
L04726,2026-06-30 18:29,P-SEOUL-01,F-2,오후,500mL,-1.12,2.22,185.5,389,26.4,48.6,합격
L04727,2026-06-30 18:31,P-SEOUL-01,F-2,오후,1L,1.09,2.17,187.7,408,27.8,38.0,합격
L04728,2026-06-30 18:50,P-SEOUL-01,F-3,오후,1L,-0.06,2.23,181.3,387,22.5,53.2,합격
L04729,2026-06-30 20:28,P-SEOUL-01,F-1,오후,1L,0.73,2.3,186.4,395,22.6,47.0,합격
L04730,2026-06-30 21:24,P-SEOUL-01,F-1,오후,500mL,-0.75,2.26,181.7,399,17.0,51.3,합격
L04731,2026-06-30 21:32,P-SEOUL-01,F-2,오후,1L,0.21,1.8,183.6,381,22.7,55.0,합격
L04732,2026-06-30 22:56,P-SEOUL-01,F-3,야간,500mL,3.24,2.02,183.3,384,21.3,49.1,재검
L04733,2026-06-30 23:09,P-SEOUL-01,F-2,야간,500mL,-0.26,2.02,187.0,397,21.4,63.1,합격
L04734,2026-06-30 23:23,P-SEOUL-01,F-1,야간,500mL,0.21,1.87,180.0,400,28.0,49.8,합격
L04735,2026-07-01 01:58,P-SEOUL-01,F-3,야간,500mL,0.25,2.13,183.0,411,22.1,52.4,합격
L04736,2026-07-01 02:39,P-SEOUL-01,F-3,야간,500mL,1.53,2.14,181.1,388,29.2,58.4,합격
L04737,2026-07-01 03:42,P-SEOUL-01,F-1,야간,1L,-0.09,2.23,180.1,391,26.3,49.4,합격
L04738,2026-07-01 04:01,P-SEOUL-01,F-3,야간,1L,0.94,2.16,180.9,408,29.7,43.3,합격
L04739,2026-07-01 04:36,P-SEOUL-01,F-2,야간,1L,-1.94,1.42,180.9,384,20.9,,재검
L04740,2026-07-01 04:47,P-SEOUL-01,F-1,야간,500mL,0.93,2.05,180.6,408,20.1,46.8,합격
L04741,2026-07-01 05:23,P-SEOUL-01,F-2,야간,2L,1.15,2.26,178.7,402,23.2,49.8,합격
L04742,2026-07-01 05:52,P-SEOUL-01,F-1,야간,2L,0.03,2.01,180.8,406,19.0,55.9,합격
L04743,2026-07-01 05:53,P-SEOUL-01,F-3,야간,500mL,0.91,2.08,179.6,392,17.2,52.9,합격
L04744,2026-07-01 06:07,P-SEOUL-01,F-2,주간,500mL,-1.29,2.14,180.0,402,23.8,54.0,합격
L04745,2026-07-01 06:08,P-SEOUL-01,F-2,주간,500mL,0.54,2.32,180.5,403,26.6,51.3,합격
L04746,2026-07-01 06:28,P-SEOUL-01,F-1,주간,500mL,-0.4,1.92,181.1,396,24.8,50.0,합격
L04747,2026-07-01 07:10,P-SEOUL-01,F-2,주간,500mL,-0.38,2.33,181.7,402,25.4,71.2,합격
L04748,2026-07-01 07:13,P-SEOUL-01,F-2,주간,500mL,-1.03,2.32,182.0,402,27.9,52.1,합격
L04749,2026-07-01 07:32,P-SEOUL-01,F-2,주간,500mL,0.63,1.91,178.4,420,20.7,57.7,합격
L04750,2026-07-01 07:53,P-SEOUL-01,F-1,주간,500mL,-0.77,1.93,180.1,387,20.9,45.9,합격
L04751,2026-07-01 07:55,P-SEOUL-01,F-2,주간,500mL,0.28,2.16,179.6,396,28.9,44.0,합격
L04752,2026-07-01 08:10,P-SEOUL-01,F-2,주간,500mL,-0.14,2.11,179.1,401,23.8,49.3,합격
L04753,2026-07-01 08:12,P-SEOUL-01,F-2,주간,1L,0.2,2.16,181.4,395,23.7,51.7,합격
L04754,2026-07-01 08:40,P-SEOUL-01,F-1,주간,500mL,-0.6,1.85,180.2,396,18.3,61.9,합격
L04755,2026-07-01 09:24,P-SEOUL-01,F-2,주간,2L,-0.98,2.11,176.4,415,27.0,47.3,합격
L04756,2026-07-01 09:40,P-SEOUL-01,F-1,주간,500mL,-0.99,1.89,179.7,416,29.4,47.7,합격
L04757,2026-07-01 10:21,P-SEOUL-01,F-1,주간,2L,0.18,2.12,181.1,392,23.8,61.9,합격
L04758,2026-07-01 10:37,P-SEOUL-01,F-3,주간,500mL,0.53,2.17,182.9,398,21.3,47.6,합격
L04759,2026-07-01 10:53,P-SEOUL-01,F-1,주간,1L,0.06,1.25,180.0,397,24.2,48.9,재검
L04760,2026-07-01 11:03,P-SEOUL-01,F-1,주간,2L,0.52,2.14,177.5,390,26.6,59.4,합격
L04761,2026-07-01 11:36,P-SEOUL-01,F-2,주간,500mL,-0.83,2.22,181.0,402,23.5,54.4,합격
L04762,2026-07-01 11:37,P-SEOUL-01,F-1,주간,1L,-0.88,2.02,180.4,400,28.1,,합격
L04763,2026-07-01 11:42,P-SEOUL-01,F-3,주간,1L,0.54,2.03,176.9,399,23.1,22.4,합격
L04764,2026-07-01 11:47,P-SEOUL-01,F-3,주간,2L,-0.3,2.34,182.2,391,24.2,41.6,합격
L04765,2026-07-01 11:50,P-SEOUL-01,F-3,주간,500mL,2.27,2.19,181.5,395,19.8,56.6,합격
L04766,2026-07-01 13:21,P-SEOUL-01,F-3,주간,2L,0.2,1.94,181.2,385,27.0,64.3,합격
L04767,2026-07-01 14:17,P-SEOUL-01,F-1,오후,2L,0.18,2.1,184.2,387,23.3,47.3,합격
L04768,2026-07-01 14:22,P-SEOUL-01,F-1,오후,500mL,-0.78,,179.1,395,23.2,50.9,합격
L04769,2026-07-01 14:46,P-SEOUL-01,F-2,오후,1L,-0.84,1.9,180.4,411,14.6,48.2,합격
L04770,2026-07-01 14:54,P-SEOUL-01,F-1,오후,1L,-0.3,2.17,182.6,403,20.9,47.4,합격
L04771,2026-07-01 15:02,P-SEOUL-01,F-1,오후,500mL,-1.16,2.1,177.8,406,19.8,60.2,합격
L04772,2026-07-01 16:12,P-SEOUL-01,F-1,오후,1L,-0.0,2.02,181.1,384,21.5,62.8,합격
L04773,2026-07-01 16:17,P-SEOUL-01,F-2,오후,2L,-0.76,1.87,179.1,416,21.4,43.5,합격
L04774,2026-07-01 17:31,P-SEOUL-01,F-1,오후,2L,-0.45,1.92,180.6,430,21.4,56.3,합격
L04775,2026-07-01 17:40,P-SEOUL-01,F-3,오후,1L,0.71,2.04,177.9,402,22.1,51.7,합격
L04776,2026-07-01 17:53,P-SEOUL-01,F-1,오후,1L,0.06,2.18,179.2,387,24.8,46.8,합격
L04777,2026-07-01 17:59,P-SEOUL-01,F-2,오후,1L,0.15,2.17,179.1,415,21.7,45.3,합격
L04778,2026-07-01 18:01,P-SEOUL-01,F-3,오후,2L,-1.47,1.86,179.1,389,24.2,58.3,합격
L04779,2026-07-01 18:02,P-SEOUL-01,F-2,오후,500mL,-0.32,2.16,179.7,393,27.4,64.3,합격
L04780,2026-07-01 18:03,P-SEOUL-01,F-1,오후,500mL,-0.35,2.08,177.1,398,23.8,59.6,합격
L04781,2026-07-01 18:27,P-SEOUL-01,F-1,오후,2L,0.25,2.26,178.2,398,22.7,47.0,합격
L04782,2026-07-01 19:03,P-SEOUL-01,F-1,오후,1L,1.19,2.15,180.2,410,20.4,51.9,합격
L04783,2026-07-01 21:42,P-SEOUL-01,F-3,오후,1L,0.76,2.23,180.9,375,23.5,37.4,합격
L04784,2026-07-01 21:51,P-SEOUL-01,F-1,오후,2L,-5.45,1.38,180.7,409,22.0,47.3,재검
L04785,2026-07-01 22:41,P-SEOUL-01,F-1,야간,2L,1.84,2.07,180.5,401,27.4,40.7,재검
L04786,2026-07-01 23:00,P-SEOUL-01,F-1,야간,2L,0.34,2.21,176.5,400,23.5,55.2,합격
L04787,2026-07-01 23:13,P-SEOUL-01,F-1,야간,2L,0.01,2.06,179.3,396,19.7,55.6,합격
L04788,2026-07-01 23:38,P-SEOUL-01,F-2,야간,500mL,1.59,2.15,175.9,398,20.8,45.2,합격
L04789,2026-07-02 00:27,P-SEOUL-01,F-3,야간,500mL,0.22,2.03,177.9,412,26.8,46.8,합격
L04790,2026-07-02 00:35,P-SEOUL-01,F-3,야간,500mL,-1.54,2.1,180.6,420,22.3,66.0,합격
L04791,2026-07-02 00:40,P-SEOUL-01,F-3,야간,500mL,0.18,2.09,182.1,412,21.2,47.6,합격
L04792,2026-07-02 00:57,P-SEOUL-01,F-1,야간,1L,0.74,2.26,178.0,404,29.3,,합격
L04793,2026-07-02 01:18,P-SEOUL-01,F-3,야간,500mL,-0.26,2.18,180.0,379,23.6,46.8,합격
L04794,2026-07-02 01:19,P-SEOUL-01,F-1,야간,1L,0.02,2.14,183.2,394,18.8,54.5,합격
L04795,2026-07-02 01:42,P-SEOUL-01,F-1,야간,500mL,-0.06,2.04,178.5,401,27.1,58.1,합격
L04796,2026-07-02 03:24,P-SEOUL-01,F-2,야간,1L,1.17,2.06,181.1,385,28.1,46.7,합격
L04797,2026-07-02 03:50,P-SEOUL-01,F-2,야간,1L,0.85,2.08,180.3,385,26.7,61.2,합격
L04798,2026-07-02 03:56,P-SEOUL-01,F-1,야간,2L,-0.54,2.28,182.1,373,22.5,44.8,합격
L04799,2026-07-02 04:15,P-SEOUL-01,F-3,야간,2L,-0.82,2.16,174.7,404,22.6,55.0,합격
L04800,2026-07-02 05:59,P-SEOUL-01,F-2,야간,500mL,1.85,1.95,179.3,396,19.4,57.8,합격
