batch_id,harvested_at,house_id,crop,temp_avg,humidity_avg,co2_ppm,soil_moisture,ec,ph,light_hours,night_temp_min,result
B-0001,2026-03-01 06:00,A동,딸기,21.7,79.0,727,55.5,1.42,6.33,6.5,12.6,상품
B-0002,2026-03-01 07:12,B동,파프리카,23.4,65.3,694,63.5,2.28,5.99,4.8,13.0,상품
B-0003,2026-03-01 08:24,C동,파프리카,22.9,65.5,589,58.3,1.54,6.18,6.5,11.8,상품
B-0004,2026-03-01 09:36,A동,파프리카,24.1,63.6,546,78.8,1.63,6.31,10.5,12.6,상품
B-0005,2026-03-01 10:48,B동,파프리카,22.4,72.0,750,51.1,1.9,6.18,7.3,16.5,상품
B-0006,2026-03-01 12:00,A동,파프리카,24.3,63.4,722,51.5,1.32,6.22,9.0,11.6,상품
B-0007,2026-03-01 13:12,A동,파프리카,25.3,49.8,694,67.4,2.01,5.91,8.7,12.1,상품
B-0008,2026-03-01 14:24,C동,토마토,23.3,65.9,754,69.5,1.63,6.16,6.8,16.3,상품
B-0009,2026-03-01 15:36,C동,토마토,24.9,71.0,759,64.9,2.62,6.24,10.3,10.8,상품
B-0010,2026-03-01 16:48,C동,토마토,22.0,62.1,339,53.3,2.74,5.74,8.2,9.8,등외
B-0011,2026-03-01 18:00,A동,토마토,23.3,73.5,777,53.2,2.02,6.07,3.7,13.4,상품
B-0012,2026-03-01 19:12,A동,토마토,29.9,68.6,496,66.8,1.68,6.08,10.0,12.6,상품
B-0013,2026-03-01 20:24,B동,파프리카,20.0,62.3,651,53.9,1.94,6.05,8.1,12.8,상품
B-0014,2026-03-01 21:36,B동,딸기,22.5,54.0,558,68.4,2.46,5.96,9.9,11.5,상품
B-0015,2026-03-01 22:48,B동,파프리카,20.9,52.0,621,58.1,2.31,6.36,6.8,11.0,상품
B-0016,2026-03-02 00:00,B동,파프리카,26.7,72.4,526,58.5,2.0,5.9,8.9,12.2,상품
B-0017,2026-03-02 01:12,B동,토마토,19.5,61.1,791,68.4,2.31,5.71,7.3,12.6,상품
B-0018,2026-03-02 02:24,A동,파프리카,23.2,79.8,826,63.1,1.93,6.12,6.3,10.7,상품
B-0019,2026-03-02 03:36,C동,토마토,26.5,64.5,691,54.3,2.34,6.34,9.9,13.5,상품
B-0020,2026-03-02 04:48,C동,딸기,23.1,77.4,615,59.2,2.18,5.76,7.3,11.4,상품
B-0021,2026-03-02 06:00,C동,토마토,21.0,62.1,755,59.9,2.12,5.87,6.7,9.6,상품
B-0022,2026-03-02 07:12,B동,딸기,19.7,70.0,646,69.4,2.02,6.18,8.0,15.3,상품
B-0023,2026-03-02 08:24,B동,파프리카,21.2,72.5,756,58.1,1.94,6.24,10.0,17.2,상품
B-0024,2026-03-02 09:36,B동,딸기,22.9,72.0,805,54.8,2.24,5.8,5.2,16.3,상품
B-0025,2026-03-02 10:48,C동,파프리카,22.5,73.5,656,68.6,1.89,6.19,9.9,11.5,상품
B-0026,2026-03-02 12:00,A동,토마토,24.6,63.5,853,63.2,2.13,5.91,6.5,15.7,상품
B-0027,2026-03-02 13:12,B동,파프리카,25.2,64.5,695,57.2,2.21,6.33,8.2,9.6,상품
B-0028,2026-03-02 14:24,B동,토마토,21.1,68.9,578,57.8,1.39,6.25,7.4,16.0,상품
B-0029,2026-03-02 15:36,A동,딸기,23.4,71.9,703,63.1,1.81,5.91,6.8,15.8,상품
B-0030,2026-03-02 16:48,C동,딸기,22.9,63.6,720,57.5,1.73,6.32,7.0,19.4,상품
B-0031,2026-03-02 18:00,C동,토마토,24.0,58.5,732,65.2,3.06,6.22,5.9,15.5,상품
B-0032,2026-03-02 19:12,C동,토마토,24.4,62.3,596,64.2,2.25,6.35,6.9,11.4,상품
B-0033,2026-03-02 20:24,B동,딸기,23.2,73.2,568,63.0,2.22,6.06,8.9,11.5,상품
B-0034,2026-03-02 21:36,C동,토마토,23.3,70.5,530,66.8,2.46,6.1,6.0,9.8,등외
B-0035,2026-03-02 22:48,A동,토마토,27.4,70.4,778,73.5,1.37,6.18,7.6,11.4,상품
B-0036,2026-03-03 00:00,A동,파프리카,25.4,74.3,679,65.7,1.49,6.38,5.5,17.0,상품
B-0037,2026-03-03 01:12,B동,토마토,27.2,78.3,653,56.6,1.68,6.22,7.8,12.3,등외
B-0038,2026-03-03 02:24,A동,딸기,24.9,68.4,779,54.3,2.06,6.4,7.1,15.2,상품
B-0039,2026-03-03 03:36,A동,토마토,25.1,82.0,608,65.9,2.57,6.31,5.3,10.0,등외
B-0040,2026-03-03 04:48,B동,딸기,23.1,64.4,569,60.1,2.57,6.38,6.2,14.3,상품
B-0041,2026-03-03 06:00,A동,토마토,21.8,55.1,606,53.8,1.79,5.85,8.0,14.8,상품
B-0042,2026-03-03 07:12,A동,토마토,24.7,69.3,565,60.8,2.21,6.18,4.5,10.6,등외
B-0043,2026-03-03 08:24,B동,딸기,24.0,54.2,662,66.2,2.32,6.41,7.2,12.6,상품
B-0044,2026-03-03 09:36,C동,딸기,26.5,62.1,673,64.8,1.83,6.12,6.9,14.4,상품
B-0045,2026-03-03 10:48,C동,토마토,25.0,56.1,583,57.6,2.15,6.07,4.6,16.8,상품
B-0046,2026-03-03 12:00,A동,파프리카,26.3,74.9,668,73.2,2.09,6.22,8.3,16.1,상품
B-0047,2026-03-03 13:12,C동,딸기,21.2,80.5,587,49.2,1.58,6.39,7.6,15.9,상품
B-0048,2026-03-03 14:24,B동,토마토,22.2,62.8,626,60.0,2.43,5.94,6.9,16.0,상품
B-0049,2026-03-03 15:36,B동,파프리카,19.0,70.1,774,60.9,1.97,5.89,8.6,15.9,상품
B-0050,2026-03-03 16:48,B동,토마토,21.8,57.6,613,65.3,2.11,5.95,5.2,13.0,상품
B-0051,2026-03-03 18:00,B동,딸기,24.5,80.2,513,54.8,1.89,5.86,9.8,12.5,상품
B-0052,2026-03-03 19:12,C동,파프리카,25.0,74.9,477,63.0,2.4,5.88,5.3,13.5,상품
B-0053,2026-03-03 20:24,A동,파프리카,22.6,72.2,651,60.0,1.57,5.95,5.1,10.3,상품
B-0054,2026-03-03 21:36,C동,토마토,19.6,66.1,572,62.5,1.57,6.43,8.6,13.9,상품
B-0055,2026-03-03 22:48,C동,파프리카,21.3,61.8,596,64.0,1.81,6.17,7.2,14.5,상품
B-0056,2026-03-04 00:00,A동,딸기,18.7,71.7,584,70.6,1.71,6.08,6.7,16.5,상품
B-0057,2026-03-04 01:12,B동,딸기,24.1,67.5,676,59.6,1.92,6.1,9.2,11.1,상품
B-0058,2026-03-04 02:24,A동,딸기,22.4,82.0,708,65.4,2.08,6.01,7.4,10.5,상품
B-0059,2026-03-04 03:36,A동,토마토,21.2,72.4,730,74.6,2.1,6.59,6.0,10.9,상품
B-0060,2026-03-04 04:48,B동,파프리카,23.1,62.5,706,69.3,2.07,6.22,8.0,10.7,상품
B-0061,2026-03-04 06:00,B동,파프리카,23.1,71.4,607,58.4,1.63,6.01,5.6,16.0,상품
B-0062,2026-03-04 07:12,A동,파프리카,23.1,73.2,522,62.5,2.29,6.43,8.3,13.5,상품
B-0063,2026-03-04 08:24,C동,딸기,26.2,65.3,611,57.5,1.63,5.98,8.3,12.5,상품
B-0064,2026-03-04 09:36,B동,딸기,25.8,66.8,575,66.2,1.94,5.58,6.6,13.3,상품
B-0065,2026-03-04 10:48,A동,파프리카,17.6,66.0,600,59.7,2.28,6.08,6.2,15.4,상품
B-0066,2026-03-04 12:00,B동,딸기,22.6,67.1,616,60.4,1.91,6.19,7.6,12.6,상품
B-0067,2026-03-04 13:12,B동,파프리카,20.6,71.2,708,66.3,1.73,6.16,7.4,12.8,상품
B-0068,2026-03-04 14:24,B동,토마토,23.5,71.9,644,55.9,2.52,6.35,8.7,15.6,상품
B-0069,2026-03-04 15:36,B동,토마토,19.1,59.0,483,74.4,1.77,6.56,10.2,15.0,상품
B-0070,2026-03-04 16:48,B동,딸기,24.7,61.8,647,65.5,1.69,5.84,9.0,10.6,상품
B-0071,2026-03-04 18:00,C동,딸기,24.5,65.3,657,49.5,1.17,6.01,4.7,12.9,상품
B-0072,2026-03-04 19:12,B동,파프리카,23.2,92.6,561,66.8,2.42,6.07,10.1,12.1,등외
B-0073,2026-03-04 20:24,A동,파프리카,24.1,66.3,520,61.1,2.02,6.1,8.5,15.9,상품
B-0074,2026-03-04 21:36,C동,딸기,19.1,78.3,730,62.8,2.07,6.06,8.3,12.4,상품
B-0075,2026-03-04 22:48,A동,파프리카,25.7,62.2,598,68.2,2.03,6.23,8.1,12.8,상품
B-0076,2026-03-05 00:00,C동,딸기,19.6,72.3,775,71.0,2.47,5.77,8.0,16.3,상품
B-0077,2026-03-05 01:12,A동,파프리카,22.1,75.0,642,58.5,2.08,6.09,10.2,17.2,상품
B-0078,2026-03-05 02:24,C동,파프리카,25.0,66.2,516,66.8,1.67,6.07,8.3,13.8,상품
B-0079,2026-03-05 03:36,A동,파프리카,24.3,80.8,570,67.2,1.79,5.97,8.1,7.9,등외
B-0080,2026-03-05 04:48,B동,토마토,23.0,57.0,646,59.5,2.49,5.85,10.4,7.2,상품
B-0081,2026-03-05 06:00,B동,파프리카,24.1,76.0,696,58.6,1.63,6.82,5.3,12.8,상품
B-0082,2026-03-05 07:12,A동,토마토,19.6,52.8,582,68.2,1.88,6.03,7.9,13.4,상품
B-0083,2026-03-05 08:24,A동,딸기,23.2,57.2,653,54.3,1.89,5.79,7.4,12.5,상품
B-0084,2026-03-05 09:36,A동,파프리카,20.1,62.0,721,60.1,1.74,5.87,9.3,8.0,상품
B-0085,2026-03-05 10:48,C동,토마토,27.5,57.0,567,66.6,1.92,6.03,10.6,11.6,상품
B-0086,2026-03-05 12:00,B동,토마토,21.7,62.9,526,58.5,1.95,6.32,6.5,19.4,상품
B-0087,2026-03-05 13:12,C동,파프리카,20.6,69.9,537,61.1,2.15,6.03,6.0,13.0,상품
B-0088,2026-03-05 14:24,C동,토마토,20.1,72.7,578,53.1,2.51,6.16,10.6,12.9,상품
B-0089,2026-03-05 15:36,B동,토마토,21.0,61.0,793,53.4,2.1,5.99,8.4,11.0,상품
B-0090,2026-03-05 16:48,A동,파프리카,28.6,89.2,763,62.7,1.67,6.55,7.5,13.0,상품
B-0091,2026-03-05 18:00,A동,파프리카,22.4,62.3,726,72.0,1.8,6.6,6.8,13.2,상품
B-0092,2026-03-05 19:12,B동,토마토,25.4,73.1,547,57.9,1.41,5.72,7.9,11.3,등외
B-0093,2026-03-05 20:24,C동,파프리카,20.6,73.9,564,59.0,1.82,6.14,7.0,15.2,상품
B-0094,2026-03-05 21:36,A동,파프리카,24.8,61.9,697,52.8,2.69,6.1,6.0,16.4,상품
B-0095,2026-03-05 22:48,C동,딸기,24.3,62.5,607,63.6,1.89,6.05,7.7,16.1,상품
B-0096,2026-03-06 00:00,B동,토마토,24.9,78.5,632,57.2,2.03,6.11,6.9,13.4,상품
B-0097,2026-03-06 01:12,C동,파프리카,24.0,75.2,793,61.7,1.89,6.34,9.5,9.5,상품
B-0098,2026-03-06 02:24,B동,파프리카,21.6,59.4,668,63.1,2.2,5.93,11.3,13.5,상품
B-0099,2026-03-06 03:36,C동,토마토,23.7,81.7,558,52.8,2.24,6.25,6.0,12.7,등외
B-0100,2026-03-06 04:48,A동,딸기,22.1,66.2,631,59.2,2.04,5.86,9.8,16.3,상품
B-0101,2026-03-06 06:00,B동,토마토,26.0,63.2,774,58.4,2.13,6.12,6.8,8.2,상품
B-0102,2026-03-06 07:12,B동,딸기,22.6,65.9,603,67.2,1.7,6.03,7.5,18.4,상품
B-0103,2026-03-06 08:24,A동,딸기,24.2,57.3,625,44.8,2.58,6.21,10.8,12.7,상품
B-0104,2026-03-06 09:36,A동,토마토,23.3,59.5,592,54.7,1.47,5.93,8.5,15.1,상품
B-0105,2026-03-06 10:48,C동,딸기,26.4,73.5,646,62.7,2.21,5.89,8.9,9.5,등외
B-0106,2026-03-06 12:00,B동,딸기,23.6,71.1,686,53.2,2.46,6.11,6.5,13.2,상품
B-0107,2026-03-06 13:12,A동,딸기,21.4,73.2,725,63.2,1.64,6.25,10.0,10.6,상품
B-0108,2026-03-06 14:24,A동,파프리카,24.5,65.4,517,64.0,1.87,6.5,7.2,11.0,상품
B-0109,2026-03-06 15:36,A동,토마토,19.7,63.0,603,53.6,1.91,6.68,6.9,11.9,상품
B-0110,2026-03-06 16:48,A동,파프리카,22.6,45.5,650,60.2,1.17,6.31,8.2,16.2,상품
B-0111,2026-03-06 18:00,A동,딸기,25.4,58.1,758,68.9,1.68,6.52,5.1,9.8,상품
B-0112,2026-03-06 19:12,B동,딸기,18.7,81.6,687,61.0,1.86,5.83,5.3,14.2,상품
B-0113,2026-03-06 20:24,A동,파프리카,26.1,79.2,543,69.5,2.21,6.15,8.4,10.4,등외
B-0114,2026-03-06 21:36,B동,파프리카,22.6,80.4,829,63.4,1.88,6.23,6.9,11.7,상품
B-0115,2026-03-06 22:48,B동,파프리카,22.7,52.2,573,57.0,2.17,6.41,7.1,8.6,상품
B-0116,2026-03-07 00:00,C동,파프리카,24.0,60.3,531,58.1,2.15,6.15,7.6,12.2,상품
B-0117,2026-03-07 01:12,C동,딸기,23.7,74.4,665,59.2,2.37,5.95,6.5,13.0,상품
B-0118,2026-03-07 02:24,C동,딸기,21.5,57.9,892,69.5,1.63,6.13,5.6,16.0,상품
B-0119,2026-03-07 03:36,A동,파프리카,23.2,76.2,586,69.0,2.17,6.11,8.3,16.4,상품
B-0120,2026-03-07 04:48,A동,딸기,25.0,72.0,644,66.3,1.5,5.94,8.3,14.7,상품
B-0121,2026-03-07 06:00,A동,딸기,24.4,62.6,728,62.5,1.57,6.5,7.3,15.8,상품
B-0122,2026-03-07 07:12,A동,토마토,23.8,70.2,663,59.4,1.99,5.82,5.5,15.1,상품
B-0123,2026-03-07 08:24,B동,딸기,21.1,70.9,635,59.0,2.09,6.34,8.5,14.7,상품
B-0124,2026-03-07 09:36,C동,토마토,24.2,78.8,479,62.8,2.34,6.56,8.3,17.3,상품
B-0125,2026-03-07 10:48,C동,토마토,22.7,58.4,576,67.8,1.76,6.05,7.4,13.0,상품
B-0126,2026-03-07 12:00,C동,딸기,25.3,73.0,569,61.3,2.05,5.95,8.3,13.4,상품
B-0127,2026-03-07 13:12,A동,토마토,19.7,66.5,746,61.8,1.62,6.16,7.4,13.4,상품
B-0128,2026-03-07 14:24,C동,토마토,24.8,70.0,572,62.0,1.99,6.09,5.8,17.0,상품
B-0129,2026-03-07 15:36,C동,토마토,21.2,57.9,531,52.6,2.17,6.34,7.4,13.7,상품
B-0130,2026-03-07 16:48,B동,딸기,20.4,73.8,555,60.2,2.04,6.06,7.2,14.1,상품
B-0131,2026-03-07 18:00,B동,파프리카,25.5,64.0,569,59.2,1.98,6.04,8.4,14.0,상품
B-0132,2026-03-07 19:12,A동,토마토,19.2,50.6,742,69.2,2.29,5.56,8.5,11.2,상품
B-0133,2026-03-07 20:24,A동,파프리카,21.1,60.2,505,54.6,1.65,5.9,7.6,14.9,상품
B-0134,2026-03-07 21:36,C동,파프리카,23.6,67.9,775,57.8,1.97,5.95,9.3,13.6,상품
B-0135,2026-03-07 22:48,B동,토마토,24.2,75.3,628,57.5,1.73,6.27,7.3,7.5,등외
B-0136,2026-03-08 00:00,B동,딸기,22.1,79.8,492,68.2,2.24,5.81,7.5,9.8,등외
B-0137,2026-03-08 01:12,A동,딸기,23.6,67.2,644,60.5,2.19,6.0,9.0,15.2,상품
B-0138,2026-03-08 02:24,A동,딸기,23.5,75.4,622,66.2,1.58,5.83,6.7,13.8,상품
B-0139,2026-03-08 03:36,A동,파프리카,23.1,72.2,627,66.5,1.61,6.44,8.2,15.3,상품
B-0140,2026-03-08 04:48,B동,딸기,22.4,73.6,560,62.0,1.68,6.43,6.0,13.6,상품
B-0141,2026-03-08 06:00,C동,토마토,20.9,65.9,676,66.9,2.49,5.51,5.4,12.1,상품
B-0142,2026-03-08 07:12,A동,토마토,21.7,62.8,753,70.7,2.17,6.37,9.5,12.3,상품
B-0143,2026-03-08 08:24,A동,토마토,20.8,65.6,689,62.7,2.16,5.96,7.1,10.6,상품
B-0144,2026-03-08 09:36,A동,파프리카,23.5,65.4,618,53.9,1.69,5.89,6.0,13.0,상품
B-0145,2026-03-08 10:48,A동,딸기,22.7,73.0,827,59.4,2.13,6.09,5.9,12.2,상품
B-0146,2026-03-08 12:00,B동,토마토,25.7,64.1,650,59.5,2.93,6.11,7.0,15.0,상품
B-0147,2026-03-08 13:12,B동,파프리카,21.2,62.9,639,67.6,2.36,6.11,7.2,14.7,상품
B-0148,2026-03-08 14:24,C동,딸기,22.9,66.0,676,65.7,1.97,6.14,7.7,8.4,상품
B-0149,2026-03-08 15:36,C동,딸기,20.3,56.7,491,66.2,2.11,6.05,7.3,13.2,상품
B-0150,2026-03-08 16:48,B동,딸기,22.5,73.5,848,59.5,2.71,6.45,6.1,14.3,상품
B-0151,2026-03-08 18:00,B동,딸기,23.3,67.5,697,57.1,1.75,5.91,7.0,15.0,상품
B-0152,2026-03-08 19:12,C동,딸기,23.7,69.8,751,66.1,2.0,6.07,9.4,10.9,상품
B-0153,2026-03-08 20:24,C동,파프리카,23.6,67.0,773,66.7,1.99,6.24,9.1,15.1,상품
B-0154,2026-03-08 21:36,A동,토마토,21.8,57.3,769,52.6,1.71,6.32,4.8,12.2,상품
B-0155,2026-03-08 22:48,A동,딸기,21.0,72.1,548,72.7,1.74,6.11,7.0,14.1,상품
B-0156,2026-03-09 00:00,B동,토마토,22.2,71.3,658,61.3,1.65,5.75,5.4,13.7,상품
B-0157,2026-03-09 01:12,B동,토마토,16.8,70.2,711,60.3,1.63,5.9,9.0,14.8,상품
B-0158,2026-03-09 02:24,C동,토마토,21.2,77.1,588,65.9,1.65,6.17,6.7,14.8,상품
B-0159,2026-03-09 03:36,B동,토마토,18.7,56.4,577,45.8,1.95,6.33,6.2,11.8,상품
B-0160,2026-03-09 04:48,C동,토마토,20.6,62.8,812,73.3,2.02,6.15,9.8,12.4,상품
B-0161,2026-03-09 06:00,C동,딸기,23.7,70.6,612,64.4,2.72,5.78,9.1,13.7,상품
B-0162,2026-03-09 07:12,B동,파프리카,22.4,57.0,591,63.3,1.77,6.29,7.2,11.8,상품
B-0163,2026-03-09 08:24,B동,딸기,20.3,76.3,634,59.1,1.89,6.27,4.5,14.5,상품
B-0164,2026-03-09 09:36,C동,토마토,22.3,52.9,487,69.3,2.08,6.25,4.9,15.9,상품
B-0165,2026-03-09 10:48,A동,딸기,24.4,61.2,810,59.2,2.42,6.28,10.6,13.9,상품
B-0166,2026-03-09 12:00,B동,파프리카,24.5,74.1,679,57.4,2.35,6.28,7.1,16.2,상품
B-0167,2026-03-09 13:12,C동,토마토,25.0,70.9,539,57.7,1.78,6.49,7.0,11.5,상품
B-0168,2026-03-09 14:24,C동,토마토,22.3,61.4,631,69.9,1.62,5.79,7.5,16.9,상품
B-0169,2026-03-09 15:36,A동,딸기,22.0,72.0,593,67.7,2.29,6.34,5.0,11.9,상품
B-0170,2026-03-09 16:48,B동,딸기,22.5,74.8,765,60.1,2.77,6.06,8.5,15.5,상품
B-0171,2026-03-09 18:00,C동,딸기,25.1,79.7,647,71.5,2.38,6.26,8.0,12.1,상품
B-0172,2026-03-09 19:12,B동,토마토,20.5,64.6,804,62.4,2.47,6.3,5.4,8.5,등외
B-0173,2026-03-09 20:24,C동,파프리카,26.3,64.6,590,52.6,2.69,5.85,8.4,11.8,상품
B-0174,2026-03-09 21:36,B동,딸기,19.3,68.1,621,64.5,1.86,6.4,6.8,13.6,상품
B-0175,2026-03-09 22:48,A동,토마토,25.1,72.8,602,63.2,2.39,6.24,6.4,10.9,상품
B-0176,2026-03-10 00:00,B동,딸기,20.8,74.5,634,59.3,2.53,6.13,8.1,11.4,상품
B-0177,2026-03-10 01:12,B동,딸기,24.0,77.0,619,56.0,2.38,6.08,7.3,14.0,상품
B-0178,2026-03-10 02:24,C동,토마토,25.7,78.2,744,62.3,1.87,5.84,8.6,18.1,상품
B-0179,2026-03-10 03:36,B동,파프리카,24.4,62.0,597,70.1,2.59,5.64,4.6,12.6,상품
B-0180,2026-03-10 04:48,C동,파프리카,23.1,73.0,605,50.4,2.09,6.18,9.5,11.4,상품
B-0181,2026-03-10 06:00,C동,토마토,22.5,66.5,585,60.1,1.66,6.07,9.6,16.8,상품
B-0182,2026-03-10 07:12,B동,딸기,25.3,78.3,723,64.1,1.73,5.98,5.9,14.3,상품
B-0183,2026-03-10 08:24,A동,딸기,23.3,73.9,518,58.9,2.32,6.53,4.8,14.0,상품
B-0184,2026-03-10 09:36,C동,딸기,23.7,59.4,505,62.7,2.05,6.09,8.5,13.0,상품
B-0185,2026-03-10 10:48,B동,토마토,25.2,66.4,666,61.5,1.68,5.93,8.9,14.7,상품
B-0186,2026-03-10 12:00,B동,파프리카,25.7,71.2,649,61.5,2.04,6.66,9.9,14.9,상품
B-0187,2026-03-10 13:12,A동,토마토,20.4,64.4,791,65.4,2.11,6.42,8.0,11.2,상품
B-0188,2026-03-10 14:24,B동,딸기,25.4,65.0,754,67.5,1.96,5.83,5.8,18.3,상품
B-0189,2026-03-10 15:36,B동,파프리카,24.7,73.7,789,72.0,1.73,5.66,4.2,10.9,상품
B-0190,2026-03-10 16:48,B동,파프리카,25.6,75.7,692,59.1,1.84,6.08,8.6,13.3,상품
B-0191,2026-03-10 18:00,C동,토마토,26.4,60.7,575,56.6,1.65,5.91,8.0,17.0,상품
B-0192,2026-03-10 19:12,B동,파프리카,25.4,71.5,769,58.4,2.19,6.19,5.5,8.1,등외
B-0193,2026-03-10 20:24,B동,파프리카,24.1,76.2,505,63.1,1.62,5.98,8.1,13.5,상품
B-0194,2026-03-10 21:36,B동,파프리카,20.5,70.4,681,62.9,2.17,6.1,7.3,12.8,상품
B-0195,2026-03-10 22:48,B동,파프리카,22.9,72.7,671,61.6,2.38,5.91,7.1,12.5,상품
B-0196,2026-03-11 00:00,C동,파프리카,21.5,69.9,754,63.0,2.12,6.48,5.6,10.9,상품
B-0197,2026-03-11 01:12,C동,딸기,23.3,62.2,689,60.9,1.62,5.92,8.6,10.4,상품
B-0198,2026-03-11 02:24,C동,파프리카,21.7,71.9,530,54.9,1.91,6.7,6.6,12.0,상품
B-0199,2026-03-11 03:36,B동,토마토,25.1,71.8,656,63.4,2.15,5.91,9.0,13.8,상품
B-0200,2026-03-11 04:48,B동,토마토,23.2,79.6,619,61.6,2.01,6.18,6.8,10.7,상품
B-0201,2026-03-11 06:00,C동,파프리카,24.5,57.8,573,72.7,2.44,6.07,7.9,15.0,상품
B-0202,2026-03-11 07:12,A동,토마토,27.4,59.9,675,51.7,2.36,5.98,7.4,12.5,상품
B-0203,2026-03-11 08:24,B동,파프리카,22.5,67.6,652,55.8,2.2,6.22,8.8,16.0,상품
B-0204,2026-03-11 09:36,C동,딸기,18.0,61.5,791,59.9,2.33,5.99,8.4,13.4,상품
B-0205,2026-03-11 10:48,B동,딸기,20.0,64.0,557,51.6,2.83,6.01,9.1,7.3,등외
B-0206,2026-03-11 12:00,A동,파프리카,24.5,66.5,672,62.6,2.31,5.82,7.2,17.5,상품
B-0207,2026-03-11 13:12,A동,파프리카,26.2,70.2,658,61.2,2.01,6.12,7.5,13.4,상품
B-0208,2026-03-11 14:24,C동,딸기,21.1,62.0,586,68.1,2.2,5.89,7.1,11.6,상품
B-0209,2026-03-11 15:36,C동,파프리카,22.8,56.0,590,64.5,1.86,5.95,6.4,13.0,상품
B-0210,2026-03-11 16:48,A동,딸기,20.5,70.1,594,57.4,1.27,6.35,9.3,10.5,등외
B-0211,2026-03-11 18:00,A동,토마토,23.9,78.1,751,58.5,2.59,5.87,8.6,13.0,상품
B-0212,2026-03-11 19:12,A동,파프리카,25.7,66.3,513,62.9,1.61,6.04,3.9,13.2,상품
B-0213,2026-03-11 20:24,B동,토마토,26.6,60.5,639,63.1,1.77,5.93,8.0,14.4,상품
B-0214,2026-03-11 21:36,C동,토마토,24.3,61.2,727,63.4,1.65,6.44,7.0,12.4,상품
B-0215,2026-03-11 22:48,C동,딸기,25.9,68.8,795,76.2,1.88,5.94,9.7,14.2,상품
B-0216,2026-03-12 00:00,B동,파프리카,24.2,66.5,617,55.6,2.48,5.91,7.5,15.4,상품
B-0217,2026-03-12 01:12,B동,딸기,24.5,67.8,710,58.2,1.86,6.16,4.4,14.1,상품
B-0218,2026-03-12 02:24,A동,토마토,25.6,53.8,568,63.3,1.82,6.71,9.5,16.7,상품
B-0219,2026-03-12 03:36,B동,파프리카,21.3,80.8,583,62.1,2.1,5.91,8.4,12.0,상품
B-0220,2026-03-12 04:48,A동,파프리카,25.6,65.6,630,70.9,2.25,5.94,5.0,14.7,상품
B-0221,2026-03-12 06:00,A동,토마토,20.6,63.1,726,64.9,1.86,5.89,7.9,13.7,상품
B-0222,2026-03-12 07:12,B동,파프리카,22.0,68.9,643,62.1,1.8,6.3,8.5,13.7,상품
B-0223,2026-03-12 08:24,B동,딸기,23.6,70.0,621,59.9,1.95,5.89,4.3,11.9,상품
B-0224,2026-03-12 09:36,A동,토마토,22.0,70.3,678,65.4,1.37,5.76,4.7,10.7,상품
B-0225,2026-03-12 10:48,A동,파프리카,24.6,70.4,739,62.4,1.86,6.53,5.1,12.3,상품
B-0226,2026-03-12 12:00,C동,파프리카,23.7,71.2,729,61.7,1.62,6.37,7.6,16.3,상품
B-0227,2026-03-12 13:12,B동,딸기,22.3,66.2,520,67.8,2.07,6.12,5.2,13.9,상품
B-0228,2026-03-12 14:24,B동,파프리카,26.1,69.7,697,63.1,2.48,5.95,7.2,11.4,상품
B-0229,2026-03-12 15:36,C동,파프리카,22.9,53.5,704,69.3,2.21,6.59,6.5,14.1,상품
B-0230,2026-03-12 16:48,C동,파프리카,20.4,62.1,639,61.9,2.27,5.91,6.8,15.9,상품
B-0231,2026-03-12 18:00,C동,딸기,22.7,69.7,597,59.0,1.82,6.39,6.2,10.8,상품
B-0232,2026-03-12 19:12,A동,파프리카,19.4,71.9,742,54.5,1.71,5.61,6.9,17.0,상품
B-0233,2026-03-12 20:24,B동,토마토,23.3,79.2,553,63.1,1.34,6.18,8.4,13.0,등외
B-0234,2026-03-12 21:36,B동,파프리카,21.9,63.8,670,54.6,1.61,5.76,7.6,15.1,상품
B-0235,2026-03-12 22:48,B동,딸기,22.5,69.9,743,60.4,1.92,6.48,4.5,14.6,상품
B-0236,2026-03-13 00:00,C동,딸기,23.1,71.1,656,73.5,1.74,6.13,7.5,15.8,상품
B-0237,2026-03-13 01:12,B동,파프리카,22.7,61.5,689,48.8,2.32,6.37,8.0,15.3,상품
B-0238,2026-03-13 02:24,C동,딸기,23.0,67.2,706,74.6,1.56,6.04,8.1,12.1,상품
B-0239,2026-03-13 03:36,A동,토마토,23.7,79.1,593,70.8,1.96,6.14,8.9,15.2,상품
B-0240,2026-03-13 04:48,C동,딸기,20.7,78.6,806,59.5,2.1,6.08,8.4,14.0,상품
B-0241,2026-03-13 06:00,A동,파프리카,22.6,63.5,734,72.9,1.64,6.07,9.6,12.1,상품
B-0242,2026-03-13 07:12,C동,파프리카,17.2,61.6,620,59.9,2.41,5.89,7.3,18.3,상품
B-0243,2026-03-13 08:24,B동,딸기,23.5,66.9,710,67.3,1.88,6.05,7.9,11.4,상품
B-0244,2026-03-13 09:36,A동,파프리카,25.3,71.0,648,64.0,2.38,5.92,6.3,12.1,상품
B-0245,2026-03-13 10:48,A동,딸기,24.3,68.3,488,57.1,1.63,6.22,8.6,18.3,상품
B-0246,2026-03-13 12:00,B동,파프리카,25.1,64.2,517,69.7,1.73,5.8,6.5,15.0,상품
B-0247,2026-03-13 13:12,C동,파프리카,20.0,71.7,618,63.8,1.84,5.47,7.8,14.8,상품
B-0248,2026-03-13 14:24,B동,파프리카,18.2,63.1,645,59.6,2.1,6.54,8.0,9.6,상품
B-0249,2026-03-13 15:36,C동,토마토,24.7,67.7,604,65.0,2.23,5.87,7.0,13.8,상품
B-0250,2026-03-13 16:48,B동,딸기,19.8,68.7,701,62.7,2.47,6.26,7.4,13.4,상품
B-0251,2026-03-13 18:00,C동,토마토,23.4,73.2,643,62.1,1.72,6.1,7.6,14.2,상품
B-0252,2026-03-13 19:12,A동,파프리카,24.0,53.6,716,57.4,1.7,6.18,7.4,14.5,상품
B-0253,2026-03-13 20:24,C동,토마토,20.0,70.5,729,63.0,1.64,5.73,8.8,15.0,상품
B-0254,2026-03-13 21:36,B동,딸기,22.9,67.2,649,70.2,2.24,6.2,9.9,10.0,상품
B-0255,2026-03-13 22:48,A동,토마토,23.4,67.4,547,64.1,2.03,6.06,9.2,14.8,상품
B-0256,2026-03-14 00:00,C동,토마토,22.6,58.1,606,62.6,2.3,5.8,6.4,11.0,상품
B-0257,2026-03-14 01:12,B동,파프리카,23.2,62.1,691,57.4,2.7,6.12,7.8,10.9,상품
B-0258,2026-03-14 02:24,A동,파프리카,24.4,77.2,722,66.8,2.29,5.98,8.0,11.3,상품
B-0259,2026-03-14 03:36,C동,파프리카,28.2,58.8,602,59.2,1.89,5.92,6.0,15.0,상품
B-0260,2026-03-14 04:48,A동,파프리카,23.9,75.1,658,73.1,1.69,6.2,7.6,14.4,상품
B-0261,2026-03-14 06:00,B동,토마토,23.4,59.9,631,65.3,2.21,6.35,7.6,13.0,상품
B-0262,2026-03-14 07:12,C동,딸기,23.1,65.6,621,59.4,1.72,6.03,8.5,12.4,상품
B-0263,2026-03-14 08:24,B동,토마토,25.4,75.6,572,67.6,1.91,6.18,5.8,12.4,상품
B-0264,2026-03-14 09:36,A동,파프리카,27.6,69.3,647,58.4,2.18,5.57,6.5,11.5,상품
B-0265,2026-03-14 10:48,C동,토마토,23.9,70.1,710,61.5,1.41,6.35,7.3,15.8,상품
B-0266,2026-03-14 12:00,A동,파프리카,22.8,73.1,816,67.3,3.04,6.12,7.9,13.8,상품
B-0267,2026-03-14 13:12,B동,토마토,24.5,79.8,694,65.2,2.02,6.44,9.4,14.0,상품
B-0268,2026-03-14 14:24,A동,딸기,22.7,70.8,590,56.9,2.47,5.98,8.4,14.3,상품
B-0269,2026-03-14 15:36,B동,토마토,24.5,65.8,551,59.6,2.18,6.13,7.1,13.1,상품
B-0270,2026-03-14 16:48,C동,토마토,24.0,68.5,814,70.6,1.59,6.12,7.8,10.9,상품
B-0271,2026-03-14 18:00,C동,토마토,22.4,75.1,594,68.3,1.5,6.44,7.2,13.3,상품
B-0272,2026-03-14 19:12,C동,파프리카,18.9,71.2,617,65.5,1.45,6.32,8.1,11.7,등외
B-0273,2026-03-14 20:24,B동,딸기,27.5,62.6,456,71.9,1.64,6.08,9.4,12.8,상품
B-0274,2026-03-14 21:36,A동,토마토,26.7,57.8,608,66.6,1.71,6.17,6.3,13.9,상품
B-0275,2026-03-14 22:48,C동,파프리카,21.6,82.1,577,62.7,1.82,5.86,5.7,9.7,등외
B-0276,2026-03-15 00:00,B동,파프리카,25.5,62.3,711,61.8,1.85,6.2,5.2,9.5,상품
B-0277,2026-03-15 01:12,C동,파프리카,23.8,66.8,545,59.7,1.71,5.97,5.8,14.2,상품
B-0278,2026-03-15 02:24,C동,파프리카,19.2,71.0,696,53.9,1.99,6.21,8.9,9.2,상품
B-0279,2026-03-15 03:36,C동,파프리카,27.6,73.9,709,55.2,1.89,6.41,9.2,15.6,상품
B-0280,2026-03-15 04:48,B동,파프리카,25.4,66.1,751,66.1,2.06,5.92,7.7,9.9,상품
B-0281,2026-03-15 06:00,B동,파프리카,26.5,54.1,610,68.3,2.04,6.49,5.2,13.1,상품
B-0282,2026-03-15 07:12,A동,토마토,27.4,69.9,700,54.0,2.37,6.2,7.4,14.3,상품
B-0283,2026-03-15 08:24,C동,딸기,25.1,72.1,562,54.7,2.02,6.17,5.1,10.7,상품
B-0284,2026-03-15 09:36,A동,딸기,22.5,79.1,732,61.3,2.13,5.9,8.6,17.6,상품
B-0285,2026-03-15 10:48,A동,딸기,20.0,68.6,681,59.9,2.01,6.03,7.5,8.8,상품
B-0286,2026-03-15 12:00,B동,딸기,21.6,59.3,600,66.6,1.88,6.31,5.9,10.5,상품
B-0287,2026-03-15 13:12,C동,토마토,23.2,65.0,719,57.3,2.13,6.31,10.5,19.3,상품
B-0288,2026-03-15 14:24,C동,파프리카,22.9,76.4,648,55.2,1.93,6.18,10.3,14.9,상품
B-0289,2026-03-15 15:36,A동,파프리카,23.5,70.2,628,54.2,1.47,6.37,6.0,14.1,상품
B-0290,2026-03-15 16:48,C동,토마토,24.8,72.7,814,61.8,1.94,6.02,8.5,12.0,상품
B-0291,2026-03-15 18:00,B동,토마토,19.4,60.6,559,71.0,2.28,6.34,8.4,15.0,상품
B-0292,2026-03-15 19:12,B동,파프리카,22.4,70.3,571,78.4,2.34,5.93,6.1,16.5,상품
B-0293,2026-03-15 20:24,A동,토마토,24.6,62.7,717,61.1,1.67,6.45,8.5,12.0,상품
B-0294,2026-03-15 21:36,B동,토마토,22.1,75.2,622,60.7,1.39,6.02,9.1,14.2,상품
B-0295,2026-03-15 22:48,B동,딸기,22.9,51.7,682,55.1,2.28,6.3,7.2,8.8,상품
B-0296,2026-03-16 00:00,C동,파프리카,22.0,77.9,692,58.3,1.86,6.58,7.4,17.3,상품
B-0297,2026-03-16 01:12,B동,파프리카,20.1,60.4,669,61.0,2.08,5.95,9.1,16.2,상품
B-0298,2026-03-16 02:24,A동,딸기,24.7,58.9,598,50.7,2.16,6.14,7.8,13.5,상품
B-0299,2026-03-16 03:36,C동,파프리카,23.2,67.1,638,63.5,2.19,6.17,7.4,14.4,상품
B-0300,2026-03-16 04:48,C동,파프리카,21.2,86.4,618,65.8,2.05,6.29,10.2,12.8,상품
B-0301,2026-03-16 06:00,B동,토마토,20.3,53.6,609,58.9,1.78,6.14,5.4,14.1,상품
B-0302,2026-03-16 07:12,C동,파프리카,20.6,60.1,661,63.4,2.11,5.92,6.2,10.8,상품
B-0303,2026-03-16 08:24,A동,딸기,24.1,57.6,692,62.1,1.81,6.23,6.6,16.3,상품
B-0304,2026-03-16 09:36,A동,파프리카,20.6,76.6,584,57.1,1.97,6.8,5.3,6.8,등외
B-0305,2026-03-16 10:48,A동,토마토,16.7,57.3,629,48.4,1.87,6.6,7.6,12.7,상품
B-0306,2026-03-16 12:00,C동,토마토,19.9,70.3,604,65.4,2.47,5.37,7.1,12.0,상품
B-0307,2026-03-16 13:12,C동,파프리카,22.4,65.9,608,62.2,2.04,5.82,6.8,14.1,상품
B-0308,2026-03-16 14:24,A동,파프리카,21.8,69.4,826,73.3,2.7,6.54,7.6,12.3,상품
B-0309,2026-03-16 15:36,C동,파프리카,21.9,66.1,713,76.1,2.01,5.99,8.8,14.7,상품
B-0310,2026-03-16 16:48,A동,토마토,23.7,77.6,522,61.6,2.12,6.01,6.7,10.5,등외
B-0311,2026-03-16 18:00,A동,딸기,21.5,56.8,797,58.2,1.87,6.23,8.1,11.4,상품
B-0312,2026-03-16 19:12,C동,딸기,26.8,71.0,605,52.8,1.64,6.29,6.6,14.4,상품
B-0313,2026-03-16 20:24,B동,토마토,24.2,81.3,725,66.9,1.75,6.21,6.3,13.8,상품
B-0314,2026-03-16 21:36,B동,딸기,24.0,56.0,653,59.5,2.06,6.14,7.5,10.1,상품
B-0315,2026-03-16 22:48,C동,토마토,23.7,52.2,607,62.6,2.47,6.06,9.7,16.9,상품
B-0316,2026-03-17 00:00,B동,토마토,26.9,54.9,682,56.5,2.56,6.52,5.2,16.1,상품
B-0317,2026-03-17 01:12,C동,토마토,22.0,71.5,661,63.8,1.82,6.26,8.5,10.0,상품
B-0318,2026-03-17 02:24,A동,딸기,22.4,66.2,652,61.3,1.92,5.91,8.1,12.8,상품
B-0319,2026-03-17 03:36,C동,파프리카,24.1,77.4,741,57.7,2.12,6.32,6.9,16.7,상품
B-0320,2026-03-17 04:48,B동,토마토,23.8,72.4,594,63.0,2.28,5.95,10.6,14.0,상품
B-0321,2026-03-17 06:00,C동,파프리카,20.5,70.3,573,71.3,2.18,6.03,7.9,11.5,상품
B-0322,2026-03-17 07:12,B동,파프리카,22.4,73.4,667,59.4,2.4,6.33,6.5,10.6,상품
B-0323,2026-03-17 08:24,A동,딸기,21.5,63.6,626,58.9,1.54,6.17,9.0,13.5,상품
B-0324,2026-03-17 09:36,A동,토마토,21.4,71.4,600,61.6,2.14,6.13,9.7,15.0,상품
B-0325,2026-03-17 10:48,B동,토마토,24.2,74.0,637,68.0,2.15,6.12,6.4,12.3,상품
B-0326,2026-03-17 12:00,B동,토마토,22.8,64.9,802,53.9,1.77,5.71,6.8,9.0,상품
B-0327,2026-03-17 13:12,C동,파프리카,23.5,67.3,691,71.1,2.03,6.33,7.9,10.9,상품
B-0328,2026-03-17 14:24,A동,딸기,27.7,75.2,664,64.5,1.83,5.92,7.5,15.1,상품
B-0329,2026-03-17 15:36,A동,토마토,25.6,61.1,522,56.5,2.62,6.15,8.0,12.1,상품
B-0330,2026-03-17 16:48,A동,토마토,19.3,71.8,533,50.3,1.95,6.14,7.7,11.0,상품
B-0331,2026-03-17 18:00,B동,토마토,24.5,73.0,608,66.7,2.43,5.7,4.8,10.7,상품
B-0332,2026-03-17 19:12,C동,파프리카,18.4,65.0,710,62.5,1.94,6.36,9.1,15.8,상품
B-0333,2026-03-17 20:24,A동,토마토,23.9,73.8,658,63.2,1.97,5.76,8.7,13.2,상품
B-0334,2026-03-17 21:36,A동,딸기,24.0,61.8,583,62.2,2.57,6.01,6.8,16.5,상품
B-0335,2026-03-17 22:48,C동,토마토,21.7,64.8,628,61.3,2.28,6.01,9.1,11.3,상품
B-0336,2026-03-18 00:00,C동,파프리카,26.9,70.1,688,61.5,1.96,6.39,7.9,10.5,상품
B-0337,2026-03-18 01:12,A동,딸기,21.8,66.8,755,59.3,1.87,6.34,5.4,14.2,상품
B-0338,2026-03-18 02:24,C동,토마토,21.8,53.8,783,56.8,2.19,5.98,8.8,13.3,상품
B-0339,2026-03-18 03:36,A동,토마토,25.4,65.8,573,57.1,1.76,6.22,7.2,12.5,상품
B-0340,2026-03-18 04:48,A동,딸기,21.6,66.1,800,65.8,1.8,5.69,7.4,11.6,상품
B-0341,2026-03-18 06:00,C동,파프리카,23.6,59.2,647,56.0,2.04,6.31,9.6,9.9,상품
B-0342,2026-03-18 07:12,B동,딸기,21.8,63.1,662,63.8,1.84,6.3,5.4,11.0,상품
B-0343,2026-03-18 08:24,A동,파프리카,21.7,64.3,578,68.5,1.68,5.95,7.2,11.5,상품
B-0344,2026-03-18 09:36,B동,딸기,22.7,60.6,627,63.8,1.95,6.53,6.6,12.9,상품
B-0345,2026-03-18 10:48,C동,파프리카,22.3,75.6,505,45.3,2.01,6.25,7.1,11.4,상품
B-0346,2026-03-18 12:00,A동,파프리카,21.3,71.7,668,66.3,2.46,6.18,8.4,12.8,상품
B-0347,2026-03-18 13:12,A동,토마토,23.7,57.4,784,60.4,2.63,5.89,9.9,16.3,상품
B-0348,2026-03-18 14:24,B동,파프리카,26.1,67.4,581,59.5,1.31,5.95,5.4,14.9,상품
B-0349,2026-03-18 15:36,B동,딸기,22.5,62.8,679,66.5,2.24,6.08,8.1,8.9,상품
B-0350,2026-03-18 16:48,A동,딸기,26.7,70.4,513,64.2,2.21,5.83,8.9,12.7,상품
B-0351,2026-03-18 18:00,C동,딸기,18.0,62.4,730,58.9,1.63,6.25,9.0,9.2,상품
B-0352,2026-03-18 19:12,B동,토마토,22.9,72.2,633,61.8,2.21,6.12,6.4,11.8,상품
B-0353,2026-03-18 20:24,B동,파프리카,22.3,61.8,655,59.0,2.13,6.21,7.6,10.7,상품
B-0354,2026-03-18 21:36,C동,파프리카,23.6,65.0,614,70.2,1.93,6.48,10.0,15.1,상품
B-0355,2026-03-18 22:48,C동,파프리카,25.8,75.1,706,61.1,2.98,6.15,9.1,16.1,상품
B-0356,2026-03-19 00:00,B동,파프리카,19.7,70.0,726,58.3,1.78,5.85,12.1,14.8,상품
B-0357,2026-03-19 01:12,B동,딸기,26.3,76.8,570,61.9,1.71,5.85,8.8,12.7,등외
B-0358,2026-03-19 02:24,A동,딸기,21.8,61.7,599,51.7,2.28,6.0,5.4,14.5,상품
B-0359,2026-03-19 03:36,B동,파프리카,19.3,67.0,599,60.2,1.27,5.8,7.2,14.2,상품
B-0360,2026-03-19 04:48,C동,토마토,24.3,79.9,589,55.4,1.66,6.08,6.3,14.9,상품
B-0361,2026-03-19 06:00,B동,딸기,24.4,70.2,652,73.6,2.16,6.34,6.4,7.8,상품
B-0362,2026-03-19 07:12,B동,토마토,24.3,65.5,584,53.5,2.15,5.66,8.0,14.6,상품
B-0363,2026-03-19 08:24,C동,딸기,25.0,69.1,657,64.8,1.63,6.15,9.3,11.6,상품
B-0364,2026-03-19 09:36,B동,파프리카,24.0,69.3,579,69.5,1.77,6.21,9.4,11.4,상품
B-0365,2026-03-19 10:48,A동,토마토,24.7,75.6,602,56.5,2.03,5.73,7.1,12.0,상품
B-0366,2026-03-19 12:00,B동,파프리카,21.0,66.9,742,70.5,2.28,6.23,7.5,13.6,상품
B-0367,2026-03-19 13:12,A동,딸기,23.8,70.0,648,57.2,1.87,5.76,4.6,19.2,상품
B-0368,2026-03-19 14:24,A동,딸기,20.7,74.0,613,57.7,2.08,6.67,7.3,14.2,상품
B-0369,2026-03-19 15:36,B동,토마토,25.1,66.4,586,66.7,2.1,6.25,6.4,16.0,상품
B-0370,2026-03-19 16:48,A동,파프리카,27.7,72.3,598,64.3,2.67,6.51,6.9,15.1,상품
B-0371,2026-03-19 18:00,B동,파프리카,25.0,64.5,762,65.3,1.77,6.61,7.5,13.5,상품
B-0372,2026-03-19 19:12,B동,토마토,18.6,68.9,813,59.7,2.69,6.01,6.8,8.6,등외
B-0373,2026-03-19 20:24,C동,토마토,27.3,60.6,497,59.7,1.99,5.97,9.4,13.9,상품
B-0374,2026-03-19 21:36,C동,파프리카,23.1,72.1,614,54.4,1.89,5.93,8.0,11.9,상품
B-0375,2026-03-19 22:48,B동,토마토,21.9,49.9,635,69.2,1.79,5.97,8.6,16.6,상품
B-0376,2026-03-20 00:00,B동,딸기,22.9,66.3,660,56.7,2.88,6.45,10.5,13.2,상품
B-0377,2026-03-20 01:12,A동,딸기,21.8,66.5,779,66.1,2.33,5.96,10.0,13.8,상품
B-0378,2026-03-20 02:24,A동,토마토,26.4,68.7,713,66.2,1.39,6.39,7.1,12.8,상품
B-0379,2026-03-20 03:36,B동,토마토,25.0,67.0,682,61.6,1.56,6.11,9.0,11.0,상품
B-0380,2026-03-20 04:48,A동,파프리카,25.0,73.7,601,66.8,1.82,6.26,7.7,13.2,상품
B-0381,2026-03-20 06:00,B동,파프리카,27.9,73.8,465,58.9,1.85,6.07,12.2,10.6,등외
B-0382,2026-03-20 07:12,B동,토마토,24.6,69.3,679,71.1,1.86,6.01,7.6,12.2,상품
B-0383,2026-03-20 08:24,B동,딸기,25.5,61.3,697,60.6,2.22,6.08,8.4,14.4,상품
B-0384,2026-03-20 09:36,A동,파프리카,24.3,81.7,568,56.2,1.92,6.6,7.2,9.7,등외
B-0385,2026-03-20 10:48,B동,토마토,24.0,58.0,712,65.6,2.25,6.33,7.5,16.3,상품
B-0386,2026-03-20 12:00,C동,파프리카,24.9,66.6,613,61.1,2.5,6.1,9.2,10.2,상품
B-0387,2026-03-20 13:12,A동,딸기,18.9,73.1,617,55.7,2.23,6.0,6.5,14.4,상품
B-0388,2026-03-20 14:24,A동,토마토,27.4,62.6,683,62.4,2.34,5.93,5.0,10.2,상품
B-0389,2026-03-20 15:36,A동,딸기,23.3,76.2,611,70.5,2.01,6.3,6.9,12.2,상품
B-0390,2026-03-20 16:48,B동,딸기,21.6,67.1,613,57.2,2.35,5.97,9.9,16.1,상품
B-0391,2026-03-20 18:00,A동,토마토,23.4,64.1,661,55.9,1.9,6.13,9.0,16.3,상품
B-0392,2026-03-20 19:12,A동,파프리카,24.3,66.1,652,55.2,2.35,5.89,7.7,15.0,상품
B-0393,2026-03-20 20:24,A동,토마토,25.1,65.2,618,61.4,2.14,6.22,9.4,15.5,상품
B-0394,2026-03-20 21:36,A동,파프리카,24.9,51.9,620,62.4,2.25,6.52,4.0,9.7,상품
B-0395,2026-03-20 22:48,B동,딸기,20.2,62.9,738,59.2,2.3,6.08,5.2,12.8,상품
B-0396,2026-03-21 00:00,A동,토마토,24.4,69.1,749,50.6,2.09,6.02,9.2,12.4,상품
B-0397,2026-03-21 01:12,C동,딸기,26.8,63.0,687,48.7,2.14,6.44,7.1,13.0,상품
B-0398,2026-03-21 02:24,A동,토마토,24.5,62.9,612,60.4,2.74,6.26,8.5,11.7,상품
B-0399,2026-03-21 03:36,A동,토마토,23.5,80.2,740,59.3,2.35,6.14,10.5,17.9,상품
B-0400,2026-03-21 04:48,B동,토마토,23.4,59.8,654,68.3,2.08,6.54,4.7,13.2,상품
B-0401,2026-03-21 06:00,A동,딸기,21.8,65.2,704,67.3,2.05,6.13,10.5,14.1,상품
B-0402,2026-03-21 07:12,A동,토마토,22.6,63.1,673,61.3,1.47,5.86,5.6,9.4,상품
B-0403,2026-03-21 08:24,A동,토마토,23.7,70.5,474,64.6,1.87,5.92,7.2,10.9,상품
B-0404,2026-03-21 09:36,B동,토마토,24.8,76.9,680,70.0,2.07,6.19,7.6,13.4,상품
B-0405,2026-03-21 10:48,C동,딸기,20.1,66.8,674,72.1,2.01,5.71,8.0,17.0,상품
B-0406,2026-03-21 12:00,A동,파프리카,24.7,54.1,493,63.7,2.61,5.95,10.3,13.2,상품
B-0407,2026-03-21 13:12,B동,파프리카,23.3,70.5,552,69.8,2.04,6.4,6.8,15.6,상품
B-0408,2026-03-21 14:24,C동,딸기,23.9,70.5,647,67.5,1.86,5.88,6.0,18.8,상품
B-0409,2026-03-21 15:36,A동,파프리카,25.1,58.3,726,64.9,1.64,5.86,3.5,13.1,상품
B-0410,2026-03-21 16:48,B동,파프리카,21.8,75.4,563,59.1,1.33,6.16,7.8,13.9,상품
B-0411,2026-03-21 18:00,C동,파프리카,21.4,57.4,773,57.5,1.59,6.42,7.5,14.4,상품
B-0412,2026-03-21 19:12,A동,토마토,23.8,74.6,735,55.7,2.18,6.13,6.8,15.4,상품
B-0413,2026-03-21 20:24,A동,파프리카,22.4,69.7,664,58.6,1.48,5.93,6.9,13.2,상품
B-0414,2026-03-21 21:36,A동,파프리카,24.7,61.4,614,52.8,1.67,6.12,8.9,16.2,상품
B-0415,2026-03-21 22:48,C동,파프리카,22.8,51.2,570,63.1,2.47,5.92,8.0,8.7,상품
B-0416,2026-03-22 00:00,B동,파프리카,25.9,74.5,664,64.8,2.2,5.65,8.3,14.2,상품
B-0417,2026-03-22 01:12,B동,파프리카,21.2,59.2,560,62.1,1.19,6.18,8.8,12.4,상품
B-0418,2026-03-22 02:24,C동,토마토,20.6,66.4,515,61.1,1.91,5.9,5.5,13.9,상품
B-0419,2026-03-22 03:36,C동,토마토,20.7,71.9,724,70.6,1.93,6.55,5.4,13.1,상품
B-0420,2026-03-22 04:48,B동,토마토,20.5,64.6,694,64.6,2.18,6.66,7.0,17.5,상품
B-0421,2026-03-22 06:00,C동,딸기,18.8,68.7,638,59.4,2.38,6.38,7.2,16.9,상품
B-0422,2026-03-22 07:12,C동,딸기,19.2,67.8,602,60.8,1.82,5.96,9.0,11.7,상품
B-0423,2026-03-22 08:24,B동,파프리카,23.6,72.4,672,59.8,2.55,5.87,5.8,17.6,상품
B-0424,2026-03-22 09:36,B동,토마토,26.5,69.1,539,76.7,1.84,5.48,7.6,10.4,상품
B-0425,2026-03-22 10:48,A동,파프리카,17.4,78.1,641,63.4,1.43,6.21,8.2,12.2,등외
B-0426,2026-03-22 12:00,C동,토마토,22.8,64.0,646,61.7,1.89,5.98,9.2,15.8,상품
B-0427,2026-03-22 13:12,B동,딸기,22.7,70.1,635,66.9,1.63,5.87,5.7,13.4,상품
B-0428,2026-03-22 14:24,C동,토마토,26.1,73.8,709,58.4,1.37,6.18,4.3,13.1,상품
B-0429,2026-03-22 15:36,C동,파프리카,20.0,74.0,691,61.4,2.23,6.31,7.1,15.2,상품
B-0430,2026-03-22 16:48,A동,토마토,24.4,73.2,614,64.6,1.77,6.02,8.7,11.7,상품
B-0431,2026-03-22 18:00,A동,딸기,20.9,59.9,687,59.4,2.08,6.19,6.9,14.3,상품
B-0432,2026-03-22 19:12,A동,딸기,24.7,71.8,725,67.0,2.23,6.01,7.7,15.7,상품
B-0433,2026-03-22 20:24,B동,딸기,24.5,63.4,400,56.7,1.7,5.98,8.6,15.0,상품
B-0434,2026-03-22 21:36,C동,파프리카,22.4,56.8,659,64.3,2.56,6.03,6.2,15.0,상품
B-0435,2026-03-22 22:48,C동,딸기,23.0,68.5,532,61.9,1.99,5.73,10.4,13.9,상품
B-0436,2026-03-23 00:00,C동,파프리카,22.6,65.7,642,57.6,2.28,5.26,7.9,9.6,상품
B-0437,2026-03-23 01:12,B동,파프리카,21.1,60.8,575,57.8,2.01,6.07,8.3,10.8,상품
B-0438,2026-03-23 02:24,A동,토마토,24.5,71.6,699,64.7,2.55,5.95,4.9,19.1,상품
B-0439,2026-03-23 03:36,A동,토마토,21.1,69.5,636,63.3,2.24,5.92,5.3,12.7,상품
B-0440,2026-03-23 04:48,C동,파프리카,21.9,67.4,654,56.9,2.03,6.2,10.6,8.9,상품
B-0441,2026-03-23 06:00,C동,토마토,25.8,65.6,567,65.4,1.54,6.15,8.9,17.0,상품
B-0442,2026-03-23 07:12,C동,파프리카,20.1,61.9,619,63.8,2.14,6.34,8.8,11.3,상품
B-0443,2026-03-23 08:24,C동,딸기,20.2,69.7,585,52.6,1.64,5.87,7.5,9.2,등외
B-0444,2026-03-23 09:36,B동,딸기,28.2,70.5,607,56.9,1.69,6.21,5.6,12.3,상품
B-0445,2026-03-23 10:48,C동,딸기,23.8,78.5,988,66.0,1.57,5.99,10.7,12.0,상품
B-0446,2026-03-23 12:00,B동,파프리카,23.1,63.6,579,55.6,2.0,6.0,5.4,11.3,상품
B-0447,2026-03-23 13:12,B동,토마토,24.8,67.7,555,56.9,1.66,5.7,7.9,15.8,상품
B-0448,2026-03-23 14:24,A동,파프리카,24.3,55.3,564,61.5,2.57,6.08,8.6,11.2,상품
B-0449,2026-03-23 15:36,A동,딸기,24.8,66.7,578,57.1,1.87,6.19,6.3,12.8,상품
B-0450,2026-03-23 16:48,A동,딸기,23.8,76.7,603,62.7,2.6,6.23,11.2,11.9,등외
B-0451,2026-03-23 18:00,C동,파프리카,21.9,66.8,536,56.2,1.79,6.5,6.5,16.1,상품
B-0452,2026-03-23 19:12,C동,딸기,20.9,70.7,712,58.5,2.48,5.64,6.9,19.2,상품
B-0453,2026-03-23 20:24,B동,딸기,23.0,67.4,750,67.5,2.02,5.72,8.7,12.6,상품
B-0454,2026-03-23 21:36,A동,토마토,20.5,58.5,625,63.0,2.34,6.73,7.0,13.9,상품
B-0455,2026-03-23 22:48,A동,파프리카,23.9,74.7,624,66.8,2.47,6.07,7.7,11.4,상품
B-0456,2026-03-24 00:00,B동,딸기,28.7,67.5,806,59.5,1.92,6.01,6.1,15.5,상품
B-0457,2026-03-24 01:12,B동,파프리카,26.0,67.8,523,59.9,2.04,6.3,6.2,16.0,상품
B-0458,2026-03-24 02:24,A동,딸기,24.3,56.3,608,65.0,2.28,6.0,7.3,18.5,상품
B-0459,2026-03-24 03:36,A동,딸기,22.5,77.6,693,72.9,2.24,5.99,9.3,13.2,상품
B-0460,2026-03-24 04:48,C동,딸기,21.5,65.4,629,57.8,2.45,6.33,6.4,11.1,상품
B-0461,2026-03-24 06:00,C동,파프리카,22.0,62.8,675,59.9,2.45,6.08,5.9,13.1,상품
B-0462,2026-03-24 07:12,A동,파프리카,26.7,73.0,588,54.5,2.66,6.47,8.0,15.2,상품
B-0463,2026-03-24 08:24,C동,딸기,22.5,72.5,593,70.3,1.89,6.36,9.1,15.4,상품
B-0464,2026-03-24 09:36,A동,파프리카,22.9,63.0,657,62.6,1.65,6.3,7.2,10.2,상품
B-0465,2026-03-24 10:48,B동,토마토,20.7,73.6,601,59.4,2.34,6.27,6.8,15.8,상품
B-0466,2026-03-24 12:00,B동,토마토,22.3,61.7,686,52.9,1.5,6.08,7.8,11.3,상품
B-0467,2026-03-24 13:12,B동,딸기,20.6,72.5,670,73.1,1.83,5.98,9.3,11.4,상품
B-0468,2026-03-24 14:24,B동,딸기,23.0,72.7,502,57.3,2.13,6.3,8.4,14.1,상품
B-0469,2026-03-24 15:36,C동,파프리카,28.0,76.8,554,70.2,2.16,6.31,5.4,8.0,등외
B-0470,2026-03-24 16:48,B동,파프리카,25.3,58.2,709,56.7,2.29,6.14,8.1,15.5,상품
B-0471,2026-03-24 18:00,C동,토마토,22.2,64.8,570,66.3,2.32,6.33,6.5,14.3,상품
B-0472,2026-03-24 19:12,A동,파프리카,21.6,71.4,670,62.0,2.39,5.98,4.8,13.1,상품
B-0473,2026-03-24 20:24,B동,토마토,24.3,73.4,616,62.2,1.61,5.77,5.8,14.1,상품
B-0474,2026-03-24 21:36,B동,딸기,24.2,80.5,755,53.1,1.02,6.4,8.7,9.2,등외
B-0475,2026-03-24 22:48,C동,딸기,23.3,68.9,555,57.3,1.77,6.44,9.6,12.1,상품
B-0476,2026-03-25 00:00,C동,토마토,23.4,59.1,582,60.1,1.98,6.07,7.6,17.1,상품
B-0477,2026-03-25 01:12,B동,토마토,20.7,67.1,705,71.2,1.59,5.78,9.8,14.8,상품
B-0478,2026-03-25 02:24,A동,딸기,22.6,57.4,625,73.7,1.86,5.8,5.3,8.9,상품
B-0479,2026-03-25 03:36,B동,토마토,24.5,64.0,564,65.7,1.7,6.35,5.4,16.0,상품
B-0480,2026-03-25 04:48,B동,파프리카,21.0,68.9,769,57.5,2.11,6.22,8.3,12.0,상품
B-0481,2026-03-25 06:00,C동,파프리카,24.5,75.6,607,58.9,2.07,6.41,5.8,14.8,상품
B-0482,2026-03-25 07:12,B동,딸기,21.5,61.4,663,66.3,2.05,6.05,6.4,14.7,상품
B-0483,2026-03-25 08:24,A동,딸기,22.1,68.2,837,60.3,1.91,6.16,8.4,9.4,상품
B-0484,2026-03-25 09:36,C동,파프리카,21.1,75.6,604,57.8,1.97,6.3,9.3,14.6,상품
B-0485,2026-03-25 10:48,B동,토마토,21.3,72.9,522,63.5,2.89,5.88,2.8,10.3,등외
B-0486,2026-03-25 12:00,C동,파프리카,22.2,70.1,677,60.6,1.31,6.0,8.9,17.2,상품
B-0487,2026-03-25 13:12,A동,딸기,22.6,71.7,649,58.6,2.17,6.47,5.7,10.8,상품
B-0488,2026-03-25 14:24,A동,딸기,25.3,55.2,583,57.3,2.4,5.82,5.5,12.2,상품
B-0489,2026-03-25 15:36,C동,딸기,23.3,83.6,466,59.8,2.1,6.3,7.1,14.8,상품
B-0490,2026-03-25 16:48,A동,딸기,23.9,78.8,658,57.4,1.48,5.64,7.2,14.0,상품
B-0491,2026-03-25 18:00,A동,토마토,27.3,70.9,595,64.4,1.69,6.2,8.1,8.9,등외
B-0492,2026-03-25 19:12,B동,딸기,22.0,65.4,735,64.0,1.97,5.88,6.6,10.8,상품
B-0493,2026-03-25 20:24,A동,딸기,23.4,73.7,604,71.3,2.5,6.1,7.4,13.7,상품
B-0494,2026-03-25 21:36,B동,딸기,21.5,65.3,573,68.1,2.24,5.69,9.2,15.3,상품
B-0495,2026-03-25 22:48,C동,토마토,20.8,61.4,597,63.8,1.95,6.11,9.1,13.8,상품
B-0496,2026-03-26 00:00,B동,딸기,20.5,57.8,562,72.6,1.9,5.71,8.4,15.4,상품
B-0497,2026-03-26 01:12,A동,파프리카,23.5,60.6,596,54.2,1.87,6.02,7.3,15.3,상품
B-0498,2026-03-26 02:24,A동,딸기,19.8,63.1,708,66.4,1.42,6.21,7.3,14.0,상품
B-0499,2026-03-26 03:36,B동,파프리카,21.8,61.0,584,72.1,1.28,5.91,7.5,17.2,상품
B-0500,2026-03-26 04:48,C동,토마토,21.4,54.9,555,65.1,1.53,5.61,6.4,18.3,상품
B-0501,2026-03-26 06:00,C동,파프리카,24.8,63.6,695,59.3,1.68,6.2,7.7,9.6,상품
B-0502,2026-03-26 07:12,C동,딸기,20.1,71.2,636,62.7,1.71,6.27,7.7,13.6,상품
B-0503,2026-03-26 08:24,A동,토마토,25.0,69.4,690,60.1,2.38,6.11,9.3,12.5,상품
B-0504,2026-03-26 09:36,C동,파프리카,22.5,55.8,667,67.0,2.08,6.22,6.1,14.1,상품
B-0505,2026-03-26 10:48,C동,딸기,20.9,65.7,791,71.2,1.81,6.44,5.8,13.4,상품
B-0506,2026-03-26 12:00,B동,토마토,27.3,70.2,635,58.3,2.05,6.31,9.5,14.1,상품
B-0507,2026-03-26 13:12,A동,딸기,22.3,59.2,742,70.6,1.98,6.1,10.0,12.2,상품
B-0508,2026-03-26 14:24,C동,파프리카,21.5,76.8,661,54.6,2.22,5.57,5.0,12.8,상품
B-0509,2026-03-26 15:36,C동,딸기,24.4,72.7,595,62.5,1.8,6.3,5.4,15.4,상품
B-0510,2026-03-26 16:48,B동,토마토,22.0,70.3,663,61.3,1.95,5.93,9.9,11.5,상품
B-0511,2026-03-26 18:00,A동,딸기,22.6,67.4,688,62.6,2.37,6.21,6.2,13.1,상품
B-0512,2026-03-26 19:12,B동,파프리카,23.5,73.7,784,64.1,1.79,5.97,9.1,20.8,상품
B-0513,2026-03-26 20:24,A동,딸기,22.9,63.3,666,58.5,2.15,6.13,7.5,15.8,상품
B-0514,2026-03-26 21:36,C동,파프리카,25.7,73.3,686,73.2,2.11,6.24,10.0,11.4,상품
B-0515,2026-03-26 22:48,A동,토마토,23.8,66.9,561,62.4,1.96,6.1,8.6,13.7,상품
B-0516,2026-03-27 00:00,A동,딸기,24.5,71.7,690,64.5,1.86,6.64,5.5,12.6,상품
B-0517,2026-03-27 01:12,A동,토마토,24.7,59.2,570,66.5,2.29,5.96,8.6,9.6,상품
B-0518,2026-03-27 02:24,B동,파프리카,20.4,70.7,724,65.4,1.46,6.29,10.0,11.6,상품
B-0519,2026-03-27 03:36,B동,딸기,22.3,79.2,558,57.2,1.94,6.04,10.0,11.5,상품
B-0520,2026-03-27 04:48,A동,파프리카,22.3,66.6,696,60.0,1.89,6.05,8.3,12.7,상품
B-0521,2026-03-27 06:00,B동,파프리카,21.1,76.1,579,60.1,2.08,6.25,6.9,13.6,상품
B-0522,2026-03-27 07:12,C동,토마토,23.1,64.2,705,77.2,1.84,6.12,4.8,16.1,상품
B-0523,2026-03-27 08:24,C동,딸기,23.6,76.9,659,59.4,2.0,6.3,9.5,16.2,상품
B-0524,2026-03-27 09:36,C동,토마토,22.4,74.3,724,63.4,1.82,5.87,8.1,14.0,상품
B-0525,2026-03-27 10:48,A동,딸기,24.3,72.4,609,65.0,2.04,5.93,8.6,13.3,상품
B-0526,2026-03-27 12:00,A동,파프리카,27.2,69.9,637,60.9,1.85,6.26,7.8,14.2,상품
B-0527,2026-03-27 13:12,A동,토마토,20.0,69.1,594,60.8,1.54,6.04,8.0,11.3,상품
B-0528,2026-03-27 14:24,C동,파프리카,23.2,63.3,640,60.5,1.44,6.24,5.8,7.8,등외
B-0529,2026-03-27 15:36,B동,파프리카,20.7,74.2,613,58.3,2.26,6.01,8.9,11.2,등외
B-0530,2026-03-27 16:48,B동,토마토,23.9,73.0,627,52.6,1.68,5.98,8.1,11.5,상품
B-0531,2026-03-27 18:00,A동,파프리카,20.9,78.5,709,62.5,2.58,5.86,5.4,14.4,상품
B-0532,2026-03-27 19:12,A동,딸기,21.7,68.1,565,53.7,2.37,5.95,8.1,10.7,상품
B-0533,2026-03-27 20:24,C동,토마토,24.1,61.4,713,64.4,2.43,5.92,6.6,11.5,상품
B-0534,2026-03-27 21:36,B동,토마토,18.5,60.9,740,64.3,1.91,6.04,6.8,10.5,상품
B-0535,2026-03-27 22:48,C동,딸기,20.2,68.6,607,66.3,1.73,6.34,3.7,14.5,상품
B-0536,2026-03-28 00:00,B동,파프리카,23.8,71.5,671,61.6,1.56,6.03,8.5,14.4,상품
B-0537,2026-03-28 01:12,C동,딸기,24.0,72.1,634,62.3,1.37,6.09,7.1,13.1,상품
B-0538,2026-03-28 02:24,B동,파프리카,24.6,65.4,566,73.4,1.7,6.12,7.1,13.6,상품
B-0539,2026-03-28 03:36,A동,딸기,21.1,67.6,726,54.4,1.94,6.19,5.4,11.3,상품
B-0540,2026-03-28 04:48,C동,파프리카,22.2,69.0,614,56.2,1.78,6.16,3.7,15.4,상품
B-0541,2026-03-28 06:00,A동,딸기,22.2,71.8,661,59.7,1.8,6.06,7.1,12.9,상품
B-0542,2026-03-28 07:12,A동,딸기,23.7,72.9,574,61.0,1.57,5.87,9.4,10.5,등외
B-0543,2026-03-28 08:24,A동,토마토,21.5,75.1,676,61.8,1.52,5.88,8.5,15.4,상품
B-0544,2026-03-28 09:36,A동,딸기,25.9,60.7,709,60.4,2.05,6.25,9.6,12.2,상품
B-0545,2026-03-28 10:48,B동,딸기,24.2,60.9,637,70.3,1.86,5.93,8.6,12.4,상품
B-0546,2026-03-28 12:00,B동,딸기,20.4,73.8,508,52.6,2.06,5.76,6.6,14.0,상품
B-0547,2026-03-28 13:12,A동,딸기,22.0,69.2,486,55.6,1.66,6.27,6.8,12.9,상품
B-0548,2026-03-28 14:24,A동,파프리카,22.6,66.9,519,63.7,2.41,6.03,11.1,17.8,상품
B-0549,2026-03-28 15:36,C동,파프리카,25.8,58.4,737,60.6,2.33,5.98,7.9,12.3,상품
B-0550,2026-03-28 16:48,B동,파프리카,21.1,78.0,543,57.4,1.82,6.39,5.7,14.6,상품
B-0551,2026-03-28 18:00,B동,토마토,22.7,77.5,579,62.6,2.05,6.39,6.3,9.6,등외
B-0552,2026-03-28 19:12,B동,토마토,22.3,72.1,641,71.9,1.79,6.58,7.2,18.0,상품
B-0553,2026-03-28 20:24,C동,토마토,24.3,84.4,692,59.1,1.92,5.78,7.3,11.9,상품
B-0554,2026-03-28 21:36,A동,토마토,22.2,68.1,618,62.8,1.81,6.38,9.8,14.1,상품
B-0555,2026-03-28 22:48,B동,파프리카,21.5,68.5,799,59.8,2.08,6.06,7.7,19.6,상품
B-0556,2026-03-29 00:00,C동,파프리카,25.2,81.4,555,72.1,2.2,6.6,6.0,11.9,등외
B-0557,2026-03-29 01:12,B동,딸기,18.6,67.1,568,62.4,2.16,5.98,6.4,13.4,상품
B-0558,2026-03-29 02:24,A동,파프리카,28.2,69.5,635,64.0,1.83,6.11,10.1,12.5,상품
B-0559,2026-03-29 03:36,A동,딸기,22.5,57.0,566,67.1,2.68,6.53,7.3,16.4,상품
B-0560,2026-03-29 04:48,B동,토마토,26.3,72.9,571,64.9,2.19,6.0,6.5,13.7,상품
B-0561,2026-03-29 06:00,A동,파프리카,27.3,65.1,717,70.6,1.88,6.26,8.2,12.6,상품
B-0562,2026-03-29 07:12,C동,딸기,19.7,63.4,638,60.5,2.04,6.47,7.4,11.0,상품
B-0563,2026-03-29 08:24,B동,딸기,21.5,58.3,660,57.6,1.9,5.92,8.1,11.7,상품
B-0564,2026-03-29 09:36,B동,딸기,23.4,60.2,646,56.0,2.15,5.72,7.0,16.0,상품
B-0565,2026-03-29 10:48,C동,토마토,21.9,67.9,654,57.3,1.78,5.86,5.8,11.9,상품
B-0566,2026-03-29 12:00,C동,딸기,22.7,71.7,606,60.2,1.94,6.29,7.2,13.5,상품
B-0567,2026-03-29 13:12,C동,딸기,26.4,81.4,804,63.6,1.74,5.91,7.2,15.4,상품
B-0568,2026-03-29 14:24,B동,토마토,22.3,66.8,827,53.1,2.69,6.46,6.2,12.0,상품
B-0569,2026-03-29 15:36,C동,토마토,20.0,76.6,642,60.0,1.6,6.14,9.2,15.9,상품
B-0570,2026-03-29 16:48,C동,파프리카,20.5,60.8,564,65.0,1.79,6.56,7.7,12.7,상품
B-0571,2026-03-29 18:00,B동,파프리카,25.5,67.2,706,69.3,1.42,5.99,9.7,18.8,상품
B-0572,2026-03-29 19:12,A동,파프리카,18.7,85.2,744,77.6,1.85,5.58,9.9,11.5,등외
B-0573,2026-03-29 20:24,B동,토마토,27.7,66.8,823,51.0,1.77,6.32,8.0,9.0,상품
B-0574,2026-03-29 21:36,B동,파프리카,27.0,60.8,636,56.0,2.12,6.38,10.4,14.8,상품
B-0575,2026-03-29 22:48,B동,토마토,23.4,55.3,601,61.2,2.35,5.88,6.3,15.1,상품
B-0576,2026-03-30 00:00,A동,토마토,21.2,68.2,581,65.7,2.02,5.79,8.4,15.8,상품
B-0577,2026-03-30 01:12,C동,토마토,19.6,78.7,537,54.4,1.96,6.15,4.6,14.9,상품
B-0578,2026-03-30 02:24,A동,파프리카,21.1,66.5,662,62.1,2.75,6.14,6.5,15.6,상품
B-0579,2026-03-30 03:36,C동,딸기,24.7,67.3,523,53.1,2.17,5.92,6.6,17.8,상품
B-0580,2026-03-30 04:48,A동,파프리카,28.1,69.0,608,65.4,2.37,6.26,7.4,18.8,상품
B-0581,2026-03-30 06:00,A동,딸기,24.1,67.3,595,67.2,1.97,6.14,8.6,9.9,상품
B-0582,2026-03-30 07:12,B동,토마토,25.0,60.6,763,68.1,2.15,6.32,7.6,12.3,상품
B-0583,2026-03-30 08:24,A동,토마토,20.5,66.0,527,50.1,2.12,6.27,7.6,13.1,상품
B-0584,2026-03-30 09:36,A동,토마토,23.4,67.1,759,62.4,1.87,5.87,6.4,14.2,상품
B-0585,2026-03-30 10:48,C동,파프리카,20.5,66.1,519,58.0,1.72,6.1,6.2,12.5,상품
B-0586,2026-03-30 12:00,B동,토마토,18.5,65.8,763,70.0,1.8,6.65,7.7,18.1,상품
B-0587,2026-03-30 13:12,B동,딸기,22.8,70.2,519,62.4,1.91,6.46,6.6,12.5,상품
B-0588,2026-03-30 14:24,A동,파프리카,23.8,85.1,705,62.8,1.7,5.92,8.1,15.6,상품
B-0589,2026-03-30 15:36,C동,토마토,21.4,75.8,629,63.1,1.21,5.55,8.3,15.6,상품
B-0590,2026-03-30 16:48,C동,토마토,22.1,70.8,822,70.6,1.82,6.05,6.7,18.1,상품
B-0591,2026-03-30 18:00,C동,파프리카,26.2,58.1,812,61.9,1.49,6.11,10.0,14.8,상품
B-0592,2026-03-30 19:12,A동,토마토,24.7,64.0,718,65.7,2.16,5.92,6.4,12.3,상품
B-0593,2026-03-30 20:24,A동,딸기,25.4,66.8,474,64.9,1.84,6.02,9.2,15.5,상품
B-0594,2026-03-30 21:36,A동,파프리카,22.2,76.0,699,67.2,1.58,6.09,3.9,18.8,상품
B-0595,2026-03-30 22:48,B동,딸기,23.9,72.5,709,50.5,1.53,6.5,8.0,17.7,상품
B-0596,2026-03-31 00:00,B동,딸기,26.7,71.7,661,59.9,1.79,6.31,6.2,14.7,상품
B-0597,2026-03-31 01:12,B동,딸기,22.0,59.5,792,64.9,2.18,6.12,6.9,14.1,상품
B-0598,2026-03-31 02:24,B동,딸기,22.4,61.5,646,63.6,1.98,6.09,6.5,12.9,상품
B-0599,2026-03-31 03:36,C동,파프리카,22.8,56.0,734,68.7,2.54,5.6,7.8,17.2,상품
B-0600,2026-03-31 04:48,A동,토마토,21.7,56.5,513,68.3,2.65,6.43,8.2,13.0,상품
B-0601,2026-03-31 06:00,B동,토마토,21.7,71.4,752,67.8,2.32,6.19,8.5,18.2,상품
B-0602,2026-03-31 07:12,B동,딸기,23.3,57.3,826,64.5,1.45,6.31,7.8,13.1,상품
B-0603,2026-03-31 08:24,C동,토마토,26.4,64.3,520,59.0,1.57,6.2,7.0,15.9,상품
B-0604,2026-03-31 09:36,A동,토마토,22.7,63.4,698,59.5,2.09,5.96,7.3,12.2,상품
B-0605,2026-03-31 10:48,A동,토마토,22.6,72.2,704,69.6,1.75,5.75,6.8,10.7,상품
B-0606,2026-03-31 12:00,B동,딸기,21.6,69.3,572,57.9,2.53,5.88,8.0,13.0,상품
B-0607,2026-03-31 13:12,A동,딸기,21.7,72.7,807,61.5,1.88,6.2,7.5,14.1,상품
B-0608,2026-03-31 14:24,C동,토마토,23.4,63.3,659,63.4,2.07,5.87,8.1,8.9,상품
B-0609,2026-03-31 15:36,C동,토마토,21.0,70.3,571,65.3,1.43,6.4,9.4,13.8,상품
B-0610,2026-03-31 16:48,C동,딸기,24.1,69.5,795,58.3,2.18,5.9,8.1,17.0,상품
B-0611,2026-03-31 18:00,B동,토마토,24.1,61.5,640,56.8,1.92,6.54,7.1,11.9,상품
B-0612,2026-03-31 19:12,C동,토마토,20.2,63.1,707,66.7,1.95,6.41,7.7,2.3,등외
B-0613,2026-03-31 20:24,B동,딸기,20.1,82.6,768,52.0,1.88,5.99,10.8,7.6,등외
B-0614,2026-03-31 21:36,B동,토마토,23.7,68.6,593,62.9,2.14,6.2,8.2,13.0,상품
B-0615,2026-03-31 22:48,A동,토마토,25.4,69.0,672,64.6,2.29,5.91,8.8,11.7,상품
B-0616,2026-04-01 00:00,A동,딸기,24.0,55.5,583,61.2,1.33,5.98,5.3,14.0,상품
B-0617,2026-04-01 01:12,C동,딸기,26.4,68.5,519,58.0,2.06,6.08,7.9,16.0,상품
B-0618,2026-04-01 02:24,B동,토마토,25.4,68.2,713,68.0,2.08,6.29,8.8,13.6,상품
B-0619,2026-04-01 03:36,B동,토마토,19.3,59.0,629,70.5,2.49,6.28,6.2,13.6,상품
B-0620,2026-04-01 04:48,B동,딸기,24.9,60.2,639,68.6,2.45,6.08,7.8,14.9,상품
B-0621,2026-04-01 06:00,B동,파프리카,22.1,56.2,496,61.5,2.1,6.38,9.3,17.2,상품
B-0622,2026-04-01 07:12,A동,파프리카,23.1,72.9,634,69.0,2.56,6.3,5.8,12.2,상품
B-0623,2026-04-01 08:24,A동,파프리카,23.1,66.7,702,61.2,1.91,6.26,6.0,13.2,상품
B-0624,2026-04-01 09:36,A동,파프리카,20.5,63.4,610,57.3,2.74,5.86,8.5,12.1,상품
B-0625,2026-04-01 10:48,A동,파프리카,26.0,77.5,628,55.3,1.99,6.22,5.5,18.5,상품
B-0626,2026-04-01 12:00,C동,토마토,25.8,78.9,714,59.4,2.11,5.79,9.5,13.1,상품
B-0627,2026-04-01 13:12,A동,딸기,22.8,67.6,579,55.6,2.89,5.72,8.6,11.6,등외
B-0628,2026-04-01 14:24,C동,딸기,24.7,63.5,640,59.8,2.03,6.1,8.9,16.5,상품
B-0629,2026-04-01 15:36,B동,딸기,27.8,67.9,613,69.4,1.57,6.21,10.4,13.3,상품
B-0630,2026-04-01 16:48,B동,토마토,27.1,77.9,584,62.5,1.48,5.92,6.7,13.5,상품
B-0631,2026-04-01 18:00,A동,딸기,22.0,78.7,536,65.1,2.34,5.61,7.0,18.2,상품
B-0632,2026-04-01 19:12,C동,딸기,20.8,50.8,416,58.4,1.22,5.95,6.3,17.6,상품
B-0633,2026-04-01 20:24,A동,토마토,24.1,62.3,606,65.2,2.24,6.27,8.1,17.4,상품
B-0634,2026-04-01 21:36,B동,딸기,29.1,64.6,573,69.1,2.18,6.28,7.4,17.4,상품
B-0635,2026-04-01 22:48,A동,토마토,24.1,75.4,779,67.3,1.84,6.41,8.5,17.1,상품
B-0636,2026-04-02 00:00,C동,파프리카,23.5,67.6,473,55.6,2.28,5.85,7.2,9.8,등외
B-0637,2026-04-02 01:12,B동,파프리카,23.6,65.5,735,56.6,1.7,5.79,6.3,11.6,상품
B-0638,2026-04-02 02:24,B동,토마토,19.5,58.4,667,63.6,1.95,5.84,5.7,13.2,상품
B-0639,2026-04-02 03:36,C동,토마토,23.9,61.6,712,61.8,1.81,5.54,5.7,16.9,상품
B-0640,2026-04-02 04:48,A동,토마토,25.3,66.0,356,58.2,1.71,6.18,6.4,15.3,상품
B-0641,2026-04-02 06:00,B동,파프리카,24.5,61.4,623,67.5,2.07,6.23,5.0,13.4,상품
B-0642,2026-04-02 07:12,B동,토마토,23.3,62.1,538,60.3,1.65,6.12,8.0,12.8,상품
B-0643,2026-04-02 08:24,C동,딸기,23.2,61.1,553,48.1,2.36,6.58,6.8,14.5,상품
B-0644,2026-04-02 09:36,A동,파프리카,24.9,71.0,778,61.5,1.49,6.1,8.1,16.6,상품
B-0645,2026-04-02 10:48,B동,토마토,21.9,65.0,553,62.8,1.54,6.39,4.8,12.6,상품
B-0646,2026-04-02 12:00,A동,파프리카,23.6,69.8,698,62.1,2.11,6.05,7.2,13.9,상품
B-0647,2026-04-02 13:12,C동,파프리카,21.1,67.2,761,69.4,2.26,6.11,7.2,13.1,상품
B-0648,2026-04-02 14:24,A동,토마토,22.8,69.3,658,63.0,1.79,5.67,7.3,14.1,상품
B-0649,2026-04-02 15:36,B동,토마토,24.0,68.0,616,61.1,2.02,5.22,10.0,9.3,상품
B-0650,2026-04-02 16:48,B동,딸기,24.4,76.4,460,67.2,1.65,5.86,11.3,13.5,상품
B-0651,2026-04-02 18:00,B동,딸기,21.3,69.0,710,65.7,2.26,6.06,8.2,17.0,상품
B-0652,2026-04-02 19:12,C동,토마토,20.1,59.8,725,60.1,2.28,6.53,6.3,10.1,상품
B-0653,2026-04-02 20:24,C동,딸기,25.3,67.6,604,55.0,2.16,6.46,9.9,15.8,상품
B-0654,2026-04-02 21:36,A동,토마토,22.7,67.9,502,66.7,1.98,5.99,6.4,13.8,상품
B-0655,2026-04-02 22:48,B동,토마토,19.6,60.9,626,64.7,2.35,6.37,6.1,10.6,상품
B-0656,2026-04-03 00:00,C동,딸기,25.5,72.3,744,63.5,2.04,5.93,6.9,12.7,상품
B-0657,2026-04-03 01:12,A동,딸기,24.9,66.9,774,64.2,1.9,5.75,8.8,12.4,상품
B-0658,2026-04-03 02:24,C동,파프리카,22.6,64.5,625,67.7,2.05,5.84,7.5,9.8,상품
B-0659,2026-04-03 03:36,B동,토마토,24.8,62.8,503,51.6,1.98,6.26,11.5,8.8,상품
B-0660,2026-04-03 04:48,C동,딸기,27.3,53.7,654,58.2,1.84,6.26,7.2,13.4,상품
B-0661,2026-04-03 06:00,B동,파프리카,19.3,56.3,684,60.0,1.74,6.64,8.1,12.9,상품
B-0662,2026-04-03 07:12,A동,토마토,21.9,74.7,684,58.2,2.44,5.94,8.4,10.8,등외
B-0663,2026-04-03 08:24,A동,딸기,21.2,70.5,583,65.1,2.13,6.09,7.2,11.6,상품
B-0664,2026-04-03 09:36,B동,딸기,22.6,66.2,591,60.3,2.03,5.97,7.9,19.0,상품
B-0665,2026-04-03 10:48,C동,토마토,19.8,62.0,703,52.1,2.84,6.12,5.0,10.4,상품
B-0666,2026-04-03 12:00,B동,토마토,27.3,82.7,639,63.7,2.09,6.12,7.4,11.1,등외
B-0667,2026-04-03 13:12,A동,파프리카,22.1,66.8,835,55.1,1.76,6.17,7.9,11.1,상품
B-0668,2026-04-03 14:24,B동,파프리카,22.6,54.5,664,69.1,2.44,6.13,7.3,11.0,상품
B-0669,2026-04-03 15:36,A동,토마토,21.4,87.0,571,60.6,1.86,5.62,6.3,13.0,등외
B-0670,2026-04-03 16:48,C동,딸기,22.1,71.5,812,62.8,1.95,5.96,4.9,14.8,상품
B-0671,2026-04-03 18:00,A동,파프리카,24.7,75.7,612,68.8,2.06,6.13,6.8,16.3,상품
B-0672,2026-04-03 19:12,C동,파프리카,21.5,74.3,648,52.7,1.76,5.74,10.2,12.8,상품
B-0673,2026-04-03 20:24,A동,토마토,21.2,68.2,539,65.1,1.73,6.36,6.3,9.8,등외
B-0674,2026-04-03 21:36,C동,딸기,22.3,74.9,524,49.0,2.52,6.43,9.6,13.6,상품
B-0675,2026-04-03 22:48,A동,딸기,20.7,67.2,681,53.6,1.88,6.19,11.3,13.8,상품
B-0676,2026-04-04 00:00,B동,파프리카,21.5,62.6,759,60.4,1.92,6.35,7.2,8.7,상품
B-0677,2026-04-04 01:12,A동,파프리카,23.6,73.7,650,57.4,2.11,6.13,5.8,15.9,상품
B-0678,2026-04-04 02:24,A동,토마토,22.1,74.4,508,66.7,2.19,6.62,7.3,9.9,등외
B-0679,2026-04-04 03:36,C동,토마토,21.4,57.8,683,59.7,2.4,5.96,9.2,15.2,상품
B-0680,2026-04-04 04:48,A동,파프리카,24.9,75.7,611,66.9,2.22,6.36,8.8,9.8,등외
B-0681,2026-04-04 06:00,B동,파프리카,18.6,76.7,640,61.0,1.92,5.93,4.6,8.3,등외
B-0682,2026-04-04 07:12,A동,파프리카,23.6,64.7,713,64.8,2.41,6.27,12.0,12.0,상품
B-0683,2026-04-04 08:24,C동,토마토,22.0,73.3,488,64.8,1.95,6.0,7.3,15.0,상품
B-0684,2026-04-04 09:36,B동,토마토,19.5,70.9,615,64.5,1.99,6.43,6.8,18.9,상품
B-0685,2026-04-04 10:48,A동,파프리카,21.9,72.3,647,62.3,1.79,6.36,8.1,12.1,상품
B-0686,2026-04-04 12:00,A동,딸기,25.9,70.4,705,70.3,1.88,6.4,9.0,14.5,상품
B-0687,2026-04-04 13:12,C동,토마토,21.9,70.4,722,65.0,2.21,6.57,10.3,12.8,상품
B-0688,2026-04-04 14:24,A동,파프리카,22.8,67.0,660,77.9,2.47,5.85,7.2,16.9,상품
B-0689,2026-04-04 15:36,C동,파프리카,24.2,64.7,543,74.3,2.62,6.09,7.3,11.8,상품
B-0690,2026-04-04 16:48,C동,파프리카,19.1,58.9,738,57.0,1.9,6.12,7.8,10.8,상품
B-0691,2026-04-04 18:00,A동,딸기,22.6,72.0,645,69.0,1.85,6.19,6.5,12.7,상품
B-0692,2026-04-04 19:12,C동,딸기,22.8,71.4,627,58.5,1.72,6.17,6.6,17.9,상품
B-0693,2026-04-04 20:24,C동,파프리카,18.8,68.4,697,69.1,2.01,6.1,7.7,9.6,상품
B-0694,2026-04-04 21:36,B동,파프리카,23.7,64.0,588,53.6,1.64,6.15,4.3,14.3,상품
B-0695,2026-04-04 22:48,A동,토마토,21.9,67.3,672,66.7,2.3,5.98,9.1,9.7,상품
B-0696,2026-04-05 00:00,C동,파프리카,21.6,61.0,686,55.9,2.24,5.52,7.5,13.0,상품
B-0697,2026-04-05 01:12,C동,딸기,30.5,70.7,733,58.5,1.97,6.65,9.5,12.3,상품
B-0698,2026-04-05 02:24,A동,딸기,20.6,68.1,671,65.8,1.98,6.17,8.2,17.1,상품
B-0699,2026-04-05 03:36,A동,파프리카,19.5,83.0,771,71.2,1.84,6.72,7.9,11.3,등외
B-0700,2026-04-05 04:48,B동,토마토,20.6,69.5,696,60.2,1.3,5.51,8.3,13.9,상품
B-0701,2026-04-05 06:00,B동,파프리카,20.8,75.6,788,53.2,2.29,5.95,6.9,12.0,상품
B-0702,2026-04-05 07:12,B동,토마토,23.3,76.1,655,58.3,1.29,6.29,7.0,15.0,상품
B-0703,2026-04-05 08:24,A동,토마토,22.2,76.9,621,59.8,1.31,6.07,7.3,11.8,등외
B-0704,2026-04-05 09:36,C동,토마토,24.1,75.1,549,71.5,2.22,5.77,8.1,12.7,상품
B-0705,2026-04-05 10:48,B동,토마토,24.2,64.5,649,61.3,2.19,6.2,7.5,16.7,상품
B-0706,2026-04-05 12:00,B동,파프리카,20.8,60.1,618,60.0,1.75,5.96,8.6,10.6,상품
B-0707,2026-04-05 13:12,A동,토마토,24.3,72.0,677,71.8,2.38,6.34,7.2,13.5,상품
B-0708,2026-04-05 14:24,A동,파프리카,23.5,64.5,621,64.4,2.34,6.19,8.9,9.9,상품
B-0709,2026-04-05 15:36,A동,딸기,25.0,70.1,692,57.5,2.2,6.21,6.5,13.0,상품
B-0710,2026-04-05 16:48,B동,토마토,23.7,79.8,635,55.4,1.94,6.08,7.6,13.8,상품
B-0711,2026-04-05 18:00,B동,토마토,22.7,58.8,650,70.4,1.99,6.42,4.2,11.4,상품
B-0712,2026-04-05 19:12,C동,딸기,23.9,66.2,659,65.3,2.3,5.84,7.3,9.6,상품
B-0713,2026-04-05 20:24,A동,토마토,23.4,57.3,681,55.3,2.26,5.83,7.9,16.0,상품
B-0714,2026-04-05 21:36,A동,토마토,22.9,71.9,759,77.4,1.78,5.86,5.6,13.0,상품
B-0715,2026-04-05 22:48,B동,딸기,20.5,60.0,614,65.7,1.78,5.89,7.1,13.8,상품
B-0716,2026-04-06 00:00,A동,딸기,22.6,68.4,548,60.9,1.64,5.92,7.5,16.0,상품
B-0717,2026-04-06 01:12,A동,파프리카,21.2,60.1,670,66.8,2.03,6.09,8.0,9.0,상품
B-0718,2026-04-06 02:24,C동,딸기,27.0,64.0,755,68.2,1.72,6.08,6.4,17.7,상품
B-0719,2026-04-06 03:36,B동,파프리카,25.0,52.2,505,55.6,1.77,6.09,6.3,15.7,상품
B-0720,2026-04-06 04:48,A동,파프리카,22.2,65.1,831,58.5,2.06,6.71,4.8,8.7,상품
B-0721,2026-04-06 06:00,B동,토마토,26.7,64.1,576,53.1,2.23,5.88,4.3,9.3,상품
B-0722,2026-04-06 07:12,C동,딸기,23.7,73.2,774,68.2,1.66,6.43,9.6,14.8,상품
B-0723,2026-04-06 08:24,B동,토마토,19.7,72.7,628,75.7,1.89,6.13,8.4,12.7,상품
B-0724,2026-04-06 09:36,A동,토마토,25.2,70.3,535,58.0,1.51,5.99,10.3,11.9,등외
B-0725,2026-04-06 10:48,A동,딸기,22.7,55.5,615,60.8,1.81,6.41,9.9,15.7,상품
B-0726,2026-04-06 12:00,A동,토마토,20.0,57.0,496,66.4,2.47,5.86,7.2,15.5,상품
B-0727,2026-04-06 13:12,C동,토마토,21.8,75.5,601,73.1,1.86,6.12,7.4,16.4,상품
B-0728,2026-04-06 14:24,C동,파프리카,20.7,74.6,764,65.2,1.42,6.63,8.2,15.0,상품
B-0729,2026-04-06 15:36,B동,파프리카,26.3,72.3,937,64.0,1.42,6.2,7.3,10.6,상품
B-0730,2026-04-06 16:48,B동,토마토,23.7,67.8,742,60.4,1.17,6.11,8.3,12.9,상품
B-0731,2026-04-06 18:00,A동,토마토,23.6,56.8,773,58.4,1.87,6.11,10.9,14.6,상품
B-0732,2026-04-06 19:12,A동,토마토,21.2,62.9,690,66.8,2.01,6.07,7.5,13.7,상품
B-0733,2026-04-06 20:24,A동,딸기,24.1,76.1,484,60.4,1.2,6.31,9.2,13.4,등외
B-0734,2026-04-06 21:36,A동,딸기,24.0,69.8,683,58.2,1.85,5.81,7.1,10.6,상품
B-0735,2026-04-06 22:48,B동,토마토,22.7,73.5,557,56.5,2.32,6.24,9.2,16.9,상품
B-0736,2026-04-07 00:00,A동,파프리카,22.5,56.8,708,61.1,2.77,6.02,7.4,14.9,상품
B-0737,2026-04-07 01:12,A동,파프리카,22.8,60.2,627,60.9,2.2,5.81,11.1,12.6,상품
B-0738,2026-04-07 02:24,C동,파프리카,20.2,69.3,817,60.3,1.55,6.18,7.7,13.7,상품
B-0739,2026-04-07 03:36,A동,딸기,25.1,60.4,454,61.7,1.66,6.64,7.0,16.0,상품
B-0740,2026-04-07 04:48,A동,파프리카,17.4,63.5,705,62.1,2.27,6.47,8.4,15.7,상품
B-0741,2026-04-07 06:00,A동,딸기,24.6,60.3,428,61.5,1.62,5.81,8.8,13.3,상품
B-0742,2026-04-07 07:12,B동,토마토,19.6,75.5,783,55.3,1.64,6.33,6.4,12.8,상품
B-0743,2026-04-07 08:24,C동,토마토,26.3,73.1,627,60.9,1.72,6.03,7.4,14.0,상품
B-0744,2026-04-07 09:36,B동,토마토,19.1,63.3,776,64.9,1.86,6.4,6.4,17.6,상품
B-0745,2026-04-07 10:48,B동,토마토,20.7,64.9,668,56.1,1.62,5.68,8.2,9.9,상품
B-0746,2026-04-07 12:00,A동,딸기,26.7,72.3,590,62.5,1.97,6.13,6.8,16.7,상품
B-0747,2026-04-07 13:12,A동,토마토,24.5,68.9,802,66.5,2.24,6.38,9.2,11.8,상품
B-0748,2026-04-07 14:24,B동,파프리카,24.9,76.4,652,64.6,2.14,6.23,4.7,16.1,상품
B-0749,2026-04-07 15:36,A동,딸기,21.6,73.4,658,48.3,2.04,5.7,5.5,18.7,상품
B-0750,2026-04-07 16:48,A동,파프리카,22.2,51.8,553,61.5,2.49,6.05,9.2,12.8,상품
B-0751,2026-04-07 18:00,C동,토마토,22.2,70.2,775,57.0,1.68,6.15,5.6,10.6,상품
B-0752,2026-04-07 19:12,C동,토마토,19.8,69.6,773,59.0,2.44,6.19,5.7,14.6,상품
B-0753,2026-04-07 20:24,A동,파프리카,22.2,78.1,552,70.9,2.11,6.13,6.4,16.6,상품
B-0754,2026-04-07 21:36,C동,토마토,22.8,65.6,666,67.7,1.63,6.09,10.1,10.1,상품
B-0755,2026-04-07 22:48,A동,딸기,25.4,66.5,551,51.6,1.38,5.62,6.0,14.4,상품
B-0756,2026-04-08 00:00,A동,파프리카,22.8,61.5,557,47.7,2.02,6.36,7.5,12.5,상품
B-0757,2026-04-08 01:12,B동,토마토,28.0,54.2,593,69.7,2.42,6.26,8.2,12.0,상품
B-0758,2026-04-08 02:24,C동,딸기,24.0,62.8,656,55.0,1.4,6.37,6.6,16.2,상품
B-0759,2026-04-08 03:36,C동,파프리카,22.1,68.8,611,62.6,2.35,6.2,8.5,15.8,상품
B-0760,2026-04-08 04:48,C동,토마토,23.0,67.2,695,51.6,2.16,6.3,7.6,11.1,상품
B-0761,2026-04-08 06:00,A동,파프리카,20.9,70.5,634,64.1,1.96,6.02,8.4,15.4,상품
B-0762,2026-04-08 07:12,A동,토마토,20.0,50.0,716,60.3,2.12,5.72,6.5,15.7,상품
B-0763,2026-04-08 08:24,C동,토마토,20.7,81.0,876,77.4,2.46,6.15,7.8,12.0,상품
B-0764,2026-04-08 09:36,A동,파프리카,25.7,76.9,510,69.3,2.54,6.33,10.5,13.8,등외
B-0765,2026-04-08 10:48,B동,파프리카,21.9,83.4,881,58.2,1.62,6.01,8.6,10.9,등외
B-0766,2026-04-08 12:00,A동,파프리카,26.4,53.6,691,69.7,1.69,5.89,10.6,11.2,상품
B-0767,2026-04-08 13:12,B동,딸기,23.5,75.9,809,69.8,2.7,5.99,4.6,12.4,상품
B-0768,2026-04-08 14:24,C동,토마토,22.3,77.7,651,65.8,2.05,6.3,5.6,12.3,상품
B-0769,2026-04-08 15:36,C동,파프리카,22.9,84.7,556,61.0,2.33,5.9,7.6,17.0,상품
B-0770,2026-04-08 16:48,C동,파프리카,23.5,73.9,518,52.7,1.39,6.12,8.7,16.8,상품
B-0771,2026-04-08 18:00,A동,파프리카,23.9,61.3,514,61.3,1.59,6.17,7.1,18.2,상품
B-0772,2026-04-08 19:12,A동,딸기,23.7,64.1,657,66.8,1.81,6.04,7.1,16.1,상품
B-0773,2026-04-08 20:24,A동,토마토,20.5,67.2,697,58.2,2.08,5.99,6.4,16.2,상품
B-0774,2026-04-08 21:36,C동,토마토,25.5,67.9,602,59.6,1.62,5.5,6.7,11.3,상품
B-0775,2026-04-08 22:48,B동,딸기,21.3,57.8,723,62.2,1.42,6.19,6.6,14.9,상품
B-0776,2026-04-09 00:00,B동,토마토,21.4,66.0,575,52.6,2.51,6.04,5.2,11.2,상품
B-0777,2026-04-09 01:12,A동,딸기,25.1,72.9,604,61.7,1.76,5.79,7.2,11.8,상품
B-0778,2026-04-09 02:24,A동,파프리카,24.0,69.2,641,55.6,2.42,6.14,3.4,13.5,상품
B-0779,2026-04-09 03:36,C동,딸기,21.9,63.6,722,74.3,1.94,6.54,6.9,17.7,상품
B-0780,2026-04-09 04:48,A동,파프리카,25.4,68.4,520,53.2,1.67,5.79,8.4,12.5,상품
B-0781,2026-04-09 06:00,C동,딸기,21.6,58.8,589,66.1,1.23,6.18,5.8,12.5,상품
B-0782,2026-04-09 07:12,A동,토마토,22.5,64.8,640,69.7,1.87,5.7,8.1,13.4,상품
B-0783,2026-04-09 08:24,C동,토마토,22.9,78.1,725,60.1,2.46,5.92,9.0,10.3,상품
B-0784,2026-04-09 09:36,C동,파프리카,25.4,71.4,585,60.3,2.94,6.05,6.7,12.8,등외
B-0785,2026-04-09 10:48,C동,파프리카,26.5,57.1,674,54.9,1.95,6.22,7.3,11.6,상품
B-0786,2026-04-09 12:00,B동,딸기,27.3,62.5,714,63.2,1.74,6.01,9.2,11.2,상품
B-0787,2026-04-09 13:12,C동,파프리카,22.3,72.3,500,66.1,1.8,6.49,5.2,11.1,상품
B-0788,2026-04-09 14:24,B동,딸기,21.6,71.9,622,69.4,1.48,5.88,5.0,13.1,상품
B-0789,2026-04-09 15:36,C동,딸기,21.0,61.1,621,52.7,2.17,6.2,2.1,12.5,상품
B-0790,2026-04-09 16:48,B동,파프리카,23.2,74.8,760,63.1,2.16,5.93,8.2,12.1,상품
B-0791,2026-04-09 18:00,C동,딸기,20.2,56.9,492,53.7,2.49,6.71,8.0,13.1,상품
B-0792,2026-04-09 19:12,A동,딸기,24.0,67.9,730,62.3,2.28,5.65,7.3,17.5,상품
B-0793,2026-04-09 20:24,A동,토마토,23.8,77.9,526,49.7,2.25,6.19,8.7,11.1,상품
B-0794,2026-04-09 21:36,C동,딸기,21.7,77.4,626,54.9,2.13,6.4,6.7,11.6,상품
B-0795,2026-04-09 22:48,A동,파프리카,20.4,72.3,555,65.7,1.89,5.78,8.0,20.0,상품
B-0796,2026-04-10 00:00,B동,딸기,23.4,63.7,737,62.8,1.77,6.11,8.0,10.7,상품
B-0797,2026-04-10 01:12,C동,파프리카,26.4,70.2,642,71.9,2.03,6.19,8.4,15.1,상품
B-0798,2026-04-10 02:24,A동,파프리카,19.7,65.1,614,62.1,2.54,5.77,6.0,14.6,상품
B-0799,2026-04-10 03:36,B동,파프리카,24.6,63.5,607,60.7,1.84,6.05,8.6,9.6,상품
B-0800,2026-04-10 04:48,C동,토마토,22.0,68.5,624,71.6,1.79,6.41,8.2,15.3,상품
B-0801,2026-04-10 06:00,C동,딸기,24.1,77.8,613,66.3,1.85,6.28,9.1,14.9,상품
B-0802,2026-04-10 07:12,A동,파프리카,22.8,68.7,628,72.0,2.16,6.08,11.5,18.3,상품
B-0803,2026-04-10 08:24,C동,토마토,15.7,58.8,725,51.2,1.57,5.96,7.0,14.0,상품
B-0804,2026-04-10 09:36,B동,토마토,20.4,58.9,611,63.1,2.3,5.85,8.5,11.8,상품
B-0805,2026-04-10 10:48,A동,딸기,19.5,82.3,750,60.9,1.58,6.51,5.2,12.1,등외
B-0806,2026-04-10 12:00,C동,딸기,17.6,69.3,497,58.8,2.15,6.18,7.5,14.6,상품
B-0807,2026-04-10 13:12,A동,토마토,19.9,75.2,644,64.4,2.1,5.77,8.6,13.0,상품
B-0808,2026-04-10 14:24,A동,딸기,21.2,64.8,753,56.8,2.18,6.15,8.7,13.1,상품
B-0809,2026-04-10 15:36,C동,파프리카,21.1,69.6,649,53.6,1.77,6.21,8.5,10.1,등외
B-0810,2026-04-10 16:48,B동,딸기,21.0,56.3,664,61.8,2.04,6.1,9.0,11.0,상품
B-0811,2026-04-10 18:00,C동,딸기,20.0,59.8,533,54.4,1.87,5.38,9.4,18.8,상품
B-0812,2026-04-10 19:12,C동,토마토,22.7,52.4,744,62.6,2.13,6.48,8.1,11.0,상품
B-0813,2026-04-10 20:24,B동,파프리카,21.9,61.9,885,66.7,1.92,5.49,6.6,15.0,상품
B-0814,2026-04-10 21:36,C동,딸기,29.0,61.7,608,61.3,1.69,5.91,9.2,11.2,상품
B-0815,2026-04-10 22:48,A동,딸기,23.4,72.8,668,60.7,2.08,6.3,5.5,10.7,상품
B-0816,2026-04-11 00:00,C동,딸기,24.9,74.3,765,47.7,1.72,6.01,4.0,11.4,상품
B-0817,2026-04-11 01:12,C동,딸기,21.3,89.6,660,64.7,1.58,6.26,5.7,16.9,상품
B-0818,2026-04-11 02:24,C동,파프리카,23.6,68.2,695,63.5,2.58,6.04,6.8,14.0,상품
B-0819,2026-04-11 03:36,B동,딸기,18.5,69.1,529,56.9,1.52,6.16,8.1,12.0,상품
B-0820,2026-04-11 04:48,A동,파프리카,25.5,66.8,739,61.7,2.16,6.06,6.6,13.8,상품
B-0821,2026-04-11 06:00,C동,파프리카,21.0,75.2,539,57.1,2.06,6.11,7.7,14.1,상품
B-0822,2026-04-11 07:12,B동,토마토,19.9,74.2,683,62.3,1.81,6.19,8.1,17.5,상품
B-0823,2026-04-11 08:24,C동,토마토,23.2,65.2,490,59.4,1.46,6.33,8.2,11.0,상품
B-0824,2026-04-11 09:36,A동,파프리카,20.1,60.4,540,74.6,2.01,5.98,9.3,12.4,상품
B-0825,2026-04-11 10:48,C동,토마토,23.9,75.8,670,62.4,1.94,6.11,9.4,13.3,상품
B-0826,2026-04-11 12:00,C동,딸기,22.9,55.8,753,49.8,1.39,5.88,7.8,10.7,상품
B-0827,2026-04-11 13:12,C동,딸기,23.1,79.1,670,51.0,2.3,6.22,6.1,18.6,상품
B-0828,2026-04-11 14:24,A동,딸기,23.6,70.2,560,56.6,1.64,5.97,6.0,7.5,등외
B-0829,2026-04-11 15:36,C동,토마토,25.7,43.9,677,61.4,1.81,6.06,5.8,16.4,상품
B-0830,2026-04-11 16:48,A동,딸기,21.8,71.6,813,62.5,2.18,5.87,7.7,14.7,상품
B-0831,2026-04-11 18:00,C동,딸기,22.3,69.6,682,56.7,1.67,6.34,7.2,13.7,상품
B-0832,2026-04-11 19:12,B동,딸기,27.6,57.7,708,54.6,2.13,5.88,9.5,13.8,상품
B-0833,2026-04-11 20:24,C동,딸기,24.1,67.8,787,71.2,1.76,6.44,11.1,12.8,상품
B-0834,2026-04-11 21:36,C동,딸기,27.7,74.6,651,58.1,2.18,6.07,7.5,14.5,상품
B-0835,2026-04-11 22:48,A동,토마토,22.5,58.9,681,59.8,1.67,6.17,7.3,13.0,상품
B-0836,2026-04-12 00:00,B동,딸기,23.1,68.6,532,63.2,1.93,6.05,8.1,9.2,상품
B-0837,2026-04-12 01:12,C동,토마토,23.5,59.3,485,57.1,1.25,6.57,8.4,18.6,상품
B-0838,2026-04-12 02:24,A동,토마토,22.1,80.4,641,57.7,2.12,6.03,9.0,10.9,상품
B-0839,2026-04-12 03:36,B동,토마토,20.2,73.8,915,64.6,1.94,6.08,6.9,13.6,상품
B-0840,2026-04-12 04:48,A동,토마토,23.9,76.0,718,62.2,2.06,5.98,8.3,14.6,상품
B-0841,2026-04-12 06:00,A동,딸기,21.7,72.6,813,59.5,1.89,5.98,8.5,12.3,상품
B-0842,2026-04-12 07:12,C동,딸기,21.2,71.3,556,66.2,1.73,5.82,6.2,12.0,상품
B-0843,2026-04-12 08:24,B동,토마토,20.9,69.2,608,58.8,2.23,6.2,9.8,14.6,상품
B-0844,2026-04-12 09:36,A동,토마토,19.3,82.9,778,64.4,2.12,6.18,9.7,9.6,등외
B-0845,2026-04-12 10:48,A동,딸기,25.0,65.3,614,59.7,1.98,6.45,7.0,17.1,상품
B-0846,2026-04-12 12:00,C동,토마토,25.3,67.6,714,51.3,1.66,6.35,8.2,13.0,상품
B-0847,2026-04-12 13:12,B동,토마토,22.9,65.8,671,64.5,1.8,5.82,10.1,14.6,상품
B-0848,2026-04-12 14:24,A동,딸기,23.4,63.5,556,60.7,2.33,6.31,8.0,12.5,상품
B-0849,2026-04-12 15:36,A동,토마토,21.6,75.3,528,51.4,2.0,6.43,6.4,14.1,상품
B-0850,2026-04-12 16:48,A동,토마토,23.9,68.3,664,64.7,1.5,5.52,5.2,14.3,상품
B-0851,2026-04-12 18:00,B동,딸기,22.2,63.9,712,65.2,2.7,5.96,9.1,18.7,상품
B-0852,2026-04-12 19:12,C동,파프리카,21.3,73.8,624,65.6,1.95,5.54,9.6,8.8,상품
B-0853,2026-04-12 20:24,C동,파프리카,24.6,67.6,570,61.6,2.35,5.78,7.0,11.6,상품
B-0854,2026-04-12 21:36,C동,토마토,21.1,76.9,586,64.4,1.2,6.24,8.1,13.0,등외
B-0855,2026-04-12 22:48,A동,파프리카,28.5,65.6,642,67.2,1.73,5.23,7.4,14.6,상품
B-0856,2026-04-13 00:00,A동,파프리카,23.6,65.0,495,58.6,1.85,6.19,10.7,18.7,상품
B-0857,2026-04-13 01:12,A동,파프리카,21.2,60.5,735,53.2,2.23,6.07,8.4,14.4,상품
B-0858,2026-04-13 02:24,B동,토마토,24.4,62.9,761,62.4,2.11,6.17,9.4,14.0,상품
B-0859,2026-04-13 03:36,A동,딸기,19.3,61.0,672,49.8,1.64,6.11,6.4,14.4,상품
B-0860,2026-04-13 04:48,A동,딸기,20.7,68.7,665,56.6,1.92,5.79,9.3,15.5,상품
B-0861,2026-04-13 06:00,C동,딸기,23.6,61.3,655,61.9,2.25,6.36,7.8,13.7,상품
B-0862,2026-04-13 07:12,A동,딸기,19.9,75.8,674,62.0,2.86,6.19,6.3,17.9,상품
B-0863,2026-04-13 08:24,A동,딸기,25.1,79.2,510,56.8,2.27,5.76,7.3,8.5,등외
B-0864,2026-04-13 09:36,C동,토마토,24.9,73.8,677,61.1,1.84,6.41,5.6,14.6,상품
B-0865,2026-04-13 10:48,B동,파프리카,24.9,64.4,574,55.6,2.07,6.1,8.6,8.9,상품
B-0866,2026-04-13 12:00,A동,파프리카,21.3,87.9,618,63.0,2.19,6.14,6.4,16.0,상품
B-0867,2026-04-13 13:12,B동,딸기,24.3,64.9,537,58.7,1.9,6.13,9.8,12.6,상품
B-0868,2026-04-13 14:24,B동,토마토,24.9,73.2,612,60.3,1.16,6.29,9.9,10.5,등외
B-0869,2026-04-13 15:36,A동,딸기,21.9,68.7,684,62.6,1.91,6.25,8.1,16.8,상품
B-0870,2026-04-13 16:48,B동,파프리카,22.4,65.2,563,63.8,2.2,6.11,6.5,16.0,상품
B-0871,2026-04-13 18:00,C동,파프리카,21.5,62.7,605,70.3,2.29,6.44,8.2,15.3,상품
B-0872,2026-04-13 19:12,C동,파프리카,24.9,72.4,652,68.9,2.44,5.59,7.7,9.6,등외
B-0873,2026-04-13 20:24,C동,딸기,24.4,81.2,648,52.7,2.48,5.9,8.8,13.0,상품
B-0874,2026-04-13 21:36,C동,딸기,20.6,63.0,515,62.4,2.07,6.13,7.1,11.7,상품
B-0875,2026-04-13 22:48,B동,파프리카,21.7,59.5,598,64.5,2.6,5.74,4.8,17.1,상품
B-0876,2026-04-14 00:00,A동,파프리카,22.8,78.4,644,64.9,2.33,6.01,3.5,12.9,상품
B-0877,2026-04-14 01:12,A동,파프리카,20.1,70.0,802,64.7,2.47,6.27,8.1,15.5,상품
B-0878,2026-04-14 02:24,C동,파프리카,25.0,60.4,540,76.6,1.61,6.14,8.8,14.9,상품
B-0879,2026-04-14 03:36,A동,파프리카,24.0,68.8,604,56.0,1.73,6.11,5.2,13.7,상품
B-0880,2026-04-14 04:48,C동,토마토,22.3,73.7,836,64.4,2.33,6.08,8.1,13.9,상품
B-0881,2026-04-14 06:00,B동,파프리카,20.8,64.9,662,63.5,2.09,5.95,7.7,12.9,상품
B-0882,2026-04-14 07:12,A동,딸기,23.8,68.1,672,64.3,1.53,5.78,5.8,14.1,상품
B-0883,2026-04-14 08:24,A동,파프리카,25.4,72.7,654,68.5,2.23,6.25,6.8,12.6,상품
B-0884,2026-04-14 09:36,B동,딸기,19.5,74.2,569,59.9,2.34,5.93,5.6,15.6,상품
B-0885,2026-04-14 10:48,C동,토마토,20.8,68.0,593,69.9,1.04,5.55,5.6,16.7,상품
B-0886,2026-04-14 12:00,B동,딸기,21.0,75.9,684,57.4,2.02,5.92,12.0,18.2,상품
B-0887,2026-04-14 13:12,A동,파프리카,26.8,61.9,654,65.0,2.21,5.77,7.4,10.8,상품
B-0888,2026-04-14 14:24,B동,파프리카,27.1,69.6,720,65.3,2.4,5.98,5.7,19.0,상품
B-0889,2026-04-14 15:36,B동,딸기,22.1,65.1,702,68.8,1.82,6.34,7.8,13.9,상품
B-0890,2026-04-14 16:48,C동,토마토,24.7,68.2,691,54.9,2.55,5.75,7.7,13.0,상품
B-0891,2026-04-14 18:00,B동,토마토,23.0,77.6,541,56.4,1.99,5.74,4.8,17.0,상품
B-0892,2026-04-14 19:12,C동,파프리카,21.0,65.3,703,55.3,2.11,5.71,8.1,12.5,상품
B-0893,2026-04-14 20:24,C동,토마토,21.9,68.1,589,64.3,2.26,5.78,6.4,10.8,상품
B-0894,2026-04-14 21:36,B동,파프리카,22.0,70.5,594,66.5,2.05,6.18,6.1,12.2,상품
B-0895,2026-04-14 22:48,B동,파프리카,22.7,51.3,568,59.0,2.18,5.82,7.2,16.9,상품
B-0896,2026-04-15 00:00,C동,파프리카,21.4,63.4,764,69.5,1.82,6.12,4.7,13.2,상품
B-0897,2026-04-15 01:12,A동,파프리카,21.9,49.2,714,61.7,1.93,6.09,7.4,7.6,상품
B-0898,2026-04-15 02:24,C동,딸기,22.7,61.4,436,59.9,1.99,6.3,6.1,9.8,상품
B-0899,2026-04-15 03:36,B동,파프리카,22.5,78.4,552,48.5,2.01,6.0,5.5,11.3,상품
B-0900,2026-04-15 04:48,A동,토마토,21.2,71.0,565,68.9,2.55,6.03,6.4,16.0,상품
B-0901,2026-04-15 06:00,B동,파프리카,25.1,60.7,725,63.5,2.0,5.86,6.7,16.3,상품
B-0902,2026-04-15 07:12,C동,딸기,21.9,63.3,727,57.3,2.33,6.05,9.1,14.6,상품
B-0903,2026-04-15 08:24,A동,토마토,19.0,84.6,689,61.9,2.09,6.32,7.7,16.5,상품
B-0904,2026-04-15 09:36,B동,딸기,20.3,70.2,695,50.3,1.71,5.96,9.6,9.0,상품
B-0905,2026-04-15 10:48,A동,토마토,26.0,66.3,562,64.6,2.69,5.7,6.5,13.1,상품
B-0906,2026-04-15 12:00,A동,토마토,23.5,55.2,558,55.7,1.92,6.01,7.3,14.5,상품
B-0907,2026-04-15 13:12,B동,파프리카,21.8,61.3,614,57.3,2.03,6.26,6.7,15.2,상품
B-0908,2026-04-15 14:24,A동,토마토,23.4,75.8,627,61.6,2.34,6.18,7.7,12.9,상품
B-0909,2026-04-15 15:36,A동,파프리카,20.6,60.8,566,50.3,2.4,5.91,8.0,11.2,상품
B-0910,2026-04-15 16:48,B동,토마토,25.6,63.9,634,64.6,1.17,6.15,5.8,15.0,상품
B-0911,2026-04-15 18:00,C동,토마토,20.3,61.6,716,63.5,2.31,6.18,8.4,14.0,상품
B-0912,2026-04-15 19:12,B동,딸기,23.1,66.7,595,63.0,1.36,5.87,7.6,12.1,상품
B-0913,2026-04-15 20:24,A동,파프리카,23.5,67.1,596,58.5,0.82,6.44,7.3,13.9,상품
B-0914,2026-04-15 21:36,A동,파프리카,26.0,60.4,674,68.2,1.97,6.04,10.2,11.2,상품
B-0915,2026-04-15 22:48,A동,딸기,26.9,65.6,753,84.2,1.98,5.78,8.1,15.2,상품
B-0916,2026-04-16 00:00,C동,토마토,26.2,62.0,636,50.9,2.3,6.31,5.4,15.1,상품
B-0917,2026-04-16 01:12,B동,파프리카,20.1,70.5,533,54.0,1.89,6.25,8.7,13.6,상품
B-0918,2026-04-16 02:24,C동,파프리카,23.7,67.6,597,60.3,2.05,5.92,5.5,10.2,상품
B-0919,2026-04-16 03:36,B동,토마토,25.0,77.7,710,59.0,1.77,5.95,5.8,14.0,상품
B-0920,2026-04-16 04:48,B동,토마토,22.7,74.2,629,58.5,1.75,5.95,4.2,17.5,상품
B-0921,2026-04-16 06:00,C동,딸기,22.3,63.7,613,55.8,2.03,6.29,6.8,15.7,상품
B-0922,2026-04-16 07:12,A동,토마토,26.4,66.2,562,63.3,1.94,5.54,7.8,9.2,상품
B-0923,2026-04-16 08:24,A동,파프리카,22.9,73.6,744,60.3,1.52,5.99,8.1,16.7,상품
B-0924,2026-04-16 09:36,C동,파프리카,17.6,64.1,479,69.9,2.75,6.31,7.5,15.8,상품
B-0925,2026-04-16 10:48,A동,파프리카,24.6,71.6,494,59.4,2.18,6.18,10.2,10.7,등외
B-0926,2026-04-16 12:00,A동,딸기,20.7,60.6,708,57.8,1.85,6.2,9.1,15.5,상품
B-0927,2026-04-16 13:12,B동,파프리카,25.6,51.6,616,68.8,1.46,5.67,10.5,14.3,상품
B-0928,2026-04-16 14:24,B동,토마토,25.5,73.3,685,73.7,1.94,6.04,6.0,14.6,상품
B-0929,2026-04-16 15:36,A동,파프리카,25.4,73.8,658,69.8,1.83,5.91,6.6,10.1,상품
B-0930,2026-04-16 16:48,A동,토마토,25.7,70.9,445,62.7,2.32,6.05,8.6,17.3,상품
B-0931,2026-04-16 18:00,A동,토마토,23.0,61.4,625,58.1,2.15,6.12,8.3,14.2,상품
B-0932,2026-04-16 19:12,B동,토마토,20.9,72.7,564,55.8,1.89,6.08,8.5,15.7,상품
B-0933,2026-04-16 20:24,C동,토마토,21.7,70.6,462,57.6,1.98,5.87,5.9,11.9,상품
B-0934,2026-04-16 21:36,A동,파프리카,25.2,79.9,604,60.4,2.4,5.75,4.3,15.6,상품
B-0935,2026-04-16 22:48,B동,토마토,20.6,65.3,571,65.3,2.49,5.52,8.3,17.8,상품
B-0936,2026-04-17 00:00,B동,딸기,21.8,55.6,832,50.3,1.56,5.8,7.1,12.5,상품
B-0937,2026-04-17 01:12,B동,토마토,22.0,63.0,788,60.1,1.86,6.03,7.8,16.1,상품
B-0938,2026-04-17 02:24,A동,딸기,24.4,68.9,557,58.4,1.92,5.86,7.1,16.7,상품
B-0939,2026-04-17 03:36,B동,토마토,20.6,67.5,682,60.3,2.11,5.92,7.2,14.4,상품
B-0940,2026-04-17 04:48,C동,딸기,18.6,65.2,694,62.5,2.22,5.96,7.6,12.3,상품
B-0941,2026-04-17 06:00,A동,파프리카,25.4,66.2,714,60.8,1.75,6.58,8.0,15.8,상품
B-0942,2026-04-17 07:12,A동,딸기,25.8,65.7,649,63.5,1.62,6.1,8.1,17.7,상품
B-0943,2026-04-17 08:24,C동,파프리카,23.1,65.7,811,57.5,2.11,5.95,8.3,16.1,상품
B-0944,2026-04-17 09:36,C동,토마토,23.8,72.3,595,59.6,1.83,6.33,8.1,14.7,상품
B-0945,2026-04-17 10:48,B동,파프리카,22.5,66.4,632,50.5,1.69,6.33,8.8,13.6,상품
B-0946,2026-04-17 12:00,B동,토마토,20.6,59.9,716,68.7,1.24,6.06,8.0,12.2,상품
B-0947,2026-04-17 13:12,A동,딸기,21.3,56.3,686,58.4,1.68,5.86,8.3,16.2,상품
B-0948,2026-04-17 14:24,B동,파프리카,23.9,64.0,546,62.9,2.11,6.08,5.6,15.6,상품
B-0949,2026-04-17 15:36,A동,토마토,20.4,56.4,823,66.2,2.33,5.73,7.0,15.2,상품
B-0950,2026-04-17 16:48,C동,딸기,22.5,72.3,620,64.5,2.61,6.11,5.5,20.2,상품
B-0951,2026-04-17 18:00,B동,파프리카,20.9,73.4,670,60.7,2.19,5.58,5.9,13.9,상품
B-0952,2026-04-17 19:12,C동,파프리카,27.4,65.4,559,68.6,1.95,6.04,8.4,13.2,상품
B-0953,2026-04-17 20:24,B동,토마토,23.9,64.2,847,67.3,1.76,6.29,8.4,12.0,상품
B-0954,2026-04-17 21:36,B동,파프리카,25.9,71.0,496,72.3,2.0,6.05,6.6,14.2,상품
B-0955,2026-04-17 22:48,A동,파프리카,26.5,64.7,691,69.8,2.16,6.04,6.3,14.2,상품
B-0956,2026-04-18 00:00,B동,딸기,22.8,75.7,759,68.5,1.88,6.42,6.9,14.9,상품
B-0957,2026-04-18 01:12,B동,딸기,24.0,59.1,609,60.6,2.23,5.92,6.6,13.8,상품
B-0958,2026-04-18 02:24,C동,토마토,27.5,67.1,665,66.8,1.85,5.98,6.5,12.0,상품
B-0959,2026-04-18 03:36,C동,토마토,20.6,65.7,591,60.1,2.22,6.16,8.2,12.5,상품
B-0960,2026-04-18 04:48,A동,딸기,24.0,53.2,571,66.1,1.89,6.35,6.8,14.8,상품
B-0961,2026-04-18 06:00,B동,딸기,19.3,60.1,462,52.4,1.86,5.69,8.0,13.5,상품
B-0962,2026-04-18 07:12,C동,토마토,24.6,72.8,644,56.6,2.67,6.25,6.0,11.0,등외
B-0963,2026-04-18 08:24,C동,토마토,23.4,72.7,742,69.6,1.75,5.65,6.0,14.2,상품
B-0964,2026-04-18 09:36,B동,토마토,21.0,68.1,533,66.6,1.35,5.99,7.9,13.1,상품
B-0965,2026-04-18 10:48,A동,토마토,23.3,67.1,614,66.2,1.91,5.9,9.3,11.2,상품
B-0966,2026-04-18 12:00,A동,토마토,20.7,71.5,494,61.3,2.1,5.85,7.5,10.4,상품
B-0967,2026-04-18 13:12,C동,토마토,27.3,65.2,515,57.6,1.7,6.45,10.5,18.2,상품
B-0968,2026-04-18 14:24,B동,딸기,21.5,67.7,599,65.2,1.59,6.11,6.6,10.7,상품
B-0969,2026-04-18 15:36,C동,토마토,23.6,66.5,729,63.1,2.25,5.74,10.4,14.5,상품
B-0970,2026-04-18 16:48,B동,딸기,23.6,65.0,535,67.3,2.17,6.43,7.8,16.0,상품
B-0971,2026-04-18 18:00,C동,딸기,23.8,73.1,611,61.1,2.22,6.29,8.5,10.8,상품
B-0972,2026-04-18 19:12,C동,파프리카,24.8,68.4,684,61.5,1.89,6.07,5.5,8.8,상품
B-0973,2026-04-18 20:24,B동,토마토,25.4,63.5,532,62.4,2.33,6.43,12.2,15.1,상품
B-0974,2026-04-18 21:36,C동,토마토,23.5,74.1,848,60.0,1.84,5.98,9.5,11.8,상품
B-0975,2026-04-18 22:48,B동,토마토,23.0,63.1,690,57.9,2.69,5.95,8.0,12.8,상품
B-0976,2026-04-19 00:00,C동,딸기,22.5,68.6,595,64.1,1.93,6.08,7.2,14.3,상품
B-0977,2026-04-19 01:12,A동,파프리카,23.4,56.4,666,57.8,1.63,6.09,8.3,14.6,상품
B-0978,2026-04-19 02:24,C동,딸기,23.1,67.9,539,58.8,1.78,6.02,8.1,14.9,상품
B-0979,2026-04-19 03:36,C동,토마토,27.0,71.3,761,50.2,2.09,5.93,4.7,8.1,상품
B-0980,2026-04-19 04:48,B동,파프리카,25.8,71.7,469,54.7,2.5,5.97,5.9,11.3,상품
B-0981,2026-04-19 06:00,C동,토마토,23.4,79.1,693,59.2,1.4,5.74,4.1,13.2,상품
B-0982,2026-04-19 07:12,B동,파프리카,25.1,61.2,650,70.5,1.54,5.63,7.6,10.9,상품
B-0983,2026-04-19 08:24,C동,딸기,19.9,76.1,649,59.0,1.44,6.4,6.1,14.7,상품
B-0984,2026-04-19 09:36,C동,딸기,24.9,75.9,695,57.2,2.31,5.74,6.4,11.3,상품
B-0985,2026-04-19 10:48,A동,토마토,23.2,83.7,512,62.5,1.77,5.94,4.9,15.8,상품
B-0986,2026-04-19 12:00,A동,파프리카,23.6,67.2,588,63.3,2.12,5.52,8.7,14.7,상품
B-0987,2026-04-19 13:12,A동,파프리카,20.4,69.6,737,71.3,2.83,5.75,7.6,17.4,상품
B-0988,2026-04-19 14:24,A동,파프리카,20.8,57.2,710,55.3,1.41,6.08,5.5,16.4,상품
B-0989,2026-04-19 15:36,B동,딸기,23.2,63.4,673,62.6,1.72,6.19,9.5,12.8,상품
B-0990,2026-04-19 16:48,C동,파프리카,26.6,65.9,481,66.5,2.02,6.25,9.4,11.0,상품
B-0991,2026-04-19 18:00,A동,토마토,23.1,70.1,593,61.1,2.51,6.44,7.6,14.1,상품
B-0992,2026-04-19 19:12,B동,토마토,20.9,72.5,646,51.9,1.73,6.13,6.3,15.0,상품
B-0993,2026-04-19 20:24,B동,파프리카,23.6,58.8,511,62.2,2.21,6.38,7.8,14.5,상품
B-0994,2026-04-19 21:36,C동,토마토,23.5,60.2,626,69.3,2.0,6.04,7.9,14.0,상품
B-0995,2026-04-19 22:48,B동,딸기,24.5,66.6,651,49.6,2.45,6.37,8.2,13.8,상품
B-0996,2026-04-20 00:00,A동,딸기,19.8,52.0,681,57.9,1.67,6.44,7.5,13.7,상품
B-0997,2026-04-20 01:12,C동,파프리카,26.4,73.7,465,63.6,2.02,6.12,7.4,16.9,상품
B-0998,2026-04-20 02:24,B동,파프리카,26.3,65.4,775,55.8,2.0,5.88,9.0,10.4,상품
B-0999,2026-04-20 03:36,A동,파프리카,21.8,66.5,707,47.8,1.98,6.19,5.7,13.3,상품
B-1000,2026-04-20 04:48,C동,토마토,23.3,76.7,525,54.7,1.54,6.17,8.2,15.1,상품
B-1001,2026-04-20 06:00,C동,토마토,23.6,67.5,681,67.9,1.87,5.93,6.8,16.1,상품
B-1002,2026-04-20 07:12,A동,파프리카,22.3,73.3,714,62.6,2.63,6.24,7.6,14.7,상품
B-1003,2026-04-20 08:24,B동,파프리카,24.4,65.9,704,69.4,2.17,6.02,8.9,18.6,상품
B-1004,2026-04-20 09:36,C동,파프리카,20.1,69.6,548,62.8,1.84,5.8,9.5,13.1,상품
B-1005,2026-04-20 10:48,C동,토마토,23.2,76.4,460,66.3,2.11,6.22,9.3,10.2,등외
B-1006,2026-04-20 12:00,B동,파프리카,24.7,60.9,646,73.2,1.58,5.81,6.4,10.7,상품
B-1007,2026-04-20 13:12,B동,파프리카,25.0,83.1,721,55.6,1.97,5.61,5.2,15.0,상품
B-1008,2026-04-20 14:24,B동,딸기,24.8,75.0,711,69.1,1.82,5.97,5.0,14.3,상품
B-1009,2026-04-20 15:36,C동,딸기,23.5,74.7,593,71.0,2.02,6.51,7.6,11.6,상품
B-1010,2026-04-20 16:48,B동,파프리카,20.0,61.8,553,53.9,0.6,6.15,6.4,13.3,상품
B-1011,2026-04-20 18:00,B동,파프리카,28.6,62.9,718,66.5,1.95,6.0,9.3,19.3,상품
B-1012,2026-04-20 19:12,B동,파프리카,23.8,68.4,510,65.0,2.49,6.43,5.5,11.0,등외
B-1013,2026-04-20 20:24,A동,파프리카,19.0,59.5,605,64.0,2.1,5.75,6.4,18.2,상품
B-1014,2026-04-20 21:36,A동,딸기,27.8,77.7,687,66.3,1.5,6.33,5.0,12.0,등외
B-1015,2026-04-20 22:48,C동,파프리카,20.6,74.9,780,61.5,1.84,6.08,10.4,14.1,상품
B-1016,2026-04-21 00:00,B동,딸기,20.3,66.3,736,73.7,1.99,5.73,8.1,10.4,상품
B-1017,2026-04-21 01:12,C동,딸기,23.3,71.7,580,60.9,1.92,6.22,8.3,9.2,상품
B-1018,2026-04-21 02:24,A동,딸기,23.1,75.0,787,61.3,2.12,6.12,9.8,12.5,상품
B-1019,2026-04-21 03:36,A동,파프리카,25.1,71.2,716,54.6,2.01,6.0,5.2,13.7,상품
B-1020,2026-04-21 04:48,C동,토마토,21.4,66.6,575,57.9,2.12,6.23,8.2,14.5,상품
B-1021,2026-04-21 06:00,A동,토마토,20.8,68.9,565,53.6,2.07,6.28,10.2,13.8,상품
B-1022,2026-04-21 07:12,C동,토마토,26.5,67.5,693,71.5,2.04,6.34,10.0,10.6,상품
B-1023,2026-04-21 08:24,B동,딸기,24.8,71.1,581,60.8,2.49,6.19,9.5,13.2,상품
B-1024,2026-04-21 09:36,B동,딸기,24.6,64.2,602,63.0,2.08,7.09,7.3,16.2,상품
B-1025,2026-04-21 10:48,A동,토마토,27.2,65.9,580,66.5,1.44,5.96,7.3,11.6,상품
B-1026,2026-04-21 12:00,C동,딸기,20.3,59.4,516,61.7,2.26,6.02,6.7,13.8,상품
B-1027,2026-04-21 13:12,C동,딸기,23.4,59.6,771,60.3,1.92,6.1,6.8,18.0,상품
B-1028,2026-04-21 14:24,A동,토마토,22.3,70.1,515,54.0,2.12,5.91,10.3,16.6,상품
B-1029,2026-04-21 15:36,B동,딸기,24.3,71.0,680,70.2,2.35,6.23,6.9,9.0,상품
B-1030,2026-04-21 16:48,B동,토마토,25.1,62.1,613,70.6,1.99,6.66,7.2,9.1,상품
B-1031,2026-04-21 18:00,B동,토마토,26.5,67.1,609,65.4,2.4,6.3,8.0,14.2,상품
B-1032,2026-04-21 19:12,B동,토마토,22.2,63.4,705,44.3,1.51,5.84,6.3,12.7,상품
B-1033,2026-04-21 20:24,C동,파프리카,22.0,73.1,635,70.4,1.78,6.65,5.0,10.8,상품
B-1034,2026-04-21 21:36,C동,파프리카,18.6,69.4,590,71.6,2.27,6.44,6.3,13.0,상품
B-1035,2026-04-21 22:48,B동,파프리카,22.8,60.8,539,62.2,2.35,5.96,6.2,10.9,상품
B-1036,2026-04-22 00:00,C동,파프리카,21.4,61.9,609,59.0,2.3,6.1,6.5,11.1,상품
B-1037,2026-04-22 01:12,A동,토마토,26.6,58.2,570,59.5,1.87,5.66,7.3,12.6,상품
B-1038,2026-04-22 02:24,C동,딸기,24.4,66.0,674,70.1,2.2,6.16,11.4,12.5,상품
B-1039,2026-04-22 03:36,A동,딸기,22.4,74.6,700,58.4,2.51,6.22,7.8,18.5,상품
B-1040,2026-04-22 04:48,C동,파프리카,24.3,71.2,846,62.4,2.37,5.93,8.8,10.2,상품
B-1041,2026-04-22 06:00,B동,파프리카,22.7,74.9,574,64.2,1.96,5.75,6.8,12.6,상품
B-1042,2026-04-22 07:12,A동,딸기,21.0,67.0,685,56.1,1.74,6.09,9.0,11.8,상품
B-1043,2026-04-22 08:24,C동,토마토,23.9,74.7,593,61.5,2.37,6.65,10.7,13.6,상품
B-1044,2026-04-22 09:36,B동,딸기,21.7,60.5,585,59.3,1.93,5.9,13.3,16.4,상품
B-1045,2026-04-22 10:48,A동,딸기,23.6,70.0,531,64.4,1.87,5.86,4.9,14.7,상품
B-1046,2026-04-22 12:00,B동,딸기,24.9,71.1,414,56.3,1.57,5.95,8.3,9.9,등외
B-1047,2026-04-22 13:12,B동,파프리카,22.5,63.9,528,58.3,1.83,6.08,7.3,13.2,상품
B-1048,2026-04-22 14:24,C동,토마토,22.9,70.0,674,69.1,1.91,6.39,10.6,7.6,등외
B-1049,2026-04-22 15:36,B동,딸기,19.7,56.4,672,65.6,1.87,6.3,6.7,13.1,상품
B-1050,2026-04-22 16:48,B동,토마토,25.9,68.1,691,72.5,1.98,6.28,6.9,13.1,상품
B-1051,2026-04-22 18:00,A동,딸기,26.3,65.3,675,71.4,1.44,5.65,5.7,14.2,상품
B-1052,2026-04-22 19:12,A동,파프리카,21.5,70.0,766,63.6,1.51,5.58,9.9,7.6,등외
B-1053,2026-04-22 20:24,A동,토마토,21.6,74.3,678,65.2,2.12,5.98,7.7,16.0,상품
B-1054,2026-04-22 21:36,B동,파프리카,23.2,66.5,693,53.6,1.61,6.24,7.3,11.1,상품
B-1055,2026-04-22 22:48,C동,토마토,19.4,59.9,634,66.1,1.84,6.1,7.2,13.9,상품
B-1056,2026-04-23 00:00,B동,딸기,25.7,66.1,630,73.2,2.51,5.85,7.8,11.0,상품
B-1057,2026-04-23 01:12,C동,딸기,23.6,62.0,694,57.7,1.43,5.93,9.4,16.0,상품
B-1058,2026-04-23 02:24,B동,딸기,24.3,77.7,473,68.2,2.55,6.24,7.7,13.5,등외
B-1059,2026-04-23 03:36,A동,딸기,25.3,62.2,709,66.2,2.1,5.93,7.8,12.8,상품
B-1060,2026-04-23 04:48,C동,토마토,22.6,67.4,664,50.3,2.06,6.25,5.7,12.3,상품
B-1061,2026-04-23 06:00,C동,토마토,22.0,50.3,704,57.4,2.07,5.95,7.9,13.9,상품
B-1062,2026-04-23 07:12,C동,파프리카,23.3,61.4,760,53.6,2.56,6.03,7.6,15.1,상품
B-1063,2026-04-23 08:24,C동,토마토,19.7,59.4,557,59.5,2.41,5.93,6.8,16.2,상품
B-1064,2026-04-23 09:36,C동,딸기,26.9,66.0,716,60.9,2.09,6.66,9.0,13.7,상품
B-1065,2026-04-23 10:48,B동,토마토,18.7,69.6,426,62.9,1.99,5.86,9.7,17.1,상품
B-1066,2026-04-23 12:00,A동,딸기,24.8,62.3,448,56.5,1.87,6.05,4.9,11.7,상품
B-1067,2026-04-23 13:12,C동,파프리카,26.9,67.5,645,57.5,1.86,6.23,8.1,15.9,상품
B-1068,2026-04-23 14:24,A동,딸기,23.6,69.9,601,48.4,2.01,6.3,8.0,12.2,상품
B-1069,2026-04-23 15:36,A동,딸기,24.0,69.3,739,61.5,2.29,5.37,6.6,11.0,상품
B-1070,2026-04-23 16:48,C동,파프리카,23.7,61.5,659,58.9,2.52,5.99,7.5,13.2,상품
B-1071,2026-04-23 18:00,C동,파프리카,22.7,67.6,648,54.4,1.92,6.33,8.7,11.6,상품
B-1072,2026-04-23 19:12,C동,토마토,22.1,71.9,613,67.0,2.18,6.77,5.3,10.8,상품
B-1073,2026-04-23 20:24,B동,파프리카,23.6,64.9,696,61.8,1.41,6.35,9.5,14.4,상품
B-1074,2026-04-23 21:36,B동,토마토,23.9,68.5,817,73.5,1.83,6.2,5.3,15.1,상품
B-1075,2026-04-23 22:48,C동,토마토,23.9,64.4,834,55.7,2.55,6.3,4.8,12.3,상품
B-1076,2026-04-24 00:00,B동,토마토,24.8,61.6,681,64.0,2.2,6.02,7.3,9.3,상품
B-1077,2026-04-24 01:12,A동,토마토,21.7,51.8,779,71.6,2.14,6.21,5.6,8.3,상품
B-1078,2026-04-24 02:24,C동,토마토,24.0,65.3,839,55.3,1.78,6.1,6.5,12.3,상품
B-1079,2026-04-24 03:36,C동,딸기,22.9,78.2,636,69.8,2.3,5.87,8.6,10.1,등외
B-1080,2026-04-24 04:48,C동,딸기,24.9,67.0,652,63.9,1.52,5.96,7.8,14.7,상품
B-1081,2026-04-24 06:00,B동,파프리카,21.0,62.4,717,64.7,2.26,6.01,9.0,15.0,상품
B-1082,2026-04-24 07:12,A동,파프리카,23.2,77.7,799,49.9,1.89,6.2,8.3,16.4,상품
B-1083,2026-04-24 08:24,B동,파프리카,24.5,82.3,692,61.8,2.02,6.16,5.8,13.6,상품
B-1084,2026-04-24 09:36,A동,토마토,25.8,77.7,680,75.7,2.56,6.04,7.1,16.5,상품
B-1085,2026-04-24 10:48,C동,파프리카,21.7,66.8,779,66.5,1.64,6.21,8.7,14.2,상품
B-1086,2026-04-24 12:00,A동,딸기,24.1,58.4,476,60.6,1.61,7.01,5.9,11.7,상품
B-1087,2026-04-24 13:12,A동,파프리카,25.5,67.0,611,68.4,2.11,6.0,6.9,15.2,상품
B-1088,2026-04-24 14:24,C동,딸기,24.6,74.5,613,65.5,2.23,6.07,7.1,11.9,상품
B-1089,2026-04-24 15:36,A동,딸기,24.6,72.3,623,53.9,1.62,6.47,8.5,9.9,등외
B-1090,2026-04-24 16:48,A동,딸기,20.7,69.5,656,53.8,2.05,6.57,7.8,11.6,상품
B-1091,2026-04-24 18:00,A동,딸기,18.4,77.8,597,68.0,1.77,5.99,11.8,17.9,상품
B-1092,2026-04-24 19:12,C동,파프리카,24.8,72.9,734,50.2,1.67,5.97,9.9,13.9,상품
B-1093,2026-04-24 20:24,C동,파프리카,23.8,73.8,539,60.5,1.42,6.21,9.0,12.6,상품
B-1094,2026-04-24 21:36,A동,토마토,18.6,57.9,616,66.5,2.1,6.25,11.2,14.4,상품
B-1095,2026-04-24 22:48,A동,파프리카,21.9,64.8,818,55.6,2.23,6.14,5.9,12.5,상품
B-1096,2026-04-25 00:00,A동,토마토,22.5,69.0,711,62.0,2.51,6.21,5.7,13.7,상품
B-1097,2026-04-25 01:12,C동,딸기,21.9,69.1,605,62.6,2.6,6.2,6.5,11.3,상품
B-1098,2026-04-25 02:24,C동,딸기,22.6,86.8,552,56.1,2.57,5.69,7.7,13.2,등외
B-1099,2026-04-25 03:36,B동,토마토,21.9,69.8,717,69.1,1.96,6.37,7.5,16.6,상품
B-1100,2026-04-25 04:48,A동,파프리카,23.6,75.0,644,66.0,1.54,6.03,7.3,13.3,상품
B-1101,2026-04-25 06:00,A동,딸기,24.3,73.1,642,65.0,2.23,6.41,6.6,15.6,상품
B-1102,2026-04-25 07:12,A동,딸기,25.5,75.9,483,60.0,1.99,6.34,6.9,11.8,상품
B-1103,2026-04-25 08:24,A동,토마토,21.2,49.6,701,68.7,2.3,6.17,7.8,14.6,상품
B-1104,2026-04-25 09:36,A동,파프리카,27.4,58.7,603,57.7,1.69,6.01,5.8,10.0,상품
B-1105,2026-04-25 10:48,B동,딸기,21.1,61.5,506,54.0,1.61,5.73,6.9,19.5,상품
B-1106,2026-04-25 12:00,A동,딸기,21.6,73.8,912,59.3,1.36,5.99,7.6,17.3,상품
B-1107,2026-04-25 13:12,B동,토마토,23.4,70.9,738,56.1,1.69,6.11,6.4,11.7,상품
B-1108,2026-04-25 14:24,C동,토마토,20.8,72.7,622,60.0,2.24,5.89,7.9,14.8,상품
B-1109,2026-04-25 15:36,A동,파프리카,26.9,62.4,714,55.8,1.32,5.93,7.3,11.9,상품
B-1110,2026-04-25 16:48,A동,토마토,21.4,60.2,680,57.4,2.18,6.3,5.2,10.5,상품
B-1111,2026-04-25 18:00,A동,토마토,24.3,73.6,557,57.9,1.87,6.03,7.7,12.3,상품
B-1112,2026-04-25 19:12,C동,파프리카,21.1,79.5,804,62.6,1.63,6.09,8.9,14.0,상품
B-1113,2026-04-25 20:24,C동,파프리카,24.7,50.2,600,64.9,1.43,6.5,6.3,12.4,상품
B-1114,2026-04-25 21:36,C동,토마토,21.8,52.5,727,64.3,1.52,6.19,7.3,13.0,상품
B-1115,2026-04-25 22:48,A동,파프리카,21.9,69.7,697,48.4,1.9,6.23,5.4,10.9,상품
B-1116,2026-04-26 00:00,A동,토마토,23.6,64.9,652,69.1,2.07,6.26,5.3,12.4,상품
B-1117,2026-04-26 01:12,B동,딸기,24.8,69.7,714,65.6,2.35,5.65,4.0,11.5,상품
B-1118,2026-04-26 02:24,A동,토마토,25.7,60.7,667,62.8,1.74,6.4,8.0,13.8,상품
B-1119,2026-04-26 03:36,C동,토마토,22.9,71.6,762,69.9,2.04,5.79,6.7,13.1,상품
B-1120,2026-04-26 04:48,C동,파프리카,23.7,60.0,712,62.1,2.05,5.83,5.3,14.3,상품
B-1121,2026-04-26 06:00,B동,딸기,23.1,59.9,530,57.6,1.33,6.22,9.1,14.8,상품
B-1122,2026-04-26 07:12,A동,토마토,23.7,86.1,606,54.6,1.73,6.33,7.3,18.2,상품
B-1123,2026-04-26 08:24,B동,토마토,20.0,70.6,832,66.4,1.89,6.2,7.1,11.9,상품
B-1124,2026-04-26 09:36,A동,파프리카,23.0,72.2,615,57.1,1.85,5.44,8.3,14.6,상품
B-1125,2026-04-26 10:48,B동,딸기,24.6,67.5,706,63.4,1.92,5.7,8.5,13.1,상품
B-1126,2026-04-26 12:00,B동,토마토,19.4,76.1,762,59.7,1.93,6.08,7.0,12.1,상품
B-1127,2026-04-26 13:12,B동,딸기,20.7,71.2,591,57.3,1.88,6.21,9.4,13.5,상품
B-1128,2026-04-26 14:24,A동,딸기,26.3,62.6,729,58.2,1.41,6.21,9.4,15.2,상품
B-1129,2026-04-26 15:36,C동,토마토,24.5,65.5,611,63.1,1.74,5.89,8.3,11.9,상품
B-1130,2026-04-26 16:48,B동,딸기,22.8,69.5,581,60.9,2.36,6.52,7.8,11.3,상품
B-1131,2026-04-26 18:00,A동,딸기,22.0,77.9,738,58.6,1.73,5.96,10.8,9.6,등외
B-1132,2026-04-26 19:12,B동,딸기,25.1,76.9,620,62.8,2.21,6.5,8.9,16.3,상품
B-1133,2026-04-26 20:24,C동,딸기,22.0,63.6,828,72.8,2.24,6.22,8.1,17.5,상품
B-1134,2026-04-26 21:36,A동,파프리카,23.3,58.8,640,72.1,1.65,6.16,5.6,13.9,상품
B-1135,2026-04-26 22:48,C동,딸기,22.4,57.4,611,63.8,1.38,6.51,9.9,15.0,상품
B-1136,2026-04-27 00:00,B동,딸기,23.0,73.7,617,69.9,2.41,6.09,11.1,12.4,등외
B-1137,2026-04-27 01:12,B동,토마토,24.7,68.7,670,63.2,2.4,6.14,5.9,13.7,상품
B-1138,2026-04-27 02:24,C동,토마토,18.4,66.5,711,61.3,1.88,6.15,8.5,19.4,상품
B-1139,2026-04-27 03:36,B동,토마토,22.2,78.1,716,68.7,2.45,6.33,9.0,16.7,상품
B-1140,2026-04-27 04:48,C동,딸기,22.8,73.5,745,51.1,2.07,6.52,9.4,15.2,상품
B-1141,2026-04-27 06:00,A동,토마토,24.5,61.8,651,60.5,2.17,5.97,6.5,13.9,상품
B-1142,2026-04-27 07:12,B동,토마토,24.4,60.3,428,56.0,1.45,6.21,6.9,14.6,상품
B-1143,2026-04-27 08:24,C동,토마토,22.7,67.2,635,58.8,3.16,6.51,6.7,9.8,등외
B-1144,2026-04-27 09:36,B동,딸기,23.6,73.5,753,67.7,1.6,6.03,8.0,11.5,상품
B-1145,2026-04-27 10:48,A동,딸기,22.1,71.4,553,59.7,1.61,6.23,10.1,14.1,상품
B-1146,2026-04-27 12:00,A동,딸기,21.8,74.7,634,56.4,1.61,6.29,9.0,15.0,상품
B-1147,2026-04-27 13:12,B동,딸기,23.4,58.2,597,61.8,1.87,6.02,7.5,15.6,상품
B-1148,2026-04-27 14:24,A동,토마토,24.7,60.8,627,59.7,1.76,6.03,6.6,11.4,상품
B-1149,2026-04-27 15:36,B동,딸기,25.3,67.7,510,53.9,2.62,5.7,7.0,18.3,상품
B-1150,2026-04-27 16:48,A동,토마토,21.8,54.9,526,55.9,1.73,6.14,7.7,15.3,상품
B-1151,2026-04-27 18:00,B동,딸기,24.6,65.8,719,58.8,2.0,5.78,8.9,14.2,상품
B-1152,2026-04-27 19:12,C동,딸기,23.1,61.0,712,57.1,2.14,6.02,7.7,16.2,상품
B-1153,2026-04-27 20:24,B동,파프리카,23.8,72.7,616,57.6,1.18,5.88,9.1,14.3,상품
B-1154,2026-04-27 21:36,C동,파프리카,22.1,64.3,674,67.5,2.28,6.61,8.8,14.3,상품
B-1155,2026-04-27 22:48,C동,파프리카,21.8,66.1,576,57.0,2.24,6.24,7.2,14.5,상품
B-1156,2026-04-28 00:00,C동,파프리카,26.7,81.1,724,66.4,1.78,6.27,5.7,11.6,상품
B-1157,2026-04-28 01:12,A동,딸기,22.8,69.0,669,59.9,2.87,6.13,7.7,9.2,등외
B-1158,2026-04-28 02:24,C동,토마토,25.4,65.9,714,68.5,1.98,6.2,10.3,15.3,상품
B-1159,2026-04-28 03:36,C동,토마토,26.5,67.7,655,67.7,2.37,6.25,7.0,11.9,상품
B-1160,2026-04-28 04:48,C동,딸기,23.4,69.4,435,57.5,2.24,6.23,6.3,13.3,상품
B-1161,2026-04-28 06:00,B동,파프리카,25.1,74.9,645,53.6,2.27,6.07,9.4,12.7,상품
B-1162,2026-04-28 07:12,C동,딸기,23.7,75.6,729,68.7,2.2,6.0,9.2,7.9,등외
B-1163,2026-04-28 08:24,C동,파프리카,23.0,58.1,767,61.7,2.24,6.61,10.4,12.1,상품
B-1164,2026-04-28 09:36,A동,딸기,24.6,60.7,772,65.0,2.45,5.51,7.6,16.0,상품
B-1165,2026-04-28 10:48,A동,파프리카,24.2,75.2,735,56.7,1.72,5.59,6.4,7.6,등외
B-1166,2026-04-28 12:00,A동,파프리카,23.8,65.0,621,66.3,1.92,5.84,6.5,10.9,상품
B-1167,2026-04-28 13:12,B동,파프리카,19.3,71.5,770,53.1,2.4,6.24,6.5,12.9,상품
B-1168,2026-04-28 14:24,A동,토마토,22.0,64.7,695,62.3,2.43,6.3,7.0,8.6,상품
B-1169,2026-04-28 15:36,C동,파프리카,23.2,59.2,822,61.6,1.71,5.52,6.9,8.9,상품
B-1170,2026-04-28 16:48,B동,파프리카,23.5,71.5,636,62.1,1.75,6.1,7.0,17.9,상품
B-1171,2026-04-28 18:00,C동,토마토,21.3,52.3,590,70.0,2.06,6.24,10.5,19.2,상품
B-1172,2026-04-28 19:12,A동,토마토,21.8,79.2,741,66.3,2.15,6.22,6.7,15.9,상품
B-1173,2026-04-28 20:24,C동,토마토,26.0,64.3,755,54.4,1.44,6.29,8.1,10.5,상품
B-1174,2026-04-28 21:36,A동,토마토,24.7,72.1,603,65.3,1.93,6.1,8.3,16.6,상품
B-1175,2026-04-28 22:48,A동,파프리카,22.4,77.5,675,66.0,1.87,6.42,8.1,16.0,상품
B-1176,2026-04-29 00:00,B동,딸기,23.6,65.8,577,50.0,2.38,6.1,7.4,9.4,상품
B-1177,2026-04-29 01:12,A동,파프리카,20.1,78.4,589,72.6,1.85,6.19,8.5,10.8,상품
B-1178,2026-04-29 02:24,A동,딸기,25.0,65.8,611,59.5,1.98,6.08,10.2,11.3,상품
B-1179,2026-04-29 03:36,B동,토마토,24.0,61.0,577,53.5,1.23,6.25,8.8,16.8,상품
B-1180,2026-04-29 04:48,B동,파프리카,23.8,71.7,606,70.8,1.84,5.91,7.4,13.3,상품
B-1181,2026-04-29 06:00,C동,딸기,22.1,67.8,734,64.8,2.42,6.53,7.5,16.4,상품
B-1182,2026-04-29 07:12,A동,딸기,22.7,58.1,543,60.5,2.98,6.17,6.6,11.9,상품
B-1183,2026-04-29 08:24,C동,토마토,23.9,70.0,482,60.0,2.13,6.29,5.8,11.1,등외
B-1184,2026-04-29 09:36,B동,토마토,22.0,67.6,705,57.1,2.29,6.29,6.4,17.3,상품
B-1185,2026-04-29 10:48,C동,파프리카,22.2,59.3,552,72.2,1.82,5.97,6.9,20.3,상품
B-1186,2026-04-29 12:00,B동,딸기,22.8,72.8,812,56.5,2.11,6.31,7.7,12.8,상품
B-1187,2026-04-29 13:12,B동,딸기,22.4,71.4,706,62.4,2.04,5.98,8.4,11.6,상품
B-1188,2026-04-29 14:24,C동,파프리카,23.4,61.7,789,63.8,1.89,6.17,5.0,15.1,상품
B-1189,2026-04-29 15:36,B동,토마토,22.9,70.1,767,51.7,1.41,6.33,7.8,13.9,상품
B-1190,2026-04-29 16:48,C동,딸기,25.1,59.0,650,67.8,2.24,5.77,7.0,12.9,상품
B-1191,2026-04-29 18:00,B동,파프리카,19.5,60.9,588,72.3,3.01,5.96,8.0,12.2,상품
B-1192,2026-04-29 19:12,B동,토마토,22.1,71.7,707,79.1,1.75,6.13,9.3,15.9,상품
B-1193,2026-04-29 20:24,C동,파프리카,23.7,70.2,687,52.0,1.95,6.06,7.2,14.1,상품
B-1194,2026-04-29 21:36,A동,토마토,25.9,65.1,716,66.1,2.35,5.92,3.7,13.8,상품
B-1195,2026-04-29 22:48,B동,파프리카,22.5,67.8,722,55.4,2.19,6.37,6.9,13.9,상품
B-1196,2026-04-30 00:00,C동,딸기,24.7,60.9,795,60.4,1.52,6.11,6.7,10.7,상품
B-1197,2026-04-30 01:12,C동,파프리카,24.0,81.0,581,59.1,1.93,6.01,6.1,11.4,상품
B-1198,2026-04-30 02:24,B동,파프리카,22.9,71.9,696,60.6,2.32,6.27,8.4,16.4,상품
B-1199,2026-04-30 03:36,B동,토마토,19.9,77.3,697,69.3,1.87,6.29,9.1,11.5,상품
B-1200,2026-04-30 04:48,C동,토마토,26.6,65.0,609,66.7,2.17,5.99,8.8,16.2,상품
B-1201,2026-04-30 06:00,C동,딸기,23.7,66.9,750,59.2,1.75,5.96,9.4,17.1,상품
B-1202,2026-04-30 07:12,A동,딸기,23.0,83.4,604,59.1,1.53,6.43,6.2,15.7,상품
B-1203,2026-04-30 08:24,A동,파프리카,21.7,73.0,570,52.7,1.78,6.71,9.7,12.6,상품
B-1204,2026-04-30 09:36,B동,토마토,23.3,65.6,663,56.9,2.4,6.02,7.5,8.7,상품
B-1205,2026-04-30 10:48,B동,토마토,25.7,76.1,530,63.5,2.43,6.1,9.1,12.4,상품
B-1206,2026-04-30 12:00,B동,파프리카,25.6,70.3,515,60.0,2.56,6.44,7.0,12.9,상품
B-1207,2026-04-30 13:12,C동,토마토,21.9,58.3,658,65.7,1.71,5.51,5.7,12.2,상품
B-1208,2026-04-30 14:24,B동,딸기,24.2,71.7,560,73.0,2.31,5.95,8.6,10.8,상품
B-1209,2026-04-30 15:36,A동,파프리카,22.9,76.5,672,68.3,2.53,6.33,6.9,10.7,등외
B-1210,2026-04-30 16:48,A동,딸기,22.6,59.9,402,61.9,2.17,6.08,8.3,10.9,상품
B-1211,2026-04-30 18:00,B동,딸기,21.3,66.9,570,52.6,1.61,5.96,9.8,14.5,상품
B-1212,2026-04-30 19:12,C동,딸기,22.1,58.1,695,59.4,2.39,6.24,7.2,15.8,상품
B-1213,2026-04-30 20:24,B동,토마토,22.8,65.1,664,64.1,1.73,5.71,7.3,13.0,상품
B-1214,2026-04-30 21:36,A동,토마토,21.4,74.0,572,62.2,1.86,6.2,3.2,10.1,상품
B-1215,2026-04-30 22:48,B동,토마토,23.4,56.6,726,65.9,1.67,6.02,6.9,14.3,상품
B-1216,2026-05-01 00:00,A동,토마토,23.4,76.6,653,61.5,3.08,6.46,4.7,13.8,등외
B-1217,2026-05-01 01:12,C동,토마토,23.4,72.8,566,54.1,1.93,5.8,9.6,9.7,상품
B-1218,2026-05-01 02:24,B동,파프리카,24.1,67.8,504,56.2,1.84,6.24,10.6,13.7,상품
B-1219,2026-05-01 03:36,B동,파프리카,24.9,72.3,634,52.5,2.07,6.01,5.1,15.1,상품
B-1220,2026-05-01 04:48,A동,파프리카,20.1,68.7,550,64.0,1.58,5.99,6.7,17.5,상품
B-1221,2026-05-01 06:00,B동,토마토,23.5,62.7,718,54.3,2.16,5.99,8.1,13.5,상품
B-1222,2026-05-01 07:12,B동,토마토,21.7,74.5,575,51.7,2.0,6.45,8.5,14.8,상품
B-1223,2026-05-01 08:24,B동,딸기,20.9,65.7,607,55.1,2.13,5.87,8.1,13.9,상품
B-1224,2026-05-01 09:36,C동,토마토,23.6,71.0,662,59.7,2.17,5.72,8.1,14.1,상품
B-1225,2026-05-01 10:48,B동,토마토,23.6,83.8,553,66.8,2.11,5.93,8.0,11.8,등외
B-1226,2026-05-01 12:00,A동,토마토,21.9,66.8,631,67.8,1.77,6.03,8.4,13.2,상품
B-1227,2026-05-01 13:12,C동,토마토,19.7,64.1,546,53.4,2.03,6.27,8.0,15.2,상품
B-1228,2026-05-01 14:24,C동,딸기,24.7,78.2,685,57.7,1.93,6.19,6.9,11.6,상품
B-1229,2026-05-01 15:36,A동,딸기,26.3,68.2,508,67.7,2.05,6.32,6.8,12.9,상품
B-1230,2026-05-01 16:48,B동,토마토,24.8,57.0,595,62.7,1.74,6.23,8.1,15.9,상품
B-1231,2026-05-01 18:00,C동,파프리카,22.5,72.0,654,60.2,2.45,5.58,7.5,12.5,상품
B-1232,2026-05-01 19:12,B동,파프리카,22.4,61.8,622,59.1,1.68,5.68,8.9,9.6,상품
B-1233,2026-05-01 20:24,A동,토마토,25.9,77.7,648,59.5,1.94,5.97,7.9,13.2,상품
B-1234,2026-05-01 21:36,C동,토마토,26.7,77.6,666,65.5,1.67,5.75,7.6,11.0,상품
B-1235,2026-05-01 22:48,C동,딸기,20.0,68.4,579,54.7,1.91,5.77,5.2,10.3,상품
B-1236,2026-05-02 00:00,C동,토마토,23.2,66.1,610,74.5,1.47,6.34,10.2,6.5,등외
B-1237,2026-05-02 01:12,A동,토마토,21.2,68.1,653,68.1,2.04,6.14,3.6,8.8,상품
B-1238,2026-05-02 02:24,B동,파프리카,23.2,59.4,593,64.1,1.79,6.22,4.5,15.0,상품
B-1239,2026-05-02 03:36,C동,토마토,22.0,76.0,646,68.2,1.72,5.73,8.6,11.5,상품
B-1240,2026-05-02 04:48,C동,딸기,24.1,60.1,624,58.8,1.7,6.54,5.8,12.3,상품
B-1241,2026-05-02 06:00,C동,파프리카,20.3,75.7,752,68.6,2.25,5.97,8.7,13.8,상품
B-1242,2026-05-02 07:12,A동,딸기,24.6,52.3,667,48.5,1.64,6.02,4.8,11.7,상품
B-1243,2026-05-02 08:24,A동,토마토,22.6,72.3,779,51.6,1.8,6.31,7.2,14.0,상품
B-1244,2026-05-02 09:36,A동,토마토,21.6,69.7,594,56.6,1.77,6.19,2.9,14.0,상품
B-1245,2026-05-02 10:48,B동,딸기,25.3,72.1,737,63.4,2.48,6.28,7.7,12.2,상품
B-1246,2026-05-02 12:00,C동,토마토,23.2,71.6,730,50.8,2.04,6.45,6.2,12.3,상품
B-1247,2026-05-02 13:12,B동,파프리카,18.7,61.2,748,62.5,2.49,6.21,8.8,16.0,상품
B-1248,2026-05-02 14:24,C동,파프리카,20.7,61.8,642,54.9,2.26,6.37,8.2,16.3,상품
B-1249,2026-05-02 15:36,C동,토마토,27.7,68.1,502,65.6,1.92,5.99,7.7,11.1,등외
B-1250,2026-05-02 16:48,A동,딸기,26.1,74.8,607,64.0,2.07,6.48,6.6,12.0,상품
B-1251,2026-05-02 18:00,A동,토마토,25.8,77.3,698,67.0,2.52,5.84,7.7,13.1,상품
B-1252,2026-05-02 19:12,A동,딸기,24.3,64.3,494,62.3,1.76,6.25,5.2,15.2,상품
B-1253,2026-05-02 20:24,B동,딸기,20.8,77.0,636,67.2,2.21,6.18,6.7,16.9,상품
B-1254,2026-05-02 21:36,B동,토마토,24.3,62.0,681,51.1,1.73,6.13,5.9,14.1,상품
B-1255,2026-05-02 22:48,A동,파프리카,22.2,69.0,512,65.8,2.43,6.44,10.4,15.6,상품
B-1256,2026-05-03 00:00,A동,딸기,23.3,67.8,766,62.4,2.73,5.86,7.0,16.0,상품
B-1257,2026-05-03 01:12,C동,파프리카,23.0,54.0,675,61.9,1.61,5.81,6.3,15.3,상품
B-1258,2026-05-03 02:24,B동,파프리카,24.6,58.3,499,75.4,1.96,6.57,6.1,13.3,상품
B-1259,2026-05-03 03:36,C동,파프리카,23.3,67.6,672,71.2,2.09,6.07,9.2,16.3,상품
B-1260,2026-05-03 04:48,C동,딸기,22.4,59.3,472,59.5,1.7,6.09,8.4,15.9,상품
B-1261,2026-05-03 06:00,B동,토마토,21.8,71.6,568,67.7,2.02,6.51,3.9,11.9,상품
B-1262,2026-05-03 07:12,B동,딸기,23.3,76.7,712,62.3,1.59,6.09,5.6,12.4,상품
B-1263,2026-05-03 08:24,A동,파프리카,23.4,78.6,707,64.0,1.72,5.94,9.3,12.0,등외
B-1264,2026-05-03 09:36,B동,딸기,23.0,58.1,719,62.6,2.42,6.04,7.3,15.5,상품
B-1265,2026-05-03 10:48,A동,토마토,28.5,65.5,870,67.5,2.24,6.09,5.9,12.1,상품
B-1266,2026-05-03 12:00,A동,딸기,23.2,81.9,714,58.3,1.84,6.17,8.2,11.3,상품
B-1267,2026-05-03 13:12,C동,파프리카,26.0,82.5,652,69.2,2.28,5.85,8.3,13.6,상품
B-1268,2026-05-03 14:24,A동,파프리카,19.2,58.8,660,64.9,2.35,5.83,6.7,13.6,상품
B-1269,2026-05-03 15:36,A동,토마토,26.6,80.0,586,70.4,1.47,6.18,6.8,12.1,등외
B-1270,2026-05-03 16:48,C동,토마토,26.5,65.3,790,58.5,2.43,5.64,5.9,13.2,상품
B-1271,2026-05-03 18:00,A동,파프리카,23.8,65.1,569,66.2,1.64,5.92,8.0,18.9,상품
B-1272,2026-05-03 19:12,A동,토마토,24.9,67.9,492,56.4,2.03,6.34,5.8,14.1,상품
B-1273,2026-05-03 20:24,B동,파프리카,26.5,72.3,736,61.5,2.0,6.1,6.4,15.1,상품
B-1274,2026-05-03 21:36,C동,파프리카,23.5,73.4,576,64.8,2.61,6.03,5.5,11.3,등외
B-1275,2026-05-03 22:48,C동,딸기,21.2,65.2,724,64.1,2.28,6.16,7.8,16.1,상품
B-1276,2026-05-04 00:00,A동,토마토,22.6,69.6,581,65.5,2.5,5.6,6.7,16.3,상품
B-1277,2026-05-04 01:12,A동,딸기,24.8,67.1,553,56.8,1.46,6.47,6.6,15.6,상품
B-1278,2026-05-04 02:24,C동,토마토,25.5,66.7,667,59.6,2.24,5.76,8.5,15.3,상품
B-1279,2026-05-04 03:36,C동,파프리카,19.2,62.2,639,64.4,2.11,6.05,7.7,17.1,상품
B-1280,2026-05-04 04:48,B동,딸기,26.6,79.0,605,68.7,1.62,5.93,5.6,9.0,등외
B-1281,2026-05-04 06:00,C동,파프리카,24.1,61.6,752,66.4,2.5,5.93,9.8,16.1,상품
B-1282,2026-05-04 07:12,A동,파프리카,21.9,66.1,670,66.2,1.97,6.12,9.2,14.5,상품
B-1283,2026-05-04 08:24,C동,딸기,20.8,73.2,617,57.7,1.87,5.9,5.2,13.6,상품
B-1284,2026-05-04 09:36,B동,토마토,21.2,69.1,692,66.6,1.83,6.48,11.0,12.3,상품
B-1285,2026-05-04 10:48,C동,토마토,18.0,62.7,755,62.4,2.08,6.22,8.3,10.1,상품
B-1286,2026-05-04 12:00,C동,토마토,20.0,73.5,579,60.1,1.66,5.64,6.7,12.6,상품
B-1287,2026-05-04 13:12,B동,딸기,23.5,68.4,714,70.8,2.28,6.41,9.6,11.3,상품
B-1288,2026-05-04 14:24,A동,딸기,23.8,61.2,520,71.3,1.97,5.91,7.6,13.8,상품
B-1289,2026-05-04 15:36,A동,토마토,25.7,71.7,730,48.7,2.05,6.01,8.3,14.9,상품
B-1290,2026-05-04 16:48,B동,딸기,19.8,64.7,540,59.7,2.19,5.98,7.8,16.1,상품
B-1291,2026-05-04 18:00,A동,토마토,26.0,70.6,573,52.9,1.91,5.75,8.3,12.0,상품
B-1292,2026-05-04 19:12,B동,토마토,23.3,59.7,629,63.5,1.86,5.98,8.9,13.4,상품
B-1293,2026-05-04 20:24,A동,토마토,21.8,74.1,665,66.2,2.61,5.92,9.4,12.5,상품
B-1294,2026-05-04 21:36,A동,토마토,25.6,68.7,616,67.3,1.45,5.82,5.5,13.1,상품
B-1295,2026-05-04 22:48,A동,파프리카,22.1,68.5,601,60.7,1.82,5.54,7.1,10.1,상품
B-1296,2026-05-05 00:00,A동,파프리카,20.8,72.5,711,62.1,2.14,5.67,8.1,16.5,상품
B-1297,2026-05-05 01:12,C동,파프리카,20.4,67.4,713,71.7,1.71,6.5,7.7,12.5,상품
B-1298,2026-05-05 02:24,C동,토마토,18.9,75.2,558,69.5,2.06,6.21,5.9,12.5,상품
B-1299,2026-05-05 03:36,C동,토마토,25.6,73.8,732,56.3,1.93,6.01,8.7,12.5,상품
B-1300,2026-05-05 04:48,C동,토마토,21.0,67.7,636,59.8,1.95,6.21,6.3,18.1,상품
B-1301,2026-05-05 06:00,B동,토마토,26.6,78.7,686,69.5,1.97,5.87,11.1,13.9,상품
B-1302,2026-05-05 07:12,C동,파프리카,21.7,77.1,634,52.4,1.79,6.12,5.8,8.0,등외
B-1303,2026-05-05 08:24,A동,토마토,23.0,56.9,593,66.3,1.63,5.92,8.3,14.8,상품
B-1304,2026-05-05 09:36,A동,파프리카,22.3,69.3,661,70.4,1.87,5.65,8.0,14.8,상품
B-1305,2026-05-05 10:48,A동,토마토,22.9,69.1,538,65.5,2.18,6.41,8.5,16.8,상품
B-1306,2026-05-05 12:00,B동,딸기,21.2,56.8,542,66.0,1.98,5.88,8.6,13.6,상품
B-1307,2026-05-05 13:12,A동,파프리카,23.3,69.7,659,57.9,2.19,5.97,8.6,16.1,상품
B-1308,2026-05-05 14:24,B동,토마토,20.5,73.6,510,57.0,1.93,5.76,8.4,14.3,상품
B-1309,2026-05-05 15:36,C동,파프리카,23.7,56.4,769,61.5,1.75,6.18,6.3,16.6,상품
B-1310,2026-05-05 16:48,B동,파프리카,24.0,75.9,759,58.9,1.88,6.19,7.2,14.1,상품
B-1311,2026-05-05 18:00,B동,딸기,25.1,69.5,624,63.5,1.69,6.46,8.3,11.4,상품
B-1312,2026-05-05 19:12,B동,딸기,23.9,73.5,652,62.8,2.06,6.47,7.8,15.9,상품
B-1313,2026-05-05 20:24,B동,딸기,21.5,64.4,713,55.5,2.04,6.4,10.9,10.9,상품
B-1314,2026-05-05 21:36,C동,파프리카,24.7,48.9,664,63.9,1.49,5.94,9.8,15.5,상품
B-1315,2026-05-05 22:48,A동,토마토,26.5,69.9,681,71.8,1.71,5.54,7.9,12.3,상품
B-1316,2026-05-06 00:00,C동,딸기,24.7,59.2,608,51.5,1.08,6.17,7.2,15.5,상품
B-1317,2026-05-06 01:12,A동,딸기,18.2,69.6,751,63.5,1.94,6.33,5.3,12.2,상품
B-1318,2026-05-06 02:24,C동,파프리카,25.3,73.1,652,54.8,1.98,6.48,8.9,13.7,상품
B-1319,2026-05-06 03:36,A동,파프리카,20.4,78.3,565,54.6,1.68,5.8,6.6,13.3,등외
B-1320,2026-05-06 04:48,C동,딸기,25.0,74.6,671,62.2,1.96,6.45,4.3,14.5,상품
B-1321,2026-05-06 06:00,A동,딸기,25.7,65.7,615,57.4,1.73,6.14,6.2,15.0,상품
B-1322,2026-05-06 07:12,C동,파프리카,21.4,67.1,698,57.9,1.93,5.93,9.7,13.0,상품
B-1323,2026-05-06 08:24,B동,딸기,19.8,68.8,559,52.4,1.65,6.26,10.6,13.1,상품
B-1324,2026-05-06 09:36,C동,딸기,21.7,62.9,718,53.4,1.69,6.0,5.9,12.8,상품
B-1325,2026-05-06 10:48,A동,토마토,18.3,69.7,646,56.6,2.05,5.7,7.1,12.7,상품
B-1326,2026-05-06 12:00,C동,파프리카,22.0,66.8,717,66.7,2.07,5.94,5.7,15.8,상품
B-1327,2026-05-06 13:12,A동,토마토,26.7,67.5,614,66.5,1.97,6.39,5.8,11.4,상품
B-1328,2026-05-06 14:24,A동,토마토,23.5,57.8,588,55.8,1.82,6.02,2.8,15.0,상품
B-1329,2026-05-06 15:36,B동,토마토,20.5,70.8,622,61.2,2.15,6.04,6.6,10.9,상품
B-1330,2026-05-06 16:48,A동,파프리카,27.6,69.7,721,62.9,1.95,6.1,8.0,16.3,상품
B-1331,2026-05-06 18:00,A동,딸기,24.6,62.0,796,67.2,2.36,5.64,8.3,13.2,상품
B-1332,2026-05-06 19:12,B동,딸기,23.4,71.4,612,63.4,2.0,6.0,5.0,17.1,상품
B-1333,2026-05-06 20:24,C동,토마토,23.5,68.5,714,60.7,2.18,6.27,4.2,15.3,상품
B-1334,2026-05-06 21:36,C동,딸기,25.6,74.1,644,55.7,1.98,5.93,7.2,13.8,상품
B-1335,2026-05-06 22:48,C동,딸기,23.3,67.3,708,59.9,2.56,6.52,4.5,13.7,상품
B-1336,2026-05-07 00:00,A동,파프리카,25.0,58.8,660,65.1,1.8,5.43,9.7,14.2,상품
B-1337,2026-05-07 01:12,C동,토마토,23.4,62.3,468,55.2,2.16,5.75,6.6,10.0,상품
B-1338,2026-05-07 02:24,C동,파프리카,23.2,69.2,629,67.9,1.82,6.22,10.7,17.7,상품
B-1339,2026-05-07 03:36,C동,딸기,26.8,68.1,792,65.2,2.06,6.13,7.4,12.7,상품
B-1340,2026-05-07 04:48,B동,딸기,24.3,60.0,619,70.6,1.72,6.32,7.5,15.1,상품
B-1341,2026-05-07 06:00,B동,딸기,21.2,83.8,596,68.8,2.06,6.19,7.9,14.6,상품
B-1342,2026-05-07 07:12,B동,파프리카,22.3,57.2,728,61.7,1.48,6.31,5.2,10.3,상품
B-1343,2026-05-07 08:24,A동,파프리카,23.7,72.0,755,66.7,2.31,5.96,9.3,16.6,상품
B-1344,2026-05-07 09:36,A동,토마토,24.2,62.8,476,54.4,2.07,5.96,6.5,13.3,상품
B-1345,2026-05-07 10:48,B동,파프리카,24.2,70.3,598,57.8,2.68,6.5,10.3,12.8,상품
B-1346,2026-05-07 12:00,C동,파프리카,24.0,69.8,546,70.6,1.94,6.1,9.1,15.6,상품
B-1347,2026-05-07 13:12,B동,딸기,25.5,71.3,724,74.9,2.29,5.92,9.8,12.1,상품
B-1348,2026-05-07 14:24,A동,파프리카,25.2,62.1,769,52.1,1.37,5.86,6.5,12.3,상품
B-1349,2026-05-07 15:36,B동,딸기,21.6,66.2,570,63.3,1.37,5.74,10.1,15.3,상품
B-1350,2026-05-07 16:48,C동,토마토,22.2,61.6,543,53.3,2.31,6.02,9.9,10.8,상품
B-1351,2026-05-07 18:00,A동,딸기,22.3,86.5,603,64.8,1.79,6.27,6.6,11.0,등외
B-1352,2026-05-07 19:12,A동,토마토,23.0,60.7,658,60.3,2.01,6.26,5.4,10.6,상품
B-1353,2026-05-07 20:24,A동,파프리카,17.4,54.9,606,56.4,1.61,6.22,6.4,13.5,상품
B-1354,2026-05-07 21:36,A동,파프리카,18.4,74.0,702,60.0,2.3,5.72,9.5,11.1,등외
B-1355,2026-05-07 22:48,A동,딸기,21.2,69.3,759,62.5,2.09,5.73,6.8,16.6,상품
B-1356,2026-05-08 00:00,C동,파프리카,21.4,73.7,551,67.2,2.6,6.11,7.5,10.5,등외
B-1357,2026-05-08 01:12,C동,토마토,24.9,70.2,665,67.4,1.88,5.68,9.8,13.8,상품
B-1358,2026-05-08 02:24,A동,파프리카,26.5,68.3,425,59.0,2.03,6.57,8.4,15.8,상품
B-1359,2026-05-08 03:36,A동,딸기,23.2,67.9,541,54.0,2.3,5.88,9.2,8.4,등외
B-1360,2026-05-08 04:48,B동,파프리카,25.8,72.8,572,52.7,2.04,6.38,7.1,8.3,상품
B-1361,2026-05-08 06:00,A동,딸기,23.5,72.6,661,63.8,1.87,6.06,10.1,11.9,상품
B-1362,2026-05-08 07:12,A동,파프리카,23.6,73.2,753,54.7,2.07,5.93,8.2,11.3,상품
B-1363,2026-05-08 08:24,B동,딸기,22.8,72.7,607,63.0,2.58,6.19,8.1,8.9,등외
B-1364,2026-05-08 09:36,C동,파프리카,23.3,67.0,835,63.8,2.08,6.28,11.6,15.6,상품
B-1365,2026-05-08 10:48,C동,딸기,22.9,60.9,585,52.6,1.72,5.68,7.6,12.6,상품
B-1366,2026-05-08 12:00,A동,파프리카,24.4,65.6,678,55.9,2.12,5.53,9.3,14.0,상품
B-1367,2026-05-08 13:12,B동,토마토,28.9,68.0,491,56.5,2.36,6.12,7.4,14.1,상품
B-1368,2026-05-08 14:24,A동,딸기,21.1,56.0,661,55.4,1.24,5.87,7.2,13.4,상품
B-1369,2026-05-08 15:36,A동,파프리카,22.4,63.8,583,71.3,2.35,5.98,5.5,13.3,상품
B-1370,2026-05-08 16:48,A동,딸기,24.2,73.8,508,74.2,1.66,6.06,8.8,16.1,상품
B-1371,2026-05-08 18:00,B동,파프리카,24.2,68.8,624,65.7,1.65,6.03,6.4,14.2,상품
B-1372,2026-05-08 19:12,A동,딸기,17.6,61.5,625,57.5,2.0,6.11,7.4,13.6,상품
B-1373,2026-05-08 20:24,B동,딸기,23.6,62.1,615,65.4,2.75,5.88,5.3,12.7,상품
B-1374,2026-05-08 21:36,B동,토마토,20.8,70.2,677,58.2,1.99,5.75,9.2,8.2,등외
B-1375,2026-05-08 22:48,C동,토마토,25.2,64.5,754,60.7,2.0,6.12,8.3,15.8,상품
B-1376,2026-05-09 00:00,C동,딸기,22.2,68.2,474,57.5,1.58,5.5,7.6,17.7,상품
B-1377,2026-05-09 01:12,B동,토마토,20.5,59.9,536,71.1,1.25,6.05,5.9,11.7,상품
B-1378,2026-05-09 02:24,A동,파프리카,22.3,57.6,642,64.6,1.91,6.39,7.0,14.9,상품
B-1379,2026-05-09 03:36,C동,파프리카,24.1,57.2,564,67.6,2.22,5.89,6.8,17.3,상품
B-1380,2026-05-09 04:48,C동,파프리카,23.6,81.3,642,57.2,1.8,6.04,8.5,14.2,상품
B-1381,2026-05-09 06:00,C동,딸기,22.1,80.4,759,63.7,1.95,6.12,6.9,10.3,상품
B-1382,2026-05-09 07:12,B동,파프리카,22.3,77.7,637,61.6,2.42,5.93,6.4,17.9,상품
B-1383,2026-05-09 08:24,A동,토마토,24.2,72.6,620,67.4,2.4,6.15,6.6,9.9,상품
B-1384,2026-05-09 09:36,B동,딸기,19.6,59.0,743,57.2,2.25,6.22,5.2,16.7,상품
B-1385,2026-05-09 10:48,C동,토마토,20.4,58.4,650,56.2,1.92,5.99,9.6,9.2,상품
B-1386,2026-05-09 12:00,C동,파프리카,19.4,52.4,665,49.8,2.61,5.81,6.5,14.6,상품
B-1387,2026-05-09 13:12,B동,토마토,22.7,69.7,746,69.4,2.06,6.38,7.1,11.3,상품
B-1388,2026-05-09 14:24,B동,딸기,21.2,54.2,410,62.2,1.89,5.95,8.6,9.3,상품
B-1389,2026-05-09 15:36,B동,토마토,17.5,69.8,739,66.1,2.1,6.22,8.4,10.4,상품
B-1390,2026-05-09 16:48,C동,토마토,22.7,84.5,639,65.5,2.08,6.19,7.1,16.2,상품
B-1391,2026-05-09 18:00,C동,파프리카,20.5,63.4,614,66.9,1.4,6.21,8.0,12.0,상품
B-1392,2026-05-09 19:12,B동,파프리카,23.7,74.0,654,68.3,1.84,6.05,8.4,14.1,상품
B-1393,2026-05-09 20:24,A동,토마토,20.1,58.9,574,64.6,2.26,6.32,5.5,15.6,상품
B-1394,2026-05-09 21:36,B동,파프리카,20.0,77.2,741,66.0,2.05,5.95,4.5,11.6,상품
B-1395,2026-05-09 22:48,C동,토마토,24.6,70.3,591,54.9,1.52,6.43,6.7,16.3,상품
B-1396,2026-05-10 00:00,B동,파프리카,26.4,71.8,717,65.7,1.47,6.15,8.2,11.3,상품
B-1397,2026-05-10 01:12,C동,토마토,18.7,66.9,716,69.3,2.19,6.28,8.2,14.6,상품
B-1398,2026-05-10 02:24,B동,토마토,22.6,80.4,445,63.2,1.77,6.25,7.0,11.6,등외
B-1399,2026-05-10 03:36,C동,딸기,25.7,72.3,628,62.0,2.15,6.15,7.3,16.6,상품
B-1400,2026-05-10 04:48,B동,파프리카,22.8,69.9,706,64.4,2.06,5.93,6.6,13.1,상품
B-1401,2026-05-10 06:00,C동,토마토,23.7,66.6,678,70.4,1.95,5.65,9.2,12.6,상품
B-1402,2026-05-10 07:12,C동,토마토,22.5,62.2,639,55.3,2.11,5.99,5.1,10.9,상품
B-1403,2026-05-10 08:24,A동,토마토,21.5,78.8,604,59.8,2.33,6.08,7.7,13.3,상품
B-1404,2026-05-10 09:36,B동,토마토,22.4,64.1,778,53.7,1.9,5.93,7.5,17.2,상품
B-1405,2026-05-10 10:48,B동,딸기,26.4,75.7,776,53.3,2.39,6.18,6.5,14.6,상품
B-1406,2026-05-10 12:00,A동,토마토,25.1,66.0,717,55.7,2.15,6.18,6.6,13.0,상품
B-1407,2026-05-10 13:12,C동,토마토,23.1,65.6,689,65.4,2.32,6.19,6.5,9.4,상품
B-1408,2026-05-10 14:24,C동,딸기,21.1,69.1,691,60.5,1.84,6.1,9.7,16.6,상품
B-1409,2026-05-10 15:36,A동,토마토,21.5,71.4,651,57.9,1.95,6.06,5.6,13.0,상품
B-1410,2026-05-10 16:48,B동,파프리카,24.1,67.3,671,50.7,1.64,6.06,9.0,13.0,상품
B-1411,2026-05-10 18:00,A동,토마토,20.4,59.0,665,60.7,2.41,6.06,9.4,13.7,상품
B-1412,2026-05-10 19:12,B동,파프리카,23.1,66.2,584,68.2,2.02,5.89,6.1,12.9,상품
B-1413,2026-05-10 20:24,C동,토마토,24.8,64.6,721,67.3,1.39,5.83,7.2,16.1,상품
B-1414,2026-05-10 21:36,B동,딸기,24.6,73.5,686,54.2,2.53,6.5,5.4,9.0,등외
B-1415,2026-05-10 22:48,A동,토마토,20.8,67.1,706,62.2,1.74,5.7,2.8,15.1,상품
B-1416,2026-05-11 00:00,A동,토마토,19.7,70.6,644,63.8,1.67,6.3,7.9,13.1,상품
B-1417,2026-05-11 01:12,A동,딸기,24.4,69.6,533,64.8,1.69,5.85,6.0,16.8,상품
B-1418,2026-05-11 02:24,B동,토마토,18.7,70.7,595,63.7,2.13,6.16,7.0,16.9,상품
B-1419,2026-05-11 03:36,C동,파프리카,27.1,69.7,570,64.9,2.21,6.3,7.9,11.0,상품
B-1420,2026-05-11 04:48,A동,딸기,24.8,79.5,601,57.8,2.15,5.78,5.6,13.6,상품
B-1421,2026-05-11 06:00,A동,토마토,21.7,57.0,550,61.5,1.98,6.22,6.8,11.8,상품
B-1422,2026-05-11 07:12,A동,파프리카,23.3,56.7,591,63.7,1.63,6.33,7.8,13.5,상품
B-1423,2026-05-11 08:24,C동,딸기,22.9,62.0,651,61.2,2.51,6.19,8.8,11.5,상품
B-1424,2026-05-11 09:36,B동,파프리카,23.6,72.1,684,61.9,2.31,6.0,6.4,18.7,상품
B-1425,2026-05-11 10:48,B동,토마토,23.1,59.3,511,65.7,2.39,5.9,6.7,14.3,상품
B-1426,2026-05-11 12:00,C동,파프리카,23.0,73.8,656,62.9,1.65,6.19,8.3,11.4,상품
B-1427,2026-05-11 13:12,A동,딸기,19.6,69.8,576,76.3,2.54,6.18,4.8,13.7,상품
B-1428,2026-05-11 14:24,A동,토마토,21.8,69.7,639,63.9,1.81,6.0,8.3,15.9,상품
B-1429,2026-05-11 15:36,B동,토마토,23.2,80.0,587,58.4,1.94,5.8,8.9,20.0,상품
B-1430,2026-05-11 16:48,B동,토마토,22.4,72.1,694,55.9,1.91,6.1,6.0,15.0,상품
B-1431,2026-05-11 18:00,C동,파프리카,18.9,65.0,608,64.8,1.95,6.6,9.1,16.8,상품
B-1432,2026-05-11 19:12,A동,토마토,24.6,70.5,583,63.7,2.73,6.11,7.3,16.2,상품
B-1433,2026-05-11 20:24,C동,파프리카,23.6,63.3,633,63.4,2.32,6.01,6.3,16.6,상품
B-1434,2026-05-11 21:36,B동,파프리카,17.9,71.7,799,59.9,1.53,6.09,5.4,15.9,상품
B-1435,2026-05-11 22:48,B동,딸기,26.4,70.5,517,62.2,2.22,6.19,9.7,9.0,상품
B-1436,2026-05-12 00:00,A동,파프리카,25.2,72.0,701,61.1,2.2,6.46,9.8,12.6,상품
B-1437,2026-05-12 01:12,B동,파프리카,22.8,81.3,628,70.0,1.29,6.36,8.7,15.0,상품
B-1438,2026-05-12 02:24,B동,파프리카,24.2,58.4,619,58.3,2.14,6.53,7.6,13.7,상품
B-1439,2026-05-12 03:36,C동,파프리카,21.6,62.6,633,65.2,1.85,5.9,9.5,11.6,상품
B-1440,2026-05-12 04:48,A동,딸기,22.4,83.1,639,63.4,1.78,5.79,5.6,14.1,상품
B-1441,2026-05-12 06:00,A동,토마토,24.8,62.3,829,58.4,1.6,6.3,10.1,13.0,상품
B-1442,2026-05-12 07:12,B동,파프리카,22.1,66.7,823,80.5,1.85,6.26,4.8,15.0,상품
B-1443,2026-05-12 08:24,C동,토마토,23.5,65.6,583,67.0,2.41,5.98,7.1,13.2,상품
B-1444,2026-05-12 09:36,C동,딸기,22.1,69.7,749,57.4,2.49,6.08,6.4,14.0,상품
B-1445,2026-05-12 10:48,B동,파프리카,23.0,59.9,665,64.3,2.48,5.92,8.6,12.9,상품
B-1446,2026-05-12 12:00,B동,파프리카,28.0,62.5,494,65.3,2.07,6.34,8.5,13.2,상품
B-1447,2026-05-12 13:12,C동,딸기,19.7,66.9,590,57.1,1.82,6.08,10.7,15.5,상품
B-1448,2026-05-12 14:24,C동,토마토,21.9,73.2,726,69.4,2.02,6.2,5.4,13.7,상품
B-1449,2026-05-12 15:36,A동,딸기,24.4,61.4,515,59.6,2.25,6.25,10.2,11.2,상품
B-1450,2026-05-12 16:48,A동,딸기,23.0,67.7,647,60.9,2.45,6.22,9.8,14.7,상품
B-1451,2026-05-12 18:00,A동,파프리카,23.3,69.8,735,56.0,1.64,6.45,9.5,8.5,상품
B-1452,2026-05-12 19:12,C동,파프리카,24.3,69.7,854,61.8,1.94,6.22,7.8,17.5,상품
B-1453,2026-05-12 20:24,B동,딸기,22.3,76.2,690,67.3,1.65,6.04,7.7,10.2,등외
B-1454,2026-05-12 21:36,A동,파프리카,20.3,50.0,668,62.1,1.95,5.91,6.3,13.4,상품
B-1455,2026-05-12 22:48,A동,딸기,21.3,68.1,659,68.6,2.54,6.28,5.7,16.9,상품
B-1456,2026-05-13 00:00,A동,파프리카,21.6,71.3,861,59.0,1.96,6.21,8.8,11.5,상품
B-1457,2026-05-13 01:12,B동,파프리카,23.2,63.2,605,67.5,1.7,6.06,9.8,11.0,상품
B-1458,2026-05-13 02:24,B동,토마토,25.0,64.6,590,50.8,1.95,6.23,8.9,12.2,상품
B-1459,2026-05-13 03:36,C동,파프리카,22.6,53.5,687,54.3,2.23,6.38,8.4,14.3,상품
B-1460,2026-05-13 04:48,C동,토마토,20.5,67.0,573,58.5,1.97,5.69,6.6,12.0,상품
B-1461,2026-05-13 06:00,C동,토마토,26.0,66.7,538,58.8,2.21,6.0,6.7,11.3,상품
B-1462,2026-05-13 07:12,A동,딸기,22.6,72.2,711,57.1,2.17,6.61,4.3,15.3,상품
B-1463,2026-05-13 08:24,B동,토마토,26.1,57.1,520,59.3,1.82,6.01,6.9,16.5,상품
B-1464,2026-05-13 09:36,A동,딸기,16.2,76.4,705,60.3,1.73,6.3,8.3,11.4,상품
B-1465,2026-05-13 10:48,C동,딸기,25.4,64.3,553,70.2,2.58,6.27,6.6,13.1,상품
B-1466,2026-05-13 12:00,A동,파프리카,27.9,64.9,723,57.5,2.25,5.78,5.8,12.9,상품
B-1467,2026-05-13 13:12,A동,파프리카,22.0,75.1,557,62.2,1.93,6.16,8.5,12.8,상품
B-1468,2026-05-13 14:24,A동,토마토,22.4,66.4,600,59.8,2.04,5.94,12.0,12.7,상품
B-1469,2026-05-13 15:36,B동,파프리카,23.2,67.1,558,58.8,2.18,6.03,3.8,15.0,상품
B-1470,2026-05-13 16:48,A동,파프리카,22.8,63.0,695,57.9,1.93,6.34,5.8,11.2,상품
B-1471,2026-05-13 18:00,B동,딸기,21.5,68.6,668,67.0,2.24,5.85,9.5,14.8,상품
B-1472,2026-05-13 19:12,C동,토마토,21.8,72.0,672,60.9,1.61,6.2,11.5,14.7,상품
B-1473,2026-05-13 20:24,A동,토마토,22.1,70.0,673,63.0,1.25,6.6,5.5,14.4,상품
B-1474,2026-05-13 21:36,A동,딸기,20.1,77.6,697,66.3,2.14,6.24,8.0,16.8,상품
B-1475,2026-05-13 22:48,B동,파프리카,24.9,74.8,573,69.7,1.74,6.53,7.4,10.4,등외
B-1476,2026-05-14 00:00,B동,토마토,26.0,67.3,663,70.6,2.02,6.08,4.2,13.9,상품
B-1477,2026-05-14 01:12,B동,딸기,22.8,79.2,607,58.8,2.06,6.28,6.7,13.7,상품
B-1478,2026-05-14 02:24,A동,파프리카,26.7,60.6,549,63.4,1.47,6.4,6.6,13.5,상품
B-1479,2026-05-14 03:36,C동,토마토,25.1,60.2,710,61.9,2.2,6.38,8.1,12.7,상품
B-1480,2026-05-14 04:48,C동,딸기,26.7,67.1,696,63.7,2.01,6.31,7.7,13.5,상품
B-1481,2026-05-14 06:00,A동,딸기,20.9,57.3,634,73.3,1.36,5.38,7.0,14.6,상품
B-1482,2026-05-14 07:12,B동,딸기,23.7,56.4,718,57.4,1.53,6.58,11.8,14.5,상품
B-1483,2026-05-14 08:24,B동,딸기,20.1,78.1,611,68.1,2.36,5.8,5.1,13.8,상품
B-1484,2026-05-14 09:36,A동,파프리카,24.6,70.9,562,62.7,2.08,6.22,7.9,11.5,상품
B-1485,2026-05-14 10:48,A동,토마토,21.1,71.1,565,58.0,2.09,6.15,6.9,13.7,상품
B-1486,2026-05-14 12:00,C동,파프리카,24.6,81.6,800,51.1,2.55,6.11,7.1,14.1,상품
B-1487,2026-05-14 13:12,A동,딸기,22.2,68.0,735,74.3,1.87,6.17,7.7,10.4,상품
B-1488,2026-05-14 14:24,A동,토마토,23.0,84.2,717,58.0,2.01,6.32,10.4,11.4,상품
B-1489,2026-05-14 15:36,C동,토마토,25.1,75.7,696,61.0,1.11,5.88,6.9,14.3,상품
B-1490,2026-05-14 16:48,A동,딸기,22.8,68.0,627,55.2,2.37,6.46,9.3,11.4,상품
B-1491,2026-05-14 18:00,C동,파프리카,22.5,62.8,635,62.4,2.48,6.23,7.7,16.4,상품
B-1492,2026-05-14 19:12,C동,토마토,22.4,72.8,613,61.1,2.16,6.16,7.6,13.4,상품
B-1493,2026-05-14 20:24,C동,토마토,20.9,53.6,643,64.2,2.23,6.19,8.7,12.4,상품
B-1494,2026-05-14 21:36,C동,토마토,20.4,73.4,799,72.2,2.33,5.82,9.2,12.4,상품
B-1495,2026-05-14 22:48,C동,파프리카,22.0,65.3,679,72.9,1.9,6.28,9.9,17.2,상품
B-1496,2026-05-15 00:00,B동,파프리카,25.7,62.9,695,60.3,1.95,6.29,8.9,14.0,상품
B-1497,2026-05-15 01:12,A동,파프리카,22.2,73.4,599,61.5,2.12,6.13,5.7,12.5,상품
B-1498,2026-05-15 02:24,B동,딸기,25.2,74.7,750,56.8,1.74,6.31,5.9,9.0,상품
B-1499,2026-05-15 03:36,A동,파프리카,24.9,69.6,729,61.6,2.99,6.29,5.5,11.7,상품
B-1500,2026-05-15 04:48,C동,딸기,24.1,76.4,680,63.4,1.66,6.74,7.2,10.2,등외
B-1501,2026-05-15 06:00,A동,토마토,24.2,67.0,609,73.0,1.68,6.03,5.4,17.9,상품
B-1502,2026-05-15 07:12,C동,토마토,23.2,62.4,796,77.7,2.19,6.06,8.3,16.8,상품
B-1503,2026-05-15 08:24,B동,토마토,24.1,63.1,685,47.9,2.36,5.94,10.5,16.3,상품
B-1504,2026-05-15 09:36,A동,딸기,24.1,66.8,561,55.3,1.41,5.83,7.5,14.5,상품
B-1505,2026-05-15 10:48,B동,딸기,25.0,74.2,840,65.0,2.44,5.82,5.5,13.7,상품
B-1506,2026-05-15 12:00,A동,토마토,19.8,73.6,699,62.0,1.56,5.95,5.4,15.7,상품
B-1507,2026-05-15 13:12,C동,딸기,26.0,64.3,682,60.3,1.85,6.06,7.6,14.1,상품
B-1508,2026-05-15 14:24,A동,파프리카,24.5,61.9,736,63.0,1.77,6.39,7.8,14.1,상품
B-1509,2026-05-15 15:36,B동,딸기,25.3,73.5,756,72.9,2.09,5.6,9.8,14.8,상품
B-1510,2026-05-15 16:48,B동,딸기,24.2,61.5,547,64.1,1.75,6.09,7.2,14.5,상품
B-1511,2026-05-15 18:00,B동,파프리카,21.7,74.5,606,65.3,2.25,6.09,7.7,8.8,등외
B-1512,2026-05-15 19:12,A동,딸기,25.2,76.2,548,59.7,1.93,6.24,8.7,14.3,상품
B-1513,2026-05-15 20:24,C동,토마토,23.3,63.1,776,53.9,1.94,5.71,6.3,13.7,상품
B-1514,2026-05-15 21:36,B동,토마토,23.3,66.0,867,67.8,2.51,5.99,6.4,12.7,상품
B-1515,2026-05-15 22:48,A동,딸기,24.0,67.5,665,63.4,1.44,6.06,6.2,13.8,상품
B-1516,2026-05-16 00:00,B동,파프리카,20.0,71.8,639,57.0,2.03,6.44,7.3,12.2,상품
B-1517,2026-05-16 01:12,C동,파프리카,22.1,69.2,795,66.9,2.2,6.21,8.2,14.8,상품
B-1518,2026-05-16 02:24,B동,딸기,22.4,67.9,624,62.8,2.06,5.99,7.9,13.9,상품
B-1519,2026-05-16 03:36,A동,파프리카,22.9,55.3,555,63.9,1.34,6.09,7.4,15.0,상품
B-1520,2026-05-16 04:48,A동,딸기,25.8,77.4,813,58.1,1.75,5.9,5.9,11.6,상품
B-1521,2026-05-16 06:00,A동,토마토,22.0,57.3,747,63.1,1.69,5.93,6.0,14.0,상품
B-1522,2026-05-16 07:12,B동,딸기,23.4,72.8,659,59.6,1.87,6.15,8.9,9.5,상품
B-1523,2026-05-16 08:24,B동,파프리카,22.9,66.6,651,52.2,1.88,5.99,6.6,13.6,상품
B-1524,2026-05-16 09:36,A동,파프리카,23.2,67.9,841,65.1,2.15,6.21,7.9,16.1,상품
B-1525,2026-05-16 10:48,C동,파프리카,21.2,73.1,580,67.1,2.15,5.94,7.1,11.6,상품
B-1526,2026-05-16 12:00,A동,파프리카,26.9,79.7,827,65.3,2.04,5.7,10.9,15.0,상품
B-1527,2026-05-16 13:12,C동,파프리카,23.6,65.3,605,64.9,2.31,5.81,6.3,12.6,상품
B-1528,2026-05-16 14:24,C동,토마토,24.3,71.7,712,62.7,2.12,6.12,7.3,14.0,상품
B-1529,2026-05-16 15:36,B동,토마토,20.4,77.9,713,60.8,1.64,6.63,8.2,12.9,상품
B-1530,2026-05-16 16:48,A동,파프리카,24.1,66.0,769,65.4,2.21,5.72,3.4,15.9,상품
B-1531,2026-05-16 18:00,B동,딸기,18.8,69.1,691,61.7,1.74,5.66,8.8,7.8,등외
B-1532,2026-05-16 19:12,A동,딸기,22.1,77.5,656,63.6,2.24,5.73,7.7,14.1,상품
B-1533,2026-05-16 20:24,A동,토마토,22.0,67.3,809,57.1,2.15,6.11,7.1,13.5,상품
B-1534,2026-05-16 21:36,B동,파프리카,23.7,76.3,806,60.1,2.09,6.43,8.6,13.1,상품
B-1535,2026-05-16 22:48,B동,딸기,22.2,78.1,589,71.0,1.97,5.93,5.3,13.5,상품
B-1536,2026-05-17 00:00,B동,파프리카,22.5,66.7,773,59.9,1.81,6.2,6.9,12.6,상품
B-1537,2026-05-17 01:12,A동,딸기,20.2,73.5,569,68.5,1.85,6.23,6.6,13.9,상품
B-1538,2026-05-17 02:24,C동,딸기,26.2,65.5,548,71.7,2.36,6.01,7.7,11.1,상품
B-1539,2026-05-17 03:36,B동,파프리카,25.9,70.4,692,55.5,2.26,5.6,5.9,10.3,상품
B-1540,2026-05-17 04:48,A동,파프리카,18.5,66.7,688,49.5,2.11,6.16,5.5,15.3,상품
B-1541,2026-05-17 06:00,C동,파프리카,22.3,62.4,605,52.7,1.7,6.15,8.4,12.3,상품
B-1542,2026-05-17 07:12,A동,토마토,21.1,73.5,594,67.7,1.91,5.98,7.0,15.2,상품
B-1543,2026-05-17 08:24,A동,파프리카,21.6,60.0,634,65.1,1.84,6.29,7.5,15.6,상품
B-1544,2026-05-17 09:36,A동,딸기,24.0,66.3,871,61.8,2.21,5.84,8.0,13.2,상품
B-1545,2026-05-17 10:48,A동,파프리카,25.6,54.0,714,67.9,1.63,6.34,7.9,10.3,상품
B-1546,2026-05-17 12:00,C동,토마토,22.6,71.5,509,62.6,2.19,6.03,5.6,13.8,상품
B-1547,2026-05-17 13:12,B동,토마토,21.0,65.4,687,59.9,1.61,5.81,7.5,15.1,상품
B-1548,2026-05-17 14:24,B동,파프리카,20.9,58.2,757,66.2,2.12,6.59,7.5,10.9,상품
B-1549,2026-05-17 15:36,B동,토마토,19.7,72.4,960,65.2,2.4,6.09,6.0,10.9,상품
B-1550,2026-05-17 16:48,A동,딸기,19.5,62.3,781,61.8,2.81,6.36,7.7,14.7,상품
B-1551,2026-05-17 18:00,B동,토마토,21.4,64.1,693,73.6,1.95,5.75,6.0,9.9,상품
B-1552,2026-05-17 19:12,A동,토마토,20.4,62.8,853,66.4,1.56,5.73,6.4,11.4,상품
B-1553,2026-05-17 20:24,C동,토마토,29.4,57.5,646,58.6,2.19,5.8,6.6,13.8,상품
B-1554,2026-05-17 21:36,A동,파프리카,24.2,65.8,612,64.0,1.97,6.07,7.7,15.1,상품
B-1555,2026-05-17 22:48,B동,파프리카,23.4,64.4,884,66.8,1.29,6.03,6.5,14.3,상품
B-1556,2026-05-18 00:00,C동,토마토,18.0,75.4,608,70.8,2.19,6.19,7.3,14.5,상품
B-1557,2026-05-18 01:12,B동,딸기,22.7,70.8,764,55.2,2.04,6.0,10.7,14.9,상품
B-1558,2026-05-18 02:24,C동,토마토,20.8,73.1,605,57.6,2.35,5.71,7.8,10.2,등외
B-1559,2026-05-18 03:36,C동,파프리카,22.5,70.3,592,59.2,2.08,6.06,7.1,12.6,상품
B-1560,2026-05-18 04:48,B동,토마토,18.5,69.4,549,60.0,1.65,6.2,5.5,17.2,상품
B-1561,2026-05-18 06:00,A동,딸기,20.0,65.0,773,72.6,2.35,6.28,8.4,15.4,상품
B-1562,2026-05-18 07:12,A동,파프리카,22.5,68.0,559,69.9,2.08,5.96,4.2,12.3,상품
B-1563,2026-05-18 08:24,B동,딸기,21.6,68.7,669,61.4,1.64,6.43,4.6,14.2,상품
B-1564,2026-05-18 09:36,B동,토마토,20.9,65.6,630,70.0,2.38,6.34,6.5,8.2,등외
B-1565,2026-05-18 10:48,B동,딸기,21.4,74.4,688,61.8,1.44,6.59,8.2,18.6,상품
B-1566,2026-05-18 12:00,B동,파프리카,24.2,73.9,713,68.4,2.2,5.89,4.2,9.8,상품
B-1567,2026-05-18 13:12,A동,딸기,23.1,57.2,573,65.3,1.97,5.95,6.9,15.0,상품
B-1568,2026-05-18 14:24,C동,토마토,21.1,63.6,648,65.9,1.78,5.34,8.5,15.1,상품
B-1569,2026-05-18 15:36,C동,딸기,28.0,68.7,630,65.8,1.89,6.18,10.0,13.2,상품
B-1570,2026-05-18 16:48,C동,토마토,21.4,68.9,689,64.0,2.32,5.66,8.1,17.1,상품
B-1571,2026-05-18 18:00,B동,딸기,24.6,64.9,613,58.9,2.55,6.49,6.2,14.8,상품
B-1572,2026-05-18 19:12,B동,토마토,21.7,72.9,598,62.7,1.96,6.51,9.4,16.4,상품
B-1573,2026-05-18 20:24,A동,딸기,17.1,65.7,703,73.0,1.41,6.09,7.6,15.2,상품
B-1574,2026-05-18 21:36,C동,딸기,24.8,68.8,636,62.3,2.78,6.13,8.1,11.9,등외
B-1575,2026-05-18 22:48,C동,파프리카,21.8,66.0,518,63.4,2.16,6.25,7.9,12.7,상품
B-1576,2026-05-19 00:00,A동,파프리카,24.9,73.7,492,57.5,1.55,6.58,8.6,13.4,상품
B-1577,2026-05-19 01:12,C동,토마토,24.0,65.7,687,63.3,2.2,6.36,10.6,10.5,상품
B-1578,2026-05-19 02:24,A동,토마토,24.4,73.3,762,58.3,1.65,6.08,10.2,11.6,상품
B-1579,2026-05-19 03:36,B동,딸기,22.7,67.2,637,51.7,1.63,5.89,8.3,15.2,상품
B-1580,2026-05-19 04:48,A동,파프리카,22.1,69.6,570,66.3,2.29,6.06,10.3,14.9,상품
B-1581,2026-05-19 06:00,C동,딸기,20.1,69.1,588,56.9,2.75,5.58,7.6,14.7,상품
B-1582,2026-05-19 07:12,A동,파프리카,19.7,58.0,713,55.0,1.49,6.15,5.0,13.1,상품
B-1583,2026-05-19 08:24,B동,파프리카,22.7,72.3,714,66.4,2.02,6.11,8.9,17.2,상품
B-1584,2026-05-19 09:36,A동,딸기,24.1,63.6,606,61.4,1.98,5.8,4.9,14.4,상품
B-1585,2026-05-19 10:48,B동,파프리카,20.4,65.4,556,65.0,2.4,6.02,9.9,13.4,상품
B-1586,2026-05-19 12:00,B동,딸기,22.6,76.4,590,69.1,2.04,5.87,7.6,15.8,상품
B-1587,2026-05-19 13:12,B동,딸기,22.9,68.8,729,63.1,2.13,6.25,6.2,13.0,상품
B-1588,2026-05-19 14:24,A동,딸기,22.8,60.9,673,63.9,2.03,5.78,9.4,13.5,상품
B-1589,2026-05-19 15:36,B동,토마토,23.5,64.2,599,64.4,1.6,6.31,9.6,13.4,상품
B-1590,2026-05-19 16:48,B동,토마토,22.3,62.6,720,54.5,1.8,6.07,9.9,14.0,상품
B-1591,2026-05-19 18:00,C동,딸기,23.0,72.7,503,67.3,2.17,6.31,6.9,15.1,상품
B-1592,2026-05-19 19:12,C동,딸기,23.5,60.5,740,61.7,2.04,6.31,10.7,13.1,상품
B-1593,2026-05-19 20:24,B동,토마토,21.9,67.1,736,62.8,2.11,6.23,7.7,10.1,상품
B-1594,2026-05-19 21:36,B동,토마토,24.0,67.9,483,55.0,1.63,6.1,6.8,13.7,상품
B-1595,2026-05-19 22:48,A동,딸기,20.8,66.4,619,60.1,1.46,5.96,7.4,10.3,상품
B-1596,2026-05-20 00:00,A동,파프리카,20.1,53.3,619,70.3,1.8,5.94,3.7,15.0,상품
B-1597,2026-05-20 01:12,A동,딸기,21.6,58.2,516,61.9,2.32,5.91,8.0,15.3,상품
B-1598,2026-05-20 02:24,A동,토마토,21.6,79.5,597,63.2,2.42,6.23,6.8,13.6,상품
B-1599,2026-05-20 03:36,C동,딸기,23.5,76.3,706,59.6,1.95,6.24,4.7,8.2,등외
B-1600,2026-05-20 04:48,B동,딸기,24.9,70.9,729,53.8,1.37,5.85,7.2,13.8,상품
B-1601,2026-05-20 06:00,C동,딸기,21.2,58.7,584,67.9,2.37,6.22,6.6,12.0,상품
B-1602,2026-05-20 07:12,A동,파프리카,20.4,58.7,807,69.5,1.64,6.44,8.1,12.5,상품
B-1603,2026-05-20 08:24,A동,파프리카,26.0,74.2,702,68.5,2.25,5.64,8.8,12.1,상품
B-1604,2026-05-20 09:36,C동,토마토,23.1,54.6,547,60.8,1.86,5.46,6.2,18.6,상품
B-1605,2026-05-20 10:48,B동,파프리카,24.6,66.3,589,53.7,2.17,6.35,5.6,11.2,상품
B-1606,2026-05-20 12:00,A동,토마토,24.9,65.8,581,61.8,2.35,6.03,11.1,11.7,상품
B-1607,2026-05-20 13:12,A동,파프리카,22.1,55.4,586,67.7,1.95,6.19,8.5,13.4,상품
B-1608,2026-05-20 14:24,C동,파프리카,20.0,75.9,541,57.9,2.21,6.11,11.0,14.0,상품
B-1609,2026-05-20 15:36,B동,토마토,24.0,73.9,827,57.7,2.66,5.74,9.2,13.7,상품
B-1610,2026-05-20 16:48,B동,파프리카,21.9,77.9,745,59.3,2.48,6.0,7.7,13.0,상품
B-1611,2026-05-20 18:00,B동,딸기,18.5,66.6,725,54.4,1.97,5.81,9.4,12.8,상품
B-1612,2026-05-20 19:12,B동,토마토,20.8,67.1,761,51.4,2.64,5.97,7.3,11.2,상품
B-1613,2026-05-20 20:24,A동,토마토,23.5,59.3,759,60.5,2.42,6.1,8.0,16.8,상품
B-1614,2026-05-20 21:36,B동,딸기,20.9,76.4,719,51.4,1.97,6.34,6.0,16.4,상품
B-1615,2026-05-20 22:48,B동,딸기,21.6,74.4,659,52.0,2.0,6.27,10.9,10.1,상품
B-1616,2026-05-21 00:00,B동,딸기,21.5,68.2,583,55.2,1.69,6.0,7.8,15.0,상품
B-1617,2026-05-21 01:12,B동,토마토,27.0,78.3,626,53.5,1.11,6.14,5.6,14.8,상품
B-1618,2026-05-21 02:24,C동,토마토,23.6,61.4,657,58.1,2.27,6.12,9.7,15.6,상품
B-1619,2026-05-21 03:36,A동,토마토,25.8,75.4,600,59.6,2.62,5.93,6.8,10.4,등외
B-1620,2026-05-21 04:48,A동,토마토,22.1,70.6,598,61.7,1.83,5.97,6.3,12.0,상품
B-1621,2026-05-21 06:00,B동,토마토,22.4,65.4,659,60.1,2.12,6.4,8.3,13.4,상품
B-1622,2026-05-21 07:12,C동,토마토,25.4,57.5,613,73.4,1.53,6.34,6.3,16.2,상품
B-1623,2026-05-21 08:24,B동,파프리카,25.1,74.1,604,62.1,1.95,6.23,6.1,15.0,상품
B-1624,2026-05-21 09:36,C동,토마토,23.3,57.9,565,59.6,1.68,6.14,9.1,16.0,상품
B-1625,2026-05-21 10:48,A동,딸기,25.9,70.3,637,54.8,2.04,6.32,3.2,17.7,상품
B-1626,2026-05-21 12:00,A동,토마토,20.3,69.1,603,61.6,1.36,5.92,7.5,12.7,상품
B-1627,2026-05-21 13:12,A동,파프리카,20.4,79.8,637,68.3,1.59,5.95,8.4,16.2,상품
B-1628,2026-05-21 14:24,C동,파프리카,20.3,55.7,818,61.5,1.82,6.69,5.8,15.0,상품
B-1629,2026-05-21 15:36,C동,딸기,23.8,66.4,539,65.0,2.13,6.89,9.2,10.3,상품
B-1630,2026-05-21 16:48,C동,토마토,25.8,60.7,755,55.6,2.39,5.79,4.8,14.0,상품
B-1631,2026-05-21 18:00,B동,토마토,18.8,70.5,620,56.5,1.8,6.34,5.6,15.9,상품
B-1632,2026-05-21 19:12,C동,토마토,22.9,61.6,698,58.9,1.46,6.3,6.3,14.6,상품
B-1633,2026-05-21 20:24,B동,토마토,20.8,62.4,683,60.4,1.9,6.12,8.0,9.6,상품
B-1634,2026-05-21 21:36,B동,딸기,24.2,68.7,702,59.8,1.84,6.09,7.9,12.4,상품
B-1635,2026-05-21 22:48,C동,파프리카,21.4,66.3,683,71.2,1.91,5.95,7.4,13.7,상품
B-1636,2026-05-22 00:00,B동,토마토,22.9,67.9,562,56.8,2.41,6.37,6.0,12.3,상품
B-1637,2026-05-22 01:12,B동,파프리카,24.7,64.1,712,67.2,2.14,5.7,7.6,10.8,상품
B-1638,2026-05-22 02:24,C동,토마토,22.4,73.2,481,62.1,1.91,5.97,5.9,11.5,상품
B-1639,2026-05-22 03:36,C동,토마토,23.5,69.6,799,67.1,1.33,5.94,6.6,13.3,상품
B-1640,2026-05-22 04:48,B동,파프리카,23.0,62.7,651,52.0,2.2,6.3,6.2,9.5,상품
B-1641,2026-05-22 06:00,B동,파프리카,22.7,67.1,808,70.7,1.82,6.15,7.9,9.9,상품
B-1642,2026-05-22 07:12,C동,토마토,20.7,67.1,651,64.5,2.2,6.25,9.2,16.8,상품
B-1643,2026-05-22 08:24,C동,파프리카,24.4,65.1,689,59.3,2.04,5.99,5.9,12.4,상품
B-1644,2026-05-22 09:36,C동,토마토,22.1,65.1,565,61.8,2.46,5.79,5.3,13.5,상품
B-1645,2026-05-22 10:48,A동,파프리카,22.1,78.6,638,74.8,1.79,5.93,6.1,12.2,상품
B-1646,2026-05-22 12:00,A동,토마토,22.4,62.4,781,56.3,2.54,6.38,7.7,10.9,상품
B-1647,2026-05-22 13:12,B동,딸기,20.7,73.1,623,72.0,2.36,5.95,8.7,8.7,등외
B-1648,2026-05-22 14:24,C동,토마토,21.5,63.8,570,62.6,2.17,6.15,6.3,13.6,상품
B-1649,2026-05-22 15:36,C동,파프리카,21.7,70.5,648,64.7,1.79,5.67,8.1,11.5,상품
B-1650,2026-05-22 16:48,C동,파프리카,22.5,68.5,637,68.4,1.89,5.4,7.7,19.1,상품
B-1651,2026-05-22 18:00,A동,딸기,25.6,74.7,664,63.1,1.71,6.46,4.3,16.5,상품
B-1652,2026-05-22 19:12,C동,파프리카,22.1,65.8,666,65.7,2.38,5.95,8.9,13.9,상품
B-1653,2026-05-22 20:24,A동,파프리카,25.1,71.1,689,62.3,1.79,6.11,8.0,9.9,상품
B-1654,2026-05-22 21:36,A동,딸기,25.4,72.6,654,70.4,2.06,5.88,8.7,13.6,상품
B-1655,2026-05-22 22:48,B동,파프리카,20.7,62.3,605,63.3,2.36,6.28,6.8,12.1,상품
B-1656,2026-05-23 00:00,C동,파프리카,23.2,68.3,612,62.1,2.14,5.87,9.9,10.8,상품
B-1657,2026-05-23 01:12,A동,딸기,20.1,60.6,730,64.1,1.95,6.21,5.3,10.5,상품
B-1658,2026-05-23 02:24,B동,토마토,21.0,81.6,841,61.7,1.81,6.19,7.8,9.0,등외
B-1659,2026-05-23 03:36,B동,토마토,22.9,69.4,621,56.7,1.62,6.07,8.4,13.5,상품
B-1660,2026-05-23 04:48,B동,토마토,20.7,70.8,690,70.2,1.64,6.1,5.8,14.2,상품
B-1661,2026-05-23 06:00,B동,파프리카,23.8,72.5,565,63.3,2.71,5.96,9.2,16.2,상품
B-1662,2026-05-23 07:12,C동,파프리카,20.6,65.6,647,58.3,1.84,5.74,4.7,16.4,상품
B-1663,2026-05-23 08:24,B동,토마토,22.5,61.1,621,52.4,1.55,6.09,9.0,16.0,상품
B-1664,2026-05-23 09:36,B동,파프리카,20.0,62.6,674,56.6,2.03,6.4,8.4,12.9,상품
B-1665,2026-05-23 10:48,B동,딸기,18.5,77.3,530,66.2,1.92,6.34,7.1,18.3,상품
B-1666,2026-05-23 12:00,A동,딸기,20.8,68.0,675,60.7,2.93,6.04,9.8,14.2,상품
B-1667,2026-05-23 13:12,B동,파프리카,23.8,66.2,393,59.0,1.79,6.32,9.0,9.1,등외
B-1668,2026-05-23 14:24,C동,토마토,21.9,62.0,819,55.7,1.95,6.28,7.9,13.1,상품
B-1669,2026-05-23 15:36,B동,토마토,22.2,70.6,697,68.3,1.7,6.49,6.8,12.8,상품
B-1670,2026-05-23 16:48,A동,딸기,22.6,66.4,548,66.9,1.48,6.12,7.7,9.9,등외
B-1671,2026-05-23 18:00,A동,딸기,24.2,61.8,676,72.7,2.38,5.91,7.4,11.5,상품
B-1672,2026-05-23 19:12,B동,토마토,21.8,66.7,703,59.3,1.97,6.24,4.2,12.7,상품
B-1673,2026-05-23 20:24,A동,토마토,24.8,73.1,642,66.6,1.74,5.98,5.9,14.6,상품
B-1674,2026-05-23 21:36,A동,토마토,26.1,79.0,664,58.2,2.22,6.3,6.2,12.6,상품
B-1675,2026-05-23 22:48,C동,파프리카,21.8,65.4,664,58.0,1.43,6.18,8.3,17.4,상품
B-1676,2026-05-24 00:00,B동,파프리카,23.5,56.8,797,65.8,1.81,5.44,8.9,17.7,상품
B-1677,2026-05-24 01:12,C동,파프리카,22.6,69.7,588,58.7,2.24,5.45,8.4,11.4,상품
B-1678,2026-05-24 02:24,B동,딸기,20.3,59.7,694,51.4,1.46,6.14,9.0,15.7,상품
B-1679,2026-05-24 03:36,A동,토마토,22.8,68.3,756,60.9,2.11,6.18,9.0,11.5,상품
B-1680,2026-05-24 04:48,A동,파프리카,23.2,62.5,622,68.8,1.96,6.09,8.7,16.1,상품
B-1681,2026-05-24 06:00,B동,파프리카,21.1,67.8,449,58.4,1.98,5.92,6.3,16.9,상품
B-1682,2026-05-24 07:12,B동,토마토,22.7,71.4,840,63.2,1.87,6.16,5.7,14.4,상품
B-1683,2026-05-24 08:24,A동,파프리카,21.3,76.5,752,61.0,1.7,6.16,5.8,13.9,상품
B-1684,2026-05-24 09:36,A동,토마토,24.0,61.2,637,54.5,1.53,6.08,10.8,13.1,상품
B-1685,2026-05-24 10:48,B동,딸기,20.1,59.9,608,56.7,1.89,6.06,6.1,12.4,상품
B-1686,2026-05-24 12:00,C동,파프리카,26.8,65.7,734,53.5,1.97,6.02,9.3,11.5,상품
B-1687,2026-05-24 13:12,A동,파프리카,22.0,69.3,622,60.9,2.14,5.68,7.8,13.8,상품
B-1688,2026-05-24 14:24,C동,딸기,23.4,67.3,662,68.7,1.64,5.73,6.5,8.6,상품
B-1689,2026-05-24 15:36,C동,토마토,22.7,58.6,785,61.6,2.85,5.79,10.3,14.3,상품
B-1690,2026-05-24 16:48,B동,딸기,27.5,65.9,817,63.6,1.98,5.88,8.2,16.6,상품
B-1691,2026-05-24 18:00,C동,토마토,21.1,69.3,647,62.7,1.49,5.95,6.3,16.0,상품
B-1692,2026-05-24 19:12,A동,파프리카,25.8,67.0,770,67.3,1.96,6.56,9.4,13.1,상품
B-1693,2026-05-24 20:24,A동,파프리카,23.7,60.5,553,57.2,1.71,5.46,7.3,12.8,상품
B-1694,2026-05-24 21:36,A동,파프리카,19.3,71.0,702,59.9,1.97,5.86,5.4,20.4,상품
B-1695,2026-05-24 22:48,C동,토마토,21.8,63.0,586,61.3,2.37,6.16,9.4,13.7,상품
B-1696,2026-05-25 00:00,C동,딸기,25.5,66.2,610,67.7,1.99,5.71,9.0,11.7,상품
B-1697,2026-05-25 01:12,B동,딸기,21.8,64.2,504,61.7,1.88,5.64,5.1,18.0,상품
B-1698,2026-05-25 02:24,B동,파프리카,19.6,66.4,660,59.6,2.24,6.37,5.7,9.2,상품
B-1699,2026-05-25 03:36,B동,딸기,24.9,67.2,568,60.7,1.92,6.42,8.4,13.3,상품
B-1700,2026-05-25 04:48,A동,딸기,19.4,73.6,712,51.6,1.94,6.32,10.7,9.7,상품
B-1701,2026-05-25 06:00,C동,토마토,19.2,68.4,538,61.7,1.91,5.78,5.9,12.6,상품
B-1702,2026-05-25 07:12,A동,파프리카,30.1,64.2,612,58.3,1.67,6.46,6.3,13.2,상품
B-1703,2026-05-25 08:24,B동,파프리카,22.3,63.3,495,67.5,1.74,6.29,8.2,7.9,등외
B-1704,2026-05-25 09:36,A동,파프리카,23.0,51.8,709,57.2,1.61,6.26,9.5,11.5,상품
B-1705,2026-05-25 10:48,C동,파프리카,25.1,82.6,578,71.5,1.48,6.02,6.7,14.7,등외
B-1706,2026-05-25 12:00,B동,토마토,23.0,64.6,657,61.3,1.99,5.92,6.8,11.4,상품
B-1707,2026-05-25 13:12,A동,토마토,19.6,65.1,707,66.9,1.67,5.95,5.7,17.2,상품
B-1708,2026-05-25 14:24,C동,파프리카,22.1,69.8,603,60.5,2.11,5.82,9.1,16.8,상품
B-1709,2026-05-25 15:36,B동,토마토,23.0,71.6,504,57.4,1.02,6.38,7.9,11.9,등외
B-1710,2026-05-25 16:48,A동,토마토,24.8,61.5,613,62.1,1.85,6.09,10.4,14.6,상품
B-1711,2026-05-25 18:00,B동,딸기,22.9,79.6,515,57.8,2.21,6.04,7.8,13.3,상품
B-1712,2026-05-25 19:12,C동,딸기,22.3,80.8,605,60.2,1.71,6.14,4.7,15.8,상품
B-1713,2026-05-25 20:24,A동,딸기,25.7,68.0,662,55.8,1.83,5.75,11.5,12.5,상품
B-1714,2026-05-25 21:36,C동,딸기,22.0,74.4,547,61.6,2.06,6.09,9.4,17.8,상품
B-1715,2026-05-25 22:48,C동,파프리카,23.7,72.4,863,62.6,2.33,6.59,7.5,10.2,상품
B-1716,2026-05-26 00:00,C동,파프리카,18.9,63.0,545,57.8,2.24,5.69,9.7,13.1,상품
B-1717,2026-05-26 01:12,B동,딸기,25.1,61.7,515,62.4,1.73,5.95,7.6,14.5,상품
B-1718,2026-05-26 02:24,C동,파프리카,22.9,62.3,628,59.8,1.28,6.35,11.5,18.1,상품
B-1719,2026-05-26 03:36,C동,딸기,26.2,62.7,533,77.0,1.96,6.31,7.5,13.3,상품
B-1720,2026-05-26 04:48,B동,파프리카,23.4,73.8,661,59.4,2.14,5.81,8.2,12.8,상품
B-1721,2026-05-26 06:00,A동,딸기,24.9,65.1,642,58.7,2.54,5.9,7.3,14.8,상품
B-1722,2026-05-26 07:12,B동,파프리카,22.7,56.4,700,58.8,2.25,5.94,8.9,10.4,상품
B-1723,2026-05-26 08:24,C동,토마토,26.2,71.4,707,67.3,1.92,6.43,5.8,11.7,상품
B-1724,2026-05-26 09:36,C동,토마토,24.9,62.9,606,60.9,1.89,6.25,9.0,8.3,상품
B-1725,2026-05-26 10:48,C동,파프리카,27.1,55.6,613,61.3,1.85,6.24,6.5,8.9,상품
B-1726,2026-05-26 12:00,B동,파프리카,23.9,69.4,728,65.4,1.43,5.99,9.0,12.5,상품
B-1727,2026-05-26 13:12,A동,파프리카,26.0,62.6,590,51.0,2.3,6.08,9.3,16.6,상품
B-1728,2026-05-26 14:24,B동,딸기,19.6,67.7,727,69.6,1.48,6.06,5.2,19.2,상품
B-1729,2026-05-26 15:36,B동,딸기,23.4,69.1,714,63.5,2.05,6.04,9.9,14.2,상품
B-1730,2026-05-26 16:48,C동,파프리카,21.8,68.1,730,64.9,2.13,6.21,8.6,8.4,등외
B-1731,2026-05-26 18:00,A동,파프리카,26.5,65.0,542,60.4,2.07,5.38,6.5,8.2,상품
B-1732,2026-05-26 19:12,A동,딸기,24.0,74.8,746,62.7,2.51,6.31,8.2,12.4,상품
B-1733,2026-05-26 20:24,A동,토마토,21.8,64.9,669,68.4,2.08,6.2,6.4,11.1,상품
B-1734,2026-05-26 21:36,A동,딸기,19.8,72.7,699,71.0,1.9,6.43,8.8,10.4,상품
B-1735,2026-05-26 22:48,C동,파프리카,21.6,68.2,597,60.9,2.01,6.33,7.9,16.8,상품
B-1736,2026-05-27 00:00,A동,토마토,22.5,58.9,618,69.7,1.9,5.96,7.2,15.4,상품
B-1737,2026-05-27 01:12,B동,토마토,21.1,75.4,673,63.0,2.63,5.89,6.6,12.6,상품
B-1738,2026-05-27 02:24,A동,딸기,21.7,67.1,707,68.4,1.98,6.3,4.4,15.1,상품
B-1739,2026-05-27 03:36,C동,파프리카,25.1,68.7,452,61.3,2.01,6.43,9.0,15.9,상품
B-1740,2026-05-27 04:48,C동,파프리카,25.2,55.8,654,66.5,1.91,6.08,10.3,10.9,상품
B-1741,2026-05-27 06:00,B동,딸기,23.4,67.4,551,60.7,2.25,6.2,6.6,11.7,상품
B-1742,2026-05-27 07:12,C동,토마토,26.8,82.5,690,66.1,2.02,6.23,5.5,13.0,상품
B-1743,2026-05-27 08:24,B동,딸기,22.6,78.9,796,46.5,1.49,5.8,6.9,14.7,상품
B-1744,2026-05-27 09:36,B동,토마토,20.9,74.3,599,70.8,1.77,6.25,8.3,17.3,상품
B-1745,2026-05-27 10:48,A동,토마토,21.7,66.1,661,56.3,1.81,5.79,7.8,11.9,상품
B-1746,2026-05-27 12:00,A동,파프리카,23.3,67.7,763,69.9,2.13,6.36,7.1,14.1,상품
B-1747,2026-05-27 13:12,A동,토마토,21.2,63.5,655,75.8,2.06,6.37,7.7,18.4,상품
B-1748,2026-05-27 14:24,C동,파프리카,26.4,68.7,416,68.0,1.89,6.36,9.1,11.7,상품
B-1749,2026-05-27 15:36,B동,파프리카,19.1,77.0,770,58.2,2.28,5.7,6.1,13.3,상품
B-1750,2026-05-27 16:48,B동,토마토,22.0,61.5,705,65.9,2.17,6.11,5.3,14.4,상품
B-1751,2026-05-27 18:00,B동,딸기,24.7,67.2,658,63.8,1.77,6.63,10.4,12.8,상품
B-1752,2026-05-27 19:12,C동,파프리카,18.4,64.7,742,64.9,2.44,5.62,5.7,8.7,상품
B-1753,2026-05-27 20:24,B동,파프리카,22.6,60.1,618,63.6,1.98,5.81,6.0,12.1,상품
B-1754,2026-05-27 21:36,B동,파프리카,23.9,75.5,743,61.5,1.54,6.09,9.2,17.4,상품
B-1755,2026-05-27 22:48,B동,딸기,25.9,54.4,726,58.9,2.29,6.12,6.9,18.6,상품
B-1756,2026-05-28 00:00,B동,파프리카,20.6,69.2,611,74.8,1.53,5.93,7.2,11.4,상품
B-1757,2026-05-28 01:12,A동,파프리카,20.9,62.2,697,58.8,1.9,6.35,6.3,11.9,상품
B-1758,2026-05-28 02:24,B동,파프리카,23.6,64.6,489,69.8,2.69,5.64,8.5,11.6,상품
B-1759,2026-05-28 03:36,C동,파프리카,23.7,75.7,560,52.9,1.75,5.78,6.5,13.7,상품
B-1760,2026-05-28 04:48,A동,딸기,20.2,71.0,615,59.6,2.21,6.18,6.9,10.1,상품
B-1761,2026-05-28 06:00,A동,딸기,23.8,78.0,750,70.4,1.73,5.63,8.6,14.4,상품
B-1762,2026-05-28 07:12,B동,파프리카,23.5,74.6,530,76.8,1.59,6.22,6.2,14.8,상품
B-1763,2026-05-28 08:24,C동,딸기,22.8,61.9,493,65.0,2.16,6.0,9.3,10.9,상품
B-1764,2026-05-28 09:36,A동,파프리카,24.6,62.9,665,66.4,2.09,6.22,9.3,17.1,상품
B-1765,2026-05-28 10:48,A동,토마토,20.8,64.0,634,65.1,2.04,6.18,7.1,12.5,상품
B-1766,2026-05-28 12:00,B동,딸기,24.3,63.3,612,55.4,2.21,5.81,8.4,17.2,상품
B-1767,2026-05-28 13:12,A동,토마토,21.2,78.3,773,66.8,1.75,5.97,6.8,14.1,상품
B-1768,2026-05-28 14:24,B동,토마토,19.9,67.3,685,53.0,2.31,6.42,7.4,9.2,등외
B-1769,2026-05-28 15:36,C동,딸기,25.6,69.3,597,59.7,2.3,6.2,9.3,8.9,상품
B-1770,2026-05-28 16:48,C동,토마토,21.9,78.0,774,59.1,2.21,6.5,5.0,16.5,상품
B-1771,2026-05-28 18:00,A동,파프리카,22.4,67.7,570,64.1,2.17,6.29,13.0,13.7,상품
B-1772,2026-05-28 19:12,A동,토마토,24.4,54.8,792,72.6,2.42,6.14,8.5,12.9,상품
B-1773,2026-05-28 20:24,B동,딸기,22.8,71.0,685,56.2,1.48,6.17,8.1,17.0,상품
B-1774,2026-05-28 21:36,C동,토마토,18.1,66.9,683,49.1,2.01,6.39,10.3,12.1,상품
B-1775,2026-05-28 22:48,B동,토마토,20.4,80.5,650,61.8,1.19,5.89,3.7,13.6,등외
B-1776,2026-05-29 00:00,A동,딸기,19.7,71.7,695,65.4,2.15,6.43,6.7,13.8,상품
B-1777,2026-05-29 01:12,B동,파프리카,19.7,62.6,558,66.4,2.76,6.28,8.1,7.5,등외
B-1778,2026-05-29 02:24,C동,파프리카,22.0,65.0,824,64.0,1.33,6.14,6.4,9.6,상품
B-1779,2026-05-29 03:36,C동,파프리카,23.4,72.0,703,69.2,1.9,6.11,8.4,11.1,상품
B-1780,2026-05-29 04:48,B동,딸기,27.5,70.0,721,62.4,2.4,6.61,7.0,11.1,상품
B-1781,2026-05-29 06:00,B동,토마토,19.0,64.3,631,58.3,2.73,6.33,4.6,15.5,상품
B-1782,2026-05-29 07:12,B동,딸기,24.5,67.1,666,57.9,1.72,6.33,8.2,12.5,상품
B-1783,2026-05-29 08:24,C동,토마토,22.8,60.7,594,54.0,1.93,6.23,7.3,11.0,상품
B-1784,2026-05-29 09:36,C동,토마토,25.6,60.8,664,59.4,1.75,6.23,8.3,17.6,상품
B-1785,2026-05-29 10:48,A동,딸기,26.0,71.7,617,69.9,2.28,6.23,8.4,10.8,상품
B-1786,2026-05-29 12:00,C동,토마토,19.7,76.2,694,66.5,2.07,6.49,7.2,15.8,상품
B-1787,2026-05-29 13:12,B동,딸기,21.9,67.6,716,68.9,1.62,6.24,7.5,15.6,상품
B-1788,2026-05-29 14:24,C동,토마토,25.7,77.8,560,63.0,2.08,5.8,5.1,13.8,상품
B-1789,2026-05-29 15:36,A동,토마토,23.6,69.5,575,71.8,2.02,5.85,7.5,13.9,상품
B-1790,2026-05-29 16:48,A동,파프리카,25.1,59.6,666,58.8,1.76,6.35,6.7,9.5,상품
B-1791,2026-05-29 18:00,B동,딸기,23.3,69.9,696,63.4,2.57,6.01,7.7,15.4,상품
B-1792,2026-05-29 19:12,B동,파프리카,23.3,66.2,590,57.4,2.3,6.14,8.0,9.6,상품
B-1793,2026-05-29 20:24,C동,딸기,22.7,71.4,776,74.2,2.15,6.08,6.1,14.8,상품
B-1794,2026-05-29 21:36,C동,토마토,21.1,80.1,597,59.0,1.92,6.85,8.4,13.2,상품
B-1795,2026-05-29 22:48,B동,딸기,24.1,72.9,529,72.5,1.74,6.12,7.6,13.7,상품
B-1796,2026-05-30 00:00,C동,딸기,19.2,49.8,567,52.4,1.7,6.36,8.1,15.0,상품
B-1797,2026-05-30 01:12,B동,파프리카,25.6,80.2,624,52.4,2.07,6.12,7.2,16.5,상품
B-1798,2026-05-30 02:24,A동,토마토,24.2,63.0,620,60.0,2.36,5.64,9.3,12.7,상품
B-1799,2026-05-30 03:36,A동,토마토,23.5,70.1,752,61.2,2.46,6.08,12.6,12.6,상품
B-1800,2026-05-30 04:48,B동,딸기,22.2,68.1,688,61.5,1.31,6.08,7.7,13.7,상품
B-1801,2026-05-30 06:00,A동,파프리카,22.2,63.0,548,71.0,2.11,6.37,9.3,15.9,상품
B-1802,2026-05-30 07:12,B동,딸기,23.2,67.7,601,57.9,1.47,6.09,9.5,13.8,상품
B-1803,2026-05-30 08:24,A동,딸기,25.2,65.9,605,59.0,1.73,6.15,8.9,11.7,상품
B-1804,2026-05-30 09:36,B동,딸기,23.3,62.5,624,55.8,1.15,5.87,6.8,14.7,상품
B-1805,2026-05-30 10:48,A동,딸기,22.0,57.7,772,76.7,2.04,5.72,5.5,15.3,상품
B-1806,2026-05-30 12:00,B동,파프리카,19.7,66.3,658,55.2,1.71,6.24,8.0,14.2,상품
B-1807,2026-05-30 13:12,B동,토마토,25.6,75.5,618,71.5,2.22,5.8,7.5,13.1,상품
B-1808,2026-05-30 14:24,C동,토마토,25.2,73.7,687,59.4,1.64,6.15,6.4,16.2,상품
B-1809,2026-05-30 15:36,A동,토마토,25.1,63.8,668,59.0,1.35,6.02,7.0,12.3,상품
B-1810,2026-05-30 16:48,B동,토마토,22.6,62.9,622,72.6,2.03,6.46,8.0,13.4,상품
B-1811,2026-05-30 18:00,C동,파프리카,26.5,71.1,639,60.3,2.72,6.25,3.6,11.8,상품
B-1812,2026-05-30 19:12,B동,파프리카,24.4,68.6,793,60.7,1.39,6.0,7.0,12.8,상품
B-1813,2026-05-30 20:24,B동,파프리카,23.4,51.3,552,62.6,2.32,6.33,6.8,13.7,상품
B-1814,2026-05-30 21:36,A동,토마토,20.9,76.2,599,63.6,1.83,6.21,7.5,9.4,등외
B-1815,2026-05-30 22:48,B동,파프리카,26.2,62.8,614,51.7,2.26,6.36,7.3,16.4,상품
B-1816,2026-05-31 00:00,B동,딸기,23.5,64.3,766,46.6,2.13,6.01,6.7,17.0,상품
B-1817,2026-05-31 01:12,B동,딸기,22.3,72.2,724,66.7,1.91,6.16,6.3,15.0,상품
B-1818,2026-05-31 02:24,B동,딸기,20.9,56.4,579,58.6,2.02,5.83,6.5,12.9,상품
B-1819,2026-05-31 03:36,C동,파프리카,24.9,69.4,622,63.1,2.26,6.16,7.9,15.3,상품
B-1820,2026-05-31 04:48,C동,토마토,24.3,71.3,600,66.5,2.2,5.79,9.5,20.3,상품
B-1821,2026-05-31 06:00,A동,딸기,23.2,69.2,572,59.8,2.09,6.43,7.8,18.2,상품
B-1822,2026-05-31 07:12,A동,토마토,26.6,69.5,612,57.9,1.97,5.95,8.0,14.5,상품
B-1823,2026-05-31 08:24,A동,토마토,22.5,66.0,618,55.2,2.27,6.09,6.8,12.2,상품
B-1824,2026-05-31 09:36,C동,토마토,25.6,77.5,620,73.5,2.34,5.95,7.1,11.4,상품
B-1825,2026-05-31 10:48,C동,토마토,24.1,66.8,501,63.2,1.72,6.0,8.0,16.1,상품
B-1826,2026-05-31 12:00,C동,토마토,23.6,60.5,677,62.6,2.0,5.95,6.1,14.8,상품
B-1827,2026-05-31 13:12,B동,토마토,21.6,63.6,845,64.6,1.74,6.17,8.5,8.2,상품
B-1828,2026-05-31 14:24,A동,토마토,23.0,73.0,650,62.0,1.88,5.65,5.9,18.6,상품
B-1829,2026-05-31 15:36,A동,딸기,24.4,79.5,620,69.4,2.52,5.89,6.3,8.9,등외
B-1830,2026-05-31 16:48,B동,딸기,20.2,57.3,585,60.0,2.13,6.05,6.3,9.8,상품
B-1831,2026-05-31 18:00,C동,파프리카,24.5,67.4,734,63.8,1.55,6.03,6.6,13.3,상품
B-1832,2026-05-31 19:12,C동,딸기,20.7,76.6,667,67.6,2.28,6.17,8.1,10.9,상품
B-1833,2026-05-31 20:24,A동,토마토,20.5,57.7,626,63.1,1.74,6.42,7.8,13.1,상품
B-1834,2026-05-31 21:36,B동,토마토,21.4,68.4,599,64.3,2.01,5.89,9.1,14.7,상품
B-1835,2026-05-31 22:48,A동,딸기,24.5,70.9,811,70.4,1.8,6.06,8.3,11.9,상품
B-1836,2026-06-01 00:00,B동,토마토,24.6,69.0,689,65.6,2.51,6.26,6.1,12.6,상품
B-1837,2026-06-01 01:12,C동,파프리카,26.2,75.9,773,55.7,1.94,6.47,9.2,8.8,등외
B-1838,2026-06-01 02:24,A동,딸기,21.6,63.6,660,58.2,2.06,6.32,7.0,14.7,상품
B-1839,2026-06-01 03:36,C동,파프리카,23.7,51.5,572,58.2,1.75,6.59,10.4,12.5,상품
B-1840,2026-06-01 04:48,C동,토마토,27.8,64.8,733,55.9,1.74,6.24,10.9,18.4,상품
B-1841,2026-06-01 06:00,B동,파프리카,23.7,62.2,588,58.1,1.98,6.26,8.7,11.2,상품
B-1842,2026-06-01 07:12,C동,파프리카,24.7,65.0,661,70.8,2.18,6.47,6.7,16.1,상품
B-1843,2026-06-01 08:24,A동,파프리카,25.6,69.0,673,69.5,2.4,5.94,10.0,16.7,상품
B-1844,2026-06-01 09:36,B동,파프리카,21.3,69.2,561,65.9,2.51,6.36,9.2,10.5,상품
B-1845,2026-06-01 10:48,A동,딸기,23.6,80.1,592,55.9,1.8,6.37,8.3,14.6,상품
B-1846,2026-06-01 12:00,C동,토마토,25.6,65.6,725,67.0,2.0,5.68,7.8,13.3,상품
B-1847,2026-06-01 13:12,B동,딸기,20.8,68.5,642,69.0,1.63,5.82,5.3,11.6,상품
B-1848,2026-06-01 14:24,B동,파프리카,23.2,63.9,530,65.3,2.43,6.11,7.6,16.3,상품
B-1849,2026-06-01 15:36,B동,토마토,26.3,72.5,725,67.8,1.92,6.16,7.4,17.6,상품
B-1850,2026-06-01 16:48,A동,토마토,22.5,69.1,618,68.4,1.92,6.21,7.3,14.1,상품
B-1851,2026-06-01 18:00,A동,딸기,20.6,76.0,721,67.1,2.49,5.98,7.5,10.0,등외
B-1852,2026-06-01 19:12,B동,토마토,27.2,68.3,662,69.4,1.87,5.86,8.4,11.9,상품
B-1853,2026-06-01 20:24,B동,딸기,22.7,64.2,575,53.5,2.36,6.33,5.3,14.8,상품
B-1854,2026-06-01 21:36,A동,토마토,22.2,70.1,911,62.5,2.19,6.2,12.1,10.5,상품
B-1855,2026-06-01 22:48,C동,딸기,23.2,70.8,765,70.0,2.04,6.01,6.5,14.9,상품
B-1856,2026-06-02 00:00,B동,파프리카,19.4,66.2,713,61.3,1.81,6.15,5.9,12.4,상품
B-1857,2026-06-02 01:12,B동,파프리카,22.8,54.8,613,59.3,1.31,5.8,6.2,13.8,상품
B-1858,2026-06-02 02:24,B동,딸기,22.1,49.3,758,64.4,1.89,6.49,6.2,9.5,상품
B-1859,2026-06-02 03:36,A동,토마토,23.9,65.8,682,60.6,1.92,6.38,7.8,15.0,상품
B-1860,2026-06-02 04:48,C동,파프리카,21.1,62.9,600,63.1,1.67,6.1,7.4,13.0,상품
B-1861,2026-06-02 06:00,B동,토마토,23.4,59.0,741,51.2,2.17,6.26,7.6,18.9,상품
B-1862,2026-06-02 07:12,B동,토마토,28.5,83.8,563,66.9,2.23,5.93,6.8,13.7,등외
B-1863,2026-06-02 08:24,B동,딸기,18.7,68.8,689,63.8,2.06,6.09,9.2,10.6,상품
B-1864,2026-06-02 09:36,C동,파프리카,21.1,70.8,612,70.2,2.54,6.32,12.1,18.4,상품
B-1865,2026-06-02 10:48,A동,파프리카,26.5,72.6,771,64.2,1.6,6.24,6.8,12.9,상품
B-1866,2026-06-02 12:00,B동,딸기,21.9,58.7,507,55.1,1.57,6.22,6.4,12.4,상품
B-1867,2026-06-02 13:12,B동,토마토,22.0,71.8,612,61.2,1.59,5.89,7.0,13.4,상품
B-1868,2026-06-02 14:24,A동,토마토,20.0,57.2,599,60.4,1.7,6.66,8.3,14.0,상품
B-1869,2026-06-02 15:36,A동,토마토,19.5,65.6,569,70.9,1.98,5.98,6.9,17.0,상품
B-1870,2026-06-02 16:48,C동,토마토,20.7,66.3,776,60.9,1.95,6.28,7.0,9.6,상품
B-1871,2026-06-02 18:00,B동,파프리카,23.1,57.0,552,67.0,1.58,6.3,7.3,10.8,상품
B-1872,2026-06-02 19:12,C동,파프리카,22.2,74.7,623,58.9,1.37,6.0,8.7,11.1,상품
B-1873,2026-06-02 20:24,A동,파프리카,23.5,68.0,766,64.0,2.25,6.14,7.8,12.6,상품
B-1874,2026-06-02 21:36,C동,딸기,26.3,84.7,575,60.9,1.91,6.0,5.9,13.2,상품
B-1875,2026-06-02 22:48,C동,파프리카,18.7,72.3,672,49.8,1.93,5.73,9.2,10.9,상품
B-1876,2026-06-03 00:00,A동,파프리카,26.9,63.2,519,51.2,2.46,6.6,7.6,11.8,상품
B-1877,2026-06-03 01:12,A동,파프리카,20.4,63.1,519,62.9,1.88,6.18,8.0,14.3,상품
B-1878,2026-06-03 02:24,C동,딸기,21.3,65.1,572,74.0,2.13,5.69,7.3,10.0,상품
B-1879,2026-06-03 03:36,C동,딸기,21.4,69.4,658,60.6,1.81,5.84,6.7,10.9,상품
B-1880,2026-06-03 04:48,A동,토마토,22.5,72.6,757,56.0,2.18,6.45,7.6,18.7,상품
B-1881,2026-06-03 06:00,A동,파프리카,25.5,57.5,645,56.0,2.44,6.44,8.3,15.4,상품
B-1882,2026-06-03 07:12,C동,파프리카,22.9,78.9,736,50.9,1.96,5.63,7.5,13.4,상품
B-1883,2026-06-03 08:24,C동,딸기,23.5,71.7,773,76.8,2.32,6.06,9.9,13.3,상품
B-1884,2026-06-03 09:36,B동,토마토,20.6,64.1,639,68.7,2.5,6.21,6.5,11.8,상품
B-1885,2026-06-03 10:48,A동,토마토,21.5,65.1,727,63.0,2.0,5.95,6.5,11.1,상품
B-1886,2026-06-03 12:00,C동,딸기,23.3,67.7,559,63.1,1.64,6.35,7.3,7.4,등외
B-1887,2026-06-03 13:12,B동,딸기,20.0,64.4,419,63.5,2.28,6.07,6.8,17.6,상품
B-1888,2026-06-03 14:24,A동,파프리카,22.6,71.4,617,61.4,1.81,6.14,7.2,11.7,상품
B-1889,2026-06-03 15:36,C동,토마토,20.0,69.9,655,59.4,2.13,6.22,10.5,17.0,상품
B-1890,2026-06-03 16:48,A동,파프리카,22.0,64.7,616,64.3,1.76,5.53,9.3,14.9,상품
B-1891,2026-06-03 18:00,C동,토마토,19.8,71.3,722,60.4,2.14,6.51,9.7,16.4,상품
B-1892,2026-06-03 19:12,B동,딸기,24.4,72.5,573,69.8,1.85,6.26,11.2,9.4,등외
B-1893,2026-06-03 20:24,A동,토마토,22.5,81.8,594,62.0,1.88,6.42,9.3,11.8,등외
B-1894,2026-06-03 21:36,C동,파프리카,20.3,73.1,632,69.1,1.65,5.93,7.2,12.7,상품
B-1895,2026-06-03 22:48,A동,파프리카,21.4,62.4,745,59.0,2.05,5.42,6.5,12.6,상품
B-1896,2026-06-04 00:00,C동,딸기,22.2,75.1,596,58.4,1.97,6.22,7.1,12.4,상품
B-1897,2026-06-04 01:12,B동,딸기,23.7,71.9,811,51.7,2.15,6.39,5.8,10.3,상품
B-1898,2026-06-04 02:24,B동,딸기,19.4,73.5,708,60.8,1.96,6.18,4.6,16.9,상품
B-1899,2026-06-04 03:36,A동,토마토,19.4,73.2,612,69.6,2.48,6.03,8.6,15.2,상품
B-1900,2026-06-04 04:48,B동,파프리카,18.4,80.7,765,62.5,1.79,6.11,2.7,15.2,상품
B-1901,2026-06-04 06:00,B동,딸기,28.3,66.6,493,64.1,1.61,6.37,7.9,10.0,상품
B-1902,2026-06-04 07:12,A동,딸기,21.9,54.5,513,63.1,1.9,6.26,7.7,15.1,상품
B-1903,2026-06-04 08:24,C동,파프리카,22.3,74.1,569,68.6,2.03,6.35,8.3,9.9,등외
B-1904,2026-06-04 09:36,B동,파프리카,21.5,65.9,684,58.1,1.67,6.25,4.4,10.7,상품
B-1905,2026-06-04 10:48,C동,딸기,30.0,65.6,601,72.4,2.02,6.23,9.1,16.4,상품
B-1906,2026-06-04 12:00,A동,토마토,27.4,72.0,676,58.0,2.54,6.12,6.4,19.0,상품
B-1907,2026-06-04 13:12,B동,딸기,23.5,73.7,606,67.3,1.49,6.25,3.8,12.2,등외
B-1908,2026-06-04 14:24,A동,파프리카,26.4,66.3,648,62.9,2.37,5.89,7.8,14.8,상품
B-1909,2026-06-04 15:36,B동,파프리카,22.5,77.3,586,66.6,2.04,6.04,5.4,17.2,상품
B-1910,2026-06-04 16:48,C동,토마토,22.4,64.6,565,60.6,2.36,5.87,8.3,16.2,상품
B-1911,2026-06-04 18:00,C동,파프리카,22.3,69.4,643,68.8,2.06,6.03,7.0,15.7,상품
B-1912,2026-06-04 19:12,B동,파프리카,22.6,69.3,797,66.2,2.52,6.38,8.7,10.5,상품
B-1913,2026-06-04 20:24,C동,파프리카,24.9,67.7,660,60.7,2.33,6.41,7.3,18.2,상품
B-1914,2026-06-04 21:36,B동,파프리카,23.0,56.1,439,62.6,1.86,6.51,7.4,12.1,상품
B-1915,2026-06-04 22:48,B동,파프리카,25.5,62.4,633,70.9,2.46,6.11,7.4,17.5,상품
B-1916,2026-06-05 00:00,C동,파프리카,25.2,70.4,547,54.6,1.94,6.01,4.9,13.8,상품
B-1917,2026-06-05 01:12,B동,딸기,24.7,69.8,580,65.1,1.9,5.84,6.1,16.0,상품
B-1918,2026-06-05 02:24,B동,파프리카,21.6,70.4,732,60.4,1.95,6.27,7.1,9.2,상품
B-1919,2026-06-05 03:36,B동,파프리카,23.3,65.7,519,80.5,2.06,6.4,5.2,12.2,상품
B-1920,2026-06-05 04:48,C동,토마토,24.9,62.5,636,64.2,1.97,6.5,8.9,16.9,상품
B-1921,2026-06-05 06:00,C동,파프리카,25.3,67.0,526,56.0,2.06,6.43,8.0,13.2,상품
B-1922,2026-06-05 07:12,B동,토마토,26.6,67.0,666,49.0,1.69,6.23,8.4,14.2,상품
B-1923,2026-06-05 08:24,A동,딸기,20.7,66.2,459,56.9,2.35,6.03,8.2,14.0,상품
B-1924,2026-06-05 09:36,A동,토마토,18.9,69.3,563,53.0,2.53,6.3,8.7,13.4,상품
B-1925,2026-06-05 10:48,B동,파프리카,25.2,73.3,549,62.6,1.73,6.27,8.8,14.2,상품
B-1926,2026-06-05 12:00,B동,파프리카,23.9,70.5,784,76.0,2.53,5.98,6.7,14.5,상품
B-1927,2026-06-05 13:12,C동,딸기,26.2,67.0,623,59.4,1.86,6.12,2.9,13.1,상품
B-1928,2026-06-05 14:24,A동,파프리카,22.7,61.1,612,63.2,2.45,6.11,5.4,16.1,상품
B-1929,2026-06-05 15:36,A동,딸기,22.1,59.6,646,68.3,1.41,6.07,10.4,11.4,상품
B-1930,2026-06-05 16:48,A동,딸기,26.5,74.1,567,68.7,1.82,6.01,8.2,14.5,상품
B-1931,2026-06-05 18:00,A동,파프리카,22.6,65.9,701,66.0,2.27,5.94,7.1,12.6,상품
B-1932,2026-06-05 19:12,B동,토마토,22.8,71.0,657,69.1,1.92,5.97,9.4,13.0,상품
B-1933,2026-06-05 20:24,B동,딸기,23.4,62.0,505,59.8,2.2,6.14,5.4,14.6,상품
B-1934,2026-06-05 21:36,A동,토마토,22.1,66.0,602,54.8,2.54,5.58,8.7,13.4,상품
B-1935,2026-06-05 22:48,A동,딸기,26.0,67.6,532,65.8,2.05,5.82,8.5,16.5,상품
B-1936,2026-06-06 00:00,B동,파프리카,21.2,72.1,588,68.7,2.62,6.01,5.5,16.7,상품
B-1937,2026-06-06 01:12,A동,딸기,20.7,60.1,633,68.2,1.9,6.1,9.8,14.7,상품
B-1938,2026-06-06 02:24,B동,토마토,24.0,70.7,690,64.8,2.6,6.19,8.7,17.8,상품
B-1939,2026-06-06 03:36,B동,딸기,22.1,67.9,771,59.2,1.72,6.09,7.3,8.8,상품
B-1940,2026-06-06 04:48,B동,딸기,23.3,61.7,591,70.9,2.6,6.27,8.1,12.7,상품
B-1941,2026-06-06 06:00,A동,딸기,23.8,71.2,784,62.4,2.19,6.29,5.8,12.5,상품
B-1942,2026-06-06 07:12,B동,파프리카,21.6,62.9,496,56.6,2.23,6.21,7.4,17.3,상품
B-1943,2026-06-06 08:24,A동,딸기,21.3,62.8,575,56.9,2.09,5.79,6.1,14.8,상품
B-1944,2026-06-06 09:36,B동,토마토,23.6,65.8,593,64.6,1.78,6.08,4.7,6.8,등외
B-1945,2026-06-06 10:48,B동,딸기,22.6,69.8,668,62.5,2.34,6.02,7.7,15.5,상품
B-1946,2026-06-06 12:00,A동,파프리카,22.0,71.2,706,71.3,1.66,6.3,8.0,9.5,상품
B-1947,2026-06-06 13:12,C동,토마토,22.1,70.3,589,62.9,1.76,6.49,7.3,17.1,상품
B-1948,2026-06-06 14:24,C동,토마토,22.5,68.4,706,63.3,2.66,6.25,5.5,13.9,상품
B-1949,2026-06-06 15:36,A동,파프리카,25.3,68.8,735,67.9,2.05,6.22,7.8,9.9,상품
B-1950,2026-06-06 16:48,A동,딸기,22.1,65.9,583,65.1,1.82,5.93,7.4,14.9,상품
B-1951,2026-06-06 18:00,A동,딸기,22.1,69.9,710,66.0,2.27,6.09,9.0,13.5,상품
B-1952,2026-06-06 19:12,B동,파프리카,22.0,64.8,548,50.7,1.28,6.07,10.3,11.3,상품
B-1953,2026-06-06 20:24,B동,파프리카,24.1,72.8,786,57.8,2.06,6.0,8.6,14.0,상품
B-1954,2026-06-06 21:36,A동,토마토,23.3,66.6,785,69.5,2.5,6.13,8.4,11.3,상품
B-1955,2026-06-06 22:48,B동,딸기,20.2,73.6,632,58.9,1.66,6.58,7.6,14.2,상품
B-1956,2026-06-07 00:00,C동,토마토,23.7,70.4,723,68.5,1.8,6.56,9.0,11.7,상품
B-1957,2026-06-07 01:12,B동,토마토,17.8,76.6,583,60.5,1.52,5.82,7.7,12.7,상품
B-1958,2026-06-07 02:24,B동,파프리카,21.2,68.2,678,54.1,2.11,6.02,4.7,16.8,상품
B-1959,2026-06-07 03:36,B동,딸기,24.2,68.6,499,65.0,2.01,5.9,4.4,13.1,상품
B-1960,2026-06-07 04:48,B동,파프리카,21.5,81.1,667,66.2,2.37,6.31,9.1,15.5,상품
B-1961,2026-06-07 06:00,A동,딸기,22.1,80.0,451,54.8,2.48,6.27,5.9,12.2,등외
B-1962,2026-06-07 07:12,B동,파프리카,22.3,74.6,660,68.4,1.82,6.13,6.5,19.3,상품
B-1963,2026-06-07 08:24,A동,딸기,23.6,77.1,621,61.3,1.87,6.22,10.4,12.0,상품
B-1964,2026-06-07 09:36,C동,파프리카,24.3,68.4,677,58.4,1.9,6.37,9.2,11.0,상품
B-1965,2026-06-07 10:48,B동,토마토,22.6,71.1,628,63.7,2.01,6.37,4.6,13.8,상품
B-1966,2026-06-07 12:00,B동,딸기,23.8,72.3,687,68.0,1.69,5.85,8.4,9.0,상품
B-1967,2026-06-07 13:12,A동,토마토,22.6,57.7,529,67.3,1.57,6.62,7.9,11.4,상품
B-1968,2026-06-07 14:24,B동,토마토,24.8,78.5,526,66.0,2.4,5.86,10.6,11.7,등외
B-1969,2026-06-07 15:36,A동,딸기,23.6,72.7,608,65.2,2.34,5.99,7.3,9.9,등외
B-1970,2026-06-07 16:48,B동,파프리카,20.0,72.7,701,70.0,2.19,6.34,8.7,12.5,상품
B-1971,2026-06-07 18:00,A동,파프리카,26.0,76.4,550,55.3,2.38,6.72,7.7,18.2,상품
B-1972,2026-06-07 19:12,C동,토마토,21.6,63.7,623,65.8,1.58,6.03,6.4,14.9,상품
B-1973,2026-06-07 20:24,A동,파프리카,20.6,66.0,792,67.6,1.88,5.96,9.9,14.9,상품
B-1974,2026-06-07 21:36,B동,파프리카,22.0,57.1,551,58.7,2.3,6.03,6.5,13.4,상품
B-1975,2026-06-07 22:48,A동,딸기,20.4,71.7,694,61.2,1.83,5.7,10.9,8.6,등외
B-1976,2026-06-08 00:00,A동,파프리카,23.7,63.5,653,69.7,2.45,6.46,8.5,20.5,상품
B-1977,2026-06-08 01:12,A동,토마토,23.4,76.2,621,64.1,1.97,6.01,8.2,11.3,상품
B-1978,2026-06-08 02:24,A동,딸기,26.1,73.3,514,56.6,2.22,6.28,6.8,15.5,상품
B-1979,2026-06-08 03:36,C동,토마토,23.9,64.7,529,64.8,2.09,6.3,5.7,12.4,상품
B-1980,2026-06-08 04:48,C동,파프리카,22.8,68.8,700,58.0,1.83,5.82,8.0,18.1,상품
B-1981,2026-06-08 06:00,C동,파프리카,23.2,54.1,642,57.6,2.65,6.3,8.0,11.5,상품
B-1982,2026-06-08 07:12,C동,딸기,20.3,73.0,802,57.7,2.04,6.3,6.8,15.0,상품
B-1983,2026-06-08 08:24,A동,딸기,23.8,65.4,686,68.3,1.93,5.54,11.5,10.3,상품
B-1984,2026-06-08 09:36,B동,토마토,23.0,56.3,672,59.8,1.83,6.27,8.3,16.5,상품
B-1985,2026-06-08 10:48,B동,딸기,26.3,66.4,668,59.5,1.74,6.05,6.7,13.8,상품
B-1986,2026-06-08 12:00,C동,파프리카,19.5,67.9,576,53.9,2.05,5.89,10.2,17.7,상품
B-1987,2026-06-08 13:12,A동,토마토,23.7,59.2,706,54.5,1.92,6.08,9.8,13.0,상품
B-1988,2026-06-08 14:24,B동,딸기,25.4,60.5,703,61.4,1.48,5.84,6.1,13.2,상품
B-1989,2026-06-08 15:36,B동,토마토,18.6,72.1,738,59.3,2.06,5.69,10.4,9.1,상품
B-1990,2026-06-08 16:48,C동,토마토,26.4,64.6,659,66.8,2.26,6.05,4.7,12.7,상품
B-1991,2026-06-08 18:00,A동,파프리카,23.8,71.2,609,60.5,1.69,5.81,8.3,14.5,상품
B-1992,2026-06-08 19:12,A동,토마토,23.7,70.7,646,69.9,2.14,5.84,6.4,17.6,상품
B-1993,2026-06-08 20:24,C동,딸기,26.8,77.7,708,65.7,2.33,6.1,6.9,15.1,상품
B-1994,2026-06-08 21:36,C동,토마토,21.9,73.4,633,60.1,2.36,5.97,6.4,14.5,상품
B-1995,2026-06-08 22:48,C동,파프리카,19.8,65.5,512,69.4,1.44,5.67,6.2,14.1,상품
B-1996,2026-06-09 00:00,B동,파프리카,21.0,70.6,741,52.5,2.18,5.85,7.3,13.2,상품
B-1997,2026-06-09 01:12,A동,파프리카,22.9,71.4,588,61.7,1.96,6.56,7.1,13.4,상품
B-1998,2026-06-09 02:24,B동,딸기,20.5,54.7,649,66.8,1.96,6.32,6.0,14.1,상품
B-1999,2026-06-09 03:36,B동,파프리카,25.2,70.3,641,59.9,2.26,6.2,7.3,11.7,상품
B-2000,2026-06-09 04:48,B동,딸기,24.5,62.1,638,50.2,2.45,6.12,7.1,13.3,상품
