sensor_060,sensor_104,sensor_511,sensor_022,sensor_029,sensor_130,sensor_211,sensor_164,sensor_125,sensor_161,sensor_317,sensor_122,sensor_126,sensor_027,sensor_248,sensor_034,sensor_181,sensor_123,sensor_160,sensor_080,sensor_131,sensor_065,sensor_023,sensor_015,sensor_115,sensor_134,sensor_552,sensor_057,sensor_201,sensor_461,sensor_064,sensor_059,sensor_077,sensor_184,sensor_469,sensor_127,sensor_512,sensor_066,sensor_551,sensor_091,sensor_039,sensor_167,sensor_033,sensor_069,sensor_574,sensor_041,sensor_544,sensor_543,sensor_032,sensor_563,result
-1.7264,-0.0042,64.6707,-5419.0,64.2333,-0.0473,0.0772,0.09,15.93,967.0,6.2698,15.88,0.8656,1.773,,9.5126,20.95,2.639,1017.0,-0.0083,0.7243,21.7264,2916.5,7.9558,0.0,1000.7263,0.78,0.9317,10.3,29.9394,16.1445,4.7057,-0.0206,16.713,311.6377,3.353,0.0,29.5367,12.93,8671.9301,86.9555,2.0,83.3971,148.6009,0.3157,61.29,0.0078,0.1096,3.5191,,양품
0.8073,-0.0045,141.4365,-5441.5,68.4222,-0.0946,0.0566,0.112,15.88,59.0,5.6522,15.88,0.8703,2.0143,,9.7997,17.99,2.541,568.0,-0.0358,0.8122,19.1927,2604.25,10.1548,0.0,998.1081,1.33,0.9324,8.02,40.4475,10.9036,4.682,-0.0198,16.358,463.2883,2.771,0.0,27.6301,16.0,8407.0299,87.5241,2.2,84.9052,154.3709,0.2653,78.25,0.0078,0.1096,3.4171,,양품
23.8245,-0.0026,240.7767,-5447.75,67.1333,-0.1892,0.0339,0.187,15.95,788.0,5.7247,15.9,0.8798,2.0295,0.1729,8.659,17.78,2.882,562.0,-0.0054,0.8194,16.1755,2701.75,9.5157,0.0,998.444,0.85,0.9139,16.73,32.3594,11.3019,4.5873,-0.0326,22.912,21.3645,3.094,244.2748,24.2829,16.16,9317.1698,84.7327,2.1,84.7569,145.8,0.1882,14.37,0.0078,0.1096,3.5986,267.064,불량
24.3791,-0.0059,113.5593,-5468.25,62.9333,0.2838,0.1248,0.068,15.59,355.0,5.444,15.55,1.366,2.0038,0.0191,8.6789,16.22,3.132,859.0,0.0676,0.7244,15.6209,2648.25,9.6052,0.0,980.451,39.33,0.9139,13.56,27.6824,13.5597,4.5873,-0.0461,22.562,24.2831,2.48,0.0,23.4736,131.68,8205.7,86.6867,1.7,84.9105,147.6545,0.1738,76.9,0.0078,0.1096,3.3813,268.228,양품
-12.2945,-0.0045,148.0663,-5476.25,62.8333,-0.5677,0.0915,0.147,15.71,283.0,4.8956,15.75,0.946,1.9912,,8.7677,15.24,3.148,699.0,0.0034,0.778,32.2945,2635.25,10.5661,0.0,993.1274,1.98,0.9298,19.77,30.8924,21.9782,4.6414,0.0183,37.715,44.898,3.027,0.0,44.1498,19.63,9014.46,86.1468,3.9,86.3269,146.6636,0.2224,76.39,0.0078,0.1096,3.2728,,양품
28.2955,-0.0052,68.7351,-6058.0,62.3778,-0.0946,0.0645,0.065,15.88,910.0,5.5901,15.88,0.8703,1.7775,0.0217,9.6484,19.7,2.541,2089.0,-0.0026,0.8122,11.7045,2953.75,8.6617,0.0,998.1081,1.65,0.9316,21.78,42.8261,7.618,4.6275,-0.055,35.535,23.3606,2.771,622.2222,18.3685,16.06,7869.7,87.0273,1.7,85.4233,144.6982,0.3201,59.94,0.0078,0.1096,3.52,254.006,양품
2.1109,-0.0042,159.5238,-6154.0,60.8,-0.4731,0.0604,0.078,15.84,643.0,4.9162,15.83,0.8089,1.7715,,9.1502,18.27,2.575,2117.0,-0.0154,0.7589,17.8891,2691.75,9.035,0.0,995.1991,0.87,0.9324,14.05,23.6929,12.74,4.682,-0.0132,15.84,162.4892,2.854,748.3871,26.2754,13.73,9238.3601,86.374,3.0,87.1543,152.3582,0.2027,74.46,0.0078,0.1096,3.4927,,양품
29.1309,-0.0057,79.1209,-5395.5,67.3,0.7096,0.0701,0.161,15.8,346.0,4.8066,15.78,0.7568,1.9893,0.0643,8.7289,13.92,2.27,233.0,0.0002,0.7863,10.8691,2551.75,13.6872,0.0,992.8298,0.76,0.9316,12.63,8.9488,5.5936,4.6275,-0.0594,37.242,16.2027,2.645,0.0,15.3094,15.97,9117.3699,86.7493,1.9,83.8887,144.3255,0.354,78.09,0.0078,0.1096,3.4588,265.09,양품
26.9791,-0.0048,138.5827,-4196.5,62.8,0.7096,0.0418,0.912,15.8,2900.0,4.3824,15.78,0.7568,1.323,0.0306,9.6234,12.48,2.27,5781.0,-0.0047,0.7863,13.0209,2059.5,12.6837,0.0,992.8298,1.36,0.9316,16.32,37.6287,8.8612,4.6275,-0.0523,31.969,18.8665,2.645,395.2941,19.9475,17.54,8615.27,86.9476,2.4,85.4274,144.5455,0.3168,61.1,0.0078,0.1096,3.5067,265.184,양품
28.3118,-0.0073,86.0068,-5357.5,67.0333,0.7096,0.0923,0.076,15.8,882.0,4.9838,15.78,0.7568,1.778,0.0368,8.7289,14.9,2.27,862.0,0.0102,0.7863,11.6882,2872.5,12.4278,0.0,992.8298,1.11,0.9316,5.58,22.155,6.8983,4.6275,-0.0506,36.258,21.8283,2.645,0.0,18.1525,15.15,9126.72,86.7493,2.5,83.8887,147.1409,0.1676,78.09,0.0078,0.1096,3.5207,265.206,양품
27.8373,-0.0056,87.1111,-2727.5,68.7111,-0.5677,0.0644,0.921,15.71,2942.0,5.2778,15.75,0.946,0.8847,0.058,8.659,16.15,3.148,5655.0,-0.0002,0.778,12.1627,1400.0,11.8566,0.0,993.1274,0.89,0.9241,17.24,30.2973,7.8579,4.4828,-0.053,23.319,14.6207,3.027,0.0,16.9061,17.93,8476.17,84.7327,2.2,84.7569,144.5955,0.2723,14.37,0.0078,0.1096,3.5029,265.922,불량
25.0836,-0.0059,67.9406,-6097.75,64.7667,-0.5677,0.137,0.072,15.86,597.0,4.6853,15.88,0.9082,1.7695,0.0458,9.6234,15.08,2.661,2352.0,0.0035,0.8038,14.9164,2808.0,9.1084,0.0,997.4308,0.43,0.9316,13.78,34.1207,9.4424,4.6275,-0.0947,36.218,8.2922,2.78,0.0,21.6833,14.32,8789.5001,86.9476,2.3,85.4274,144.17,0.28,61.1,0.0078,0.1096,3.5217,264.188,불량
22.6227,-0.0075,94.8247,-5521.25,63.3778,-0.4731,0.0613,0.082,15.84,302.0,5.2108,15.83,0.8089,2.0107,0.0317,8.6789,16.06,2.575,971.0,0.004,0.7589,17.3773,2592.75,8.4828,0.0,995.1991,1.61,0.9139,17.96,30.9721,11.0227,4.5873,-0.0728,25.722,31.4286,2.854,0.0,25.5177,17.48,7889.72,86.6867,1.7,84.9105,142.5155,0.1291,76.9,0.0078,0.1096,3.5298,,양품
-1.1927,-0.0047,55.0265,-6069.75,67.9889,0.0,0.1587,0.078,15.8,648.0,6.4674,15.77,0.8467,1.7822,,8.7977,21.3,3.038,2413.0,0.0298,0.7661,21.1927,2858.25,9.7686,0.0,998.4607,1.13,0.9251,12.63,34.3904,12.64,4.6164,-0.0377,20.512,299.314,2.572,0.0,24.2607,14.44,8889.3,86.6693,3.5,83.7998,145.2836,0.2785,78.11,0.0078,0.1096,3.5296,258.406,양품
17.6382,-0.0041,125.5385,-1431.5,62.5,0.0,0.1363,0.931,15.8,2478.0,4.9515,15.77,0.8467,0.439,0.1785,9.2007,18.54,3.038,5726.0,0.0573,0.7661,22.3618,619.5,9.7561,0.0,998.4607,1.06,0.9323,17.34,24.2101,10.2273,4.5924,-0.0617,22.958,22.1678,2.572,728.8889,28.1392,14.17,8651.3099,88.3312,2.2,85.0922,150.1191,0.3692,74.57,0.0078,0.1096,3.4603,,불량
20.4209,-0.0031,263.4538,-2694.75,61.2333,-0.0473,0.1572,0.942,15.82,3530.0,4.9296,15.85,0.8987,0.8882,0.0706,9.2007,14.57,3.263,5803.0,0.0643,0.7446,19.5791,1476.25,12.4364,0.0,1004.8054,0.85,0.9324,10.4,21.2039,5.9718,4.6135,-0.056,24.174,15.1805,2.77,0.0,24.8005,17.42,8907.68,88.3312,2.9,85.0922,150.3127,0.3049,74.57,0.0078,0.1096,3.4814,,양품
-8.1182,-0.0071,68.5315,-5757.25,63.3556,-0.0473,0.0443,0.125,15.82,199.0,6.5511,15.85,0.8987,2.0055,,9.1283,20.32,3.263,601.0,-0.0353,0.7446,28.1182,2675.75,12.1805,0.0,1004.8054,0.97,0.9231,15.7,19.4794,16.6636,4.5554,-0.025,20.532,31.9037,2.77,444.4444,37.6915,17.03,8581.6799,86.2537,3.1,86.3472,150.2055,0.2364,73.95,0.0078,0.1096,3.4262,263.276,양품
-5.5327,-0.0066,89.7338,-5612.5,60.2444,-0.0473,0.0545,0.032,15.82,346.0,5.8924,15.85,0.8987,1.7835,,8.5762,19.18,3.263,1653.0,-0.0423,0.7446,25.5327,3417.75,10.0002,0.0,1004.8054,,0.9231,11.45,21.098,9.6391,4.5554,-0.0176,20.421,88.5639,2.77,0.0,34.0855,,9100.62,87.4811,2.5,85.0465,153.6109,0.4839,74.04,0.0078,0.1096,3.6651,263.682,양품
0.4836,-0.0052,102.9126,-5575.25,66.2,-0.4258,0.0622,0.109,15.84,644.0,6.8608,15.87,1.045,1.9803,,8.6397,22.15,3.15,1036.0,-0.0156,0.7785,19.5164,2755.5,8.4061,0.0,1006.4594,1.48,0.9231,17.69,20.4401,11.7073,4.5554,-0.0132,20.564,0.0,2.582,0.0,26.2174,14.63,9242.01,86.7217,2.6,85.3498,149.9064,0.3148,4.138,0.0078,0.1096,3.3769,263.066,양품
22.4736,-0.0016,349.2063,-5469.25,65.0778,-0.4258,0.156,0.165,15.84,380.0,5.2005,15.87,1.045,2.0157,0.0283,8.6789,16.24,3.15,906.0,0.0673,0.7785,17.5264,2685.5,13.3419,0.0,1006.4594,1.33,0.9139,10.43,23.213,9.9538,4.5873,-0.0727,23.898,27.8104,2.582,250.7463,22.8371,19.83,8769.58,86.6867,1.8,84.9105,147.6491,0.2811,76.9,0.0078,0.1096,3.4522,,양품
3.97,-0.0051,87.8049,-5441.0,67.2,-0.4258,0.0955,0.08,15.84,339.0,7.2532,15.87,1.045,1.97,,8.6572,22.23,3.15,227.0,0.0308,0.7785,16.03,2547.0,11.9224,0.0,1006.4594,0.63,0.9267,11.21,22.8688,9.8192,4.4913,-0.008,20.285,112.3426,2.582,0.0,22.4489,12.44,9605.01,86.6078,1.5,85.7939,142.5227,0.3007,1.434,0.0078,0.1096,3.3374,266.526,양품
0.12,-0.0092,64.3929,-5434.0,65.1667,-0.4258,0.0954,0.13,15.84,429.0,6.7289,15.87,1.045,2.0095,,8.6397,21.52,3.15,1001.0,0.0042,0.7785,19.88,2617.5,13.6262,0.0,1006.4594,1.71,0.9267,17.51,31.3987,11.5491,4.4913,0.0054,20.909,0.0,2.582,840.0,27.2876,23.06,9233.7999,86.7217,2.2,85.3498,143.2009,0.206,4.198,0.0078,0.1096,3.4194,263.02,양품
-3.6564,-0.0072,42.9066,-5310.25,66.3556,0.0473,0.1077,0.087,15.88,385.0,6.6914,15.86,1.087,1.9715,,8.6397,21.56,3.361,668.0,0.0498,0.7777,23.6564,2717.5,15.4346,0.0,1006.8463,1.33,0.9231,16.13,38.7618,10.1218,4.5554,-0.0442,20.101,158.901,2.631,781.3953,31.9128,14.97,8189.1601,86.7217,2.6,85.3498,155.3091,0.2964,5.988,0.0078,0.1096,3.3751,265.688,양품
18.3936,-0.0108,60.1156,-2664.25,62.5,-0.4731,0.1312,0.915,16.03,3623.0,5.1588,15.96,0.9838,0.8915,0.2587,9.2007,19.27,3.034,5665.0,0.0405,0.8093,21.6064,1542.0,11.6229,0.0,1010.834,0.91,0.9323,16.72,25.905,13.1691,4.5924,-0.0748,23.538,18.1585,2.671,0.0,29.3176,15.91,8621.49,88.3312,3.4,85.0922,146.9618,0.1682,74.57,0.0078,0.1096,3.4744,,불량
15.3536,-0.0076,60.3279,-2681.75,64.6778,0.0946,0.1883,0.89,15.7,3130.0,5.7899,15.73,0.7285,0.8862,0.0225,8.7487,18.48,1.877,5366.0,0.0602,0.8743,24.6464,1496.25,4.704,0.0,996.2552,1.66,0.9296,11.37,33.162,15.3809,4.5715,-0.0467,18.486,21.6235,2.955,0.0,33.5962,20.53,8592.1301,88.2425,1.4,84.0432,150.7536,0.4183,14.41,0.0078,0.1096,3.4542,,양품
2.9964,-0.0071,65.8494,-2706.0,67.0333,-0.615,0.0403,0.95,16.01,3301.0,5.196,15.98,0.9365,0.8895,,8.6942,14.56,3.421,5913.0,0.0064,0.7839,17.0036,1445.75,10.6611,0.0,1013.0161,0.56,0.9326,11.35,18.1568,16.7209,4.6879,-0.0188,21.843,161.5291,2.685,164.7059,24.7224,20.63,8753.19,86.8448,1.5,85.0716,148.11,0.2794,76.33,0.0078,0.1096,3.5182,259.544,양품
-6.9155,-0.0062,48.0962,-5611.75,68.0333,-0.615,0.0488,0.148,16.01,647.0,5.45,15.98,0.9365,2.0137,,9.7997,17.88,3.421,542.0,0.0055,0.7839,26.9155,2736.25,14.8136,0.0,1013.0161,,0.9324,19.84,15.4569,19.5391,4.5894,-0.0702,34.018,76.6399,2.685,485.7143,34.5361,,9381.19,87.5241,2.7,84.9052,152.5282,0.4222,78.25,0.0078,0.1096,3.3839,259.91,양품
17.3873,-0.0078,69.6774,-5369.0,62.8889,-0.0473,0.1627,0.088,16.05,420.0,4.4239,15.98,0.9554,2.0017,0.0332,8.9336,14.36,3.759,455.0,0.0615,0.6287,22.6127,2732.0,5.7692,0.0,1009.9942,0.37,0.933,13.36,30.4356,9.3895,4.6476,-0.0415,20.946,37.4986,3.002,0.0,27.4102,12.25,8608.34,86.8595,3.8,84.3324,143.3318,0.238,76.69,0.0078,0.1096,3.4687,265.49,양품
13.1136,-0.0087,60.6581,-5217.5,66.1667,-0.615,0.1782,0.084,16.01,812.0,4.1865,15.98,0.9365,1.802,0.0597,8.8388,13.94,3.421,724.0,0.0775,0.7839,26.8864,3015.25,11.3083,0.0,1013.0161,1.32,0.933,14.76,15.5713,13.3609,4.6476,-0.0633,20.283,48.3466,2.685,520.6349,37.2145,13.05,8883.0601,85.1414,1.6,84.7166,142.5709,0.4414,76.67,0.0078,0.1096,3.632,261.806,양품
14.7073,-0.0112,51.8436,-5416.0,65.6333,-0.0473,0.1696,0.16,15.93,603.0,6.2102,15.93,0.6055,1.9817,0.0635,8.7588,20.91,2.647,252.0,0.0602,0.8139,25.2927,2588.0,6.8715,0.0,1011.7456,0.22,0.9287,9.73,24.6564,8.2273,4.5459,-0.058,17.937,44.8078,3.124,0.0,31.4769,20.75,8563.6299,88.3548,4.9,85.6039,147.6055,0.4072,14.14,0.0078,0.1096,3.2431,260.644,양품
29.5109,-0.0098,49.1677,-5500.5,68.6444,-0.0473,0.1818,0.089,16.05,406.0,4.6253,15.98,0.9554,1.9888,0.0292,23.3453,15.28,3.759,535.0,0.0729,0.6287,10.4891,2739.5,7.3997,0.0,1009.9942,0.74,0.9326,18.72,24.998,11.3609,4.6879,-0.067,21.759,30.2939,3.002,552.381,16.8198,15.94,8176.35,86.9275,1.8,101.9072,145.3855,0.2625,65.83,0.0078,0.1096,3.4577,,양품
13.1482,-0.0093,59.4595,-5497.75,65.3667,-0.615,0.1694,0.159,16.01,261.0,5.8491,15.98,0.9365,1.9773,0.1551,8.8033,18.81,3.421,310.0,0.079,0.7839,26.8518,2535.75,11.3994,0.0,1013.0161,1.59,0.9287,12.78,18.6965,10.3808,4.5459,-0.0724,20.074,41.2985,2.685,0.0,33.6192,19.71,7397.31,88.2847,4.1,83.9737,148.6245,0.219,14.26,0.0078,0.1096,3.3036,261.972,양품
-3.3864,-0.0087,67.6218,-5507.75,62.6667,0.0946,0.1038,0.036,15.87,396.0,5.3701,15.89,0.3122,1.9745,,9.1283,15.54,2.322,671.0,0.032,0.8884,23.3864,2637.25,11.6646,0.0,1010.4833,1.72,0.9238,20.02,16.2616,18.9564,4.6188,0.0041,22.694,256.6174,2.947,0.0,30.6289,16.39,8524.3801,86.2537,3.4,86.3472,151.1364,0.2539,73.95,0.0078,0.1096,3.2979,259.792,양품
4.4036,-0.0084,37.9822,-2622.5,65.4556,0.0946,0.0851,0.918,15.87,3511.0,4.6444,15.89,0.3122,0.8912,,8.8249,14.57,2.322,5575.0,0.0567,0.8884,15.5964,1550.0,9.5945,0.0,1010.4833,1.23,0.9326,13.99,25.2445,18.5418,4.6879,-0.0192,23.223,54.5004,2.947,691.8919,21.199,19.63,8955.3,86.8889,2.2,85.6591,147.5127,0.2879,,0.0078,0.1096,3.4811,260.822,양품
17.5473,-0.0093,78.7062,-6010.25,66.8889,-0.0473,0.1412,0.06,15.93,560.0,4.6263,15.93,0.6055,1.7778,0.0974,8.9336,14.83,2.647,2058.0,0.0543,0.8139,22.4527,2805.75,7.203,0.0,1011.7456,0.69,0.9334,17.57,33.6292,10.2673,4.6097,-0.0692,21.017,40.8611,3.124,0.0,32.0705,16.79,8892.11,86.8595,2.5,84.3324,144.0236,0.3806,76.69,0.0078,0.1096,3.5241,260.862,양품
-10.1245,-0.006,95.0,-5548.0,66.4778,0.0946,0.1033,0.081,15.87,118.0,4.5125,15.89,0.3122,2.0092,,10.0686,15.31,2.322,531.0,0.0122,0.8884,30.1245,2637.0,4.5248,0.0,1010.4833,0.66,0.9313,11.75,15.6292,24.2354,4.5873,0.0196,23.6541,59.4595,2.947,581.8182,39.5532,15.61,8344.05,87.3997,2.0,85.2487,151.0973,0.3427,76.73,0.0078,0.1096,3.4393,266.01,양품
13.9782,-0.0091,75.513,-1362.0,65.2667,-0.0473,0.1515,0.896,15.93,2841.0,4.5344,15.93,0.6055,0.4407,0.0231,8.7588,15.56,2.647,5448.0,0.0688,0.8139,26.0218,710.25,7.4758,0.0,1011.7456,1.67,0.933,16.75,21.3059,11.68,4.6476,-0.0636,21.112,47.3595,3.124,0.0,31.3313,16.4,9364.7399,88.3548,3.0,85.6039,143.9373,0.2799,14.14,0.0078,0.1096,3.3877,,양품
13.4891,-0.0087,57.2246,-5452.75,65.2222,-0.0473,0.1618,0.067,15.93,244.0,5.9735,15.93,0.6055,1.9728,0.0306,8.7588,19.74,2.647,617.0,0.0536,0.8139,26.5109,2574.25,5.804,0.0,1011.7456,1.63,0.9287,17.24,18.8415,9.9827,4.5459,-0.0585,17.11,51.1524,3.124,0.0,32.8848,20.8,8832.0102,88.3548,4.8,85.6039,148.87,0.2681,14.14,0.0078,0.1096,3.3276,267.024,양품
24.9027,-0.0033,172.0755,-5493.75,68.3222,-0.0473,0.1423,0.095,15.93,259.0,4.0902,15.93,0.6055,2.0135,0.0267,8.659,14.17,2.647,73.0,0.0549,0.8139,15.0973,2550.5,5.4971,0.0,1011.7456,25.47,0.9139,19.62,26.0692,10.8518,4.5873,-0.0608,23.743,13.4523,3.124,646.5753,22.6227,90.7,8660.4701,84.7327,2.2,84.7569,143.4191,0.2962,14.37,0.0078,0.1096,3.6042,,불량
23.4736,-0.0093,40.7507,-5525.5,70.5111,-1.108,0.0938,0.151,15.96,484.0,5.4109,15.98,1.483,2.0092,0.0268,23.3453,13.98,3.207,168.0,0.0024,0.8142,16.5264,2684.25,5.2868,0.0,1013.5244,1.55,0.9326,25.1,26.9186,16.3172,4.6879,-0.0692,21.151,40.0023,3.148,0.0,24.3206,21.98,9144.7999,86.9275,3.2,101.9072,145.82,0.2696,65.83,0.0078,0.1096,3.4036,,양품
15.1509,-0.0085,75.2941,-5085.25,63.5111,-0.0473,0.1431,0.173,15.93,4170.0,4.1708,15.93,0.6055,1.9875,0.07,9.1585,13.94,2.647,1848.0,0.0593,0.8139,24.8491,3493.75,6.4395,0.0,1011.7456,0.89,0.933,17.38,30.7471,10.7536,4.6476,-0.0505,21.615,25.939,3.124,756.3636,30.1427,19.34,8416.3099,86.279,3.6,84.6216,144.2645,0.2089,74.54,0.0078,0.1096,3.342,260.078,불량
-2.6636,-0.0077,21.9709,-5626.25,64.1778,0.0946,0.0475,0.104,15.87,179.0,5.8979,15.89,0.3122,1.987,,8.6074,22.25,2.322,72.0,-0.0084,0.8884,22.6636,2776.75,5.7909,0.0,1010.4833,,0.9324,18.21,17.6569,16.9054,4.5894,0.0275,33.837,230.5119,2.947,0.0,30.0241,,9029.42,86.7193,2.3,85.0724,151.0518,0.4211,77.41,0.0078,0.1096,3.3951,259.598,양품
-2.4636,-0.0082,70.5167,-6033.25,62.2889,0.0946,0.058,0.057,15.87,214.0,4.9579,15.89,0.3122,1.97,,9.1502,14.82,2.322,2867.0,-0.0059,0.8884,22.4636,2642.5,5.109,0.0,1010.4833,0.99,0.9238,12.85,20.9587,21.26,4.6188,0.0387,23.526,200.5166,2.947,0.0,30.3538,18.31,8586.46,88.2074,4.9,85.6626,151.1118,0.2991,72.29,0.0078,0.1096,3.1667,259.196,양품
19.3136,-0.0088,42.1053,-5415.75,69.0,-1.204,0.1738,0.115,16.1,163.0,4.2384,15.93,1.252,2.0063,0.0346,10.6376,13.35,3.861,723.0,0.0665,0.8034,20.6864,2569.0,5.5022,0.0016,999.2814,1.88,0.934,16.06,44.2551,9.89,4.6613,-0.1394,19.53,82.4805,2.734,247.4227,29.3844,19.07,9026.6399,87.5105,2.6,84.1874,142.1155,0.2601,79.48,0.0078,0.1096,3.4549,,양품
8.3045,-0.0068,76.8946,-4731.0,60.8444,-0.4258,0.0732,0.926,15.83,3309.0,5.5408,15.82,1.125,1.3322,0.0375,9.1585,18.05,3.2,7569.0,0.0103,0.7692,31.6955,2148.5,5.3695,0.0,1001.9434,1.01,0.93,23.16,12.5641,25.1263,4.6061,-0.0229,35.823,42.0252,2.622,0.0,41.5512,21.2,8152.3899,86.279,3.4,84.6216,151.9836,0.1839,74.54,0.0078,0.1096,3.5132,,양품
5.03,-0.0056,113.0045,-5546.5,69.0667,-0.4258,0.056,0.068,15.83,190.0,5.3607,15.82,1.125,1.9992,0.2139,10.6376,18.38,3.2,299.0,0.015,0.7692,34.97,2632.75,5.1046,0.0,1001.9434,0.7,0.93,21.82,14.6482,23.28,4.6061,-0.0469,33.723,209.3439,2.622,660.0,38.8982,20.24,8925.6301,87.5105,1.9,84.1874,154.9609,0.5747,79.48,0.0078,0.1096,3.4502,262.644,불량
12.0945,-0.0071,41.0619,-3281.0,63.1333,0.0946,0.0633,0.901,15.9,3290.0,5.1749,15.87,1.021,0.8885,0.1467,8.7487,17.38,3.628,7600.0,0.0155,0.7484,27.9055,1523.25,13.9864,0.0,1007.6964,1.09,0.9324,21.91,21.1957,20.0673,4.5894,-0.0263,36.75,56.3064,2.564,0.0,36.6103,19.34,8621.6501,88.2425,2.2,84.0432,151.9427,0.3127,14.41,0.0078,0.1096,3.4174,,양품
23.1373,-0.008,42.7002,-4667.25,61.8667,0.0946,0.0871,0.947,15.9,3417.0,4.9516,15.87,1.021,1.3305,0.0221,9.2007,17.25,3.628,7653.0,0.0253,0.7484,16.8627,2265.5,5.1376,0.0,1007.6964,1.73,0.9323,18.15,23.1448,6.8212,4.5924,-0.009,22.316,40.9296,2.564,740.7407,22.3489,20.03,8844.1101,88.3312,2.7,85.0922,146.8309,0.5791,74.57,0.0078,0.1096,3.4894,,양품
25.0382,-0.0091,96.9697,-5300.25,69.0667,-1.108,0.0806,0.208,15.96,547.0,4.7265,15.98,1.483,2.0105,0.1918,23.3453,17.48,3.207,109.0,0.0266,0.8142,14.9618,2631.0,7.359,0.0,1013.5244,0.67,0.9261,21.28,21.1771,9.691,4.6332,-0.0548,19.308,37.9421,3.148,745.4545,20.2052,20.23,8800.4,86.9275,1.8,101.9072,148.7027,0.3743,65.83,0.0078,0.1096,3.4006,261.338,불량
23.3109,-0.0078,18.0064,-5553.0,69.5556,-0.4258,0.0843,0.103,15.83,169.0,5.1077,15.82,1.125,2.0433,0.0421,8.7495,17.35,3.2,760.0,0.0073,0.7692,16.6891,2616.5,4.7895,0.0,1001.9434,1.34,0.93,12.39,35.1942,8.77,4.6061,-0.0364,35.242,28.6561,2.622,0.0,20.8271,16.73,9295.6198,86.7325,2.0,84.3585,149.5082,0.1643,78.13,0.0078,0.1096,3.4474,,불량
23.9555,-0.0094,49.0667,-5394.0,68.3556,-0.4258,0.0442,0.145,15.83,368.0,5.5385,15.82,1.125,2.0032,0.0244,23.3453,20.02,3.2,157.0,0.0148,0.7692,16.0445,2621.75,6.5073,0.0,1001.9434,,0.9342,22.08,26.7966,11.31,4.6082,-0.0317,34.801,21.2478,2.622,0.0,21.1546,,9073.13,86.9275,2.6,101.9072,148.7136,0.5991,65.83,0.0078,0.1096,3.3783,,불량
21.39,-0.007,90.4847,-2575.5,64.4222,-0.1419,0.0932,0.891,15.82,3294.0,4.665,15.82,0.9933,0.892,0.0354,8.7487,13.41,3.434,5391.0,0.0269,0.7304,18.61,1544.5,16.5926,0.0,1004.0281,0.66,0.9238,13.48,39.9146,20.2036,4.6188,-0.0489,22.387,26.0402,2.598,757.8947,26.658,19.82,8466.2299,88.2425,2.5,84.0432,146.2882,0.4009,14.41,0.0078,0.1096,3.4861,264.014,양품
1.5882,-0.0075,67.8869,-5175.5,67.2667,-0.1419,0.0597,0.163,15.82,207.0,5.5737,15.82,0.9933,2.0,0.2956,10.6376,19.17,3.434,785.0,0.0159,0.7304,38.4118,2589.75,3.5131,0.0,1004.0281,0.92,0.9291,24.07,28.5384,33.8537,4.6615,-0.0172,17.261,0.0,2.598,548.5714,46.7625,19.63,9105.49,87.5105,2.7,84.1874,152.2136,0.4128,79.48,0.0078,0.1096,3.4337,,양품
0.6782,-0.0078,50.0803,-5545.0,64.0778,0.0946,0.0569,0.125,15.9,264.0,4.3439,15.87,1.021,1.9772,,8.8249,12.51,3.628,444.0,-0.0085,0.7484,19.3218,2624.0,13.4387,0.0,1007.6964,,0.9326,8.34,30.8126,16.6618,4.6879,0.0262,22.695,828.6863,2.564,433.7349,27.7301,,9020.2799,86.8889,2.3,85.6591,152.3864,0.35,,0.0078,0.1096,3.4639,261.714,양품
20.0455,-0.007,200.7117,-4520.75,62.3667,0.0946,0.064,0.906,15.9,3278.0,5.3269,15.87,1.021,1.3458,0.1959,9.1784,16.84,3.628,7657.0,0.0083,0.7484,19.9545,2277.75,5.3316,0.0,1007.6964,0.41,0.93,15.21,25.6289,11.3827,4.6061,-0.0472,35.392,48.39,2.564,0.0,26.3171,18.5,8791.82,88.3282,2.1,85.1197,148.3209,0.3146,74.8,0.0078,0.1096,3.502,264.596,양품
21.8964,-0.0087,33.1903,-5683.75,64.7111,0.0946,0.0701,0.1,15.9,618.0,5.4366,15.87,1.021,1.9597,0.0583,9.1784,18.02,3.628,540.0,0.0187,0.7484,18.1036,2713.25,4.9034,0.0,1007.6964,2.05,0.934,17.58,19.9687,9.6273,4.5924,-0.0415,35.844,42.3358,2.564,586.6667,23.5885,23.05,8539.3801,88.3282,3.5,85.1197,152.3964,0.1547,74.8,0.0078,0.1096,3.3201,,양품
22.8809,-0.0037,111.9454,-5460.5,70.0889,0.0473,0.1543,0.074,15.81,174.0,5.6503,15.78,1.021,2.031,0.0503,8.7599,16.39,3.584,682.0,0.0817,0.7145,17.1191,2677.75,3.3665,0.0,1004.407,1.76,0.9238,13.79,15.155,12.6155,4.6188,-0.0179,22.676,21.8086,2.559,331.0345,23.0468,22.89,8617.3601,86.838,2.9,85.794,145.3636,0.2912,79.42,0.0078,0.1096,3.5004,264.042,양품
2.5209,-0.0055,101.1287,-1368.75,63.4,-0.1419,0.0648,0.901,15.82,2615.0,5.1458,15.82,0.9933,0.4425,0.0267,8.7487,17.56,3.434,5475.0,0.0122,0.7304,37.4791,653.75,2.2493,0.0228,1004.0281,0.31,0.9342,26.55,25.8221,33.7264,4.6082,-0.0209,35.743,542.2647,2.598,0.0,46.2635,17.09,8249.76,88.2425,1.6,84.0432,156.8709,0.3201,14.41,0.0078,0.1096,3.4451,263.542,불량
15.9527,-0.0101,31.6049,-4490.5,63.6,-0.615,0.1326,0.894,15.71,3253.0,6.4035,15.78,1.05,1.3438,0.0297,9.1784,20.7,3.564,7709.0,0.0796,0.7382,24.0473,2320.25,4.2144,0.0,1004.4368,0.47,0.929,13.73,40.1977,7.4773,4.5775,-0.0771,17.966,38.1126,2.529,0.0,30.4154,15.45,8722.96,88.3282,2.8,85.1197,148.3109,0.2701,74.8,0.0078,0.1096,3.5009,264.334,불량
-1.6545,-0.0066,80.0,-5433.25,66.7222,0.1892,0.1558,0.141,15.72,357.0,5.5012,15.73,0.8467,2.0187,,9.7997,17.59,2.96,817.0,0.0119,0.8482,21.6545,2727.25,5.2834,0.0,1008.3844,,0.9342,16.31,23.5982,15.9918,4.6082,-0.0405,35.117,314.8901,2.855,350.0,29.9145,,9395.09,87.5241,2.5,84.9052,150.35,0.3292,78.25,0.0078,0.1096,3.3799,259.064,양품
6.7391,-0.0038,102.6316,-5493.75,68.0222,0.0,0.1509,0.103,15.68,387.0,6.0092,15.72,0.8703,1.9828,0.0385,10.6376,22.05,3.327,571.0,0.0803,0.8485,33.2609,2597.25,4.173,0.0,1006.1533,1.21,0.93,21.67,10.6601,20.591,4.6061,-0.0542,33.718,121.0846,2.837,822.2222,39.587,16.78,9001.48,87.5105,3.1,84.1874,156.1082,0.2182,79.48,0.0078,0.1096,3.3661,263.86,양품
13.8118,-0.0033,218.1818,-2597.0,63.9778,0.0473,0.1613,0.899,15.73,3184.0,4.3153,15.74,0.9034,0.891,0.1661,8.7588,13.6,3.133,5477.0,0.0713,0.8434,26.1882,1474.25,10.2455,0.0,1006.1589,0.44,0.934,19.73,28.6321,20.21,4.6613,-0.1205,20.991,93.1087,2.83,284.6154,36.5543,14.63,8723.97,88.3548,2.6,85.6039,134.9736,0.3075,14.14,0.0078,0.1096,3.4612,264.056,양품
18.3209,-0.0057,66.5208,-5507.5,68.0,0.0473,0.1848,0.082,15.73,265.0,5.115,15.74,0.9034,1.9905,0.0818,8.7599,15.71,3.133,662.0,0.057,0.8434,21.6791,2658.25,11.4142,0.0,1006.1589,2.11,0.9291,11.61,28.3387,26.1263,4.6615,-0.128,19.906,20.4684,2.83,372.6708,29.9815,21.77,8307.91,86.838,1.4,85.794,142.2373,0.3366,79.42,0.0078,0.1096,3.5251,246.422,불량
16.4582,-0.0057,87.7193,-5667.5,63.5778,0.3311,0.1703,0.088,15.76,528.0,5.2632,15.71,0.9365,2.012,0.0165,9.2405,16.9,3.478,1213.0,0.0646,0.8088,23.5418,2458.25,11.4445,0.0,1003.7344,1.7,0.9342,19.75,47.4023,19.6637,4.6082,-0.0695,36.149,26.0053,2.799,0.0,32.3378,17.81,8999.3699,88.2207,2.9,85.8965,147.87,0.4772,74.19,0.0078,0.1096,3.2719,264.106,양품
9.05,-0.0057,74.7826,-5501.75,68.1222,0.0,0.0672,0.138,15.78,768.0,4.4627,15.81,1.21,2.0062,0.1343,8.7495,13.52,3.566,599.0,0.0049,0.7332,30.95,2698.25,14.1603,0.0,1004.2077,1.22,0.9318,6.73,39.6861,30.5082,4.6463,-0.0378,17.355,49.6133,2.642,843.2432,39.683,17.56,8999.1098,86.7325,3.0,84.3585,144.72,0.3866,78.13,0.0078,0.1096,3.4621,264.742,불량
18.8309,-0.0064,54.5809,-5382.5,67.8444,0.0,0.0644,0.094,15.83,457.0,5.9995,15.82,0.9649,2.01,0.0221,8.7495,16.23,3.448,984.0,0.0248,0.7608,21.1691,2614.5,9.973,0.0,1001.7862,,0.9323,14.53,19.72,23.5618,4.6206,-0.0304,22.051,32.2873,2.713,0.0,29.5773,,9039.1398,86.7325,2.0,84.3585,143.2891,0.4319,78.13,0.0078,0.1096,3.4996,263.976,양품
18.2809,-0.0053,89.9297,-5659.25,65.1667,0.0,0.0476,0.149,15.83,458.0,4.5431,15.82,0.9649,2.0077,0.0275,8.6324,14.84,3.448,148.0,0.0264,0.7608,21.7191,2597.5,15.9505,0.0,1001.7862,1.29,0.9269,9.52,37.0154,22.6964,4.6686,-0.0254,18.135,18.0516,2.713,0.0,29.8969,16.27,8733.9801,87.0354,2.4,85.0856,143.7109,0.2294,76.99,0.0078,0.1096,3.4124,264.034,양품
19.8,-0.0074,53.6913,-5349.0,61.6222,0.0,0.052,0.107,15.83,411.0,5.3492,15.82,0.9649,1.9663,0.0457,9.2658,15.62,3.448,489.0,0.0193,0.7608,20.2,2655.0,17.1168,0.0,1001.7862,1.11,0.9326,20.42,24.4775,19.4236,4.6879,-0.0311,24.069,35.4545,2.713,0.0,28.6955,15.78,8729.22,88.2109,4.1,83.8746,150.9355,0.4444,73.32,0.0078,0.1096,3.2257,262.2,양품
11.6818,-0.007,68.8172,-5597.0,65.6333,0.0,0.2135,0.079,15.83,317.0,4.3109,15.82,0.9649,1.9752,0.0251,8.8033,14.41,3.448,548.0,0.0964,0.7608,28.3182,2582.5,17.2065,0.0,1001.7862,1.14,0.9329,18.45,23.592,20.44,4.6531,-0.0147,22.302,127.8054,2.713,0.0,38.8044,23.38,8654.6899,88.2847,3.9,83.9737,137.1027,0.1254,14.26,0.0078,0.1096,3.1813,265.002,양품
22.4345,-0.0054,102.3256,-5440.5,68.3444,0.0,0.1816,0.108,15.83,140.0,4.9353,15.82,0.9649,2.0045,0.0947,8.7599,13.84,3.448,833.0,0.0958,0.7608,17.5655,2584.25,10.158,0.0,1001.7862,1.0,0.9238,15.6,19.7188,16.2955,4.6188,-0.0605,21.646,10.6532,2.713,0.0,25.4333,20.81,8923.6199,86.838,2.1,85.794,146.3745,0.2766,79.42,0.0078,0.1096,3.4132,263.794,양품
17.1627,-0.007,54.5781,-5614.25,68.3,0.0,0.0481,0.177,15.83,656.0,4.6734,15.82,0.9649,1.9745,0.0489,9.6272,15.3,3.448,594.0,0.0089,0.7608,22.8373,2771.0,12.655,0.0,1001.7862,2.41,0.9269,10.41,27.7488,15.9563,4.6686,-0.0696,17.521,22.8985,2.713,562.963,28.6681,20.35,8664.4001,87.0383,1.8,85.324,146.6591,0.4057,65.55,0.0078,0.1096,3.3783,264.368,양품
25.4573,-0.0046,111.4754,-5534.5,70.7667,-0.3311,0.1203,0.14,15.74,218.0,4.7397,15.73,1.031,2.018,0.0439,8.7599,15.88,3.776,308.0,0.048,0.7025,14.5427,2629.25,5.9519,0.0,1001.2992,0.83,0.9238,19.5,18.5397,8.9481,4.6188,-0.0822,22.798,16.9303,3.198,426.6667,20.874,24.04,8651.4101,86.838,2.5,85.794,145.7255,0.2272,79.42,0.0078,0.1096,3.4589,266.228,양품
20.5509,-0.0031,174.8988,-2649.25,63.3444,0.0473,0.0678,0.913,15.83,3287.0,4.9899,15.78,0.9933,0.8882,0.0545,8.7487,15.49,3.62,5684.0,0.0041,0.7509,19.4491,1461.25,7.3859,0.0,1006.4114,0.97,0.9238,13.24,14.507,18.3472,4.6188,-0.0346,20.481,18.2474,2.914,221.3836,24.9395,19.76,9008.5601,88.2425,1.6,84.0432,142.9691,0.4373,14.41,0.0078,0.1096,3.4709,,양품
18.6827,-0.0078,51.4469,-5554.25,65.4667,-0.3311,0.1816,0.086,15.74,423.0,5.7303,15.73,1.031,2.021,0.0398,8.8388,19.23,3.776,268.0,0.1013,0.7025,21.3173,2624.75,4.5654,0.0,1001.2992,1.29,0.9342,19.73,24.9208,17.0272,4.6082,-0.077,33.628,27.405,3.198,0.0,28.9468,17.37,8404.05,85.1414,2.3,84.7166,151.3264,0.3599,76.67,0.0078,0.1096,3.7759,266.692,양품
25.4427,-0.0055,76.0181,-6566.0,65.2889,0.8042,0.0758,0.113,15.87,653.0,4.0636,15.88,0.7947,1.8762,0.2188,9.094,10.9,2.438,663.0,-0.0015,0.8376,14.5573,2975.5,4.0799,0.0,1007.4191,,0.933,14.79,21.8561,15.0236,4.7644,-0.056,16.265,22.0495,2.951,0.0,22.6504,,9031.82,88.1608,3.5,85.2575,149.7364,0.2326,13.92,0.0078,0.1096,4.5676,261.73,양품
17.6373,-0.0063,65.3386,-5613.75,64.8111,0.0473,0.081,0.145,15.83,3775.0,5.2115,15.78,0.9933,1.99,0.1725,8.7588,15.1,3.62,386.0,0.0071,0.7509,22.3627,3418.5,8.3864,0.0,1006.4114,0.95,0.9291,10.46,23.817,21.8491,4.6615,-0.0441,20.281,18.8238,2.914,0.0,31.3539,12.49,9300.7701,88.3548,4.6,85.6039,148.1391,0.2247,14.14,0.0078,0.1096,3.2463,263.256,양품
24.3509,-0.005,90.0,-6546.5,64.6444,0.8042,0.0692,0.122,15.87,613.0,4.4431,15.88,0.7947,1.8822,0.1739,9.094,17.39,2.438,502.0,0.0428,0.8376,15.6491,3058.0,3.1509,0.0,1007.4191,0.99,0.933,9.16,32.9369,14.2318,4.7644,-0.0479,15.373,67.3075,2.951,0.0,23.1757,22.75,8952.31,88.1608,3.1,85.2575,147.6145,0.3656,13.92,0.0078,0.1096,4.5757,262.666,양품
12.0627,-0.0071,79.292,-5652.0,64.6222,0.8042,0.082,0.093,15.87,751.0,3.8954,15.88,0.7947,1.9457,0.0445,9.1784,12.74,2.438,423.0,0.0121,0.8376,27.9373,2711.25,3.4345,0.0,1007.4191,1.09,0.9329,22.53,24.679,16.6609,4.6531,-0.039,22.971,128.4121,2.951,0.0,38.0327,16.73,9269.57,88.3282,2.4,85.1197,140.8936,0.2848,74.8,0.0078,0.1096,3.2978,262.988,양품
9.5227,-0.0053,54.8463,-6656.75,60.9222,0.0473,0.0603,0.074,15.83,786.0,3.9957,15.78,0.9933,1.7797,0.1574,9.1585,13.28,3.62,2170.0,0.0307,0.7509,30.4773,2883.5,9.0188,0.0,1006.4114,1.6,0.934,16.41,16.6625,21.0827,4.6613,-0.0394,20.734,47.5705,2.914,0.0,40.9448,14.05,8401.17,86.279,3.5,84.6216,138.7,0.3876,74.54,0.0078,0.1096,3.4918,263.494,양품
22.9245,-0.0061,98.3607,-5681.5,67.5333,-0.3311,0.1577,0.08,15.74,161.0,4.746,15.73,1.031,1.9998,0.0958,8.7495,15.1,3.776,504.0,0.0603,0.7025,17.0755,2670.0,12.9025,0.0,1001.2992,1.54,0.9238,11.72,12.986,10.5321,4.6188,-0.0816,22.334,18.6263,3.198,896.9697,22.9914,20.41,8557.4501,86.7325,1.9,84.3585,149.4391,0.3571,78.13,0.0078,0.1096,3.5628,,양품
9.3336,-0.0092,39.2906,-5537.5,64.0,0.8042,0.0517,0.057,15.87,967.0,4.49,15.88,0.7947,1.9648,0.1755,9.1784,14.62,2.438,311.0,0.0397,0.8376,30.6664,2483.5,10.6604,0.0,1007.4191,1.95,0.9329,17.57,24.2753,19.9972,4.6531,-0.0289,20.752,182.0299,2.951,0.0,41.5043,24.21,8400.7099,88.3282,2.7,85.1197,141.4691,0.3184,74.8,0.0078,0.1096,3.3262,264.188,양품
12.5391,-0.0071,56.6372,-5349.25,68.5444,-0.4731,0.1474,0.097,15.83,82.0,4.3171,15.83,1.05,2.0063,0.0607,10.6376,14.45,3.777,378.0,0.0601,0.7489,27.4609,2536.75,5.132,0.0,1006.1613,0.32,0.934,19.08,23.8886,13.7445,4.6613,-0.0733,21.001,111.9698,2.692,394.3662,37.4506,18.06,9047.98,87.5105,2.3,84.1874,143.6273,0.2806,79.48,0.0078,0.1096,3.3574,265.394,양품
12.4309,-0.0063,68.6627,-5495.75,62.8333,0.0,0.0546,0.152,15.78,424.0,5.3995,15.81,1.21,1.9688,0.1832,9.2658,18.43,3.566,424.0,0.0116,0.7332,27.5691,2703.75,4.7482,0.0,1004.2077,1.46,0.93,22.69,25.8126,22.91,4.6061,-0.0783,32.633,60.3335,2.642,869.5652,37.4995,18.25,9054.92,88.2109,4.8,83.8746,155.6164,0.1968,73.32,0.0078,0.1096,3.2932,265.058,불량
28.6355,-0.0053,68.2464,-6518.25,67.5222,-0.4731,0.0809,0.094,15.83,595.0,5.2164,15.83,1.05,1.8967,0.0649,8.6667,14.37,3.777,527.0,0.0215,0.7489,11.3645,3073.5,7.5957,0.0,1006.1613,2.36,0.933,17.17,32.6037,10.9873,4.7644,-0.0338,16.438,25.5278,2.692,608.6957,18.6261,19.61,8545.2799,86.9255,2.5,85.4579,147.6645,0.2307,14.55,0.0078,0.1096,4.6676,264.492,양품
8.6927,-0.006,85.5346,-4556.0,62.6556,0.0473,0.1767,0.899,15.83,3267.0,4.1082,15.78,0.9933,1.3362,0.0442,9.1784,12.11,3.62,7791.0,0.0615,0.7509,31.3073,2259.25,8.0833,0.0,1006.4114,1.09,0.9329,14.89,38.0561,22.3246,4.6531,-0.0624,21.97,68.333,2.914,833.3333,42.1115,20.53,8677.0401,88.3282,2.4,85.1197,141.2273,0.181,74.8,0.0078,0.1096,3.4724,,양품
-5.3055,-0.0054,46.62,-5432.5,64.1667,-0.4731,0.059,0.109,15.83,248.0,5.2837,15.83,1.05,2.0345,,8.9336,16.04,3.777,530.0,-0.0077,0.7489,25.3055,2674.0,2.908,0.0,1006.1613,1.47,0.9318,8.71,33.7328,22.4155,4.6463,0.0146,19.868,87.0802,2.692,443.0769,31.4125,18.23,9369.24,86.8595,2.3,84.3324,145.4055,1.2098,76.69,0.0078,0.1096,3.3442,,양품
-8.7491,-0.0066,30.4762,-5677.75,66.6889,-0.4731,0.0706,0.169,15.83,344.0,4.8942,15.83,1.05,1.9985,,8.755,12.24,3.777,745.0,-0.0066,0.7489,28.7491,2791.75,12.4225,0.0,1006.1613,1.54,0.9318,12.45,23.1079,27.9609,4.6463,0.0138,17.21,104.6966,2.692,0.0,35.3973,19.49,8594.4,86.5867,1.9,84.8723,147.8709,1.2098,78.27,0.0078,0.1096,3.4804,261.624,양품
26.6582,-0.004,62.6959,-6174.5,68.9222,0.0,0.1362,0.139,15.74,735.0,5.2537,15.75,0.9082,1.881,0.1351,8.7947,19.13,3.276,1657.0,0.0704,0.771,13.3418,2919.0,4.0536,0.0,1001.0291,1.26,0.9329,5.07,36.5559,9.4782,4.6792,-0.0849,8.039,35.1112,2.66,688.3721,17.0797,15.14,8488.5099,87.1254,3.5,84.8178,142.6036,0.2199,76.52,0.0078,0.1096,4.5894,259.346,양품
28.7064,-0.0047,77.2118,-5367.75,68.2222,0.0,0.1644,0.097,15.74,106.0,6.8114,15.75,0.9082,2.0093,0.3297,8.7947,22.4,3.276,296.0,0.0614,0.771,11.2936,2560.25,4.7155,0.0,1001.0291,1.7,0.9329,4.94,62.6301,5.8827,4.6792,-0.0083,5.733,19.1247,2.66,0.0,15.0708,10.6,8945.4,87.1254,2.3,84.8178,143.2327,0.1299,76.52,0.0078,0.1096,3.387,,양품
-8.2255,-0.0053,76.815,-5393.25,66.0889,,0.0462,0.194,,551.0,4.7156,,,1.9872,,8.8249,13.17,,531.0,0.0035,,28.2255,2662.25,11.7405,0.0,,1.38,0.9318,7.12,35.7201,29.4,4.6463,0.0318,18.409,71.2423,,0.0,37.532,17.19,8929.2,86.8889,1.8,85.6591,144.9518,1.2098,,0.0078,0.1096,3.4088,261.436,양품
28.1191,-0.0049,122.7621,-5594.25,61.2556,0.0,0.1548,0.096,15.74,447.0,5.2147,15.75,0.9082,1.8807,0.1551,9.3851,18.02,3.276,578.0,0.0533,0.771,11.8809,2949.0,4.7764,0.0,1001.0291,1.14,0.9337,7.13,36.819,13.0754,4.6183,-0.088,5.476,19.3463,2.66,0.0,18.6476,17.33,9136.34,86.2213,3.0,85.4507,141.3555,0.3682,78.68,0.0078,0.1096,4.6656,259.98,양품
8.6673,-0.0071,76.5957,-2665.5,67.0222,-0.3311,0.0643,0.957,15.74,3454.0,4.6593,15.73,1.031,0.8912,,8.6942,14.74,3.776,5703.0,-0.0188,0.7025,11.3327,1485.75,4.6731,0.0,1001.2992,1.58,0.9326,15.91,24.4135,10.7382,4.6879,-0.0201,22.458,33.2284,3.198,470.5882,18.5853,15.54,9327.4499,86.8448,1.6,85.0716,146.5536,0.2879,76.33,0.0078,0.1096,3.4998,263.184,양품
3.8509,-0.0061,99.389,-5527.0,60.9111,0.0473,0.0622,0.077,15.83,232.0,5.469,15.78,0.9933,1.984,,9.1502,18.54,3.62,527.0,0.0065,0.7509,16.1491,2560.25,8.1787,0.0,1006.4114,1.49,0.9342,17.45,32.3024,16.4146,4.6082,0.0293,34.885,265.9112,2.914,0.0,21.2791,15.55,8172.39,88.2074,3.6,85.6626,149.0727,0.2879,72.29,0.0078,0.1096,3.1941,264.724,양품
-15.1964,-0.0063,87.3016,-4695.25,65.2,,0.1261,0.954,,3046.0,4.2296,,,1.3355,,8.8388,15.78,,7716.0,-0.0265,,35.1964,2105.0,9.4702,0.0,,,0.9326,13.22,23.9011,27.869,4.7045,0.0556,18.326,64.5549,,201.5748,38.7128,,8734.73,85.1414,2.0,84.7166,155.9973,0.3066,76.67,0.0078,0.1096,3.6073,259.704,양품
-6.4836,-0.0054,115.3488,-5491.5,64.8,0.7569,0.0319,0.133,15.68,451.0,4.1415,15.7,0.894,1.9898,,8.6942,11.5,3.428,663.0,-0.0316,0.786,26.4836,2578.5,3.8361,0.0,1009.6011,,,7.29,35.8117,26.6791,,-0.0136,18.594,102.8744,2.746,0.0,34.5138,,9393.38,86.8448,3.7,85.0716,147.5091,1.2098,76.33,0.0075,0.1161,3.2787,264.488,양품
-11.2182,-0.0058,65.2361,-5463.25,65.3,,0.0415,0.178,,390.0,4.2605,,,2.0063,,9.7997,12.81,,619.0,0.0174,,31.2182,2652.0,13.4292,0.0,,,0.9318,9.5,43.9785,31.3127,4.6463,0.0249,16.981,69.6191,,0.0,39.6995,,9001.7399,87.5241,3.1,84.9052,147.7518,0.2435,78.25,0.0078,0.1096,3.3773,262.484,양품
11.5591,-0.0052,117.8744,-2609.25,62.7556,0.0473,0.1176,0.895,15.83,3218.0,4.1373,15.78,0.9933,0.8925,0.0461,8.7588,12.1,3.62,5480.0,0.0083,0.7509,28.4409,1505.5,7.6212,0.0,1006.4114,1.63,0.934,15.66,24.2959,13.7328,4.6613,-0.0246,21.486,68.5174,2.914,858.5366,39.2802,23.42,8887.5198,88.3548,3.2,85.6039,147.4645,0.4407,14.14,0.0078,0.1096,3.4822,264.156,불량
28.4227,-0.005,116.5829,-5497.75,67.1556,0.0473,0.138,0.177,15.76,411.0,5.2979,15.71,1.026,2.0083,0.2973,8.7947,16.91,3.617,167.0,0.0893,0.7388,11.5773,2598.75,15.4785,0.0,1000.9017,1.01,0.9329,4.01,28.5726,7.38,4.6792,-0.139,5.014,32.8258,2.643,0.0,17.7542,13.86,8865.8101,87.1254,2.7,84.8178,149.6982,0.3566,76.52,0.0078,0.1096,3.2781,,양품
24.4727,-0.005,100.7557,-5522.25,61.7444,0.0473,0.1133,0.085,15.76,435.0,5.7258,15.71,1.026,1.87,0.0987,9.3851,20.14,3.617,592.0,0.0544,0.7388,15.5273,2935.25,14.0894,0.0,1000.9017,,0.9329,9.74,38.2679,3.3254,4.6792,-0.1275,6.189,40.0037,2.643,468.9655,19.7605,,8972.6301,86.2213,3.4,85.4507,152.3764,0.2909,78.68,0.0078,0.1096,4.6672,,양품
5.1345,-0.006,103.3333,-1502.75,60.5,0.0,0.1217,0.947,15.74,2426.0,5.3251,15.75,0.9082,0.4368,0.4075,9.2007,17.05,3.276,6011.0,0.0121,0.771,34.8655,606.5,10.179,0.0,1001.0291,1.22,0.9238,30.17,9.4876,27.5963,4.6188,-0.0808,21.028,401.204,2.66,0.0,40.4495,22.99,9010.52,88.3312,2.9,85.0922,150.8327,0.4565,74.57,0.0078,0.1096,3.485,,양품
24.8064,-0.0062,45.0704,-5443.0,67.8111,0.0473,0.1419,0.114,15.76,307.0,7.6145,15.71,1.026,1.9935,0.0545,8.7947,23.74,3.617,352.0,0.0915,0.7388,15.1936,2524.5,14.4227,0.0,1000.9017,1.15,0.9329,3.57,46.3586,3.0204,4.6792,-0.1347,7.535,42.9728,2.643,0.0,19.4876,12.46,8624.16,87.1254,2.3,84.8178,149.8864,0.2525,76.52,0.0078,0.1096,3.3339,,양품
27.6182,-0.0037,92.2034,-5668.0,64.0,0.1419,0.1999,0.056,15.66,127.0,4.9451,15.69,0.9318,1.853,0.0418,9.3851,15.55,3.663,336.0,0.0534,0.7454,12.3818,2817.0,17.8597,0.0,995.2842,,0.9329,4.26,29.0011,7.4273,4.6792,-0.0442,6.594,29.6182,2.593,0.0,16.218,,9292.8499,86.2213,3.0,85.4507,142.1,0.1562,78.68,0.0078,0.1096,4.6622,260.506,양품
20.5864,-0.0069,70.6306,-6274.75,66.2556,0.1419,0.1689,0.134,15.66,790.0,4.4596,15.69,0.9318,1.8835,0.1698,10.9634,13.45,3.663,168.0,0.0772,0.7454,19.4136,3010.25,18.8626,0.0,995.2842,1.12,0.9326,14.48,20.419,18.47,4.7045,-0.0481,17.729,20.499,2.593,400.0,27.3648,21.85,8028.82,87.489,3.4,85.4138,145.2709,1.4316,14.71,0.0078,0.1096,4.6857,266.512,양품
27.6655,-0.0051,101.4634,-5609.5,61.7667,0.0473,0.1558,0.095,15.76,556.0,5.2551,15.71,1.026,1.8678,0.0463,9.3851,16.9,3.617,552.0,0.0916,0.7388,12.3345,2934.5,15.0233,0.0,1000.9017,1.73,0.9331,6.07,61.1564,14.18,4.6677,-0.12,6.093,27.5072,2.643,0.0,18.6255,23.57,8967.0801,86.2213,3.7,85.4507,141.1055,0.3488,78.68,0.0078,0.1096,4.661,,양품
29.0264,-0.0056,42.5721,-6487.25,65.7333,0.7569,0.1476,0.106,15.68,633.0,4.6683,15.7,0.894,1.8753,0.0623,9.094,12.7,3.428,302.0,0.0725,0.786,10.9736,2943.5,12.9074,0.0,1009.6011,1.07,0.9332,13.2,26.6598,8.2148,4.7217,-0.1103,17.809,27.32,2.746,0.0,18.2111,16.86,8246.59,88.1608,2.8,85.2575,146.8536,0.3811,13.92,0.0078,0.1096,4.5816,261.406,양품
27.7364,-0.0066,85.3333,-6361.5,66.9778,0.0,0.0531,0.108,15.74,544.0,3.9228,15.75,0.9082,1.8895,0.0249,10.9634,10.64,3.276,623.0,0.0141,0.771,12.2636,2988.5,5.9532,0.0,1001.0291,1.19,0.933,15.55,34.3099,11.4437,4.7644,-0.0837,17.776,15.2868,2.66,290.9091,19.7743,18.04,8974.06,87.489,3.5,85.4138,145.9618,0.2425,14.71,0.0078,0.1096,4.6912,265.482,양품
24.8282,-0.0059,64.6809,-6514.0,61.6444,0.7569,0.16,0.113,15.68,795.0,4.1939,15.7,0.894,1.882,0.0252,9.1638,14.11,3.428,392.0,0.0706,0.786,15.1718,3037.75,13.4953,0.0,1009.6011,1.54,0.932,20.52,40.8139,12.7836,4.7112,-0.1051,22.439,26.9452,2.746,760.0,20.2521,20.35,8242.48,88.4188,4.3,84.5407,140.6673,0.3356,74.21,0.0078,0.1096,4.5691,266.69,양품
24.6118,-0.0064,73.0097,-6541.25,65.4333,0.7569,0.158,0.112,15.68,549.0,3.7815,15.7,0.894,1.8858,0.0471,9.094,15.23,3.428,532.0,0.0918,0.786,15.3882,3022.75,3.636,0.0,1009.6011,1.54,0.933,16.04,23.6742,15.6664,4.7644,-0.1082,15.113,19.3809,2.746,0.0,22.1592,17.64,9013.3401,88.1608,2.5,85.2575,147.7673,0.3834,13.92,0.0078,0.1096,4.5668,265.176,양품
27.7155,-0.0075,27.8607,-5147.25,62.9667,0.7569,0.1298,0.107,15.68,470.0,4.2139,15.7,0.894,1.983,0.199,9.094,14.45,3.428,1270.0,0.0488,0.786,12.2845,2420.25,13.0316,0.0,1009.6011,1.35,0.9326,16.17,26.8436,8.2381,4.7045,-0.0916,15.231,24.4629,2.746,461.5385,18.9827,17.11,8182.9,88.1608,3.5,85.2575,152.1,0.2206,13.92,0.0078,0.1096,3.2608,262.974,양품
23.7864,-0.0068,49.8168,-6485.5,63.6444,0.0473,0.1524,0.126,15.76,700.0,4.8339,15.71,1.026,1.888,0.1278,9.1638,15.72,3.617,385.0,0.0716,0.7388,16.2136,3043.0,12.7841,0.0,1000.9017,0.89,0.9343,15.9,35.2476,16.9794,4.7233,-0.0988,20.668,32.0352,2.643,387.5,21.1535,16.44,9061.3801,88.4188,3.5,84.5407,140.7055,0.3447,74.21,0.0078,0.1096,4.565,,양품
20.6,-0.0054,127.4827,-5409.0,68.3333,-0.1419,0.0386,0.138,15.64,280.0,5.5196,15.7,1.012,1.9937,0.0705,8.9336,17.76,3.865,702.0,0.0178,0.6925,19.4,2664.75,4.4125,0.0,998.6588,1.08,0.934,17.18,12.4082,10.2527,4.5924,-0.0214,34.621,47.0388,2.931,0.0,25.2665,13.84,8249.0901,86.8595,2.3,84.3324,150.0155,0.3432,76.69,0.0078,0.1096,3.3628,266.384,양품
29.7509,-0.005,151.5152,-6463.0,67.4,0.0473,0.0517,0.109,15.76,644.0,3.8059,15.71,1.026,1.8718,0.028,8.6667,13.9,3.617,389.0,-0.0055,0.7388,10.2491,3027.0,6.0177,0.0,1000.9017,2.11,0.933,11.99,24.0433,7.3481,4.7644,-0.1102,15.852,25.9488,2.643,0.0,16.2643,23.21,9226.67,86.9255,2.8,85.4579,149.1618,0.2669,14.55,0.0078,0.1096,4.6479,265.14,양품
23.9945,-0.0066,66.7932,-5301.0,63.3556,0.0,0.1404,0.155,15.74,397.0,5.4282,15.75,0.9082,1.9775,0.0273,9.2658,18.23,3.276,259.0,0.085,0.771,16.0055,2437.0,13.6445,0.0,1001.0291,1.2,0.9324,21.71,20.8174,17.4936,4.5894,-0.1478,33.498,31.3821,2.66,477.6119,23.4847,19.12,8481.16,88.2109,3.7,83.8746,148.4764,0.2889,73.32,0.0078,0.1096,3.2861,259.02,양품
16.7909,-0.0055,78.0045,-5401.75,70.1667,-0.1419,0.1167,0.19,15.64,562.0,5.6383,15.7,1.012,2.019,0.0459,8.7495,18.16,3.865,203.0,0.0516,0.6925,23.2091,2672.25,4.7513,0.0,998.6588,2.16,0.9291,16.99,15.9773,16.6345,4.6615,-0.0714,21.2209,50.8013,2.931,0.0,29.5358,18.55,9439.44,86.7325,2.9,84.3585,142.84,0.1361,78.13,0.0078,0.1096,3.4199,,양품
23.7136,-0.0057,68.5714,-6470.75,64.6556,0.0473,0.161,0.095,15.76,613.0,5.8419,15.71,1.026,1.8893,0.121,10.9634,19.42,3.617,674.0,0.0603,0.7388,16.2864,3081.0,12.7948,0.0,1000.9017,1.81,0.9332,15.24,52.1988,8.01,4.7217,-0.0969,16.509,21.8861,2.643,0.0,21.8375,17.25,9065.4699,87.489,2.9,85.4138,149.52,0.3699,14.71,0.0078,0.1096,4.6821,,양품
18.5764,-0.004,65.2038,-5432.75,60.2667,0.0,0.1134,0.067,15.74,171.0,4.4137,15.75,0.9082,1.9748,0.0385,9.2405,14.42,3.276,692.0,0.0209,0.771,21.4236,2579.75,5.7237,0.0,1001.0291,11.42,0.934,17.62,41.0503,10.6818,4.6613,-0.0983,22.5681,62.3911,2.66,278.6517,30.0601,27.75,8721.5101,88.2207,3.3,85.8965,144.9582,0.2934,74.19,0.0078,0.1096,3.3177,,불량
24.2918,-0.0051,136.9193,-5856.75,62.2111,0.0473,0.1296,0.115,15.76,725.0,6.0972,15.71,1.026,1.8845,0.1286,9.1638,17.8,3.617,3597.0,0.0659,0.7388,15.7082,3085.0,11.7968,0.0,1000.9017,0.94,0.932,14.62,43.6301,10.7936,4.7112,-0.0289,20.011,21.9004,2.643,666.6667,21.5957,21.46,8529.3901,88.4188,2.6,84.5407,145.2655,0.2309,74.21,0.0078,0.1096,4.6129,262.482,양품
25.5127,-0.0044,77.2727,-5657.75,64.7111,-0.1419,0.0539,0.098,15.64,467.0,4.3933,15.7,1.012,1.97,0.0641,9.094,11.63,3.865,793.0,0.0271,0.6925,14.4873,2628.75,15.2822,0.0,998.6588,1.72,0.9326,13.73,53.855,12.1563,4.7045,-0.065,16.213,30.8473,2.931,0.0,22.1353,20.78,8394.1499,88.1608,2.6,85.2575,148.9909,0.2937,13.92,0.0078,0.1096,3.3738,261.542,양품
26.7064,-0.0062,54.6185,-5560.75,63.9444,0.0,0.1619,0.126,15.74,154.0,4.8126,15.75,0.9082,1.9817,0.0462,9.2658,13.41,3.276,717.0,0.0726,0.771,13.2936,2602.5,5.8117,0.0,1001.0291,,0.932,11.37,28.568,13.69,4.7112,-0.0545,17.495,28.7197,2.66,485.7143,20.443,,8892.8699,88.2109,4.1,83.8746,143.3964,0.3543,73.32,0.0078,0.1096,3.321,259.444,양품
8.9136,-0.0039,93.9683,-5474.25,65.7778,-0.3311,0.1191,0.062,15.73,336.0,4.0809,15.74,1.087,1.9945,0.1677,10.6376,13.58,3.316,210.0,0.0599,0.7681,31.0864,2532.0,11.4788,0.0,1004.2506,2.55,0.934,16.87,53.5488,21.6236,4.6613,-0.0988,22.829,141.1321,2.675,0.0,41.2374,21.84,8527.2501,87.5105,3.4,84.1874,142.3409,0.4257,79.48,0.0078,0.1096,3.4474,260.674,양품
8.9418,-0.0017,301.4493,-5600.5,68.2556,-0.1419,0.0373,0.116,15.65,326.0,5.1314,15.65,0.9838,1.977,0.0748,9.6272,14.37,3.785,460.0,0.0059,0.7193,31.0582,2727.25,18.1408,0.0,997.0102,1.18,0.9318,7.39,28.5791,29.6318,4.6463,-0.0634,21.562,45.5165,2.612,751.5152,39.9438,19.88,10746.6,87.0383,2.8,85.324,147.5964,0.2349,65.55,0.0078,0.1096,3.3189,266.364,양품
6.9918,-0.0057,58.1498,-6068.75,67.1778,-0.1419,0.1442,0.073,15.64,712.0,4.291,15.7,1.012,1.779,0.1185,10.0686,13.84,3.865,2481.0,0.0515,0.6925,33.0082,2827.75,11.7113,0.0,998.6588,0.3,0.934,16.06,35.9496,24.1545,4.6613,-0.0596,21.966,129.151,2.931,634.9206,44.0701,16.86,9519.65,87.3997,1.9,85.2487,136.9155,0.1733,76.73,0.0078,0.1096,3.5232,260.604,양품
16.6036,-0.0062,77.1084,-5306.5,67.5778,0.6623,0.0951,0.191,15.8,374.0,5.4277,15.79,0.9176,1.9827,0.021,9.6272,16.53,3.609,492.0,0.0,0.6956,23.3964,2648.75,9.6926,0.0,1012.1967,1.51,0.9269,12.08,23.6992,17.1728,4.6686,-0.0199,17.703,18.5502,2.761,0.0,29.6268,18.94,8610.0701,87.0383,2.2,85.324,143.8591,0.3306,65.55,0.0078,0.1096,3.4029,262.978,양품
16.5255,-0.0017,243.4783,-6030.25,63.1444,-0.0946,0.1374,0.14,15.74,500.0,5.0727,15.81,1.035,1.9933,0.1853,9.2405,16.86,3.628,1909.0,0.0073,0.761,23.4745,2656.0,5.6793,0.0,1007.05,1.37,0.9291,15.66,11.7214,24.1954,4.6615,-0.0483,17.785,32.4348,2.726,364.7059,32.6465,14.96,9188.72,88.2207,3.2,85.8965,142.59,0.1815,74.19,0.0078,0.1096,3.2857,265.584,양품
29.1918,-0.005,88.665,-5653.75,65.4778,-0.3784,0.0654,0.136,15.74,854.0,5.9941,15.74,1.021,2.0232,0.1409,8.7947,18.15,3.901,206.0,0.0088,0.7429,10.8082,2327.25,16.8343,0.0,1004.4356,1.12,0.9188,19.74,22.5632,8.7877,4.514,-0.1102,35.711,24.0136,2.676,741.4634,17.4684,14.44,9332.7599,87.1254,2.8,84.8178,149.2,0.4406,76.52,0.0078,0.1096,3.3321,263.738,양품
10.08,-0.004,82.243,-5418.25,61.8778,0.6623,0.1399,0.101,15.8,604.0,4.9691,15.79,0.9176,1.9705,0.0337,9.0998,13.18,3.609,1132.0,0.0427,0.6956,29.92,2571.5,12.6505,0.0,1012.1967,0.87,0.9332,8.19,24.1311,28.3818,4.7217,-0.0333,15.839,53.4722,2.761,0.0,40.5205,17.07,8796.0601,88.24,3.6,85.7375,147.8373,0.3855,13.77,0.0078,0.1096,3.2743,245.474,양품
3.9055,-0.0068,61.7647,-5641.25,61.8333,0.7569,0.054,0.071,15.68,472.0,4.3009,15.7,0.894,1.9843,0.0182,9.2405,14.19,3.428,266.0,0.0288,0.786,36.0945,2642.25,12.5444,0.0,1009.6011,0.49,0.934,8.66,29.5865,18.7055,4.6613,-0.0915,21.71,81.4246,2.746,885.7143,45.7731,22.77,8802.4499,88.2207,3.3,85.8965,140.5445,0.3143,74.19,0.0078,0.1096,3.3492,263.176,양품
26.6527,-0.0059,79.661,-5538.5,68.4333,0.3311,0.1159,0.153,15.7,461.0,7.4134,15.7,1.272,2.0003,0.0255,8.7947,23.05,3.653,293.0,0.0268,0.7636,13.3473,2562.5,2.8173,0.0,1001.6031,1.44,0.9188,18.87,23.3774,7.3818,4.514,-0.0393,35.429,21.0485,2.763,0.0,20.6385,16.65,8886.1802,87.1254,2.5,84.8178,149.3273,0.3008,76.52,0.0078,0.1096,3.3691,262.826,양품
17.6864,-0.0047,113.0667,-5261.75,66.9333,-0.0946,0.0499,0.111,15.74,108.0,5.7063,15.81,1.035,1.993,0.0353,8.9336,17.03,3.628,347.0,0.0242,0.761,22.3136,2685.75,5.0234,0.0,1007.05,6.84,0.93,18.71,16.9094,17.3827,4.6061,-0.0452,34.686,35.9034,2.726,585.3659,27.4474,28.35,8396.56,86.8595,1.9,84.3324,145.5145,0.3505,76.69,0.0078,0.1096,3.3519,,양품
15.0182,-0.0059,62.5793,-5587.75,61.6778,-0.0946,0.0598,0.15,15.74,566.0,4.593,15.81,1.035,1.9705,0.1931,9.2658,15.21,3.628,878.0,0.0033,0.761,24.9818,2482.5,5.2075,0.0,1007.05,1.63,0.9291,10.93,26.069,25.4591,4.6615,-0.0456,17.672,29.7639,2.726,0.0,33.8496,15.36,8613.2899,88.2109,5.3,83.8746,146.6245,0.3005,73.32,0.0078,0.1096,3.2779,265.404,양품
15.7936,-0.0056,89.6861,-5531.5,69.3333,-0.0946,0.0461,0.06,15.74,355.0,4.0226,15.81,1.035,2.0303,0.2107,8.7495,11.65,3.628,579.0,0.0006,0.761,24.2064,2643.75,5.8718,0.0,1007.05,0.67,0.9302,11.28,21.0937,22.9055,4.6708,-0.0566,18.237,39.8262,2.726,0.0,30.2922,13.91,10358.1,86.7325,2.3,84.3585,143.89,0.2815,78.13,0.0078,0.1096,3.5142,264.93,양품
6.6636,-0.0067,44.8598,-5456.25,67.6333,0.0,0.1645,0.18,15.74,445.0,5.0305,15.75,0.9082,1.9972,0.2239,9.6272,12.77,3.276,556.0,0.0234,0.771,33.3364,2620.0,5.5904,0.0,1001.0291,1.44,0.9332,16.45,26.6655,32.4018,4.7217,-0.1142,18.004,96.794,2.66,800.0,43.541,15.93,8857.02,87.0383,1.9,85.324,149.5082,0.562,65.55,0.0078,0.1096,3.3944,263.388,불량
10.2109,-0.0045,93.3333,-5683.75,63.2778,0.6623,0.13,0.206,15.8,212.0,5.1929,15.79,0.9176,2.0173,0.0191,9.1502,18.14,3.609,591.0,0.0418,0.6956,29.7891,2543.0,12.6325,0.0,1012.1967,1.61,0.9291,17.84,24.1781,25.7227,4.6615,-0.0365,20.044,141.5153,2.761,800.0,39.6865,19.05,8869.57,88.2074,3.8,85.6626,150.3718,0.8681,72.29,0.0078,0.1096,3.2356,,양품
-19.1518,-0.0056,52.0179,-6563.75,66.0556,,0.088,0.077,,847.0,4.9213,,,1.8005,,8.8388,13.59,,2366.0,0.0037,,39.1518,3036.5,10.0725,0.0,,0.69,0.9318,9.09,48.0809,39.6172,4.6463,0.0291,17.061,56.6004,,0.0,46.9227,12.26,8981.22,85.1414,2.6,84.7166,148.6427,0.2673,76.67,0.0078,0.1096,3.6417,265.006,양품
22.2164,-0.0041,104.2424,-5559.0,63.9,-0.0473,0.0521,0.151,15.74,467.0,4.0774,15.72,1.097,1.9682,0.0224,9.2658,11.92,3.937,180.0,0.0389,0.7304,17.7836,2594.75,3.4456,0.0,1000.0948,,0.932,11.41,21.3051,12.64,4.7112,-0.0578,21.52,24.0813,2.666,421.8182,23.5906,,8705.1401,88.2109,3.6,83.8746,146.3055,0.4809,73.32,0.0078,0.1096,3.2744,256.288,양품
25.8364,-0.007,46.9751,-5499.75,63.3778,0.3311,0.0623,0.115,15.7,228.0,4.7194,15.7,1.272,1.9685,0.1115,9.2658,14.39,3.653,570.0,-0.0014,0.7636,14.1636,2597.0,6.1052,0.0,1001.6031,,0.9326,11.2,24.5964,16.1428,4.6879,-0.0376,21.175,16.2562,2.763,569.4915,19.9565,,8589.3499,88.2109,5.1,83.8746,149.9227,0.2306,73.32,0.0078,0.1096,3.246,263.258,양품
25.9591,-0.0093,64.1711,-6353.5,67.6556,0.3311,0.1596,0.092,15.7,593.0,3.7323,15.7,1.272,1.8835,0.0667,8.6667,13.23,3.653,131.0,0.0689,0.7636,14.0409,3018.75,4.111,0.0,1001.6031,1.57,0.933,11.49,25.2792,15.3845,4.7644,-0.0389,16.227,19.5693,2.763,0.0,21.3459,19.48,8429.3201,86.9255,3.7,85.4579,145.9136,0.3894,14.55,0.0078,0.1096,4.687,258.464,양품
23.8864,-0.005,83.3747,-6599.25,63.5778,-0.3784,0.1282,0.09,15.74,721.0,4.3832,15.74,1.021,1.8888,0.058,9.1638,13.76,3.901,691.0,0.0587,0.7429,16.1136,3076.0,13.1215,0.0,1004.4356,,0.932,18.53,28.6509,15.2672,4.7112,-0.0965,21.176,25.1189,2.676,0.0,23.7582,,8474.25,88.4188,4.0,84.5407,145.34,0.3447,74.21,0.0078,0.1096,4.5763,243.712,양품
23.0364,-0.0068,56.0886,-6413.5,67.3111,0.3311,0.1308,0.137,15.7,775.0,5.6844,15.7,1.272,1.8873,0.0568,10.9634,19.92,3.653,484.0,0.0659,0.7636,16.9636,3062.75,3.0397,0.0,1001.6031,1.82,0.9332,12.51,33.3101,10.0091,4.7217,-0.0249,19.936,29.3883,2.763,0.0,23.0148,19.16,8716.89,87.489,3.3,85.4138,145.5955,0.4383,14.71,0.0078,0.1096,4.6862,260.53,양품
22.7418,-0.0062,46.9636,-6569.5,63.8444,0.6623,0.1244,0.08,15.8,681.0,4.8832,15.79,0.9176,1.8785,0.0421,9.1638,15.77,3.609,367.0,0.0724,0.6956,17.2582,2960.25,10.7997,0.0,1012.1967,0.9,0.932,14.14,27.9836,12.5572,4.7112,-0.0405,22.845,29.0654,2.761,189.8305,22.7338,20.08,8969.7399,88.4188,3.8,84.5407,145.2664,0.3066,74.21,0.0078,0.1096,4.5712,261.302,양품
-9.2836,-0.0034,162.3188,-6480.5,65.9556,-0.615,0.0606,0.115,15.78,594.0,6.4762,15.81,1.097,1.8815,,9.043,16.83,3.877,415.0,-0.0065,0.7675,29.2836,3056.5,12.2894,0.0,1009.46,,0.931,22.45,32.2519,22.15,4.6121,0.0187,36.948,110.8402,2.698,618.1818,39.6517,,9375.7899,86.5358,2.3,86.1197,147.6782,0.2431,78.68,0.0078,0.1096,4.6439,259.52,양품
-17.9336,-0.0045,103.8674,-6364.25,65.8333,-0.615,0.0752,0.07,15.78,329.0,6.2982,15.81,1.097,1.888,,9.043,18.72,3.877,330.0,0.0047,0.7675,37.9336,3060.25,10.3889,0.0,1009.46,0.41,0.931,21.2,30.6327,29.0909,4.6121,0.0196,32.697,34.7392,2.698,731.4286,50.0217,13.13,9314.2001,86.5358,3.8,86.1197,153.1991,0.2431,78.68,0.0078,0.1096,4.6398,260.87,양품
23.5609,-0.0053,78.6885,-6473.25,62.9667,0.0946,0.1603,0.129,15.79,673.0,4.7793,15.79,1.021,1.8873,0.0516,9.1638,13.17,3.742,497.0,0.0585,0.779,16.4391,3031.75,12.0343,0.0,1010.4211,,0.932,10.63,37.1187,16.67,4.7112,-0.0052,20.196,25.6357,2.745,0.0,24.1144,,8868.1001,88.4188,3.6,84.5407,144.2627,0.5306,74.21,0.0078,0.1096,4.587,260.452,양품
-8.3127,-0.0049,77.7494,-3293.5,64.0778,0.0946,0.0723,0.901,15.79,3295.0,5.3704,15.79,1.021,0.893,0.0397,8.7487,17.81,3.742,7669.0,0.023,0.779,48.3127,1515.5,11.1383,0.0,1010.4211,2.23,0.93,20.65,14.6382,38.8027,4.6061,0.0105,35.116,108.2677,2.745,0.0,50.757,21.06,8162.8101,88.2425,3.1,84.0432,152.9109,0.2735,14.41,0.0078,0.1096,3.5153,265.688,양품
5.3382,-0.0042,56.4706,-1918.25,63.4889,-0.0473,0.0674,0.876,15.74,2947.0,5.4647,15.72,1.097,0.4445,0.0507,9.1784,18.03,3.937,7673.0,0.005,0.7304,34.6618,736.75,12.4346,0.0,1000.0948,1.53,0.93,21.28,25.2808,28.8718,4.6061,-0.0361,36.088,133.7534,2.666,400.0,45.4012,22.16,8844.5601,88.3282,2.3,85.1197,152.4336,0.4722,74.8,0.0078,0.1096,3.4788,264.136,양품
23.8745,-0.0046,110.5691,-5478.25,62.9889,0.6623,0.079,0.11,15.8,267.0,5.2167,15.79,0.9176,1.964,0.0853,9.0998,18.57,3.609,602.0,-0.038,0.6956,16.1255,2528.5,12.0865,0.0,1012.1967,,0.9269,16.32,33.4056,14.8854,4.6686,-0.0403,18.223,29.1105,2.761,0.0,24.9379,,8407.3801,88.24,2.8,85.7375,147.6309,0.4067,13.77,0.0078,0.1096,3.4091,248.724,양품
27.3427,-0.0071,85.7645,-6472.5,68.0444,0.3311,0.0481,0.108,15.7,663.0,3.665,15.7,1.272,1.8952,0.0427,8.6667,10.13,3.653,241.0,-0.0303,0.7636,12.6573,3107.25,4.5888,0.0,1001.6031,1.42,0.933,13.87,27.9613,9.6736,4.7644,-0.0351,15.42,28.4902,2.763,520.9302,20.2591,21.59,8783.97,86.9255,2.5,85.4579,153.3564,0.3043,14.55,0.0078,0.1096,4.6681,260.17,양품
17.3018,-0.0057,116.5563,-6235.25,63.0,0.0946,0.0449,0.173,15.68,298.0,5.4289,15.68,1.021,1.993,0.1614,9.2405,18.11,3.736,3027.0,0.0267,0.7453,22.6982,2689.75,5.5943,0.0,998.0332,1.1,0.9302,12.48,28.8337,17.26,4.6708,-0.0267,16.779,22.0786,2.65,0.0,29.5,20.73,8861.6799,88.2207,3.1,85.8965,147.0473,0.1878,74.19,0.0078,0.1096,3.289,262.838,양품
26.2655,-0.007,58.5714,-6449.75,66.2222,0.1892,0.1095,0.115,15.78,659.0,6.0744,15.83,1.371,1.8915,0.3002,8.7947,18.34,4.145,473.0,0.0549,0.7678,13.7345,2968.75,6.0188,0.0,1008.8233,1.66,0.9188,17.21,18.8648,10.3014,4.514,-0.0578,38.43,20.6355,2.757,386.4407,20.9603,19.64,8294.4,87.1254,3.3,84.8178,148.3345,0.3232,76.52,0.0078,0.1096,4.6039,247.618,양품
-21.2055,-0.0073,54.8885,-6169.5,65.3222,0.0946,0.1306,0.067,15.79,716.0,4.8407,15.79,1.021,1.7675,,8.755,13.83,3.742,2029.0,0.0198,0.779,41.2055,2803.0,3.5932,0.0,1010.4211,1.33,0.9332,11.04,30.5181,40.0636,4.7217,0.0185,17.749,52.7223,2.745,0.0,49.0237,17.2,8469.4201,86.5867,2.6,84.8723,148.0764,0.2435,78.27,0.0078,0.1096,3.511,262.948,양품
-7.5382,-0.0071,66.4311,-5550.5,65.0444,0.1892,0.0952,0.063,15.78,423.0,4.7816,15.83,1.371,2.013,,9.043,16.85,4.145,495.0,0.0222,0.7678,27.5382,2693.25,11.5545,0.0,1008.8233,0.93,0.9332,21.54,24.902,21.0082,4.6761,-0.0123,34.198,73.0945,2.757,784.3137,36.8645,17.63,9154.3898,86.5358,2.5,86.1197,148.54,0.2431,78.68,0.0078,0.1096,3.4704,260.72,양품
4.3109,-0.0037,126.5993,-5448.5,64.0,-0.0946,0.1023,0.13,15.74,133.0,6.32,15.81,1.035,1.975,,8.8741,19.92,3.628,422.0,-0.0319,0.761,15.6891,2509.5,5.7765,0.0,1007.05,,0.9275,12.01,27.403,10.3099,4.5244,-0.0161,34.567,218.0515,2.726,0.0,18.6087,,8569.65,86.4828,3.5,85.1594,150.14,0.2652,74.27,0.0078,0.1096,3.3078,,양품
29.1164,-0.0056,66.5169,-6352.0,66.7111,0.6623,0.0775,0.074,15.8,737.0,4.594,15.79,0.9176,1.9033,0.0933,10.9634,12.9,3.609,599.0,-0.0329,0.6956,10.8836,3080.0,11.792,0.0,1012.1967,1.55,0.9326,17.21,28.6826,10.4873,4.7045,-0.0305,17.634,20.5383,2.761,0.0,17.7568,20.59,9177.5701,87.489,2.3,85.4138,143.6755,0.2955,14.71,0.0078,0.1096,4.6593,265.82,양품
15.8609,-0.0043,86.8035,-5098.25,67.9778,0.0946,0.0748,0.041,15.68,396.0,3.9193,15.68,1.021,2.0083,0.3004,8.7599,11.92,3.736,1863.0,0.0198,0.7453,24.1391,2691.25,5.7457,0.0,998.0332,1.66,0.9301,10.48,24.4892,23.2691,4.6623,-0.0174,20.861,28.3086,2.65,334.6939,32.8478,18.45,8863.28,86.838,1.4,85.794,147.3255,0.1497,79.42,0.0078,0.1096,3.4414,260.994,양품
26.7745,-0.006,68.7631,-6362.5,65.8,0.6623,0.1249,0.124,15.8,562.0,4.422,15.79,0.9176,1.9012,0.1085,8.6667,14.82,3.609,145.0,0.0577,0.6956,13.2255,3051.25,9.5221,0.0,1012.1967,1.53,0.933,13.62,19.0156,10.5591,4.7451,-0.0422,16.977,33.6514,2.761,0.0,20.1161,21.84,8549.8,86.9255,3.1,85.4579,152.25,0.1188,14.55,0.0078,0.1096,4.7036,265.296,불량
-3.2509,-0.0043,142.6901,-6290.25,70.2444,0.0946,0.1068,0.092,15.79,705.0,4.8207,15.79,1.021,1.8942,,8.6309,14.61,3.742,198.0,0.0025,0.779,23.2509,3032.75,2.4472,0.0,1010.4211,0.83,0.9341,16.08,26.9323,11.1138,4.7581,-0.0192,25.141,114.4298,2.745,320.0,32.6343,17.61,9150.2299,86.7969,2.6,84.818,147.0755,0.2787,78.31,0.0078,0.1096,4.6613,261.956,양품
0.2309,-0.0054,65.1163,-5389.25,61.2222,0.6623,0.1124,0.131,15.8,363.0,5.0611,15.79,0.9176,1.9718,,9.1502,14.7,3.609,565.0,-0.0101,0.6956,19.7691,2646.25,2.9634,0.0,1012.1967,1.01,0.9326,14.93,29.7352,16.7373,4.6879,0.0285,21.308,0.0,2.761,0.0,28.0695,16.66,9007.04,88.2074,3.5,85.6626,150.6355,0.3379,72.29,0.0078,0.1096,3.1987,263.664,양품
26.4509,-0.0057,98.0306,-6538.75,63.9,-0.0473,0.0853,0.138,15.74,774.0,4.8377,15.72,1.097,1.8808,0.0543,9.1638,15.01,3.937,574.0,0.0275,0.7304,13.5491,2984.0,3.3456,0.0,1000.0948,1.68,0.9343,17.84,28.2505,8.3455,4.7233,-0.0311,22.876,13.4211,2.666,0.0,16.2355,18.15,8564.08,88.4188,4.6,84.5407,147.2291,0.3497,74.21,0.0078,0.1096,4.5924,245.062,불량
-12.1527,-0.0043,141.0405,-6349.5,69.0111,-0.0946,0.0488,0.083,15.77,448.0,4.4012,15.83,1.097,1.8818,,8.6309,15.39,3.925,582.0,-0.0111,0.7598,32.1527,2966.75,11.7113,0.0,1012.6356,1.44,0.933,15.99,25.3602,23.1272,4.7458,0.0215,24.483,54.5557,2.685,455.814,42.2381,21.11,9209.45,86.7969,3.2,84.818,140.6955,0.3094,78.31,0.0078,0.1096,4.6423,262.136,불량
-1.5664,-0.0049,117.2237,-5599.5,71.1222,0.1419,0.1961,0.068,15.8,114.0,5.7831,15.76,0.8893,1.9922,0.1606,9.2436,20.14,3.093,481.0,0.0411,0.8434,41.5664,2619.25,4.2038,0.0,1004.8728,1.01,0.9332,21.99,35.2154,35.0263,4.6761,-0.0506,35.287,621.184,2.828,538.4615,52.5262,19.17,8746.32,87.1213,3.7,85.2804,153.0118,0.5262,67.38,0.0078,0.1096,3.4247,258.524,양품
14.6455,-0.0056,97.7778,-5645.25,68.8556,0.7569,0.1588,0.095,15.73,266.0,5.337,15.74,0.9744,2.008,0.0503,8.3754,16.56,2.723,1020.0,0.0456,0.83,25.3545,2767.5,19.5465,0.0,1005.8207,0.21,0.9331,20.83,21.5047,16.1127,4.676,-0.0577,31.597,31.8187,2.884,0.0,34.5155,9.8,8546.0399,87.0578,1.4,84.9798,155.1136,0.3433,79.06,0.0078,0.1096,3.3907,257.318,양품
9.6745,-0.0014,289.6552,-5447.75,63.2556,0.1419,0.1862,0.127,15.8,371.0,5.585,15.76,0.8893,1.9783,0.0324,9.0998,17.57,3.093,550.0,0.0273,0.8434,30.3255,2503.75,3.6676,0.0,1004.8728,0.82,0.9188,20.44,28.3366,24.4318,4.514,-0.0473,36.772,118.5585,2.828,669.3878,39.7935,19.33,8901.58,88.24,3.5,85.7375,147.0345,0.423,13.77,0.0078,0.1096,3.2866,263.3,양품
9.8418,-0.0054,68.046,-5501.0,67.6333,0.7569,0.151,0.083,15.73,158.0,4.8314,15.74,0.9744,1.9903,0.0193,8.3754,16.45,2.723,608.0,0.034,0.83,30.1582,2602.0,12.7227,0.0,1005.8207,1.2,0.9331,18.27,24.7642,23.5091,4.676,-0.0568,32.68,59.3386,2.884,647.619,40.4755,15.76,8302.3,87.0578,2.0,84.9798,150.4164,0.435,79.06,0.0078,0.1096,3.4322,259.262,양품
-5.8682,-0.0065,79.5411,-4228.0,63.3889,-0.3784,0.1147,0.949,15.74,2844.0,4.7371,15.74,1.021,1.326,,8.755,13.38,3.901,5921.0,0.0102,0.7429,25.8682,2038.25,13.1655,0.0,1004.4356,1.01,0.9318,12.96,32.0742,26.6782,4.6463,-0.0147,17.527,120.6507,2.676,900.0,33.58,15.67,9263.4101,86.5867,2.5,84.8723,144.8655,1.2098,78.27,0.0078,0.1096,3.5076,,양품
-12.1373,-0.0061,63.8037,-5645.5,65.3556,0.7569,0.0852,0.088,15.73,248.0,6.3078,15.74,0.9744,2.009,,9.043,17.19,2.723,1238.0,-0.004,0.83,32.1373,2663.5,3.3901,0.0,1005.8207,1.01,0.9332,15.19,25.8658,25.3682,4.6761,0.0205,32.269,52.1534,2.884,0.0,41.9354,10.85,9101.3,86.5358,2.0,86.1197,149.7355,0.2431,78.68,0.0078,0.1096,3.4744,261.04,양품
12.8364,-0.0054,81.106,-5596.5,69.8778,0.7569,0.1007,0.112,15.73,495.0,4.6985,15.74,0.9744,2.0055,0.2355,8.7599,16.74,2.723,1322.0,0.0211,0.83,27.1636,2606.0,4.4656,0.0,1005.8207,,0.9341,10.44,34.7509,13.1981,4.7581,-0.0316,22.479,41.5227,2.884,0.0,35.2117,,8886.48,86.838,1.9,85.794,142.5109,0.3535,79.42,0.0078,0.1096,3.4763,243.998,양품
9.4982,-0.0045,61.5385,-5750.0,68.3444,0.2365,0.0468,0.143,15.79,436.0,3.9338,15.75,0.9933,2.0215,0.1431,8.3754,12.96,3.51,894.0,0.0178,0.8374,30.5018,2742.25,10.6658,0.0,1003.8518,1.67,0.9331,14.07,19.3641,23.9927,4.676,-0.0694,33.403,63.907,2.797,0.0,40.6543,10.48,8729.75,87.0578,1.8,84.9798,151.0418,0.3576,79.06,0.0078,0.1096,3.4684,258.496,양품
2.5827,-0.0061,111.7043,-5384.25,70.1889,0.1419,0.1519,0.15,15.8,387.0,5.2221,15.76,0.8893,1.9977,0.1309,9.4832,15.51,3.093,820.0,0.0307,0.8434,37.4173,2650.25,4.4969,0.0,1004.8728,1.75,0.9334,12.11,31.2932,31.4,4.7172,-0.0284,33.6,344.597,2.828,800.0,48.12,19.71,8513.0,87.3382,3.1,84.87,146.3664,0.2547,65.34,0.0078,0.1096,3.447,260.308,불량
15.1073,-0.0065,93.8462,-5581.0,70.4,0.2365,0.0429,0.12,15.79,241.0,5.0504,15.75,0.9933,2.0133,0.1219,8.3754,15.84,3.51,197.0,-0.0016,0.8374,24.8927,2597.5,9.3781,0.0,1003.8518,0.59,0.9331,23.08,22.0629,20.8473,4.676,-0.056,38.394,53.8813,2.797,853.3333,34.6316,13.33,8578.8001,87.0578,1.7,84.9798,148.56,0.264,79.06,0.0078,0.1096,3.3616,258.752,양품
4.4282,-0.0066,74.1021,-6063.0,69.3222,0.0,0.1209,0.094,15.77,1636.0,4.5434,15.73,0.9271,1.9905,0.0264,9.4832,14.54,3.18,2584.0,0.0523,0.8764,35.5718,2520.5,4.8999,0.0,1014.2878,1.26,0.9334,14.64,23.6174,29.8373,4.7172,-0.0735,32.524,149.9487,2.891,0.0,45.5115,20.16,7929.63,87.3382,3.6,84.87,146.1964,0.1731,65.34,0.0078,0.1096,3.323,,불량
17.7927,-0.0022,205.5866,-5508.75,61.3222,0.0,0.0937,0.169,15.77,428.0,6.2823,15.73,0.9271,1.9865,0.2001,9.2405,20.29,3.18,789.0,0.0336,0.8764,22.2073,2657.25,6.3614,0.0,1014.2878,1.04,0.9188,26.99,21.5014,15.0791,4.514,-0.0458,35.855,55.4721,2.891,0.0,31.3063,16.54,8842.07,88.2207,1.8,85.8965,150.0518,0.3139,74.19,0.0078,0.1096,3.2979,263.956,양품
22.7927,-0.0051,147.4201,-5707.5,63.3778,0.0,0.1177,0.135,15.77,406.0,5.4789,15.73,0.9271,1.9772,0.131,9.0998,16.6,3.18,1312.0,0.0423,0.8764,17.2073,2530.75,4.9655,0.0,1014.2878,2.34,0.9329,13.41,41.8041,12.36,4.6792,-0.0332,5.381,21.4542,2.891,0.0,24.8429,18.12,9094.1799,88.24,3.0,85.7375,151.3982,0.307,13.77,0.0078,0.1096,3.2421,,양품
4.6609,-0.0043,136.0231,-5073.25,65.5111,0.1419,0.1292,0.875,15.8,3235.0,5.8307,15.76,0.8893,1.3408,0.0711,8.7487,16.91,3.093,7708.0,0.0747,0.8434,35.3391,2389.25,4.6105,0.0,1004.8728,1.04,0.9188,20.96,12.3355,28.7191,4.514,-0.0403,35.742,263.0388,2.828,0.0,45.4755,15.76,9125.6601,88.2425,2.1,84.0432,149.83,0.2431,14.41,0.0078,0.1096,3.4441,261.2,양품
26.0509,-0.0029,160.0,-6377.5,65.3111,0.0,0.0604,0.117,15.77,582.0,4.2122,15.73,0.9271,1.8877,0.2147,8.6667,14.74,3.18,441.0,0.053,0.8764,13.9491,3090.0,4.4432,0.0,1014.2878,,0.933,12.7,37.1173,13.4282,4.7644,-0.0668,16.437,16.9284,2.891,0.0,22.4251,,8975.48,86.9255,3.2,85.4579,147.2164,0.3901,14.55,0.0078,0.1096,4.6918,268.474,양품
17.1673,-0.0022,113.6364,-5535.25,62.7444,-0.0946,0.1133,0.159,15.83,555.0,6.4075,15.76,1.163,1.998,0.0496,9.2405,17.43,3.987,334.0,0.03,0.7536,22.8327,2662.5,4.023,0.0,1002.6104,0.83,0.9172,17.54,23.2105,13.4854,4.4519,-0.088,36.337,43.8043,2.677,0.0,31.2675,18.1,8661.2899,88.2207,2.3,85.8965,150.7691,0.4176,74.19,0.0078,0.1096,3.3399,242.534,양품
27.7282,-0.0019,252.6316,-6425.0,65.8444,-0.0946,0.1307,0.086,15.83,560.0,4.5623,15.76,1.163,1.891,0.026,8.6667,15.44,3.987,617.0,0.037,0.7536,12.2718,3093.0,4.6595,0.0,1002.6104,,0.933,16.37,41.1968,6.1218,4.7451,-0.0743,17.361,30.222,2.677,971.4286,16.8014,,9037.5001,86.9255,2.3,85.4579,150.5236,0.1778,14.55,0.0078,0.1096,4.6761,255.606,양품
-13.1245,-0.0052,126.9231,-6274.75,67.8222,0.0,0.0478,0.076,15.77,554.0,3.7293,15.73,0.9271,1.8947,,8.6309,12.06,3.18,319.0,-0.0357,0.8764,33.1245,3090.25,5.2679,0.0,1014.2878,0.83,0.9331,12.24,13.4659,31.7364,4.7457,0.0353,20.581,38.4775,2.891,643.1373,43.9105,22.45,9077.3699,86.7969,3.1,84.818,145.3982,0.2503,78.31,0.0078,0.1096,4.64,264.272,양품
-10.8745,-0.0043,41.6185,-5529.25,63.3111,0.1419,0.0529,0.067,15.8,2940.0,5.0754,15.76,0.8893,1.9773,,8.8945,17.6,3.093,240.0,0.0225,0.8434,30.8745,3284.0,4.5056,0.0,1004.8728,1.01,0.9343,12.48,48.4181,26.4028,4.7534,0.0209,22.808,60.8761,2.828,948.1481,38.597,16.48,9047.4899,88.2894,3.1,83.8465,148.1464,0.2503,74.84,0.0078,0.1096,3.2538,,양품
-13.3573,-0.0059,84.5666,-5442.25,68.1556,-0.0946,0.0427,0.14,15.83,328.0,5.0243,15.76,1.163,2.0183,,8.6309,15.89,3.987,311.0,-0.0016,0.7536,33.3573,2660.25,14.0406,0.0,1002.6104,1.63,0.9317,16.97,44.3225,21.1246,4.7201,0.0454,23.85,38.2563,2.677,0.0,41.8842,23.44,9021.67,86.7969,2.2,84.818,143.2891,0.3094,78.31,0.0078,0.1096,3.5033,264.272,양품
-2.2809,-0.0052,89.3204,-6149.25,68.0444,0.0,0.0443,0.079,15.77,498.0,4.1319,15.73,0.9271,1.901,,9.8481,13.37,3.18,387.0,-0.0006,0.8764,22.2809,3124.25,4.4218,0.0,1014.2878,0.98,0.9339,11.87,22.1599,28.5245,4.7172,0.0367,18.886,391.5106,2.891,0.0,26.5902,13.84,9136.1001,86.8388,3.1,85.1572,146.8818,0.2212,64.83,0.0078,0.1096,4.6309,264.272,양품
4.9745,-0.0062,65.996,-5664.0,62.7889,0.7569,0.1085,0.151,15.73,553.0,6.13,15.74,0.9744,1.9855,0.1286,9.0998,16.64,2.723,656.0,0.0244,0.83,35.0255,2579.25,13.2758,0.0,1005.8207,1.51,0.9163,20.86,18.7042,32.0718,4.472,-0.033,35.4969,146.5461,2.884,381.8182,46.6654,21.52,8641.0299,88.24,4.2,85.7375,149.9491,0.2024,13.77,0.0078,0.1096,3.4069,243.716,불량
0.3764,-0.0052,69.0647,-5527.0,69.9333,0.1419,0.0728,0.126,15.8,207.0,5.3784,15.76,0.8893,2.0035,,8.6309,17.93,3.093,476.0,0.0107,0.8434,19.6236,2576.0,3.6439,0.0,1004.8728,0.67,0.9329,6.0,32.0551,14.6145,4.6792,0.0469,6.119,0.0,2.828,519.2982,24.847,15.35,8579.55,86.7969,2.1,84.818,146.0373,1.1022,78.31,0.0078,0.1096,3.4936,243.316,양품
27.4136,-0.0048,77.6903,-5376.25,63.7889,0.0,0.1178,0.17,15.77,577.0,6.987,15.73,0.9271,1.9697,0.0343,9.0998,23.32,3.18,410.0,0.0335,0.8764,12.5864,2587.25,4.4757,0.0,1014.2878,1.88,0.9188,24.1,25.0134,12.9837,4.514,-0.035,38.413,21.6316,2.891,0.0,19.9389,23.16,8611.2201,88.24,3.3,85.7375,147.1009,0.366,13.77,0.0078,0.1096,3.2464,261.144,불량
-10.1291,-0.0047,86.7725,-2595.0,65.5778,0.0946,0.1336,0.944,15.79,3363.0,4.313,15.79,1.021,0.888,,8.8249,15.66,3.742,5978.0,0.0419,0.779,30.1291,1455.5,9.87,0.0,1010.4211,1.04,0.9326,16.44,26.9027,27.2246,4.7045,-0.01,15.731,90.5313,2.745,0.0,39.6821,18.4,8701.0799,86.8889,1.8,85.6591,154.5673,0.2349,,0.0078,0.1096,3.5159,,양품
-11.4709,-0.0037,202.7397,-6355.25,68.9444,-0.0946,0.0696,0.079,15.83,543.0,5.4805,15.76,1.163,1.8885,,9.8481,16.64,3.987,342.0,-0.0036,0.7536,31.4709,3042.25,11.8339,0.0,1002.6104,1.28,0.9331,12.63,30.5985,19.1,4.7407,0.0124,20.951,31.9068,2.677,0.0,39.091,13.02,9184.7201,86.8388,3.0,85.1572,142.1773,0.2503,64.83,0.0078,0.1096,4.6121,245.686,양품
3.8964,-0.0054,64.9652,-4592.0,67.8,0.1419,0.1072,0.146,15.66,632.0,4.9096,15.69,0.9318,1.9918,,8.6942,13.94,3.663,2484.0,-0.0036,0.7454,16.1036,2739.5,11.8975,0.0,995.2842,1.56,0.9284,9.44,61.9111,11.4237,4.6858,-0.0224,16.825,182.9911,2.593,0.0,21.9235,15.57,9444.11,86.8448,1.8,85.0716,147.08,0.2455,76.33,0.0078,0.1096,3.3383,,양품
12.8982,-0.0047,74.6667,-1480.75,61.3333,0.2365,0.1193,0.926,15.79,2438.0,5.4567,15.75,0.9933,0.4385,0.0265,9.2007,17.48,3.51,5923.0,0.06,0.8374,27.1018,609.5,4.7401,0.0,1003.8518,1.5,0.9341,14.16,47.8124,10.8136,4.7581,-0.0635,23.956,46.3631,2.797,0.0,34.6022,25.14,8538.2901,88.3312,3.2,85.0922,142.9082,0.4371,74.57,0.0078,0.1096,3.4941,243.178,불량
0.4836,-0.0018,126.8966,-5753.5,65.5889,0.7569,0.1443,0.12,15.73,248.0,5.4037,15.74,0.9744,1.991,0.1903,8.6324,15.77,2.723,722.0,0.0545,0.83,39.5164,2743.0,9.5362,0.0,1005.8207,2.05,0.9154,14.03,26.1184,32.7664,4.45,-0.0414,38.368,0.0,2.884,393.6508,49.9263,18.08,8343.17,87.0354,1.5,85.0856,147.2464,0.2972,76.99,0.0078,0.1096,3.4193,,양품
12.3073,-0.0049,123.5443,-5345.0,64.1333,0.1419,0.123,0.14,15.8,399.0,5.5162,15.76,0.8893,2.0057,0.0592,9.1502,17.69,3.093,275.0,0.0232,0.8434,27.6927,2614.0,5.1672,0.0,1004.8728,,0.9341,22.81,42.0382,13.2064,4.7581,-0.0366,25.141,65.0022,2.828,851.6129,34.9855,,8932.8999,88.2074,3.3,85.6626,144.6609,0.389,72.29,0.0078,0.1096,3.3009,244.482,불량
21.7573,-0.0054,171.1628,-7150.25,63.1333,0.1419,0.0445,0.09,15.8,551.0,5.5,15.76,0.8893,1.8827,0.0829,9.094,16.79,3.093,1661.0,0.008,0.8434,18.2427,2998.0,6.1867,0.0,1004.8728,1.3,0.9332,17.36,57.7848,13.1337,4.7217,-0.0327,16.346,35.8041,2.828,245.7516,21.8247,22.27,8438.2601,88.1608,4.7,85.2575,144.0245,0.1837,13.92,0.0078,0.1096,4.5949,242.286,불량
10.0236,-0.0062,60.1626,-5500.0,66.7,-0.1892,0.0996,0.06,15.72,289.0,5.3995,15.72,1.168,1.999,0.0752,8.5155,17.25,4.147,608.0,0.0213,0.7138,29.9764,2665.5,14.6304,0.0,998.641,1.06,0.9359,20.84,55.783,13.1382,4.5579,-0.0662,38.326,99.9638,2.617,0.0,38.1045,20.6,8578.82,87.1407,2.6,85.597,142.3473,0.2694,78.67,0.0078,0.1096,3.4087,262.684,양품
8.0636,-0.0067,56.7164,-4781.5,67.7222,-0.1892,0.0815,0.094,15.72,357.0,4.4058,15.72,1.168,2.0265,0.0216,8.872,13.3,4.147,3453.0,0.0055,0.7138,31.9364,2572.75,9.9939,0.0,998.641,1.06,0.9359,17.7,39.6163,13.46,4.5579,-0.0634,33.88,77.2606,2.617,529.7297,39.8719,13.98,9122.5701,87.0389,1.7,84.533,144.0736,0.4387,77.67,0.0078,0.1096,3.4074,262.798,양품
2.0427,-0.0055,101.8182,-5336.5,63.7556,-0.1892,0.1216,0.098,15.72,161.0,5.3712,15.72,1.168,1.9995,0.0805,9.2362,17.85,4.147,439.0,0.0187,0.7138,37.9573,2650.75,12.7786,0.0,998.641,0.45,0.9334,15.35,32.8168,27.8945,4.7172,-0.069,32.54,364.219,2.617,0.0,48.6919,19.31,9905.5399,87.2687,2.3,84.2845,149.5264,0.4321,62.65,0.0078,0.1096,3.3187,,양품
17.4,-0.0046,157.377,-6112.25,67.4,-0.1419,0.0983,0.184,15.77,313.0,4.9574,15.75,1.172,1.9995,0.0593,8.8287,17.04,4.484,2426.0,0.0293,0.7085,22.6,2661.5,6.0457,0.0,1003.243,0.59,0.9359,20.38,31.099,11.9518,4.5579,-0.0474,35.262,42.8736,2.653,0.0,30.1062,14.17,9309.2001,87.0337,2.2,86.4478,139.4464,0.5405,78.11,0.0078,0.1096,3.4449,262.938,양품
3.28,-0.004,160.4938,-5646.5,64.7333,-0.1892,0.0899,0.11,15.72,582.0,4.9891,15.72,1.168,1.992,0.0174,8.6324,14.93,4.147,236.0,0.0097,0.7138,36.72,2662.25,13.377,0.0,998.641,2.09,0.9334,14.91,27.0481,28.9772,4.7172,-0.0664,30.923,223.7805,2.617,475.6757,47.3726,19.24,8609.75,87.0354,2.0,85.0856,150.5927,0.2942,76.99,0.0078,0.1096,3.5311,259.348,양품
9.2527,-0.006,95.5975,-3345.75,66.5444,-0.1419,0.0766,0.945,15.64,3132.0,3.9714,15.7,1.012,0.885,,8.6942,14.46,3.865,7599.0,0.0128,0.6925,10.7473,1397.0,10.7258,0.0,998.6588,1.19,,8.54,37.189,7.3772,,0.0102,15.687,48.202,2.931,0.0,15.1094,16.43,8733.7801,86.8448,2.0,85.0716,146.2682,0.2435,76.33,0.0104,0.1149,3.4886,,양품
-17.3591,-0.0084,33.383,-2668.5,64.7889,0.0482,0.109,0.935,15.8,3635.0,4.5489,15.76,1.459,0.8855,,8.8249,15.97,4.66,5704.0,0.0013,0.6955,37.3591,1538.25,4.4001,0.0,992.5579,1.52,0.9307,11.54,45.8234,35.1191,4.6523,0.0113,20.79,58.1252,2.727,0.0,47.6581,23.75,9383.1398,86.8889,1.8,85.6591,151.3527,0.3492,,0.0078,0.1096,3.4837,260.794,양품
-9.4964,-0.0032,86.8217,-6377.0,64.9,0.0482,0.0579,0.119,15.8,598.0,4.9675,15.76,1.459,1.8818,,9.043,17.23,4.66,374.0,-0.0073,0.6955,29.4964,3044.5,4.9195,0.0,992.5579,0.38,0.9332,19.24,23.9014,23.77,4.6761,0.0266,34.858,90.7716,2.727,0.0,37.1656,21.16,9010.7899,86.5358,4.6,86.1197,150.0309,0.2431,78.68,0.0078,0.1096,4.6413,261.33,양품
-7.9627,-0.0057,124.5614,-5440.25,65.4444,0.0482,0.0501,0.116,15.8,550.0,3.8465,15.76,1.459,1.9755,,8.8945,11.99,4.66,426.0,0.0194,0.6955,27.9627,2633.5,5.1365,0.0,992.5579,,0.9308,10.39,59.5091,14.8954,4.7162,-0.001,21.555,103.6077,2.727,728.8889,30.2755,,9019.7198,88.2894,3.2,83.8465,152.3991,0.2503,74.84,0.0078,0.1096,3.3144,,양품
1.1173,-0.0054,150.8046,-5485.0,62.8778,0.0482,0.1086,0.155,15.8,470.0,5.8851,15.76,1.459,1.9552,0.0262,9.0998,17.95,4.66,616.0,0.0183,0.6955,38.8827,2558.75,7.1587,0.0,992.5579,0.88,0.9334,15.31,31.8262,28.9673,4.7172,-0.0668,37.916,995.2807,2.727,0.0,49.2895,22.83,10206.58,88.24,3.1,85.7375,149.6636,0.2269,13.77,0.0078,0.1096,3.2279,,양품
8.3918,-0.0058,68.6695,-5394.0,67.7333,-0.0946,0.0388,0.184,15.74,558.0,5.9989,15.73,0.8798,1.993,0.0454,8.5155,20.36,2.948,912.0,-0.0021,0.8487,31.6082,2773.25,4.2628,0.0,1001.8904,,0.9359,29.05,63.135,14.5664,4.5579,-0.0554,35.503,103.9109,2.935,0.0,39.8602,,8560.3601,87.1407,2.3,85.597,143.0145,0.3639,78.67,0.0078,0.1096,3.4007,263.254,양품
-15.5318,-0.0039,167.2026,-5490.0,63.9889,0.1892,0.0435,0.16,15.71,404.0,5.7133,15.72,1.314,1.9723,,8.8945,15.71,4.518,794.0,-0.0243,0.6489,35.5318,2602.25,10.1975,0.0,1007.1389,,0.9308,9.17,11.7767,29.7382,4.7162,-0.0013,21.712,64.9634,2.684,0.0,42.2686,,9046.94,88.2894,3.6,83.8465,151.7173,0.333,74.84,0.0078,0.1096,3.3279,,양품
9.6564,-0.0072,37.5,-6886.25,62.6778,0.7096,0.096,0.108,15.8,860.0,6.1242,15.72,1.087,1.8895,0.0701,9.219,18.52,2.831,1736.0,0.0239,0.806,30.3436,3116.75,3.0095,0.0,1009.3044,1.53,0.9354,26.4,64.707,15.2927,4.671,-0.0331,34.181,30.8605,2.742,864.8649,39.4515,23.33,9027.0001,86.336,3.2,86.3416,142.0391,0.2502,77.9,0.0078,0.1096,4.6729,,양품
13.7,-0.0065,68.0851,-5487.0,69.9,0.1892,0.097,0.126,15.88,706.0,7.0901,15.84,1.753,2.0057,0.087,8.5218,19.47,4.467,466.0,0.008,0.6926,26.3,2734.0,4.0633,0.0,1012.5756,0.91,0.9293,12.36,42.2361,7.8629,4.482,-0.0575,33.98,38.0291,2.573,0.0,30.7798,12.06,9301.6298,87.0459,1.3,84.3232,144.2791,0.2467,78.42,0.0078,0.1096,3.3081,,양품
6.5191,-0.0055,70.7483,-6368.75,67.5667,-0.1892,0.0781,0.112,15.93,769.0,5.1286,15.82,1.39,1.8878,,8.828,16.93,4.782,220.0,0.0217,0.6492,13.4809,3129.0,14.0538,0.0,1012.0811,,0.9363,14.46,24.2197,12.7346,4.6826,0.0205,28.722,45.7119,2.48,0.0,20.1394,,8967.6602,87.0137,3.4,86.4863,147.1536,0.2182,77.17,0.0078,0.1096,4.6518,251.164,양품
5.3118,-0.0051,68.6275,-5619.5,67.4222,-0.1892,0.0675,0.197,15.93,608.0,5.145,15.82,1.39,2.0068,,9.2281,16.75,4.782,754.0,-0.0096,0.6492,14.6882,2865.5,13.4022,0.0,1012.0811,1.22,0.9359,16.08,32.8749,10.2716,4.6694,0.0125,31.735,51.3948,2.48,0.0,18.8275,12.16,8716.3799,86.9417,1.9,84.1154,143.2855,0.1936,16.36,0.0078,0.1096,3.417,251.342,양품
7.7745,-0.0047,106.383,-6329.25,64.0333,-0.1892,0.0875,0.105,15.93,738.0,5.3347,15.82,1.39,1.8982,0.1628,9.2655,16.84,4.782,325.0,0.0387,0.6492,32.2255,3108.5,8.0805,0.0,1012.0811,0.47,0.9359,19.7,40.7589,17.3355,4.5579,-0.0672,35.752,72.9303,2.48,408.5106,39.9106,24.68,9214.3999,86.4804,2.0,85.5455,143.3464,0.2146,11.52,0.0078,0.1096,4.6743,265.704,양품
23.9018,-0.0075,106.136,-5466.5,69.3778,0.0,0.0934,0.121,15.91,144.0,7.5297,15.88,0.8987,2.02,0.1864,8.8287,23.27,3.024,1161.0,0.0195,0.8123,16.0982,2672.5,6.8777,0.0,1014.2044,1.99,0.9315,13.05,47.975,6.8205,4.5504,-0.0307,27.367,45.143,2.736,0.0,20.7358,18.87,8827.4899,87.0337,2.8,86.4478,145.2736,0.3027,78.11,0.0078,0.1096,3.4534,,양품
-0.3327,-0.0035,103.5971,-5561.75,66.5778,0.0946,0.0827,0.09,15.87,263.0,5.1327,15.9,0.8514,2.0177,,8.8513,17.5,2.923,674.0,-0.0092,0.8115,20.3327,2724.25,4.083,0.0,1013.8456,0.77,0.9367,19.01,41.2434,12.69,4.7069,0.041,32.149,0.0,2.851,475.0,25.0247,14.38,9431.8,87.0205,1.6,86.3857,149.8509,0.2218,76.23,0.0078,0.1096,3.4913,263.484,양품
20.7782,-0.0067,81.6327,-5440.75,69.6111,0.0,0.0939,0.157,15.91,344.0,6.0295,15.88,0.8987,2.0075,0.0312,8.5218,20.08,3.024,1244.0,0.0208,0.8123,19.2218,2734.0,13.6157,0.0,1014.2044,0.73,0.9293,21.35,29.9884,11.2793,4.482,-0.0491,30.951,41.0046,2.736,640.0,26.2905,16.95,8691.92,87.0459,2.1,84.3232,143.0082,0.4433,78.42,0.0078,0.1096,3.3091,268.766,양품
24.26,-0.0039,125.2396,-5426.75,67.6556,0.3784,0.0498,0.117,15.91,1939.0,6.0407,15.88,0.894,1.9875,0.0333,8.5218,17.56,2.969,799.0,-0.0041,0.8269,15.74,3463.75,12.7494,0.0,1016.5611,0.9,0.9293,13.38,26.4714,7.5146,4.482,-0.0042,33.119,29.7609,2.811,0.0,18.2764,10.86,8630.1,87.0459,1.7,84.3232,147.0227,0.4074,78.42,0.0078,0.1096,3.3174,,양품
6.7073,-0.0053,90.9953,-5635.5,66.2556,0.0946,0.0888,0.127,15.87,611.0,5.4263,15.9,0.8514,2.0032,,8.5266,17.47,2.923,486.0,0.0094,0.8115,13.2927,2734.0,5.2595,0.0,1013.8456,0.75,0.9363,12.93,12.0121,10.9753,4.6826,0.0428,30.127,46.0694,2.851,975.0,19.3876,9.26,9393.0299,86.924,2.3,84.8399,149.3382,0.2813,78.1,0.0078,0.1096,3.2984,267.658,양품
29.7264,-0.0052,65.3846,-5794.25,68.0,0.0,0.109,0.132,15.91,836.0,6.1614,15.88,0.8987,1.9885,0.0322,9.7484,21.26,3.024,163.0,0.0371,0.8123,10.2736,2844.0,9.3836,0.0,1014.2044,0.99,0.9348,11.3,35.9256,5.1368,4.6276,-0.0269,31.473,13.4897,2.736,857.1429,13.7158,12.33,8505.6201,87.0605,2.2,85.564,143.8236,0.2666,63.86,0.0078,0.1096,3.4343,,양품
11.4855,-0.0067,62.3377,-5972.75,68.8111,0.5677,0.084,0.154,15.96,390.0,6.2639,15.94,1.187,1.9815,0.1383,8.5155,19.36,2.992,920.0,0.0098,0.838,28.5145,2842.0,7.3072,0.0,1012.1633,0.48,0.9348,14.44,60.3473,13.8864,4.6276,-0.0185,31.674,23.4209,2.813,0.0,36.4489,14.55,8666.16,87.1407,2.4,85.597,152.2882,0.1733,78.67,0.0078,0.1096,3.3313,,양품
28.3127,-0.0037,175.3425,-5550.75,69.9222,0.5677,0.1123,0.097,15.96,220.0,5.9969,15.94,1.187,1.9537,0.0338,8.8287,17.92,2.992,370.0,-0.0099,0.838,11.6873,2757.75,10.8725,0.0,1012.1633,1.08,0.9337,17.86,38.1138,8.0949,4.615,-0.0433,33.32,19.4259,2.813,0.0,14.9671,15.44,8614.2999,87.0337,2.5,86.4478,141.9718,0.3119,78.11,0.0078,0.1096,3.4613,,양품
13.7255,-0.0056,92.6503,-5503.5,66.1222,0.5677,0.0947,0.212,15.96,213.0,4.6523,15.94,1.187,1.9972,0.2234,8.6324,15.91,2.992,203.0,0.0399,0.838,26.2745,2582.5,7.4024,0.0,1012.1633,0.56,0.9331,18.1,40.9473,21.5991,4.5634,-0.0207,29.824,45.463,2.813,0.0,35.0597,19.4,9295.5601,87.0354,2.5,85.0856,147.1491,0.2863,76.99,0.0078,0.1096,3.3496,,양품
18.8673,-0.0066,37.594,-6345.75,66.2778,0.5677,0.1168,0.135,15.96,626.0,6.6952,15.94,1.187,1.8895,0.0503,9.5642,20.24,2.992,243.0,0.0144,0.838,21.1327,2978.75,6.4351,0.0,1012.1633,0.69,0.9315,15.71,27.1372,11.9646,4.5504,-0.0443,33.045,38.5853,2.813,0.0,26.8975,22.28,8739.0301,86.4047,4.1,86.3239,145.2027,0.263,74.48,0.0078,0.1096,4.6686,264.984,양품
5.5782,-0.0048,75.5906,-6434.75,70.5333,0.5677,0.1087,0.1,15.96,607.0,6.0111,15.94,1.187,1.9065,0.2104,8.6406,17.71,2.992,450.0,0.064,0.838,14.4218,2976.0,7.0078,0.0,1012.1633,0.65,0.9282,18.89,57.9838,16.9545,4.7536,-0.0324,31.728,74.0385,2.813,0.0,21.4764,16.83,8346.5001,86.6776,3.4,85.0841,145.3318,0.5263,77.83,0.0078,0.1096,4.7149,253.376,양품
25.5282,-0.0067,65.3061,-6511.5,70.9778,0.0,0.0968,0.13,15.91,779.0,5.0178,15.88,0.8987,1.8875,0.0801,9.3998,14.94,3.024,438.0,0.0009,0.8123,14.4718,3124.0,14.1879,0.0,1014.2044,1.45,0.9348,17.67,58.449,10.2433,4.6276,-0.0457,31.869,24.6786,2.736,0.0,18.5633,11.72,8037.17,87.2029,3.9,85.482,140.7909,0.2756,65.12,0.0078,0.1096,4.626,261.892,불량
5.9945,-0.0002,0.0,-6403.75,68.1778,1.608,0.0733,0.15,15.83,731.0,6.5219,15.82,1.035,1.8988,,8.8513,19.62,2.942,419.0,0.0123,0.7987,14.0055,3140.75,9.7333,0.0,1005.6244,1.39,0.9378,11.93,39.0141,8.3309,4.6615,-0.0059,31.086,156.3088,2.803,528.8136,16.1776,14.08,8989.4,87.0205,1.9,86.3857,145.9936,0.1435,76.23,0.0078,0.1096,4.6163,247.87,양품
2.7764,-0.0007,0.0,-5407.75,68.3222,1.608,0.0712,0.132,15.83,370.0,6.4494,15.82,1.035,2.0082,,8.5266,22.1,2.942,547.0,0.0027,0.7987,17.2236,2579.5,7.661,0.0,1005.6244,1.39,0.9363,14.19,28.7555,15.03,4.6826,0.0226,28.99,118.1401,2.803,988.2353,24.1247,12.74,9473.2602,86.924,2.1,84.8399,145.2455,0.1936,78.1,0.0078,0.1096,3.3731,265.548,양품
2.6173,-0.0054,68.8372,-5617.5,69.2,1.608,0.0695,0.109,15.83,444.0,5.068,15.82,1.035,1.995,,8.8513,16.53,2.942,411.0,0.0395,0.7987,17.3827,2736.0,5.1309,0.0,1005.6244,0.88,0.9367,17.96,43.8843,10.1573,4.7069,0.0499,32.457,226.1896,2.803,0.0,21.7381,18.51,8971.8201,87.0205,1.8,86.3857,146.27,0.2055,76.23,0.0078,0.1096,3.3761,264.592,양품
20.8336,-0.0048,98.9474,-6057.25,69.0667,0.5677,0.0794,0.228,15.96,606.0,5.3134,15.94,1.187,1.9655,0.0769,8.5218,18.26,2.992,2017.0,0.0385,0.838,19.1664,2609.0,6.8695,0.0,1012.1633,0.57,0.9315,14.54,26.1531,13.8522,4.5504,-0.0241,32.019,24.8636,2.813,0.0,27.9009,24.0,8745.81,87.0459,1.3,84.3232,141.6909,0.2225,78.42,0.0078,0.1096,3.4074,,불량
27.3,-0.0059,111.3924,-6448.0,61.7222,0.7569,0.0357,0.125,15.83,732.0,5.4985,15.77,0.9744,1.8935,0.0555,9.3998,16.3,2.632,420.0,-0.0086,0.823,12.7,3159.25,12.3751,0.0,1011.6333,0.9,0.9341,13.75,21.2653,4.3998,4.5794,-0.0282,31.191,20.2564,2.758,597.0149,19.1593,19.11,8519.59,87.2029,4.3,85.482,147.5091,0.544,65.12,0.0078,0.1096,4.6459,,양품
5.4191,-0.0092,44.3243,-6508.5,70.9556,0.7569,0.0992,0.117,15.83,718.0,6.3502,15.77,0.9744,1.8973,0.0377,8.6406,20.02,2.632,219.0,-0.0001,0.823,14.5809,2988.5,8.2955,0.0,1011.6333,0.65,0.9282,19.56,55.4275,17.0436,4.7536,-0.0548,32.301,105.3682,2.758,883.3333,21.3926,18.84,8943.67,86.6776,2.1,85.0841,145.1,0.26,77.83,0.0078,0.1096,4.6488,247.764,양품
5.9136,-0.0087,57.4713,-5771.25,67.6667,0.7569,0.1151,0.095,15.83,442.0,6.8395,15.77,0.9744,1.986,0.0294,9.2281,21.98,2.632,2256.0,-0.0041,0.823,14.0864,2497.25,7.9176,0.0,1011.6333,1.63,0.9282,20.1,37.7627,16.2737,4.7536,-0.0522,32.004,95.0346,2.758,0.0,21.0896,15.6,8375.0199,86.9417,2.4,84.1154,144.8555,0.3764,16.36,0.0078,0.1096,3.4569,267.984,양품
5.3782,-0.0095,34.7826,-6401.75,70.0444,0.7569,0.1105,0.151,15.83,906.0,6.272,15.77,0.9744,1.896,0.1008,8.6406,17.52,2.632,311.0,0.0096,0.823,14.6218,2910.25,7.6963,0.0,1011.6333,,0.9282,16.19,58.2153,16.7854,4.7536,-0.009,31.439,98.7323,2.758,0.0,21.6961,,8570.25,86.6776,3.4,85.0841,145.0209,0.2041,77.83,0.0078,0.1096,4.6829,251.098,양품
-11.2309,-0.0086,87.2093,-5076.25,62.5111,0.7569,0.0898,0.097,15.83,3785.0,5.2961,15.77,0.9744,1.984,0.1418,9.2171,15.22,2.632,738.0,-0.0009,0.823,31.2309,3500.75,8.6333,0.0,1011.6333,1.02,0.9257,20.72,35.3304,15.0091,4.6326,-0.0344,18.629,81.2935,2.758,0.0,39.0971,12.15,8594.8001,86.2908,2.2,85.9034,144.2436,0.3933,14.26,0.0078,0.1096,3.5448,,양품
-1.8473,-0.0049,108.9974,-5518.0,67.2333,0.0,0.0816,0.139,15.83,251.0,6.1053,15.79,1.002,2.0115,0.0446,8.7879,18.09,2.778,578.0,0.0354,0.8187,41.8473,2584.75,6.1833,0.0,1012.0556,1.39,0.9341,21.94,17.4387,21.3618,4.5794,-0.0179,30.235,257.1358,2.798,921.2121,52.5657,17.91,8322.5299,86.7106,2.1,86.106,148.4718,0.3237,76.05,0.0078,0.1096,3.5066,264.774,양품
25.43,-0.0067,46.1825,-6308.5,68.9,0.0,0.0591,0.102,15.83,680.0,5.6444,15.79,1.002,1.893,0.0878,8.8287,17.45,2.778,484.0,0.0132,0.8187,14.57,3139.5,10.1,0.0,1012.0556,0.72,0.9293,10.09,17.2187,9.5036,4.482,-0.029,30.19,29.886,2.798,800.0,18.3175,10.11,8997.22,87.0337,1.7,86.4478,139.2282,0.4943,78.11,0.0078,0.1096,4.6929,,양품
15.4555,-0.0067,52.4345,-6153.5,67.9667,0.7569,0.0534,0.221,15.83,147.0,5.8376,15.77,0.9744,2.0038,0.0447,8.5155,20.0,2.632,1994.0,0.0011,0.823,24.5445,2681.0,12.4201,0.0,1011.6333,0.95,0.9354,20.3,66.8178,15.2427,4.671,-0.0165,31.435,45.162,2.758,0.0,33.2277,20.78,8803.1401,87.1407,2.5,85.597,149.3373,0.2093,78.67,0.0078,0.1096,3.4203,,양품
0.7582,-0.0091,61.3699,-5511.75,61.5778,0.7569,0.0917,0.241,15.83,267.0,5.6836,15.77,0.9744,1.9835,0.0413,9.219,18.65,2.632,958.0,0.0147,0.823,19.2418,2740.25,7.7634,0.0,1011.6333,0.38,0.9266,13.27,28.5663,17.7409,4.6391,-0.0411,16.048,957.554,2.758,0.0,28.0488,22.96,8340.3199,86.336,1.3,86.3416,143.9836,0.5791,77.9,0.0078,0.1096,3.407,249.378,불량
-12.0473,-0.0055,99.5475,-6417.25,65.1333,0.0,0.0645,0.126,15.83,720.0,8.8849,15.79,1.002,1.894,,8.5177,25.49,2.778,592.0,0.0351,0.8187,32.0473,3113.25,7.6365,0.0,1012.0556,0.78,0.9331,20.55,38.511,9.4168,4.5634,0.0313,30.084,91.556,2.798,927.2727,38.5498,13.6,8473.6401,87.0024,1.5,84.7297,153.3655,0.1599,77.14,0.0078,0.1096,4.6756,264.158,양품
-10.2673,-0.0052,57.4163,-6483.25,67.5889,0.0,0.076,0.108,15.83,813.0,7.7594,15.79,1.002,1.8878,,8.5177,27.08,2.778,455.0,0.0107,0.8187,30.2673,3072.0,5.8573,0.0,1012.0556,0.38,0.9331,24.46,49.2352,12.8882,4.5634,0.0334,32.2191,94.5723,2.798,0.0,35.9269,8.64,9213.1399,87.0024,1.5,84.7297,157.8482,0.1023,77.14,0.0078,0.1096,4.6739,264.272,양품
1.1591,-0.0099,56.6372,-6480.25,63.9222,-0.2838,0.0825,0.098,15.82,461.0,5.1284,15.84,1.092,1.8758,0.1884,9.2171,17.9,4.036,497.0,-0.0079,0.758,18.8409,3079.5,11.8878,0.0,1003.854,2.1,0.9368,23.89,17.2456,14.6254,4.6924,-0.0576,31.642,362.3529,2.544,0.0,26.7301,21.3,8835.5701,86.2908,3.4,85.9034,145.9891,0.1564,14.26,0.0078,0.1096,4.645,248.124,양품
-11.8245,-0.0083,49.1018,-5426.25,62.9889,-0.2838,0.0904,0.195,15.82,556.0,4.6801,15.84,1.092,2.004,0.0817,9.2171,15.0,4.036,1197.0,-0.008,0.758,31.8245,2771.75,11.9209,0.0,1003.854,,0.9257,18.75,38.3329,19.3763,4.6326,-0.0683,22.511,87.8681,2.544,0.0,39.6487,,8402.5,86.2908,3.1,85.9034,143.0591,0.2034,14.26,0.0078,0.1096,3.5116,,불량
8.4236,-0.0042,132.5301,-5505.5,67.2222,1.608,0.101,0.112,15.83,227.0,5.5239,15.82,1.035,1.9985,0.0402,8.6013,18.57,2.942,320.0,0.0574,0.7987,31.5764,2718.5,6.0494,0.0,1005.6244,1.42,0.9337,20.94,17.2236,26.3554,4.5304,-0.0332,30.598,171.5411,2.803,0.0,40.0125,19.06,8074.26,86.9247,1.8,84.9715,148.7273,0.2085,76.97,0.0078,0.1096,3.511,262.592,불량
18.6045,-0.0061,73.6196,-5584.5,65.8222,0.0,0.0649,0.058,15.73,355.0,5.3069,15.75,1.04,1.9885,0.024,8.6013,18.02,2.943,814.0,0.0025,0.799,21.3955,2753.25,6.1263,0.0,1012.4722,0.92,0.9337,21.25,19.2374,16.91,4.5304,-0.0064,29.408,26.1226,2.858,847.0588,31.416,22.26,8628.13,86.9247,1.9,84.9715,147.56,0.2223,76.97,0.0078,0.1096,3.4481,265.068,양품
8.9764,-0.0035,129.4964,-6375.0,66.8556,0.0,0.137,0.113,15.91,675.0,5.8925,15.88,0.8987,1.893,0.0439,8.6013,20.13,3.024,507.0,0.0561,0.8123,31.0236,3078.25,11.4256,0.0,1014.2044,,0.9337,22.33,38.1418,25.2836,4.5304,-0.0356,29.315,126.3318,2.736,0.0,39.7661,,8914.8399,86.9247,2.8,84.9715,150.8536,0.3228,76.97,0.0078,0.1096,4.6521,261.302,불량
0.7218,-0.0103,56.1743,-5465.0,63.4889,-0.5677,0.0841,0.087,15.9,130.0,5.5683,15.84,1.172,2.033,0.0443,9.2171,18.0,4.434,1084.0,0.0201,0.7025,19.2782,2681.0,5.0594,0.0,1005.6298,1.1,0.9364,19.07,40.9542,11.0918,4.6771,0.0181,31.306,793.8287,2.618,741.4634,23.4212,18.21,8846.3501,86.2908,2.7,85.9034,143.9882,0.3004,14.26,0.0078,0.1096,3.4767,268.656,양품
-1.42,-0.0013,400.0,-4970.75,67.7111,0.0,0.038,0.101,15.88,364.0,6.2946,15.85,1.097,1.9963,,9.2281,21.94,3.997,3042.0,0.0108,0.7021,21.42,2714.75,7.4172,0.0,1002.4991,1.57,0.9378,15.94,42.1366,8.9208,4.6615,0.0027,32.544,450.0,2.956,450.0,27.1504,26.21,8799.9801,86.9417,1.9,84.1154,147.4409,0.1435,16.36,0.0078,0.1096,3.4052,247.11,불량
9.2082,-0.0042,149.1124,-5181.5,65.6778,0.7569,0.1257,0.087,15.83,835.0,7.1479,15.77,0.9744,2.0023,0.0907,8.6013,19.66,2.632,1022.0,0.057,0.823,30.7918,3042.0,11.2227,0.0,1011.6333,1.06,0.9335,23.37,62.9386,19.5491,4.5996,-0.0227,33.646,96.436,2.758,0.0,36.9278,20.17,8747.37,86.9247,1.6,84.9715,147.7482,0.2636,76.97,0.0078,0.1096,3.413,265.1,불량
12.1609,-0.007,60.1073,-6351.5,68.8222,0.0,0.0908,0.113,15.73,571.0,5.7847,15.75,1.04,1.8893,0.0653,8.6013,19.95,2.943,310.0,0.0471,0.799,27.8391,3039.75,10.9579,0.0,1012.4722,0.92,0.9337,16.78,27.4893,18.8173,4.5304,-0.0259,30.7451,34.1257,2.858,685.7143,37.9497,16.6,8814.2,86.9247,2.0,84.9715,144.45,0.2545,76.97,0.0078,0.1096,4.639,263.026,양품
8.5273,-0.0078,37.299,-5230.25,69.4333,0.0,0.0858,0.096,15.83,433.0,5.9026,15.79,1.002,1.988,0.0302,8.8287,20.74,2.778,1395.0,0.0234,0.8187,31.4727,2693.75,4.5468,0.0,1012.0556,0.92,0.9331,19.51,39.3809,22.3637,4.5634,-0.03,31.177,75.4051,2.798,0.0,39.0387,13.46,9262.3499,87.0337,2.2,86.4478,146.0127,0.1619,78.11,0.0078,0.1096,3.4202,262.466,불량
17.1745,-0.0066,46.7043,-6393.25,67.9,0.0,0.1368,0.142,15.83,558.0,5.081,15.79,1.002,1.8902,0.0776,8.5788,15.75,2.778,504.0,0.0199,0.8187,22.8255,3051.0,9.1952,0.0,1012.0556,0.63,0.9354,25.46,78.3719,17.8636,4.671,-0.0344,31.687,25.8522,2.798,675.5556,31.0321,14.47,8901.2899,86.8039,3.1,85.4451,147.8209,0.1799,76.55,0.0078,0.1096,4.6342,265.916,불량
5.7855,-0.0072,56.9444,-5367.75,69.6778,-0.2838,0.0704,0.066,15.82,242.0,6.8729,15.84,1.092,1.9832,0.0203,8.536,21.54,4.036,922.0,0.0184,0.758,14.2145,2609.5,11.5007,0.0,1003.854,1.31,0.9282,22.45,75.0239,14.9737,4.7536,-0.0581,34.815,137.2407,2.544,839.0244,21.1888,16.15,7930.09,86.7687,1.9,85.5361,147.7773,0.1243,36.03,0.0078,0.1096,3.3347,,양품
14.4382,-0.0091,73.5254,-6356.0,66.2778,-0.4258,0.066,0.115,15.9,649.0,5.2764,15.82,1.191,1.8805,0.2005,8.5952,16.76,4.387,750.0,-0.0268,0.7423,25.5618,3058.5,12.5732,0.0,1004.895,,0.9271,17.46,33.8592,15.9709,4.6195,-0.0512,20.184,48.8981,2.575,0.0,32.4142,,9276.4399,86.7997,2.5,85.3625,149.0873,0.4071,14.0,0.0078,0.1096,4.6613,267.928,양품
11.6964,-0.0034,143.2836,-5175.5,69.8333,-0.5677,0.1078,0.104,15.9,332.0,6.0657,15.84,1.172,1.9988,0.0225,8.6527,18.39,4.434,507.0,0.0127,0.7025,28.3036,2517.0,11.3532,0.0,1005.6298,1.57,0.9353,14.8,67.0224,18.8891,4.6644,-0.0546,32.658,40.0979,2.618,354.6392,32.0454,10.63,9173.3499,86.9642,2.3,86.4465,152.7555,0.3949,77.24,0.0078,0.1096,3.498,,양품
18.0545,-0.0013,439.2157,-4992.0,69.7889,-0.5677,0.0503,0.147,15.9,3418.0,5.2245,15.84,1.172,1.999,0.0435,8.6829,19.09,4.434,1280.0,0.01,0.7025,21.9455,3445.0,8.9373,0.0,1005.6298,,0.9369,17.62,54.9977,12.9954,4.6725,-0.0181,30.587,24.5921,2.618,0.0,25.0574,,8923.91,86.9236,2.9,87.4809,154.9491,0.6125,16.53,0.0078,0.1096,3.35,269.128,양품
20.7055,-0.0097,39.0746,-6834.5,68.5667,-0.4258,0.1038,0.116,15.9,361.0,7.2747,15.82,1.191,1.8952,0.0345,9.1757,20.1,4.387,1827.0,0.0009,0.7423,19.2945,3011.5,10.9913,0.0,1004.895,1.24,0.925,13.59,34.8488,10.9861,4.6134,-0.0464,17.249,58.3421,2.575,0.0,24.1262,19.41,8805.3899,86.9721,2.1,83.8879,145.9818,0.6511,67.17,0.0078,0.1096,4.6554,,양품
1.1273,-0.0088,43.3666,-6353.75,61.0667,-0.5677,0.0939,0.094,15.79,622.0,5.2077,15.83,1.21,1.9037,0.0263,9.2171,17.0,4.425,384.0,0.0121,0.6887,18.8727,3223.75,8.6903,0.0,1004.9778,0.93,0.9364,20.28,31.6632,11.1018,4.6771,-0.0529,35.714,0.0,2.649,0.0,24.2043,18.0,8728.38,86.2908,3.0,85.9034,144.8745,0.2747,14.26,0.0078,0.1096,4.6728,,양품
16.4073,-0.0041,124.3902,-6425.5,71.7222,-0.5677,0.1274,0.127,15.9,765.0,6.7371,15.84,1.172,1.892,0.0873,8.6829,22.69,4.434,410.0,0.0497,0.7025,23.5927,3123.5,13.8365,0.0,1005.6298,,0.9227,18.04,35.1736,21.8055,4.6862,-0.0318,34.518,38.4586,2.618,378.9474,31.6904,,9236.9602,86.9236,2.8,87.4809,151.1455,0.2654,16.53,0.0078,0.1096,4.6452,269.33,양품
5.4018,-0.0098,94.6565,-6565.5,70.4444,-0.5677,0.0557,0.12,15.79,745.0,6.1648,15.83,1.21,1.8785,0.0254,8.6406,20.55,4.425,230.0,-0.0173,0.6887,14.5982,2909.75,10.0227,0.0,1004.9778,,0.9278,14.76,49.4768,10.2603,4.759,-0.0362,33.231,85.5268,2.649,0.0,19.9951,,9070.58,86.6776,3.2,85.0841,145.1373,0.2088,77.83,0.0078,0.1096,4.6173,,양품
26.8609,-0.0098,43.7659,-5291.5,66.6889,-0.5677,0.0629,0.22,15.79,537.0,5.689,15.83,1.21,2.0232,0.0211,8.6211,17.33,4.425,505.0,0.0099,0.6887,13.1391,2743.75,9.1503,0.0,1004.9778,1.0,0.9369,16.0,40.4128,9.9963,4.6725,-0.0571,29.3,20.1408,2.649,0.0,16.6703,15.33,8223.26,86.955,2.5,85.1817,148.9973,0.8314,77.92,0.0078,0.1096,3.4029,264.13,양품
23.7709,-0.0115,47.8261,-5521.25,64.0333,-0.2838,0.459,0.164,15.82,288.0,6.8046,15.84,1.092,2.0152,0.0632,9.2655,19.3,4.036,432.0,-0.0244,0.758,16.2291,2748.75,10.887,0.0,1003.854,0.64,0.9309,21.39,28.628,10.5689,4.6215,-0.0781,33.802,32.6029,2.544,421.8182,22.9026,16.85,9412.2001,86.4804,2.1,85.5455,144.4109,0.1703,11.52,0.0078,0.1096,3.4746,264.282,양품
-0.84,-0.0067,60.0375,-6346.0,68.4222,-0.5677,0.0929,0.118,15.9,638.0,6.9261,15.84,1.172,1.8978,,8.828,20.01,4.434,373.0,0.0295,0.7025,20.84,3083.5,8.4048,0.0,1005.6298,1.33,0.9264,28.95,43.6418,15.5709,4.5144,0.0465,21.145,0.0,2.618,828.5714,30.0404,23.89,8655.8501,87.0137,2.6,86.4863,147.8873,0.2494,77.17,0.0078,0.1096,4.6306,265.54,양품
25.4264,-0.0076,57.7049,-5213.75,69.0556,-0.5677,0.049,0.187,15.79,247.0,5.4919,15.83,1.21,2.035,0.2398,8.5155,16.63,4.425,1266.0,0.0157,0.6887,14.5736,2526.5,7.4945,0.0,1004.9778,2.21,0.9309,19.08,41.8378,10.3545,4.6215,-0.0486,31.545,24.0695,2.649,868.0851,21.5935,12.35,8418.5601,87.1407,2.9,85.597,148.6155,0.1145,78.67,0.0078,0.1096,3.4326,,양품
26.6136,-0.0097,45.478,-6454.5,71.2444,-0.3784,0.1017,0.115,15.92,655.0,5.5287,15.83,1.267,1.8835,0.1802,9.3998,16.3,4.281,313.0,0.0217,0.7463,13.3864,3102.75,8.7225,0.0,1003.5358,,0.9348,12.03,38.2524,5.3233,4.6276,-0.0816,28.093,22.1315,2.618,363.6364,17.8522,,8625.08,87.2029,3.2,85.482,145.7164,0.4337,65.12,0.0078,0.1096,4.6547,267.386,양품
-6.5391,-0.0089,33.7079,-5532.5,69.3778,-0.4258,0.0794,0.047,15.9,338.0,6.6604,15.82,1.191,1.9755,0.0515,8.536,20.06,4.387,808.0,-0.0237,0.7423,26.5391,2691.25,11.0353,0.0,1004.895,0.9,0.9228,16.5,24.6538,13.6636,4.5924,-0.0624,17.47,170.0542,2.575,332.4675,33.0144,14.74,9515.9101,86.7687,2.0,85.5361,145.1655,0.5441,36.03,0.0078,0.1096,3.2733,266.484,양품
0.1518,-0.0107,47.5524,-5064.0,67.1778,-0.3784,0.0836,0.116,15.92,633.0,8.5149,15.83,1.267,1.996,0.0323,9.5713,25.51,4.281,2178.0,0.0011,0.7463,19.8482,2689.75,9.6914,0.0,1003.5358,2.23,0.9364,15.78,36.2621,11.4203,4.6771,-0.071,32.56,0.0,2.618,739.6226,24.7192,19.24,9618.9899,86.8261,1.4,85.6608,143.4045,0.1762,64.39,0.0078,0.1096,3.4294,248.276,양품
2.8245,-0.01,36.0,-6273.5,68.2,-0.4258,0.0712,0.092,15.9,680.0,7.7646,15.82,1.191,1.8878,0.0665,9.5713,30.52,4.387,375.0,-0.0023,0.7423,17.1755,3015.75,12.3885,0.0,1004.895,1.16,0.9278,22.9,58.2877,11.9663,4.759,-0.0538,30.364,238.6225,2.575,560.0,23.8635,12.82,8407.1301,86.8261,3.0,85.6608,144.5818,0.3104,64.39,0.0078,0.1096,4.6451,,양품
12.1818,-0.0079,87.8981,-6267.75,70.1222,-0.5677,0.0895,0.087,15.79,696.0,5.8436,15.83,1.21,1.883,0.0444,8.531,17.81,4.425,598.0,0.0365,0.6887,27.8182,3006.5,9.559,0.0,1004.9778,1.64,0.9337,14.74,27.6445,12.0333,4.615,-0.032,31.115,43.5896,2.649,504.6154,30.5016,22.39,8321.28,87.0242,2.3,84.3575,156.5527,0.17,77.59,0.0078,0.1096,4.6379,,양품
19.5609,-0.0074,63.621,-6426.5,70.5111,-0.4258,0.0879,0.119,15.87,752.0,5.0632,15.85,1.168,1.8797,0.1307,9.4832,16.36,4.304,373.0,0.0048,0.7135,20.4391,3060.0,14.4533,0.0,1004.167,,0.9354,25.56,19.3787,12.7282,4.6871,-0.0565,30.805,19.1709,2.653,229.8851,27.7378,,8906.5,87.3382,3.7,84.87,150.4382,0.3658,65.34,0.0078,0.1096,4.6248,,양품
-1.1609,-0.0094,73.6,-5284.75,68.1556,-0.5677,0.0869,0.116,15.79,459.0,8.134,15.83,1.21,1.9868,0.0328,8.9416,20.6,4.425,273.0,0.0166,0.6887,21.1609,2774.25,8.5018,0.0,1004.9778,0.95,0.9366,19.38,28.723,10.5221,4.6801,-0.0442,29.821,312.686,2.649,0.0,26.3122,27.43,8962.4,86.9601,2.7,92.072,148.57,0.2924,14.1,0.0078,0.1096,3.3226,267.01,양품
18.63,-0.0096,85.8639,-6267.75,62.9556,-0.4258,0.0739,0.123,15.9,599.0,5.8716,15.82,1.191,1.9053,0.0381,9.2433,19.99,4.387,96.0,-0.0043,0.7423,21.37,3065.75,12.4003,0.0,1004.895,1.28,0.9309,14.66,24.0406,8.8552,4.6215,-0.0599,34.91,22.4906,2.575,0.0,28.1907,22.46,8700.58,86.4157,2.6,85.2666,155.5755,0.2678,75.03,0.0078,0.1096,4.7112,,양품
20.7118,-0.0093,39.8385,-6452.5,72.9222,-0.3784,0.1056,0.089,15.92,661.0,6.3369,15.83,1.267,1.8895,0.0448,9.4832,18.41,4.281,513.0,0.0401,0.7463,19.2882,3074.75,9.4744,0.0,1003.5358,,0.9271,15.56,54.1647,11.0509,4.6195,-0.0588,18.834,44.9502,2.618,849.2308,25.5875,,9304.59,87.3382,3.6,84.87,147.9509,0.2862,65.34,0.0078,0.1096,4.6558,,양품
-11.9682,-0.0105,37.276,-5423.0,69.3889,-0.3784,0.1016,0.184,15.92,251.0,6.2281,15.83,1.267,1.998,0.0856,8.5218,16.97,4.281,531.0,0.0018,0.7463,31.9682,2723.5,8.8499,0.0,1003.5358,1.89,0.9257,15.22,39.4462,18.6255,4.6326,-0.0353,20.437,56.4831,2.618,0.0,40.3963,23.17,8847.7,87.0459,0.9,84.3232,143.5309,0.3557,78.42,0.0078,0.1096,3.4117,,양품
16.8445,-0.0107,57.9439,-6198.5,63.9778,-0.9934,0.0631,0.106,15.89,576.0,5.6722,15.85,1.267,1.916,0.0825,9.2655,17.0,4.557,426.0,0.0023,0.6764,23.1555,3197.75,6.812,0.0,1004.96,2.3,0.9354,17.82,65.2403,17.9019,4.671,-0.0498,28.585,21.4906,2.531,948.8372,31.7791,16.64,8424.7201,86.4804,3.3,85.5455,148.1364,0.2079,11.52,0.0078,0.1096,4.6817,264.772,양품
14.0382,-0.0084,30.9524,-5711.0,66.5444,-0.3784,0.111,0.086,15.92,3190.0,7.6137,15.83,1.267,2.0155,0.0292,8.5952,19.85,4.281,571.0,0.04,0.7463,25.9618,3474.75,9.8855,0.0,1003.5358,0.98,0.9271,11.79,26.9423,12.1109,4.6195,-0.0351,18.782,29.2061,2.618,370.7317,32.567,18.81,8799.04,86.7997,2.1,85.3625,150.1909,0.2966,14.0,0.0078,0.1096,3.4189,,양품
28.4009,-0.0104,41.4458,-5657.5,63.7778,-0.5677,0.0743,0.14,15.79,815.0,6.6127,15.83,1.21,1.886,0.0354,9.5642,19.74,4.425,3548.0,0.0142,0.6887,11.5991,3111.25,10.7648,0.0,1004.9778,,0.9337,9.73,43.512,7.5638,4.615,-0.0481,30.761,17.8868,2.649,0.0,14.406,,8848.07,86.4047,3.3,86.3239,142.0918,0.1953,74.48,0.0078,0.1096,4.6767,,양품
22.1827,-0.008,64.7975,-6528.5,68.2,-0.9934,0.1308,0.102,15.89,375.0,5.2143,15.85,1.267,1.8877,0.0262,8.5405,18.09,4.557,891.0,-0.021,0.6764,17.8173,3067.0,7.0778,0.0,1004.96,1.41,0.9354,15.09,59.6353,14.0055,4.671,-0.0501,31.103,17.0403,2.531,0.0,22.1373,21.17,9028.9699,86.8378,2.5,85.1712,145.4927,0.3116,76.57,0.0078,0.1096,4.659,,양품
9.1882,-0.0086,45.152,-6363.0,63.0556,-0.3784,0.0518,0.136,15.92,562.0,6.9848,15.83,1.267,1.8893,0.0202,9.5642,20.73,4.281,345.0,0.0273,0.7463,30.8118,3018.0,7.3121,0.0,1003.5358,0.83,0.9348,17.87,26.161,13.3354,4.6276,-0.0201,33.783,83.4768,2.618,538.7755,37.258,15.11,8981.2399,86.4047,3.1,86.3239,152.1864,0.169,74.48,0.0078,0.1096,4.6573,,양품
1.5018,-0.0075,61.4357,-6334.25,67.4556,-0.9934,0.0854,0.091,15.89,707.0,6.0561,15.85,1.267,1.8987,0.061,9.5713,21.94,4.557,292.0,-0.005,0.6764,18.4982,3124.75,7.1454,0.0,1004.96,,0.936,19.64,58.3148,9.0364,4.6798,-0.0496,29.479,450.7869,2.531,464.0,23.6088,,8785.9699,86.8261,3.4,85.6608,147.1064,0.2376,64.39,0.0078,0.1096,4.6902,,양품
16.0155,-0.0081,54.0707,-6431.75,68.1556,-0.9934,0.0863,0.135,15.89,617.0,6.3346,15.85,1.267,1.8763,0.0431,9.4043,21.03,4.557,524.0,0.0202,0.6764,23.9845,2959.75,6.4443,0.0197,1004.96,1.8,0.9271,17.66,46.8422,13.3955,4.6195,-0.0408,19.017,43.1458,2.531,693.3333,30.1316,13.83,8606.88,86.8908,2.7,83.9167,151.0545,0.3561,65.84,0.0078,0.1096,4.6367,,불량
2.5027,-0.0095,32.7177,-5410.0,67.4222,-0.9934,0.0707,0.094,15.89,1109.0,6.7768,15.85,1.267,1.9998,0.0292,9.5713,21.04,4.557,921.0,0.0196,0.6764,17.4973,2414.5,8.6844,0.0,1004.96,1.32,0.9359,14.11,29.5218,8.3872,4.6694,-0.0441,33.802,193.7886,2.531,0.0,22.1827,17.4,9434.9,86.8261,2.5,85.6608,145.5055,0.3556,64.39,0.0078,0.1096,3.3019,,양품
87.0391,-0.0084,59.4354,-5677.5,68.0444,-0.3784,0.0455,0.101,15.92,578.0,5.4855,15.83,1.267,2.0337,0.0585,9.1757,15.65,4.281,833.0,0.0408,0.7463,32.896,2630.75,7.7447,0.0,1003.5358,1.97,0.9266,199.62,30.3517,89.5305,4.6391,-0.028,17.479,274.4629,2.618,778.3784,84.5752,21.39,8903.9602,86.9721,3.2,83.8879,127.5891,1.6228,67.17,0.0078,0.1096,3.403,,양품
0.7591,-0.0062,56.6802,-5848.5,69.9222,-0.3784,0.0769,0.134,15.92,358.0,5.9401,15.83,1.267,2.0257,,8.828,18.14,4.281,1065.0,0.0081,0.7463,19.2409,2660.5,12.0802,0.0,1003.5358,1.46,0.9334,22.85,34.4725,16.2241,4.523,0.0107,32.389,0.0,2.618,0.0,25.8222,21.03,9399.92,87.0137,2.3,86.4863,141.7873,0.2227,77.17,0.0078,0.1096,3.4234,264.272,양품
9.8782,-0.0077,60.8414,-5392.25,66.6889,-0.9934,0.0853,0.146,15.89,527.0,5.2386,15.85,1.267,2.0088,0.0236,8.6211,17.64,4.557,1310.0,0.021,0.6764,30.1218,2731.75,8.131,0.0,1004.96,1.25,0.9271,22.45,35.565,15.99,4.6195,-0.0555,18.921,99.5122,2.531,278.7879,37.9277,15.2,9038.9,86.955,2.1,85.1817,147.5655,0.4351,77.92,0.0078,0.1096,3.4076,247.548,불량
15.6791,-0.0101,40.4938,-6350.5,68.5444,-0.0473,0.0572,0.124,15.82,605.0,6.4183,15.82,1.366,1.9058,0.0455,8.5788,19.93,4.501,522.0,-0.022,0.6785,24.3209,3071.25,11.5524,0.0,1002.6611,1.39,0.9227,16.4,53.2874,23.1445,4.6862,-0.0233,36.4,33.5479,2.558,480.0,31.4614,14.29,9135.0302,86.8039,4.0,85.4451,147.6955,0.3882,76.55,0.0078,0.1096,4.631,264.296,양품
16.2418,-0.0071,43.739,-6277.75,67.5222,0.4258,0.114,0.09,15.85,406.0,5.2618,15.8,1.149,1.9095,0.0429,8.5788,14.75,4.631,379.0,0.0369,0.6909,23.7582,3136.5,8.0322,0.0,1003.6322,1.12,0.9266,18.2,29.1167,13.9691,4.6391,-0.0516,19.148,56.3361,2.647,782.2222,30.5545,13.46,8977.1799,86.8039,2.6,85.4451,147.1745,0.3486,76.55,0.0078,0.1096,4.6491,268.064,양품
10.3745,-0.0088,35.378,-5421.5,63.4111,-0.0473,0.0519,0.087,15.82,173.0,6.1148,15.82,1.366,2.0107,0.2984,9.2655,21.49,4.501,882.0,0.0006,0.6785,29.6255,2685.0,12.8571,0.0,1002.6611,0.57,0.9337,17.7,30.8824,12.569,4.615,-0.0809,31.99,74.2201,2.558,0.0,32.237,16.96,8858.4201,86.4804,1.0,85.5455,153.7373,0.1517,11.52,0.0078,0.1096,3.4289,,양품
2.5045,-0.0084,71.3224,-5316.75,68.4111,-0.0473,0.0915,0.082,15.82,469.0,5.9336,15.82,1.366,1.9845,0.0563,8.9416,18.79,4.501,5081.0,0.0079,0.6785,17.4955,2675.25,13.2563,0.0,1002.6611,2.31,0.9368,20.15,26.0239,12.1437,4.6924,-0.0805,28.547,164.9002,2.558,748.3871,23.7322,16.97,9038.9201,86.9601,2.6,92.072,146.9191,0.2603,14.1,0.0078,0.1096,3.3897,,양품
24.14,-0.0096,32.2078,-5242.25,67.1444,0.4258,0.0604,0.199,15.85,826.0,5.2159,15.8,1.149,2.0135,0.0385,9.1757,17.46,4.631,839.0,0.0121,0.6909,15.86,2600.25,6.8,0.0149,1003.6322,,0.9354,15.96,19.9947,12.3364,4.6871,-0.0398,29.41,17.1085,2.647,0.0,22.8392,,8597.71,86.9721,3.0,83.8879,150.0427,0.3547,67.17,0.0078,0.1096,3.494,,불량
23.7109,-0.0105,56.9395,-5751.5,68.1444,-0.0946,0.0738,0.145,15.85,111.0,5.4707,15.82,1.569,1.9952,0.0381,8.872,18.78,4.21,712.0,-0.0117,0.6955,16.2891,2625.25,9.4397,0.0,1014.2967,,0.9309,17.75,36.5548,12.2864,4.6215,-0.0519,31.85,26.1905,2.584,0.0,22.928,,8591.4699,87.0389,2.1,84.533,149.7718,0.1777,77.67,0.0078,0.1096,3.3817,247.35,양품
5.78,-0.0112,39.3296,-6459.75,69.4222,0.0,0.1037,0.099,15.9,593.0,5.3361,15.82,1.154,1.9085,0.2529,8.6406,15.98,4.461,178.0,0.048,0.6383,14.22,2955.5,8.7953,0.0,1005.3694,,0.9217,24.79,15.7221,14.6127,4.7797,-0.0328,31.732,54.6713,2.738,911.1111,21.9792,,8771.5,86.6776,3.6,85.0841,148.55,0.3258,77.83,0.0078,0.1096,4.6711,,양품
-0.18,-0.0122,48.3112,-5328.25,63.9111,0.0,0.1165,0.156,15.9,426.0,7.9306,15.82,1.154,2.0165,0.0246,9.219,24.74,4.461,572.0,-0.0376,0.6383,20.18,2674.0,8.331,0.0,1005.3694,0.4,0.9364,18.73,47.6891,14.9736,4.6771,-0.009,30.141,0.0,2.738,213.3333,25.6726,11.81,9142.6801,86.336,1.8,86.3416,146.9464,0.2288,77.9,0.0078,0.1096,3.4083,,양품
-8.6082,-0.0104,41.3959,-6345.0,63.3444,-0.0946,0.0931,0.08,15.85,509.0,5.2263,15.82,1.569,1.9065,0.049,9.2171,15.67,4.21,326.0,0.0086,0.6955,28.6082,3169.25,8.3038,0.0,1014.2967,1.35,0.9257,17.37,21.5302,22.8155,4.6326,-0.078,17.086,82.1312,2.584,637.037,38.5841,11.76,9084.18,86.2908,3.1,85.9034,141.2627,0.3092,14.26,0.0078,0.1096,4.6768,,양품
22.7173,-0.0096,23.8651,-5302.75,65.2556,0.0,0.0715,0.222,15.9,420.0,6.2124,15.82,1.154,1.993,0.0412,8.7879,20.7,4.461,635.0,-0.0017,0.6383,17.2827,2506.25,10.5132,0.0,1005.3694,0.7,0.9354,17.65,56.8733,13.2909,4.671,-0.0576,30.995,18.224,2.738,0.0,22.3699,23.96,8177.06,86.7106,2.7,86.106,149.9955,0.2485,76.05,0.0078,0.1096,3.454,250.474,양품
20.0236,-0.0096,51.2418,-5413.0,69.6889,-0.0946,0.0734,0.165,15.85,349.0,4.7587,15.82,1.569,2.0245,0.0364,8.872,16.02,4.21,439.0,0.0181,0.6955,19.9764,2731.75,7.8059,0.0,1014.2967,0.78,0.9354,20.6,21.9229,13.4436,4.6871,-0.0456,28.382,17.2796,2.584,969.697,27.0205,21.72,8844.3301,87.0389,3.1,84.533,152.9445,0.2073,77.67,0.0078,0.1096,3.4023,268.616,양품
17.9782,-0.0089,57.0629,-5228.25,66.2556,0.5204,0.0726,0.203,15.84,549.0,5.0783,15.85,1.177,2.0128,0.0328,8.5218,15.63,4.422,899.0,0.0152,0.689,22.0218,2748.25,8.1235,0.0,1015.3522,0.62,0.9354,22.02,27.8636,16.3736,4.6871,-0.0536,32.987,15.6301,2.581,0.0,29.185,19.75,8684.6301,87.0459,2.9,84.3232,146.9073,0.3384,78.42,0.0078,0.1096,3.3422,264.26,양품
17.7327,-0.0079,23.9748,-6322.0,66.1111,-0.0946,0.1265,0.111,15.85,580.0,6.0165,15.82,1.569,1.898,0.0401,8.6324,20.02,4.21,456.0,0.0086,0.6955,22.2673,3083.0,7.6969,0.0,1014.2967,1.27,0.9249,11.34,52.5094,13.3309,4.6009,-0.0355,18.48,58.7614,2.584,480.0,30.2505,19.69,8825.3899,87.0354,3.1,85.0856,152.7618,0.3771,76.99,0.0078,0.1096,4.6779,,양품
1.3718,-0.0093,62.0321,-6278.5,63.6111,0.4258,0.0463,0.082,15.85,573.0,5.3321,15.8,1.149,1.8873,0.0743,9.2655,17.14,4.631,570.0,0.0161,0.6909,38.6282,3177.25,7.5912,0.0,1003.6322,2.24,0.9359,18.45,57.4811,21.5173,4.5579,-0.0483,34.765,486.216,2.647,472.1311,45.875,15.08,8242.0499,86.4804,2.5,85.5455,151.6355,0.164,11.52,0.0078,0.1096,4.6004,,불량
2.0373,-0.0058,87.7419,-5485.25,69.8444,-0.0946,0.1236,0.136,15.85,704.0,7.4826,15.82,1.569,1.98,0.0623,8.6527,26.59,4.21,524.0,0.0439,0.6955,17.9627,2681.25,9.46,0.0,1014.2967,,0.9366,17.3,50.5859,9.2163,4.6801,-0.0519,29.9,299.4199,2.584,0.0,22.969,,9516.4601,86.9642,2.3,86.4465,146.7618,0.2055,77.24,0.0078,0.1096,3.4194,247.536,양품
1.4218,-0.0083,41.0876,-5429.0,67.6222,-0.5204,0.0887,0.177,15.87,839.0,7.5351,15.82,1.078,2.018,0.2045,9.1757,22.75,4.232,1172.0,0.0021,0.6897,18.5782,2701.0,9.5456,0.0,1005.7904,0.75,0.9242,21.47,31.616,13.9591,4.6911,-0.0138,34.542,623.1458,2.571,0.0,24.6272,15.56,8778.86,86.9721,1.9,83.8879,143.4073,0.2181,67.17,0.0078,0.1096,3.379,265.4,양품
22.4382,-0.0086,48.8372,-5278.0,68.3222,0.4258,0.0606,0.161,15.85,416.0,6.1843,15.8,1.149,2.002,0.0259,8.5218,20.57,4.631,238.0,-0.0048,0.6909,17.5618,2624.25,8.0224,0.0,1003.6322,0.76,0.9309,14.95,30.3595,8.4962,4.6215,-0.0699,31.945,17.1137,2.647,736.8421,20.3988,17.08,8538.6601,87.0459,2.0,84.3232,151.0945,0.1566,78.42,0.0078,0.1096,3.3554,,불량
14.9018,-0.0075,34.6667,-5143.5,63.8889,-0.5204,0.061,0.087,15.87,371.0,5.925,15.82,1.078,1.9975,0.1183,9.5642,22.19,4.232,401.0,0.0244,0.6897,25.0982,2666.5,7.4439,0.0,1005.7904,1.12,0.9266,15.0,39.9021,10.7173,4.6391,-0.0565,18.033,66.2335,2.571,0.0,31.5354,18.75,8518.3601,86.4047,3.8,86.3239,151.4745,0.5551,74.48,0.0078,0.1096,3.4514,,양품
4.4391,-0.0128,34.375,-6483.75,69.6778,0.0,0.1079,0.083,15.9,464.0,6.711,15.82,1.154,1.8942,0.038,8.6406,24.25,4.461,219.0,0.0529,0.6383,15.5609,2966.5,7.7805,0.0,1005.3694,1.29,0.9364,9.38,48.6585,7.7589,4.6771,-0.0175,32.453,79.2955,2.738,500.0,20.3856,17.83,8855.1799,86.6776,3.8,85.0841,149.91,0.27,77.83,0.0078,0.1096,4.6381,,양품
-15.31,-0.0051,38.9294,-6338.75,59.9889,-0.5677,0.0819,0.138,15.9,785.0,6.9933,15.84,1.172,1.8965,,9.2328,23.52,4.434,361.0,-0.046,0.7025,35.31,3125.25,11.7446,0.0,1005.6298,,0.9366,21.02,18.9823,26.32,4.6801,0.0264,30.503,51.6656,2.618,0.0,41.7353,,8759.3302,86.5146,2.3,86.0209,148.5082,0.2715,75.31,0.0078,0.1096,4.6477,264.272,양품
27.3227,-0.0083,34.7826,-5486.25,66.0667,-0.5204,0.0749,0.123,15.87,1007.0,7.3823,15.82,1.078,1.994,0.0519,9.7484,23.46,4.232,1444.0,0.0413,0.6897,12.6773,2839.25,7.4728,0.0,1005.7904,0.71,0.9348,13.68,29.0849,6.612,4.6276,-0.0703,29.147,20.8618,2.571,0.0,15.8496,11.77,8547.0101,87.0605,2.1,85.564,143.8327,0.3934,63.86,0.0078,0.1096,3.3862,,양품
2.78,-0.0069,32.1168,-6463.25,67.4333,,0.0725,0.091,,530.0,7.006,,,1.8912,,9.2291,23.34,,286.0,0.0283,,17.22,3096.25,10.5176,0.0,,1.38,0.9378,17.62,46.1412,7.0997,4.6615,0.0056,34.329,198.2014,,241.2698,22.0706,16.61,8864.71,86.9273,2.9,84.742,146.7382,0.1435,65.15,0.0078,0.1096,4.6524,249.514,양품
18.1782,-0.0109,38.4,-5398.5,63.4,1.608,0.0479,0.105,15.83,337.0,5.612,15.82,1.035,2.039,0.0516,9.219,17.91,2.942,722.0,0.0061,0.7987,21.8218,2638.0,6.7033,0.0,1005.6244,,0.9354,23.8,34.8852,17.78,4.6871,-0.032,29.432,16.3933,2.803,0.0,29.871,,9216.03,86.336,2.6,86.3416,145.3209,0.2715,77.9,0.0078,0.1096,3.3878,265.93,양품
22.3736,-0.0084,69.9259,-6294.25,66.7111,1.419,0.082,0.123,15.8,640.0,4.8209,15.77,1.068,1.8905,0.0744,8.5405,14.33,2.824,436.0,0.0119,0.8284,17.6264,3013.0,9.0687,0.0,1004.5381,0.35,0.9354,27.96,20.8054,13.1655,4.6871,-0.0329,27.567,18.8615,2.898,0.0,25.0342,23.45,8964.53,86.8378,2.8,85.1712,150.1764,0.245,76.57,0.0078,0.1096,4.6417,246.952,양품
24.4791,-0.0074,71.7428,-6380.0,62.7,1.419,0.0517,0.116,15.8,495.0,5.8192,15.77,1.068,1.9027,0.0555,9.2433,19.13,2.824,303.0,0.0043,0.8284,15.5209,3086.5,10.1117,0.0,1004.5381,,0.937,16.57,21.8439,19.3609,4.6697,-0.0141,29.559,26.9209,2.898,640.0,21.5763,,8788.8501,86.4157,4.1,85.2666,146.9109,0.6282,75.03,0.0078,0.1096,4.6741,264.654,양품
20.7209,-0.0084,63.3782,-6205.0,65.0,1.419,0.1896,0.132,15.8,691.0,6.0915,15.77,1.068,1.8885,0.0217,8.6211,21.38,2.824,620.0,0.0453,0.8284,19.2791,2984.0,8.7894,0.0,1004.5381,0.65,0.9238,27.17,24.4849,16.8836,4.6598,-0.0367,33.843,23.6959,2.898,861.5385,27.0269,17.85,8589.81,86.955,3.0,85.1817,149.0282,0.1699,77.92,0.0078,0.1096,4.6101,,양품
6.2045,-0.003,136.0996,-6349.0,68.2,1.419,0.1015,0.187,15.8,566.0,5.8126,15.77,1.068,2.0055,0.237,8.5459,17.55,2.824,2467.0,0.0671,0.8284,13.7955,2902.25,10.7885,0.0,1004.5381,1.08,0.9217,21.9,13.4932,11.4436,4.7797,-0.0156,30.764,99.6044,2.898,317.2414,21.3495,12.6,8624.67,86.6954,1.6,84.9334,149.2282,0.3138,77.72,0.0078,0.1096,3.392,267.56,양품
6.9082,-0.0077,62.3377,-6237.25,70.4556,1.419,0.0537,0.111,15.8,632.0,5.71,15.77,1.068,1.8985,0.0351,8.872,19.11,2.824,355.0,0.0006,0.8284,33.0918,3056.5,10.7945,0.0,1004.5381,1.29,0.937,17.95,25.3356,32.6027,4.6697,-0.0815,28.552,158.3629,2.898,0.0,38.2357,21.98,9053.4298,87.0389,2.6,84.533,154.6945,0.3731,77.67,0.0078,0.1096,4.6557,,양품
23.2655,-0.0075,75.6219,-5523.75,66.2444,1.419,0.0956,0.059,15.8,145.0,5.4597,15.77,1.068,1.997,0.0457,8.7879,18.51,2.824,974.0,0.0106,0.8284,16.7345,2494.25,9.9931,0.0,1004.5381,0.76,0.9354,13.86,54.8175,13.0092,4.671,-0.0233,29.551,20.5885,2.898,228.5714,20.6329,17.84,8813.74,86.7106,2.3,86.106,146.5918,0.3483,76.05,0.0078,0.1096,3.4636,266.412,양품
-7.8309,-0.0097,64.2487,-5418.0,68.5444,1.419,0.0746,0.092,15.8,127.0,7.1979,15.77,1.068,1.9828,0.1198,8.5952,20.88,2.824,1106.0,-0.0011,0.8284,27.8309,2888.5,12.7335,0.0,1004.5381,,0.9257,13.97,51.2797,18.1246,4.6326,-0.0416,21.612,189.3778,2.898,0.0,35.2894,,8886.5501,86.7997,1.8,85.3625,143.4964,0.3425,14.0,0.0078,0.1096,3.3719,,양품
0.5373,-0.0094,36.0265,-5255.75,66.2667,1.419,0.0696,0.086,15.8,567.0,3.7388,15.77,1.068,2.0223,0.1903,8.536,10.55,2.824,370.0,0.0109,0.8284,19.4627,2571.25,11.1864,0.0,1004.5381,,0.9359,19.3,50.4571,11.2243,4.6694,-0.0657,31.4319,0.0,2.898,558.4906,24.3275,,8526.5301,86.7687,3.3,85.5361,144.5727,0.2684,36.03,0.0078,0.1096,3.2633,,양품
3.1136,-0.0094,50.0,-6406.25,66.4444,0.5204,0.0989,0.14,15.84,740.0,6.8944,15.85,1.177,1.8885,0.0344,8.5405,25.45,4.422,518.0,0.0053,0.689,36.8864,3072.25,7.5332,0.0,1015.3522,,0.9271,10.39,29.6847,23.1546,4.6195,-0.0525,17.865,351.6788,2.581,414.4578,47.3811,,8601.6601,86.8378,2.1,85.1712,150.1455,0.4917,76.57,0.0078,0.1096,4.6713,247.164,양품
25.1891,-0.0105,45.8781,-6314.0,64.9667,-0.5204,0.0818,0.132,15.87,589.0,4.8892,15.82,1.078,1.8807,0.0574,8.6211,13.89,4.232,436.0,0.0172,0.6897,14.8109,3005.0,9.7065,0.0,1005.7904,0.91,0.9354,24.56,18.3457,9.9073,4.6871,-0.0651,27.991,13.7758,2.571,0.0,20.8456,13.82,9080.7601,86.955,2.0,85.1817,151.3818,0.4203,77.92,0.0078,0.1096,4.6321,267.658,양품
1.23,-0.005,97.5124,-5745.0,69.9556,0.2838,0.1527,0.249,15.92,462.0,5.7926,15.85,1.456,1.969,0.2246,8.6829,20.61,4.325,779.0,0.0572,0.716,18.77,2727.75,8.9478,0.0,1004.7456,1.32,0.9368,18.93,36.9983,16.8291,4.6924,-0.009,30.022,373.1707,2.565,0.0,26.281,26.62,9357.49,86.9236,2.0,87.4809,149.0709,0.3476,16.53,0.0078,0.1096,3.5184,265.924,양품
13.5955,-0.01,57.2146,-6470.0,68.9444,0.8042,0.0822,0.111,15.88,750.0,5.889,15.82,1.38,1.8868,0.0516,9.7484,19.38,4.317,396.0,0.0122,0.6518,26.4045,3021.75,8.1609,0.0,1003.5673,1.11,0.9348,17.56,39.1162,22.3027,4.6276,-0.0124,29.415,60.3143,2.521,0.0,34.0436,11.73,8673.7102,87.0605,2.8,85.564,149.9682,0.4113,63.86,0.0078,0.1096,4.6256,261.884,양품
-2.9273,-0.0093,38.5542,-5324.0,69.4,0.8042,0.2329,0.156,15.88,570.0,4.9208,15.82,1.38,2.0208,0.0479,8.9416,15.19,4.317,1841.0,0.0632,0.6518,22.9273,2977.75,8.0911,0.0,1003.5673,,0.9257,17.12,24.4146,14.0973,4.6326,-0.0254,18.005,444.441,2.521,0.0,31.7642,,8784.21,86.9601,1.6,92.072,147.9927,0.1571,14.1,0.0078,0.1096,3.4931,269.234,양품
13.3745,-0.0086,59.4752,-5613.5,69.4556,0.8042,0.2339,0.18,15.88,175.0,6.003,15.82,1.38,1.9855,0.2332,9.1757,20.6,4.317,608.0,0.04,0.6518,26.6255,2732.75,8.6533,0.0,1003.5673,0.71,0.9227,19.39,43.0048,28.929,4.6862,-0.0102,34.854,58.6936,2.521,715.7895,35.4148,22.32,8328.0801,86.9721,2.7,83.8879,145.9273,0.4845,67.17,0.0078,0.1096,3.4344,265.12,양품
27.4627,-0.01,36.8618,-6312.25,72.8222,0.8042,0.2177,0.112,15.88,680.0,5.8049,15.82,1.38,1.8965,0.0315,9.3998,18.89,4.317,486.0,0.0504,0.6518,12.5373,3096.5,7.3643,0.0,1003.5673,0.93,0.937,18.04,31.1351,10.4509,4.6697,-0.0148,27.579,10.7782,2.521,888.8889,17.8135,21.37,8648.7,87.2029,3.9,85.482,151.5882,0.1945,65.12,0.0078,0.1096,4.6946,265.122,양품
4.9991,-0.0046,109.2896,-5516.75,68.1444,,0.0789,0.13,,450.0,5.9614,,,1.9828,,9.0622,19.02,,749.0,0.0219,,15.0009,2801.5,9.1799,0.0,1015.3522,1.05,0.929,20.2,34.3749,12.8118,4.7637,-0.0155,33.359,95.0173,,300.7092,22.588,17.9,8430.06,87.0122,3.0,84.7529,147.3927,0.44,64.74,0.0078,0.1096,3.3664,247.13,양품
1.9145,-0.0029,184.3478,-5411.25,69.7778,0.0,0.1354,0.064,15.9,787.0,6.9949,15.82,1.154,1.9995,,8.8513,23.59,4.461,487.0,-0.0316,0.6383,18.0855,2678.5,8.7155,0.0,1005.3694,,0.9364,18.28,31.8121,10.2,4.6771,0.0494,30.453,222.5071,2.738,341.9847,22.9765,,8266.7601,87.0205,2.2,86.3857,143.6609,0.2759,76.23,0.0078,0.1096,3.4064,264.272,양품
9.5927,-0.0072,52.4138,-5194.0,68.2556,-0.4258,0.1092,0.118,15.85,251.0,7.0251,15.82,1.418,2.005,0.3021,8.9416,18.51,4.394,505.0,-0.0019,0.621,10.4073,2524.0,8.6173,0.0,1003.5557,0.47,0.9242,14.63,40.8978,8.7726,4.6911,-0.087,35.692,68.4894,2.539,774.1935,15.585,15.4,8409.67,86.9601,2.5,92.072,146.8164,0.3094,14.1,0.0078,0.1096,3.4027,249.066,양품
1.8182,-0.0068,39.7059,-5742.25,66.3778,-0.5204,0.0797,0.132,15.87,429.0,5.5382,15.82,1.078,2.0143,,8.5266,19.38,4.232,583.0,0.027,0.6897,18.1818,2704.25,9.3289,0.0,1005.7904,1.67,0.9364,16.37,21.2202,10.5607,4.6771,0.0276,32.06,275.55,2.571,589.4737,23.2779,22.54,9714.22,86.924,3.2,84.8399,146.2909,0.2759,78.1,0.0078,0.1096,3.4157,269.468,양품
22.6936,-0.0083,65.1584,-6253.5,69.9333,0.5204,0.2285,0.122,15.75,638.0,5.3561,15.74,1.002,1.8887,0.0252,8.531,16.97,3.263,515.0,0.0547,0.698,17.3064,3026.5,11.3131,0.0,1002.1998,,0.9354,13.93,16.7504,10.9023,4.6871,-0.0321,33.189,16.3923,3.32,652.6316,24.0673,,8783.7901,87.0242,3.2,84.3575,152.3545,0.7443,77.59,0.0078,0.1096,4.642,267.06,양품
19.1027,-0.0083,26.546,-5387.5,66.9778,0.5204,0.2,0.089,15.75,387.0,4.2466,15.74,1.002,1.9928,0.0248,9.7484,12.16,3.263,1359.0,0.0497,0.698,20.8973,2673.75,13.605,0.0,1002.1998,,0.925,14.05,23.9925,12.8245,4.6134,-0.0421,16.904,57.3217,3.32,758.9744,26.8797,,8910.18,87.0605,2.9,85.564,145.0818,0.5586,63.86,0.0078,0.1096,3.2613,,불량
3.3055,-0.0085,50.6627,-5394.75,68.5889,-0.4258,0.1726,0.078,15.85,3645.0,6.0876,15.82,1.418,2.043,0.0337,8.9416,19.56,4.394,340.0,0.0406,0.621,16.6945,3556.0,7.2114,0.0,1003.5557,,0.9368,16.73,24.5479,11.4509,4.6924,-0.0425,29.861,160.9461,2.539,0.0,23.8805,,8477.34,86.9601,2.5,92.072,146.0227,0.2313,14.1,0.0078,0.1096,3.3694,,양품
13.6809,-0.0088,74.7875,-5033.0,66.4556,0.5204,0.0903,0.063,15.75,505.0,7.4121,15.74,1.002,1.98,0.2817,8.6211,20.88,3.263,681.0,0.0128,0.698,26.3191,2398.75,9.1894,0.0,1002.1998,0.95,0.9271,18.54,36.5909,18.0182,4.6195,-0.0427,19.071,59.499,3.32,0.0,33.0758,14.06,8929.55,86.955,2.2,85.1817,143.7136,0.5133,77.92,0.0078,0.1096,3.381,,불량
26.9136,-0.0089,70.4895,-6404.5,71.9778,0.5204,0.0672,0.129,15.75,624.0,6.5545,15.74,1.002,1.889,0.0456,9.4832,21.96,3.263,250.0,-0.0153,0.698,13.0864,3068.5,10.5565,0.0,1002.1998,0.69,0.937,15.03,36.8275,9.858,4.6697,-0.0452,37.581,15.6798,3.32,525.3731,17.965,22.04,9130.64,87.3382,3.8,84.87,153.7873,0.3655,65.34,0.0078,0.1096,4.6383,,양품
0.1427,-0.0062,82.5911,-5407.75,69.2778,0.4258,0.1164,0.152,15.67,535.0,4.5201,15.84,1.39,1.9992,0.0486,8.9546,15.16,4.429,1038.0,0.0786,0.752,19.8573,2551.25,8.9565,0.0,1006.3928,1.71,0.9337,20.0,19.3861,14.8618,4.5319,-0.0225,30.875,0.0,2.634,405.4795,28.8518,17.95,8679.49,86.9821,3.1,85.5528,146.6027,0.319,78.38,0.0078,0.1096,3.2599,,양품
14.75,-0.0081,105.4264,-6390.0,68.2333,-0.2838,0.0895,0.136,15.82,716.0,6.106,15.84,1.092,1.8872,0.0438,8.531,19.66,4.036,588.0,-0.0027,0.758,25.25,2959.5,12.9393,0.0,1003.854,,0.9354,17.75,70.2619,10.0455,4.671,-0.0712,31.0291,32.9492,2.544,0.0,32.5387,,8697.5999,87.0242,3.0,84.3575,157.0809,0.2149,77.59,0.0078,0.1096,4.6686,,불량
8.0955,-0.0106,33.8425,-6383.75,67.4667,0.5204,0.2812,0.129,15.75,632.0,5.9448,15.74,1.002,1.8925,0.0916,9.5713,19.88,3.263,327.0,0.0751,0.698,11.9045,3064.25,10.4274,0.0,1002.1998,,0.936,8.77,46.4202,4.4283,4.6798,-0.0713,30.139,66.9512,3.32,780.6061,14.1135,,8701.1101,86.8261,1.9,85.6608,147.2491,0.2317,64.39,0.0078,0.1096,4.6397,,불량
0.8873,-0.005,60.3015,-6280.75,70.0778,0.8042,0.2191,0.131,15.88,816.0,6.7706,15.82,1.38,1.8598,,8.4092,23.01,4.317,916.0,0.0437,0.6518,19.1127,3009.0,10.0368,0.0,1003.5673,0.45,0.9364,15.91,47.8395,11.9155,4.6771,0.0608,32.055,494.7746,2.521,0.0,24.7257,12.2,9223.0399,86.7481,2.9,85.2626,146.0464,0.3104,77.83,0.0078,0.1096,4.5194,,양품
1.77,-0.0092,53.406,-5624.25,69.1333,0.2838,0.1252,0.048,15.82,486.0,5.6249,15.46,1.314,2.003,0.0264,8.7219,18.06,4.465,1992.0,0.0529,0.6421,18.23,2690.25,12.7912,0.0,1003.1956,,0.9247,12.91,19.7666,11.8157,4.6104,-0.002,35.504,225.4237,2.441,0.0,25.7166,,8842.62,86.5265,3.9,85.2764,148.6609,0.3327,76.78,0.0078,0.1096,3.484,,양품
21.1082,-0.01,47.9401,-6266.25,66.4,0.0,0.2517,0.128,15.73,751.0,6.6207,15.72,1.12,1.8815,0.0562,8.6211,22.59,3.084,663.0,0.0569,0.7931,18.8918,3053.5,14.9546,0.0,1001.6543,,0.9238,18.93,21.4177,15.7827,4.6598,-0.0197,34.846,25.0614,2.734,0.0,26.1855,,7889.8701,86.955,3.2,85.1817,150.5245,0.2022,77.92,0.0078,0.1096,4.6134,266.842,양품
4.6327,-0.0122,34.4615,-5469.5,69.3222,-0.0473,0.2909,0.173,15.88,547.0,5.6047,15.82,1.239,1.9905,,8.5266,18.7,4.264,341.0,0.0461,0.6751,15.3673,2600.5,8.6992,0.0,1014.9178,0.94,0.9367,22.2,25.3517,10.8654,4.7069,0.0296,30.529,148.2928,2.56,0.0,22.1063,9.95,8862.0301,86.924,2.9,84.8399,148.0627,0.2055,78.1,0.0078,0.1096,3.4393,249.402,양품
10.7709,-0.0101,43.4568,-6308.75,65.5889,-0.4258,0.1872,0.136,15.85,461.0,5.4104,15.82,1.418,1.881,0.1817,8.5405,18.36,4.394,455.0,0.0314,0.621,29.2291,3053.0,7.7694,0.0,1003.5557,1.6,0.937,10.52,29.2214,24.1964,4.6697,-0.0358,28.413,58.5837,2.539,0.0,35.7866,17.93,9150.46,86.8378,2.7,85.1712,158.5345,0.2948,76.57,0.0078,0.1096,4.6312,269.264,양품
4.4155,-0.0081,30.6748,-6395.5,70.5667,0.0473,0.1238,0.108,15.77,561.0,6.9078,15.73,1.399,1.895,,8.828,25.64,2.88,542.0,0.0253,0.8048,15.5845,3051.0,12.5855,0.0,1001.4222,1.96,0.936,17.44,53.2787,9.0382,4.6798,0.037,32.534,108.4826,2.749,0.0,19.0935,11.65,8745.1299,87.0137,3.2,86.4863,148.6855,0.1243,77.17,0.0078,0.1096,4.6708,248.082,양품
4.4091,-0.007,71.1744,-6326.25,67.2667,0.0,0.0448,0.102,15.73,562.0,5.9585,15.72,1.12,1.8962,0.0557,8.531,21.24,3.084,510.0,-0.0118,0.7931,15.5909,3078.75,7.3265,0.0,1001.6543,2.61,0.9363,17.17,33.1717,12.2082,4.6826,-0.0284,29.963,124.5155,2.734,0.0,22.6131,12.37,9378.0802,87.0242,3.3,84.3575,148.9318,0.1636,77.59,0.0078,0.1096,4.646,248.98,양품
-10.37,-0.0117,44.3497,-6439.0,68.4333,-0.0473,0.1859,0.072,15.88,416.0,5.9763,15.82,1.239,1.8685,,8.5177,18.21,4.264,241.0,0.0276,0.6751,30.37,2988.25,9.0389,0.0,1014.9178,,0.9227,15.45,42.3395,28.0482,4.6862,0.0693,35.523,82.5458,2.56,933.3333,39.7257,,9092.3101,87.0024,1.4,84.7297,155.1273,0.4971,77.14,0.0078,0.1096,4.5962,,양품
5.8091,-0.0086,48.6957,,,-0.0946,0.1221,,15.85,,5.3249,15.82,1.569,,0.0305,8.7879,16.76,4.21,,0.0063,0.6955,34.1909,,9.2258,0.0,1014.2967,1.58,0.937,20.29,37.1025,35.8527,4.6697,-0.0447,31.645,176.964,2.584,780.9524,38.9877,22.73,8821.9001,86.7106,,86.106,149.1209,0.3121,76.05,0.0078,0.1096,,269.268,불량
2.0664,-0.0092,41.3605,-6316.5,69.9778,0.2838,0.1065,0.149,15.82,650.0,5.7407,15.46,1.314,1.907,0.0185,8.8505,20.8,4.465,363.0,0.0267,0.6421,17.9336,3054.25,11.7913,0.0,1003.1956,2.41,0.9345,12.93,40.4009,8.608,4.5557,-0.0284,30.839,289.8812,2.441,281.0811,23.7087,17.63,8369.51,86.8482,3.3,86.8866,147.6082,0.2724,78.3,0.0078,0.1096,4.6656,,양품
-0.2173,-0.014,47.8571,-6214.5,68.6556,0.2838,0.106,0.166,15.82,703.0,5.4296,15.46,1.314,1.8953,0.023,8.8505,20.58,4.465,660.0,0.0266,0.6421,20.2173,3036.25,10.642,0.0,1003.1956,0.91,0.9345,19.73,57.534,15.769,4.5557,-0.0394,30.4771,0.0,2.441,222.4599,23.8531,14.62,8407.8101,86.8482,2.8,86.8866,143.3836,0.3867,78.3,0.0078,0.1096,4.6817,,양품
4.97,-0.0125,73.0924,-6330.0,69.4778,0.2838,0.1311,0.109,15.82,674.0,5.067,15.46,1.314,1.8962,0.0222,8.8505,17.46,4.465,767.0,0.0254,0.6421,15.03,3114.5,13.2315,0.0,1003.1956,1.18,0.9353,15.6,37.8084,13.2773,4.5645,-0.0314,29.75,57.3441,2.441,382.2222,22.1065,12.65,8840.98,86.8482,3.2,86.8866,147.1164,0.36,78.3,0.0078,0.1096,4.652,,양품
1.4036,-0.0058,84.1202,-6224.75,68.8444,0.8042,0.0771,0.128,15.88,662.0,6.5322,15.82,1.38,1.898,,8.4092,20.59,4.317,454.0,-0.0012,0.6518,18.5964,3024.0,10.6396,0.0,1003.5673,0.58,0.9378,10.53,24.2996,7.8294,4.6615,0.0723,30.774,444.5596,2.521,612.766,19.3468,15.66,8907.64,86.7481,2.7,85.2626,148.9345,0.1435,77.83,0.0078,0.1096,4.636,268.266,양품
2.9536,-0.0108,18.6047,-5504.25,69.7111,0.0473,0.0857,0.068,15.77,162.0,5.4449,15.73,1.399,2.011,0.0197,8.3754,18.0,2.88,940.0,0.0139,0.8048,17.0464,2780.25,9.4547,0.0,1001.4222,,0.937,20.16,22.8649,16.0027,4.6697,-0.0316,29.169,162.5115,2.749,0.0,23.7913,,9136.8899,87.0578,2.2,84.9798,147.6964,0.5922,79.06,0.0078,0.1096,3.4571,248.004,양품
-0.5691,-0.0072,76.6551,-6420.25,68.7667,0.6623,0.0521,0.135,15.73,687.0,8.067,15.7,0.9271,1.8688,,9.2291,22.38,3.063,397.0,-0.0095,0.7914,20.5691,3018.25,6.467,0.0,1000.5764,1.06,0.9359,20.84,46.5347,13.7409,4.6694,0.0359,32.194,0.0,2.76,0.0,25.2645,24.71,9064.1301,86.9273,2.1,84.742,144.5645,0.3613,65.15,0.0078,0.1096,4.599,248.468,양품
5.8727,-0.0067,97.0149,-5300.5,67.7444,0.2838,0.0791,0.336,15.92,677.0,6.397,15.85,1.456,1.998,,8.5266,20.68,4.325,491.0,0.0106,0.716,14.1273,2760.5,9.8112,0.0,1004.7456,2.49,0.9217,19.56,19.7308,17.049,4.7797,0.0509,32.249,91.4396,2.565,0.0,19.1839,13.15,9171.5001,86.924,1.8,84.8399,144.5355,0.1435,78.1,0.0078,0.1096,3.4203,264.272,양품
14.0673,-0.0108,23.2288,-6124.75,66.3556,0.0,0.1735,0.091,15.73,280.0,8.3024,15.72,1.12,2.009,0.1727,8.5952,20.61,3.084,2198.0,0.0192,0.7931,25.9327,2648.0,12.1401,0.0,1001.6543,,0.9271,19.9,38.6081,13.3482,4.6195,-0.0365,19.012,66.4663,2.734,512.5,33.4275,,8740.31,86.7997,1.4,85.3625,149.4445,0.4549,14.0,0.0078,0.1096,3.5538,,불량
-5.6018,-0.0026,247.343,-5558.25,66.9222,0.0,0.1124,0.118,15.73,286.0,5.5076,15.72,1.12,1.9945,0.1873,8.3324,17.2,3.084,480.0,0.071,0.7931,25.6018,2773.0,12.5894,0.0,1001.6543,0.57,0.9334,27.45,27.4012,13.4373,4.523,-0.0359,33.919,202.4343,2.734,471.5789,33.4591,15.75,8366.38,86.8346,2.6,85.1669,138.4773,0.3286,77.63,0.0078,0.1096,3.4998,268.462,양품
2.0009,-0.0099,59.596,-5750.5,69.7778,-0.2365,0.1533,0.113,15.87,606.0,6.296,15.8,1.319,1.8967,0.0219,8.7219,21.76,4.23,3388.0,0.0528,0.7527,17.9991,3069.75,9.282,0.0,1003.8773,,0.9247,18.19,21.4993,11.3137,4.6104,-0.0347,36.413,232.8941,2.702,640.0,25.3399,,8900.3898,86.5265,4.1,85.2764,150.59,0.4457,76.78,0.0078,0.1096,4.6312,,양품
20.81,-0.0107,37.4269,-5307.75,66.0222,0.0,0.085,0.135,15.73,323.0,5.1212,15.72,1.12,1.9943,0.4914,8.6324,15.11,3.084,668.0,0.0139,0.7931,19.19,2675.0,8.1065,0.0,1001.6543,1.09,0.9354,22.29,19.4852,12.1,4.6871,-0.0225,30.918,9.803,2.734,0.0,25.7113,21.35,9175.52,87.0354,2.1,85.0856,157.4364,1.4024,76.99,0.0078,0.1096,3.4666,266.374,양품
-5.9045,-0.0119,11.8019,-6367.0,67.3667,0.2838,0.0859,0.099,15.92,608.0,5.0939,15.85,1.456,1.9023,,9.2291,14.29,4.325,376.0,-0.0012,0.716,25.9045,3062.25,15.0515,0.0,1004.7456,1.51,0.9267,17.68,16.3975,21.1427,4.5103,0.0343,21.53,202.0477,2.565,400.0,34.578,14.92,8981.5801,86.9273,3.3,84.742,144.8909,0.1762,65.15,0.0078,0.1096,4.6729,264.272,양품
-0.3264,-0.0126,19.802,-5433.0,63.8111,0.0,0.189,0.081,15.73,3803.0,6.6857,15.72,1.12,1.9888,,9.5689,22.51,3.084,691.0,0.0462,0.7931,20.3264,3589.0,12.8292,0.0,1001.6543,1.2,0.9367,20.79,33.2336,16.2636,4.7069,0.0433,34.966,0.0,2.734,0.0,27.218,17.56,8993.87,86.3899,3.1,84.7228,146.2582,0.2813,75.55,0.0078,0.1096,3.5034,266.894,양품
4.3055,-0.0036,112.7148,-5635.0,65.5556,0.2838,0.1341,0.058,15.92,434.0,5.8235,15.85,1.456,2.0017,,8.8513,20.02,4.325,698.0,0.0126,0.716,15.6945,2743.5,9.813,0.0,1004.7456,1.37,0.9363,20.32,24.2918,8.7121,4.6826,0.0179,32.1411,144.7001,2.565,735.1351,22.1809,23.62,9117.6301,87.0205,2.3,86.3857,148.4036,0.1652,76.23,0.0078,0.1096,3.3792,264.272,양품
5.0809,-0.0084,53.4918,-5222.5,66.8889,0.2365,0.1677,0.143,15.85,699.0,5.876,15.79,1.064,2.0017,0.0666,9.7484,17.47,4.184,672.0,0.0326,0.6755,34.9191,2444.25,8.0652,0.0,1000.7826,1.02,0.9341,21.17,21.525,21.1545,4.5794,0.0109,30.279,77.742,2.512,858.5366,45.2166,12.67,8980.1699,87.0605,2.5,85.564,151.5964,0.4945,63.86,0.0078,0.1096,3.3627,248.134,불량
6.3364,-0.0119,22.6415,-6310.5,70.1778,0.8042,0.2459,0.091,15.88,485.0,5.2134,15.82,1.38,1.9007,,8.8513,15.02,4.317,195.0,0.0327,0.6518,13.6636,3093.0,8.3645,0.0,1003.5673,1.53,0.9352,19.42,25.1131,11.6809,4.5558,0.0198,32.053,86.0115,2.521,0.0,20.4431,14.12,8815.3001,87.0205,2.8,86.3857,147.4445,0.1854,76.23,0.0078,0.1096,4.6739,268.01,양품
3.1418,-0.0103,70.8738,-6378.5,67.5222,0.4258,0.2191,0.084,15.67,475.0,7.3221,15.84,1.39,1.9005,,9.2291,23.67,4.429,303.0,0.0464,0.752,16.8582,3137.0,7.0828,0.0,1006.3928,0.84,0.9378,14.88,20.5892,7.673,4.6615,0.0149,30.309,136.2269,2.634,533.3333,21.5151,12.57,8914.2701,86.9273,2.6,84.742,146.2745,0.1435,65.15,0.0078,0.1096,4.6424,264.272,양품
22.1027,-0.0095,60.0791,-6401.25,71.0,0.2365,0.1576,0.133,15.85,621.0,5.8781,15.79,1.064,1.889,0.0385,9.4832,20.2,4.184,582.0,0.0029,0.6755,17.8973,3096.75,7.5919,0.0,1000.7826,,0.9309,19.29,59.3343,17.02,4.6215,-0.0051,30.311,24.7028,2.512,408.3333,25.0401,,8545.05,87.3382,3.0,84.87,146.5773,0.3229,65.34,0.0078,0.1096,4.6093,264.48,양품
-0.8891,-0.0129,44.9612,-5307.5,67.9111,-0.2365,0.1268,0.135,15.87,681.0,6.7978,15.8,1.319,2.04,,9.0859,20.75,4.23,646.0,0.0255,0.7527,20.8891,2706.75,8.4881,0.0,1003.8773,1.74,0.9264,19.43,40.9767,9.5504,4.5144,0.0183,20.7209,0.0,2.702,625.641,26.9872,11.07,9025.9701,86.9608,3.2,84.7872,149.7373,0.2494,64.74,0.0078,0.1096,3.3469,246.874,양품
-6.8555,-0.0121,22.268,-5436.0,60.1111,0.6623,0.0468,0.095,15.73,196.0,6.0995,15.7,0.9271,2.0187,,9.2328,21.77,3.063,935.0,0.0214,0.7914,26.8555,2603.75,7.491,0.0157,1000.5764,1.4,0.9242,19.76,37.6779,26.1591,4.6911,0.0287,37.309,74.9768,2.76,384.8101,33.4081,20.75,9169.05,86.5146,2.5,86.0209,146.8036,0.2709,75.31,0.0078,0.1096,3.495,266.394,양품
2.1473,-0.0123,49.6945,-5487.75,59.8889,0.6623,0.101,0.152,15.73,377.0,8.0235,15.7,0.9271,2.015,,9.2328,23.13,3.063,360.0,0.0146,0.7914,17.8527,2665.25,6.4888,0.0,1000.5764,0.94,0.9242,18.86,33.9244,14.411,4.6911,0.0209,33.772,202.1169,2.76,262.2951,23.7727,11.86,8938.57,86.5146,2.4,86.0209,142.0173,0.1652,75.31,0.0078,0.1096,3.4721,264.272,양품
-8.4836,-0.005,57.4257,-6374.75,67.7,0.2838,0.0596,0.093,15.92,535.0,6.6714,15.85,1.456,1.8753,,8.5177,21.92,4.325,473.0,-0.0307,0.716,28.4836,3092.0,10.1535,0.0,1004.7456,,0.9227,22.49,24.9655,25.9427,4.6862,0.0383,35.894,55.2829,2.565,0.0,38.0547,,9250.7101,87.0024,2.1,84.7297,150.7473,0.57,77.14,0.0078,0.1096,4.6027,264.802,양품
3.9382,-0.0063,94.6746,-6363.0,67.2,0.0,0.1185,0.08,15.73,633.0,4.6687,15.72,1.12,1.8873,,8.4092,13.37,3.084,406.0,0.0221,0.7931,16.0618,2957.0,7.1759,0.0,1001.6543,0.84,0.9378,11.12,39.3949,7.9793,4.6615,0.0044,31.687,207.7101,2.734,0.0,20.8163,13.65,9138.9701,86.7481,2.7,85.2626,145.6545,0.3153,77.83,0.0078,0.1096,4.6148,264.272,양품
-0.2618,-0.0079,88.8889,-5227.0,68.1667,0.8042,0.0889,0.089,15.88,527.0,5.9945,15.82,1.38,1.977,,9.0622,19.89,4.317,1544.0,0.0189,0.6518,20.2618,2695.25,10.3197,0.0,1003.5673,0.96,0.9319,12.08,48.4446,5.9227,4.5183,0.0109,33.35,0.0,2.521,414.8148,25.2206,17.69,9069.0399,87.0122,2.5,84.7529,144.4509,0.2494,64.74,0.0078,0.1096,3.3187,264.272,양품
-2.7936,-0.0104,20.1198,-6457.75,68.5778,0.0,0.2236,0.099,15.73,542.0,7.9424,15.72,1.12,1.9047,,9.2291,24.96,3.084,179.0,0.0164,0.7931,22.7936,3086.5,10.3624,0.0,1001.6543,1.41,0.9359,17.5,19.8184,10.84,4.6694,0.0537,29.121,250.2115,2.734,482.1918,27.7028,17.51,9402.5899,86.9273,2.0,84.742,146.5209,0.2641,65.15,0.0078,0.1096,4.6803,264.272,양품
9.8518,-0.0038,114.2857,-5775.0,70.0556,0.0473,0.1051,0.135,15.77,1423.0,5.8239,15.73,1.399,1.9938,0.4599,8.6829,20.21,2.88,1048.0,0.0324,0.8048,30.1482,3019.5,9.8316,0.0,1001.4222,1.45,0.9354,18.57,41.7748,20.3227,4.6726,-0.0476,32.134,63.4401,2.749,0.0,36.0791,22.13,8363.73,86.9236,2.9,87.4809,153.5209,0.2887,16.53,0.0078,0.1096,3.4767,,양품
3.8936,-0.0126,72.8713,-6295.75,67.4,0.2365,0.1978,0.101,15.85,669.0,5.0725,15.79,1.064,1.898,0.0555,8.8505,15.77,4.184,546.0,0.0013,0.6755,16.1064,3050.0,7.2788,0.0,1000.7826,1.59,0.9345,19.23,31.3297,13.8836,4.5557,-0.0053,30.476,181.8352,2.512,0.0,23.3059,20.13,8595.93,86.8482,2.9,86.8866,148.3118,0.1854,78.3,0.0078,0.1096,4.6352,265.816,양품
-5.9236,-0.01,58.0726,-5319.25,67.3222,0.7569,0.1635,0.186,15.77,752.0,4.7226,15.78,1.182,2.0097,0.1096,8.5952,15.27,4.269,675.0,0.0227,0.6848,25.9236,2426.0,9.0638,0.0,1003.5572,,0.9257,21.17,35.3569,19.6,4.6326,0.006,15.753,186.5408,2.49,463.7681,33.1206,,9274.0,86.7997,2.8,85.3625,141.6909,0.2524,14.0,0.0078,0.1096,3.5068,250.154,양품
4.0991,-0.0132,27.9509,-5415.0,66.0111,-0.2838,0.1136,0.116,15.84,537.0,6.4426,15.81,1.191,2.0065,0.0182,9.396,18.7,4.329,745.0,0.0061,0.6469,15.9009,2631.5,6.7187,0.0,1003.9712,0.66,0.9245,16.29,31.3137,9.9493,4.5251,-0.0815,36.687,85.8727,2.507,0.0,18.3248,13.37,8959.12,87.241,4.7,84.5743,145.3909,0.2227,64.4,0.0078,0.1096,3.4226,264.272,양품
6.3436,-0.013,54.6154,-5467.5,68.8778,0.4258,0.2791,0.056,15.67,217.0,4.8829,15.84,1.39,1.9903,,8.5266,15.03,4.429,935.0,0.0513,0.752,13.6564,2621.25,8.1941,0.0,1006.3928,1.05,0.9217,19.27,28.2655,14.9128,4.7797,0.0195,32.745,146.9189,2.634,0.0,19.3697,23.5,8659.72,86.924,2.2,84.8399,146.5218,0.1762,78.1,0.0078,0.1096,3.4131,248.644,양품
0.31,-0.009,62.0499,-6261.75,69.1,0.7569,0.3685,0.191,15.77,921.0,13.0958,15.78,1.182,1.8723,0.151,9.4043,48.67,4.269,498.0,0.0482,0.6848,19.69,2988.5,8.1035,0.0,1003.5572,0.8,0.9363,19.65,118.7998,14.9264,4.6826,-0.0182,36.263,0.0,2.49,737.5,24.8182,21.62,8439.69,86.8908,2.5,83.9167,144.6645,0.2641,65.84,0.0078,0.1096,4.5956,270.146,양품
28.5145,-0.0086,51.1628,-6393.5,65.9111,0.2365,0.1774,0.056,15.85,507.0,5.7813,15.79,1.064,1.8758,0.114,9.3998,18.67,4.184,294.0,0.0121,0.6755,11.4855,3131.25,9.2069,0.0,1000.7826,0.8,0.937,16.3,18.8543,10.8703,4.6697,-0.0184,28.606,15.1151,2.512,747.8261,15.3918,19.09,8542.08,87.2029,10.3,85.482,150.9482,0.3883,65.12,0.0078,0.1096,4.5944,265.536,불량
4.0209,-0.0111,27.991,-5493.0,69.3556,-0.2365,0.1514,0.167,15.87,478.0,6.7984,15.8,1.319,1.9962,,8.5266,22.48,4.23,779.0,0.0197,0.7527,15.9791,2597.0,7.5742,0.0,1003.8773,,0.9367,15.0,35.5701,8.0228,4.7069,0.0683,31.549,150.2148,2.702,755.5556,20.4872,,8596.5699,86.924,2.2,84.8399,148.0227,0.2055,78.1,0.0078,0.1096,3.4007,264.272,양품
3.2182,-0.0063,87.4751,-6270.5,67.7667,0.4258,0.1729,0.084,15.67,598.0,5.3185,15.84,1.39,1.8855,,8.4092,15.14,4.429,475.0,0.0379,0.752,16.7818,2939.5,7.7866,0.0,1006.3928,1.18,0.929,15.26,33.5384,11.5027,4.7637,0.033,36.244,199.8023,2.634,0.0,22.5384,20.6,9133.63,86.7481,2.8,85.2626,148.4273,0.44,77.83,0.0078,0.1096,4.6104,264.666,양품
14.3891,-0.0105,45.6599,-6362.25,65.4889,0.0473,0.1153,0.109,15.77,733.0,5.1885,15.73,1.399,1.8798,0.0528,9.5642,16.77,2.88,683.0,0.0012,0.8048,25.6109,3076.0,7.8339,0.0,1001.4222,0.81,0.9293,17.29,26.8758,10.5628,4.482,-0.0154,34.373,54.8332,2.749,0.0,31.7754,13.98,8607.08,86.4047,3.1,86.3239,150.35,0.2244,74.48,0.0078,0.1096,4.681,266.292,양품
6.2455,-0.0085,57.732,-6408.75,67.4111,0.2365,0.1142,0.131,15.85,915.0,4.9057,15.79,1.064,1.8923,0.0583,8.8384,14.46,4.184,157.0,0.0152,0.6755,13.7545,3089.5,7.8649,0.0,1000.7826,,0.9353,19.44,18.9777,12.8827,4.5645,-0.021,32.353,40.8297,2.512,353.9823,20.7886,,8664.1799,87.0242,3.2,86.931,144.3536,0.2021,78.29,0.0078,0.1096,4.65,,양품
3.7982,-0.005,83.3747,-5120.0,71.2,0.2838,0.1251,0.152,15.92,317.0,6.2071,15.85,1.456,1.9497,,9.1855,20.55,4.325,225.0,0.0097,0.716,16.2018,2651.5,10.0795,0.0,1004.7456,,0.9363,17.84,33.8641,17.65,4.6826,0.0113,30.12,129.7989,2.565,0.0,22.3823,,9248.9599,86.3482,4.8,85.4465,144.2273,0.2813,84.98,0.0078,0.1096,3.3954,264.272,불량
-1.9555,-0.0059,114.5263,-6453.75,70.1889,-0.2365,0.0592,0.137,15.87,769.0,6.114,15.8,1.319,1.8745,,9.9964,17.59,4.23,436.0,-0.0002,0.7527,21.9555,3002.25,7.3634,0.0,1003.8773,,0.9266,17.45,20.3639,15.22,4.5129,0.0307,19.277,520.0832,2.702,324.3243,30.0288,,8842.5401,87.1886,2.6,84.5551,147.0345,0.1762,63.98,0.0078,0.1096,4.6302,264.272,양품
-10.6036,-0.0089,56.4972,-6402.75,65.5,0.2838,0.0736,0.108,15.82,656.0,6.4455,15.46,1.314,1.8855,0.051,8.5405,16.82,4.465,365.0,-0.0058,0.6421,30.6036,3036.75,14.2942,0.0414,1003.1956,,0.9366,15.24,25.934,19.0246,4.6801,-0.0309,30.239,82.6132,2.441,0.0,37.0555,,8954.8101,86.8378,2.7,85.1712,149.9591,0.2397,76.57,0.0078,0.1096,4.6529,,양품
3.88,-0.01,58.7065,-6279.5,67.0667,0.7569,0.1359,0.108,15.77,900.0,5.9837,15.78,1.182,1.8885,0.0477,8.8505,17.51,4.269,638.0,0.0058,0.6848,16.12,3100.75,9.5031,0.0,1003.5572,1.53,0.9352,14.07,32.7596,11.889,4.5558,-0.0892,30.562,143.0412,2.49,928.0,20.9881,17.3,8908.7701,86.8482,2.7,86.8866,147.5936,0.4438,78.3,0.0078,0.1096,4.6883,,양품
5.7945,-0.0055,104.3478,-5435.5,68.2889,0.0,0.0563,0.162,15.73,285.0,6.0564,15.72,1.12,2.001,,9.0695,15.85,3.084,683.0,-0.0119,0.7931,14.2055,2635.75,11.6817,0.0,1001.6543,0.63,0.929,29.19,22.2557,14.3846,4.7637,0.0244,34.1219,89.9121,2.734,537.3134,21.6882,13.17,8996.2401,86.6103,3.0,84.4995,146.3236,0.44,64.74,0.0078,0.1096,3.2592,264.272,양품
0.8018,-0.0122,41.8462,-6253.5,70.4,0.0,0.255,0.095,15.73,517.0,6.8803,15.72,1.12,1.8932,,8.4092,24.98,3.084,463.0,0.0444,0.7931,19.1982,3059.25,7.1228,0.0,1001.6543,1.12,0.9334,21.78,53.16,16.9446,4.523,0.0455,28.714,0.0,2.734,894.1176,26.1586,17.14,8670.5601,86.7481,2.8,85.2626,142.9564,0.3429,77.83,0.0078,0.1096,4.6594,,양품
10.8955,-0.0094,62.6826,-5593.75,67.2111,0.7569,0.1247,0.133,15.77,500.0,5.2501,15.78,1.182,2.0122,0.0465,8.872,17.83,4.269,267.0,0.0241,0.6848,29.1045,2839.5,7.6372,0.0,1003.5572,1.08,0.9337,19.16,52.3768,22.2982,4.615,0.0068,31.904,77.4635,2.49,994.5946,37.5213,17.74,8183.7599,87.0389,1.8,84.533,147.0709,0.3161,77.67,0.0078,0.1096,3.3943,,양품
15.2791,-0.0096,64.9215,-5384.75,67.5889,0.7569,0.1302,0.212,15.77,960.0,5.3828,15.78,1.182,1.9805,0.25,9.1757,20.38,4.269,625.0,0.0154,0.6848,24.7209,2981.75,7.9566,0.0,1003.5572,1.08,0.9266,14.73,27.6954,14.0218,4.6391,-0.0118,17.433,73.041,2.49,377.1429,31.1665,24.8,8552.8299,86.9721,2.0,83.8879,153.2345,0.3786,67.17,0.0078,0.1096,3.3613,269.032,양품
18.7173,-0.0087,64.0,-6915.0,65.5444,-0.2838,0.0519,0.137,15.84,791.0,5.5977,15.81,1.191,1.8777,0.1308,8.5788,16.87,4.329,1827.0,0.0144,0.6469,21.2827,3069.25,7.8472,0.0,1003.9712,1.85,0.925,10.85,21.2293,5.5664,4.6134,-0.0324,18.315,60.6392,2.507,943.5897,26.3457,20.98,8915.65,86.8039,1.8,85.4451,149.66,0.396,76.55,0.0078,0.1096,4.5904,266.62,양품
3.3955,-0.0116,57.8209,-5468.0,67.6333,-0.0473,0.0589,0.143,15.75,291.0,6.6343,15.77,1.239,2.0118,0.02,8.6915,23.64,4.348,1463.0,-0.0026,0.6586,16.6045,2774.25,8.0898,0.0,998.4948,,0.9352,15.96,68.8599,10.3619,4.5558,-0.0746,32.532,238.5542,2.486,612.766,22.3699,,9065.4199,86.8147,2.1,85.5573,148.5364,0.1303,79.48,0.0078,0.1096,3.3843,248.502,양품
0.1227,-0.0093,51.4745,-6391.5,67.6444,0.2365,0.1061,0.089,15.85,568.0,5.6683,15.79,1.064,1.8932,0.0394,9.5713,20.82,4.184,209.0,0.0317,0.6755,19.8773,3028.5,7.5546,0.0,1000.7826,,0.936,15.57,48.6567,9.2136,4.6798,-0.0086,30.494,0.0,2.512,523.0769,25.02,,9826.84,86.8261,2.3,85.6608,148.1809,1.3634,64.39,0.0078,0.1096,4.567,,양품
3.5336,-0.0099,68.8608,-5047.75,68.0444,0.7569,0.1729,0.085,15.77,172.0,5.2265,15.78,1.182,1.9925,0.2228,8.9416,17.35,4.269,1368.0,0.0273,0.6848,16.4664,2575.5,6.611,0.0,1003.5572,,0.9242,14.79,41.6249,12.6317,4.6911,0.0216,35.95,188.1914,2.49,0.0,22.519,,8922.61,86.9601,1.9,92.072,148.12,0.1808,14.1,0.0078,0.1096,3.339,,양품
-5.3355,-0.0093,74.3935,-5448.0,70.2,-0.0473,0.1459,0.12,15.75,3936.0,4.4363,15.77,1.239,1.9965,0.0596,8.536,13.79,4.348,318.0,0.0233,0.6586,25.3355,3562.5,9.8032,0.0,998.4948,1.59,0.9228,21.57,42.7752,13.3228,4.5924,-0.099,18.343,199.4207,2.486,721.9512,32.4414,21.41,8007.85,86.7687,2.6,85.5361,145.2645,0.4004,36.03,0.0078,0.1096,3.3728,267.316,양품
1.4355,-0.0095,40.8912,-5046.25,67.1111,0.7569,0.15,0.111,15.77,360.0,4.4244,15.78,1.182,1.9867,0.1206,8.9416,14.02,4.269,1352.0,0.0167,0.6848,18.5645,2600.75,8.0353,0.0,1003.5572,,0.9367,14.88,55.5463,13.0172,4.7069,0.0053,30.54,429.1324,2.49,960.0,23.4114,,8592.2599,86.9601,1.5,92.072,147.5327,0.2621,14.1,0.0078,0.1096,3.4362,275.79,양품
7.3918,-0.0074,53.9629,-4778.5,69.1111,-0.2838,0.1089,0.152,15.84,473.0,6.5451,15.81,1.191,1.9885,0.0175,9.4043,18.44,4.329,3492.0,0.0074,0.6469,32.6082,2887.5,7.8552,0.0,1003.9712,1.47,0.9271,9.11,39.5229,27.9109,4.6195,-0.0284,16.741,101.8694,2.507,0.0,43.6071,16.11,8551.79,86.8908,2.8,83.9167,149.4945,0.4608,65.84,0.0078,0.1096,3.3603,,양품
4.8018,-0.0092,29.3878,-6408.25,67.8778,-0.2838,0.1101,0.097,15.84,515.0,5.5481,15.81,1.191,1.8908,0.0189,8.5952,15.31,4.329,1018.0,0.0132,0.6469,15.1982,3039.0,7.5447,0.0,1003.9712,,0.9242,15.9,23.5276,10.6737,4.6911,-0.0039,35.472,137.8644,2.507,0.0,20.4284,,9240.9899,86.7997,2.6,85.3625,146.8118,0.2294,14.0,0.0078,0.1096,4.6369,,양품
-7.4155,-0.0111,39.5506,-5631.75,69.1222,0.4258,0.0606,0.113,15.67,1099.0,4.5221,15.84,1.39,2.0112,0.047,9.4043,14.0,4.429,1735.0,0.0183,0.752,27.4155,2705.25,10.1574,0.0,1006.3928,1.82,0.9257,20.57,42.8484,15.86,4.6326,-0.0187,22.617,78.3499,2.634,386.5169,35.2757,22.17,8343.72,86.8908,2.1,83.9167,142.7527,0.2281,65.84,0.0078,0.1096,3.3928,248.392,양품
0.0945,-0.0063,48.0,-6894.25,69.3111,-0.2838,0.098,0.136,15.76,618.0,8.6585,15.73,1.347,1.8998,0.0274,8.5232,25.15,4.409,2016.0,0.0058,0.6834,19.9055,3062.75,7.9191,0.0,1000.5914,0.87,0.9338,13.71,19.4483,10.328,4.5389,-0.062,29.251,0.0,2.481,533.3333,24.3127,17.13,8442.1401,86.6814,2.7,85.5983,144.69,0.3706,78.95,0.0078,0.1096,4.6913,251.496,양품
8.9073,-0.0078,35.7827,-6203.25,66.6556,-0.2838,0.0878,0.07,15.76,383.0,5.6626,15.73,1.347,2.0083,0.1761,8.6527,16.35,4.409,1919.0,0.0203,0.6834,31.0927,2841.75,9.6483,0.0,1000.5914,0.96,0.9366,23.2,35.901,19.1182,4.6801,-0.0672,35.112,96.9994,2.481,0.0,37.0683,12.83,8329.73,86.9642,2.1,86.4465,149.74,0.4854,77.24,0.0078,0.1096,3.3747,,양품
5.0473,-0.0096,48.1046,-4929.5,70.6444,0.4258,0.177,0.066,15.67,214.0,5.2693,15.84,1.39,1.9483,,9.1855,13.65,4.429,237.0,0.0183,0.752,14.9527,2478.5,7.2777,0.0,1006.3928,1.19,0.9242,20.83,31.9891,12.1605,4.6911,0.0306,36.028,115.5079,2.634,0.0,20.2979,16.49,8667.56,86.3482,3.9,85.4465,146.0409,0.1936,84.98,0.0078,0.1096,3.4529,264.272,불량
26.1536,-0.0075,45.2579,-6250.25,64.7222,-0.2838,0.1234,0.107,15.84,661.0,5.4333,15.81,1.191,1.9108,0.0202,9.2655,16.15,4.329,244.0,0.0107,0.6469,13.8464,3136.75,9.7532,0.0,1003.9712,1.42,0.937,15.61,25.0982,15.4336,4.6697,-0.0115,29.004,19.2325,2.507,400.0,19.162,21.71,8566.7,86.4804,3.7,85.5455,150.2018,1.2515,11.52,0.0078,0.1096,4.7019,266.284,양품
-2.9973,-0.007,51.3369,-6382.0,69.6889,-0.2365,0.09,0.13,15.87,698.0,6.4365,15.8,1.319,1.8867,,8.828,19.6,4.23,158.0,0.0245,0.7527,22.9973,3088.75,7.205,0.0,1003.8773,1.49,0.9334,24.29,31.8737,16.74,4.523,0.026,32.123,252.2293,2.702,0.0,29.8097,23.46,9285.6,87.0137,2.9,86.4863,142.5455,0.407,77.17,0.0078,0.1096,4.6453,268.87,양품
-5.6473,-0.0119,26.8344,-5226.5,68.3,0.2365,0.1026,0.211,15.85,3727.0,7.0767,15.79,1.064,2.0223,0.0455,8.536,20.47,4.184,795.0,0.003,0.6755,25.6473,3436.75,8.2275,0.0,1000.7826,2.21,0.9228,17.02,45.946,18.7736,4.5924,-0.0023,20.733,233.9182,2.512,823.5294,32.7577,13.13,9839.3898,86.7687,2.0,85.5361,140.8009,0.3695,36.03,0.0078,0.1096,3.2576,249.548,양품
-1.2182,-0.0064,54.3689,-6411.75,69.0111,-0.2365,0.116,0.082,15.87,542.0,6.9059,15.8,1.319,1.8767,,9.9964,24.47,4.23,358.0,0.0177,0.7527,21.2182,3073.75,6.5375,0.0,1003.8773,2.03,0.9345,19.83,56.0161,11.6881,4.5557,0.056,31.342,440.0,2.702,903.2258,26.3771,16.1,9258.0401,87.1886,2.5,84.5551,148.3891,0.1854,63.98,0.0078,0.1096,4.6324,267.428,양품
1.2264,-0.0124,55.0607,-5453.5,68.1889,-0.2838,0.0943,0.099,15.76,513.0,5.0676,15.73,1.347,2.0213,0.0134,9.7324,18.31,4.409,806.0,0.0272,0.6834,18.7736,2674.75,11.9853,0.0,1000.5914,,0.9352,15.71,73.7347,13.0818,4.5558,-0.0602,31.697,552.0385,2.481,317.7305,23.7806,,8469.9999,87.1381,2.2,85.3825,148.1255,0.1803,16.64,0.0078,0.1096,3.3833,,양품
2.8355,-0.0107,52.3977,-6487.25,68.5556,-0.2838,0.168,0.1,15.84,499.0,6.2468,15.81,1.191,1.8855,0.0803,9.4043,17.72,4.329,667.0,0.0189,0.6469,17.1645,2996.5,8.4855,0.0,1003.9712,1.01,0.9242,17.16,26.1526,14.3136,4.6911,-0.0235,32.824,172.1064,2.507,708.5714,22.8296,9.97,8808.0001,86.8908,1.8,83.9167,145.4464,0.3953,65.84,0.0078,0.1096,4.6674,267.21,양품
5.9073,-0.0047,85.7909,-6465.0,68.3333,-0.0473,0.1013,0.095,15.75,672.0,5.2126,15.77,1.239,1.8933,0.0242,9.3335,18.78,4.348,365.0,0.0213,0.6586,14.0927,3087.5,8.6467,0.0,998.4948,1.04,0.9327,10.74,33.5482,8.7619,4.5454,-0.0627,27.804,76.5159,2.486,0.0,19.9156,15.22,9077.78,86.8786,2.6,84.0746,147.4936,0.192,66.55,0.0078,0.1096,4.6759,,양품
4.5027,-0.0057,54.0305,-5220.25,67.6778,-0.2838,0.1097,0.074,15.76,314.0,4.6676,15.73,1.347,2.0088,0.0142,8.6013,14.05,4.409,577.0,0.0171,0.6834,15.4973,2579.25,6.8065,0.0,1000.5914,1.83,0.9368,19.2,17.4238,14.5309,4.6924,-0.0493,29.749,77.5086,2.481,0.0,22.3374,17.07,8764.0199,86.9247,1.6,84.9715,144.2664,0.1043,76.97,0.0078,0.1096,3.3504,250.398,양품
3.2591,-0.012,49.3724,-6400.25,65.6889,-0.0473,0.0908,0.125,15.75,717.0,5.0992,15.77,1.239,1.898,0.0149,8.5232,16.74,4.348,379.0,0.0087,0.6586,16.7409,3116.5,7.7927,0.0,998.4948,1.09,0.9361,22.54,33.0931,13.4527,4.5539,-0.0616,32.242,159.5537,2.486,453.012,25.2855,16.97,8260.2799,86.6814,3.0,85.5983,147.4282,0.3596,78.95,0.0078,0.1096,4.7041,,양품
4.1509,-0.0044,122.7273,-5566.75,67.0556,0.2365,0.0878,0.223,15.85,542.0,6.7113,15.79,1.064,2.006,,9.0622,19.32,4.184,456.0,0.0253,0.6755,15.8491,2736.75,8.0335,0.0,1000.7826,1.8,0.929,20.17,30.2383,13.5327,4.7637,0.0314,31.732,118.0464,2.512,435.2941,23.5582,10.51,8675.0299,87.0122,1.2,84.7529,149.01,0.44,64.74,0.0078,0.1096,3.3401,247.374,양품
4.4564,-0.0113,59.3577,-5655.25,67.1889,-0.0473,0.1283,0.078,15.75,237.0,7.3424,15.77,1.239,1.9845,0.0244,8.5232,22.96,4.348,200.0,0.025,0.6586,15.5436,2737.0,7.1169,0.0,998.4948,1.31,0.9327,13.18,40.5005,6.8781,4.5454,-0.0872,30.259,115.5651,2.486,666.6667,21.1288,21.35,8775.3101,86.6814,2.1,85.5983,147.4991,0.2679,78.95,0.0078,0.1096,3.4011,,양품
0.4591,-0.0052,86.9565,-6501.5,67.7667,-0.2838,0.1327,0.07,15.84,622.0,6.0629,15.81,1.191,1.8662,,8.5177,18.08,4.329,328.0,0.0393,0.6469,19.5409,2974.5,7.4847,0.0,1003.9712,1.02,0.9327,17.14,53.898,11.6531,4.5454,0.0312,37.053,0.0,2.507,0.0,22.3321,13.21,8445.73,87.0024,1.3,84.7297,143.5936,0.3756,77.14,0.0078,0.1096,4.6407,251.564,양품
-1.0773,-0.0106,19.8582,-5583.25,60.0667,-0.2838,0.1356,0.097,15.84,318.0,5.0991,15.81,1.191,2.001,,9.2328,17.22,4.329,248.0,0.0433,0.6469,21.0773,2618.25,9.0249,0.0,1003.9712,,0.9319,16.25,42.3249,4.4482,4.5183,0.008,31.918,687.8443,2.507,381.25,27.2848,,8921.6401,86.5146,2.0,86.0209,145.1736,0.44,75.31,0.0078,0.1096,3.407,264.328,양품
10.9955,-0.0077,64.6204,-5633.25,67.4889,-0.0473,0.0993,0.079,15.75,483.0,5.4651,15.77,1.239,2.008,0.0334,8.6013,18.21,4.348,789.0,0.0194,0.6586,29.0045,2782.25,10.4777,0.0,998.4948,0.89,0.9337,23.96,27.2655,20.9055,4.5304,-0.0533,31.224,97.7677,2.486,0.0,37.4668,15.49,8783.23,86.9247,1.4,84.9715,147.4318,0.2784,76.97,0.0078,0.1096,3.3621,,불량
2.0064,-0.0144,20.8514,-6572.75,67.0889,-0.2365,0.0499,0.105,15.85,655.0,7.6674,15.87,1.035,1.882,0.0182,9.396,25.66,3.165,288.0,-0.0163,0.8117,17.9936,3127.25,6.3295,0.0,1006.3086,,0.9245,17.97,31.107,11.3735,4.5251,-0.0389,36.082,191.8894,2.746,333.3333,21.0027,,8879.8398,87.241,2.6,84.5743,146.8355,0.2227,64.4,0.0078,0.1096,4.6618,265.212,양품
18.4,-0.0101,26.7658,-6271.0,67.8889,0.2365,0.1087,0.139,15.85,614.0,5.9202,15.79,1.064,1.9018,0.0271,8.5405,17.03,4.184,324.0,0.0175,0.6755,21.6,2996.0,6.6757,0.0,1000.7826,1.3,0.9266,18.35,33.6777,7.43,4.6391,-0.0073,18.631,45.5978,2.512,0.0,27.6834,15.26,8724.4299,86.8378,2.7,85.1712,148.2036,0.2724,76.57,0.0078,0.1096,4.7021,253.04,양품
0.3036,-0.0136,46.9294,-6259.5,68.9444,-0.2838,0.0612,0.074,15.76,574.0,7.2296,15.73,1.347,1.896,,8.8513,21.18,4.409,431.0,-0.0081,0.6834,19.6964,3135.75,7.6517,0.0,1000.5914,0.85,0.9334,22.14,44.6147,15.7254,4.523,-0.0076,28.222,0.0,2.481,217.7215,26.336,18.08,9386.5301,87.0205,2.4,86.3857,142.3336,0.3354,76.23,0.0078,0.1096,4.6386,264.272,양품
22.7636,-0.0081,35.5828,-6418.25,65.5778,-0.2838,0.1515,0.147,15.84,624.0,6.2893,15.81,1.191,1.85,0.0245,8.7879,21.61,4.329,344.0,0.0009,0.6469,17.2364,2853.25,7.8057,0.0,1003.9712,1.26,0.9309,20.8,58.008,14.3073,4.6215,-0.0268,34.77,29.8722,2.507,588.5057,23.9934,18.78,8526.3801,86.7106,3.2,86.106,145.3745,0.4019,76.05,0.0078,0.1096,4.5841,,양품
6.1527,-0.0129,54.8792,-5487.25,68.6111,-0.2365,0.0639,0.054,15.85,444.0,5.7298,15.87,1.035,2.0015,0.0284,8.6915,19.39,3.165,674.0,-0.0091,0.8117,13.8473,2673.25,8.1393,0.0,1006.3086,1.58,0.9353,20.79,20.4625,13.4136,4.5645,-0.0446,29.821,53.9598,2.746,506.6667,17.735,17.42,9154.17,86.8147,2.0,85.5573,147.0373,0.629,79.48,0.0078,0.1096,3.369,250.676,양품
20.2627,-0.0083,41.9162,-6282.5,67.3667,0.2365,0.2285,0.102,15.85,499.0,6.5968,15.79,1.064,1.888,0.0395,8.5405,19.08,4.184,298.0,0.061,0.6755,19.7373,3011.75,6.7365,0.0,1000.7826,0.78,0.9238,19.04,19.0634,16.28,4.6598,-0.0078,32.202,31.5357,2.512,0.0,27.0685,13.71,9088.3399,86.8378,2.6,85.1712,150.0045,0.1966,76.57,0.0078,0.1096,4.6328,270.724,양품
-3.09,-0.0131,46.5649,-5595.75,67.2444,-0.2838,0.0745,0.056,15.84,266.0,6.9241,15.81,1.191,1.9627,0.0129,8.536,21.09,4.329,821.0,0.0034,0.6469,23.09,2789.25,10.225,0.0,1003.9712,,0.9378,15.22,40.0505,14.76,4.6615,-0.0791,34.099,210.6796,2.507,727.2727,28.9236,,9638.6801,86.7687,2.0,85.5361,144.9355,0.2694,36.03,0.0078,0.1096,3.2781,266.406,양품
1.9855,-0.0122,39.3443,-5349.75,68.3889,-0.2365,0.0618,0.102,15.85,360.0,6.5415,15.87,1.035,2.0025,0.0237,8.659,21.48,3.165,250.0,-0.0086,0.8117,18.0145,2643.5,7.1758,0.0,1006.3086,2.22,0.9251,18.42,21.4255,9.6596,4.5155,-0.0284,39.192,278.5256,2.746,0.0,23.2014,16.17,9044.98,86.8196,1.3,85.5265,147.4764,0.2098,77.74,0.0078,0.1096,3.3271,,양품
8.3018,-0.0098,37.8517,-5679.0,68.1778,-0.2365,0.0522,0.126,15.85,420.0,5.0896,15.87,1.035,2.022,0.0287,8.6915,15.9,3.165,446.0,-0.0022,0.8117,11.6982,2707.0,6.3185,0.0,1006.3086,2.3,0.9353,18.7,11.4737,12.7463,4.5645,-0.0731,29.38,42.1594,2.746,930.2326,18.2879,14.0,7997.7001,86.8147,2.3,85.5573,147.3855,0.2019,79.48,0.0078,0.1096,3.3762,248.928,양품
2.9964,-0.0113,51.4412,-6449.25,59.4,-0.0473,0.0492,0.127,15.75,688.0,6.3363,15.77,1.239,1.8815,,9.2328,17.33,4.348,413.0,-0.018,0.6586,17.0036,3012.25,7.3369,0.0,998.4948,0.84,0.936,15.9,59.9365,8.4209,4.6798,-0.0062,26.682,182.5546,2.486,727.2727,22.4415,16.2,9055.2501,86.5146,2.5,86.0209,145.8655,0.2934,75.31,0.0078,0.1096,4.658,264.272,양품
4.5645,-0.0072,64.1115,-5469.75,66.3,-0.2365,0.1969,0.083,15.85,301.0,5.5445,15.87,1.035,1.974,0.053,8.5232,15.8,3.165,953.0,0.0208,0.8117,15.4355,2575.75,7.4314,0.0,1006.3086,1.32,0.9217,24.67,28.9574,16.309,4.7797,-0.0798,32.029,86.9747,2.746,636.3636,23.2908,20.46,8148.91,86.6814,2.5,85.5983,147.4509,0.1621,78.95,0.0078,0.1096,3.3524,,양품
1.14,-0.0131,58.891,-5532.25,67.2778,-0.2365,0.0509,0.09,15.85,337.0,5.426,15.87,1.035,1.9812,0.0205,8.6439,18.21,3.165,721.0,0.0012,0.8117,18.86,2743.0,6.0355,0.0,1006.3086,0.93,0.9247,21.59,28.4808,15.3046,4.6104,-0.0427,33.453,355.2632,2.746,714.2857,26.5409,14.89,7539.29,86.7383,1.4,84.2999,147.9009,0.3475,78.04,0.0078,0.1096,3.3781,265.268,양품
8.8173,-0.0077,62.439,-6554.75,69.6222,0.7096,0.0746,0.096,15.84,625.0,6.1079,15.87,1.191,1.8817,0.033,8.7851,21.75,3.004,271.0,0.0151,0.8387,11.1827,2860.5,8.4651,0.0,1007.3587,1.19,0.925,15.4,13.0939,5.3852,4.5376,-0.0591,39.45,56.5935,2.819,279.2453,14.5322,17.02,9156.9701,86.585,2.6,85.8823,145.3773,0.4976,77.05,0.0078,0.1096,4.6427,264.272,양품
2.4345,-0.0127,20.4122,-6489.25,66.1667,-0.2365,0.0633,0.102,15.85,481.0,5.6802,15.87,1.035,1.8862,0.0183,9.396,15.14,3.165,490.0,-0.0146,0.8117,17.5655,3075.75,7.9251,0.0,1006.3086,,0.9245,29.22,36.3272,13.17,4.5251,-0.0829,38.44,245.6311,2.746,181.0219,22.364,,9318.6301,87.241,3.0,84.5743,143.2645,0.197,64.4,0.0078,0.1096,4.6499,263.684,양품
-28.9882,-0.0049,174.8072,-5563.5,65.3667,-0.0473,0.1321,0.181,15.75,445.0,4.9531,15.77,1.239,1.9992,,9.043,16.03,4.348,472.0,0.0235,0.6586,48.9882,2601.75,7.0485,0.0,998.4948,,0.934,19.33,39.3922,33.4336,4.5497,0.0369,34.958,31.2541,2.486,606.8966,62.8378,,8618.8501,86.5358,3.4,86.1197,147.7036,0.3948,78.68,0.0078,0.1096,3.4432,264.272,양품
6.6,-0.009,44.3213,-6506.75,68.9444,0.7096,0.0508,0.094,15.84,508.0,6.9622,15.87,1.191,1.8887,0.0216,8.7851,22.98,3.004,352.0,0.0028,0.8387,13.4,2857.25,8.3535,0.0,1007.3587,0.84,0.925,19.38,12.0276,7.7057,4.5376,-0.0589,37.072,64.5455,2.819,281.3793,17.1233,20.14,8570.35,86.585,3.1,85.8823,148.6073,0.181,77.05,0.0078,0.1096,4.6644,266.414,양품
25.2736,-0.011,45.3515,-5142.25,68.8,0.7096,0.1165,0.153,15.84,279.0,5.3532,15.87,1.191,1.9792,0.0655,9.1757,18.77,3.004,731.0,-0.0047,0.8387,14.7264,2577.75,6.2079,0.0,1007.3587,1.21,0.9195,19.63,26.5863,13.4263,4.6173,-0.0301,35.775,16.7368,2.819,574.359,21.2359,17.56,8371.9201,86.9721,1.7,83.8879,154.5673,0.3922,67.17,0.0078,0.1096,3.3811,265.164,양품
-5.7182,-0.0135,49.0251,-5282.75,71.2333,-0.2365,0.0566,0.101,15.85,438.0,4.4785,15.87,1.035,1.9572,,9.1855,17.69,3.165,470.0,-0.0139,0.8117,25.7182,2627.5,11.0801,0.0,1006.3086,0.9,0.9366,17.81,33.5223,20.0191,4.6801,0.0122,33.922,107.9014,2.746,465.6716,31.4501,14.15,8552.3599,86.3482,3.3,85.4465,145.5245,0.2709,84.98,0.0078,0.1096,3.3491,264.272,불량
-1.4345,-0.0127,31.4342,-6047.0,70.0556,-0.9461,0.0537,0.164,15.88,674.0,5.2483,15.87,1.343,2.0313,0.0263,8.4421,17.95,2.854,2525.0,0.0262,0.8244,21.4345,2653.5,8.0655,0.0,1008.0704,0.75,0.9211,26.86,14.3084,19.181,4.4571,-0.0687,37.961,354.1191,2.768,640.0,30.0664,17.71,8925.6302,86.8508,2.3,85.2296,144.5545,0.2135,79.06,0.0078,0.1096,3.4416,,양품
-0.3327,-0.0126,73.6634,-6336.0,69.5889,-0.9461,0.0541,0.104,15.88,731.0,5.5199,15.87,1.343,1.892,0.0302,8.8384,18.21,2.854,432.0,0.0172,0.8244,20.3327,3128.5,5.9071,0.0,1008.0704,,0.9202,10.13,15.6221,4.4578,4.4784,-0.0708,37.181,0.0,2.768,0.0,24.1854,,8476.7,87.0242,2.4,86.931,151.7991,0.8335,78.29,0.0078,0.1096,4.6452,265.234,양품
0.5682,-0.0122,36.7722,-5932.0,67.8222,-0.9461,0.072,0.192,15.88,573.0,5.931,15.87,1.343,2.0377,0.0359,8.7994,21.52,2.854,2085.0,0.0008,0.8244,19.4318,2641.5,8.2483,0.0,1008.0704,,0.9251,19.68,10.8607,10.611,4.5155,-0.0452,38.605,0.0,2.768,776.1194,24.9899,,8785.2899,86.7297,2.4,84.6614,145.6264,0.3553,2.332,0.0078,0.1096,3.3632,,양품
2.9518,-0.0118,42.4178,-5427.75,65.7111,-0.9461,0.0696,0.112,15.88,660.0,6.778,15.87,1.343,1.986,0.0176,8.7994,21.29,2.854,800.0,0.0013,0.8244,17.0482,2765.75,6.0246,0.0,1008.0704,1.59,0.9251,19.86,13.4574,9.9015,4.5155,-0.0754,36.769,218.1706,2.768,0.0,22.1675,14.53,8588.1999,86.7297,1.5,84.6614,146.3445,0.2814,2.332,0.0078,0.1096,3.4327,,양품
7.7727,-0.0099,73.0964,-6467.25,68.7667,-0.8042,0.0687,0.104,15.85,617.0,5.0532,15.83,1.078,1.8962,0.0177,8.7851,13.67,3.074,216.0,-0.0016,0.8258,12.2273,2963.0,10.9552,0.0,1006.6387,0.55,0.9266,11.38,20.5521,3.6036,4.5325,-0.042,38.608,92.5029,2.791,571.4286,15.6295,17.95,8798.21,86.585,2.5,85.8823,146.86,0.181,77.05,0.0078,0.1096,4.6699,265.6,양품
2.75,-0.0088,70.4545,-6313.25,66.5333,-0.9461,0.0704,0.138,15.88,660.0,6.0275,15.87,1.343,1.8935,0.0172,8.6439,18.69,2.854,449.0,0.0233,0.8244,17.25,3079.5,8.1382,0.0,1008.0704,0.3,0.9248,23.12,30.8757,17.1627,4.5282,-0.0753,40.729,215.2727,2.768,618.1818,23.7232,14.36,8653.9501,86.7383,2.8,84.2999,149.0218,0.4582,78.04,0.0078,0.1096,4.6418,,양품
15.81,-0.0102,66.6667,-5471.25,67.9556,-0.9461,0.1227,0.166,15.88,396.0,5.2089,15.87,1.343,1.9777,0.0189,8.6527,16.84,2.854,243.0,0.0662,0.8244,24.19,2711.0,6.2149,0.0,1008.0704,1.11,0.9354,16.34,43.942,18.7563,4.6726,-0.0543,31.444,40.4175,2.768,669.3878,29.5935,16.15,8953.71,86.9642,3.3,86.4465,151.3973,0.3316,77.24,0.0078,0.1096,3.3823,,양품
3.4882,-0.0144,18.7013,-5493.25,70.9556,-0.8042,0.0426,0.224,15.85,451.0,6.9314,15.83,1.078,1.985,0.0223,8.7897,23.85,3.074,853.0,0.0214,0.8258,16.5118,2436.25,11.4336,0.0044,1006.6387,,0.928,24.79,26.0626,16.4128,4.5337,-0.0515,36.706,104.0657,2.791,164.1026,23.4389,,8466.0,86.7752,1.6,86.3849,150.31,0.3502,14.73,0.0078,0.1096,3.3559,,양품
1.2673,-0.0062,37.0221,-6374.75,68.6556,-0.8042,0.104,0.121,15.85,649.0,4.8083,15.83,1.078,1.8958,0.0282,9.3335,14.02,3.074,417.0,0.0663,0.8258,18.7327,3052.0,10.0405,0.0,1006.6387,2.82,0.9337,26.81,28.821,17.2427,4.5319,-0.031,31.767,342.4677,2.791,0.0,25.3075,13.43,8492.84,86.8786,2.5,84.0746,144.9064,0.2508,66.55,0.0078,0.1096,4.65,,양품
4.7864,-0.0078,55.04,-6381.5,66.7,-0.8042,0.0881,0.085,15.85,467.0,5.2236,15.83,1.078,1.8905,,9.043,13.24,3.074,549.0,0.0495,0.8258,15.2136,3043.25,10.4828,0.0,1006.6387,1.09,0.9242,20.18,50.1532,12.6318,4.6911,0.0105,35.7599,153.3523,2.791,0.0,20.9566,19.14,8431.02,86.5358,3.5,86.1197,144.4155,0.1652,78.68,0.0078,0.1096,4.6857,266.674,양품
14.7345,-0.009,68.0614,-5313.5,69.6556,-0.8042,0.0778,0.092,15.85,393.0,6.2457,15.83,1.078,2.0235,0.0162,9.4043,20.18,3.074,508.0,0.005,0.8258,25.2655,2721.0,8.6212,0.0,1006.6387,,0.9227,24.42,37.029,25.8046,4.6862,-0.0722,34.086,23.8216,2.791,994.5946,34.3528,,8220.8,86.8908,3.3,83.9167,146.1682,0.3821,65.84,0.0078,0.1096,3.4174,,양품
-8.3955,-0.0069,59.2058,-5474.25,59.9778,-0.8042,0.1504,0.182,15.85,947.0,7.7567,15.83,1.078,2.0275,,9.2328,22.42,3.074,993.0,0.0622,0.8258,28.3955,2997.0,10.2077,0.0,1006.6387,0.68,0.9366,19.07,26.7274,21.3864,4.6801,0.0093,30.668,110.6551,2.791,426.6667,35.1195,25.71,8861.67,86.5146,2.0,86.0209,146.94,0.2709,75.31,0.0078,0.1096,3.5528,264.272,양품
1.2209,-0.011,33.7514,-5587.25,68.7111,1.088,0.0675,0.082,15.73,673.0,4.7162,15.78,0.9413,2.0122,0.0166,8.7219,14.11,3.175,640.0,0.0203,0.8361,18.7791,2637.25,9.4535,0.0,1004.3856,1.12,0.9265,16.12,16.4686,9.2384,4.5187,-0.0166,40.981,904.2442,2.773,842.8571,24.3568,19.56,8999.8701,86.5265,3.4,85.2764,148.7918,0.2227,76.78,0.0078,0.1096,3.432,265.778,양품
1.0345,-0.0123,35.6636,-5421.5,67.5111,1.088,0.066,0.106,15.73,440.0,6.0188,15.78,0.9413,1.9963,0.019,8.6439,21.22,3.175,258.0,-0.0081,0.8361,18.9655,2631.5,8.3871,0.0,1004.3856,1.37,0.9243,12.19,26.358,6.1447,4.5027,-0.0281,40.088,801.3188,2.773,389.916,23.0824,16.66,8641.0399,86.7383,2.8,84.2999,150.0527,0.6967,78.04,0.0078,0.1096,3.4509,,양품
1.0636,-0.0109,35.6979,-6256.5,69.8222,1.088,0.0571,0.121,15.73,562.0,6.1948,15.78,0.9413,1.889,0.0208,8.5987,18.72,3.175,381.0,0.026,0.8361,18.9364,3016.75,6.0066,0.0,1004.3856,2.14,0.9202,14.08,16.589,6.5935,4.4784,-0.032,33.372,475.7265,2.773,0.0,22.5764,13.03,8138.85,86.7807,2.7,85.1059,150.9927,0.5534,79.98,0.0078,0.1096,4.6381,269.564,양품
1.6173,-0.013,36.0153,-6370.75,70.0444,1.088,0.1012,0.1,15.73,534.0,6.7145,15.78,0.9413,1.9007,0.0269,8.4421,18.85,3.175,202.0,0.0198,0.8361,18.3827,3137.5,6.0511,0.0,1004.3856,1.42,0.9202,14.04,16.3063,7.7574,4.4784,-0.0925,35.5,299.8876,2.773,168.4211,22.992,20.74,8669.0599,86.8508,1.8,85.2296,149.6009,0.7211,79.06,0.0078,0.1096,4.6623,266.63,양품
2.4173,-0.0111,40.4949,-5311.5,70.3889,1.088,0.0525,0.043,15.73,3472.0,4.6886,15.78,0.9413,1.9535,0.0225,8.5987,16.42,3.175,485.0,-0.0101,0.8361,17.5827,3386.5,8.5539,0.0,1004.3856,,0.9247,27.32,17.8167,13.9918,4.6104,-0.0205,34.177,255.66,2.773,320.0,26.1512,,8825.4101,86.7807,1.2,85.1059,148.1791,0.3075,79.98,0.0078,0.1096,3.4209,,불량
-7.1564,-0.0089,62.7451,-6264.0,69.2444,0.0,0.0586,0.1,15.73,430.0,4.9289,15.77,1.248,1.8932,0.0158,8.8505,18.04,3.067,713.0,-0.0002,0.8217,27.1564,3035.75,6.5042,0.0,1003.61,1.19,0.9352,11.45,35.3398,18.9336,4.5558,-0.0197,30.429,71.2652,2.792,0.0,33.0615,14.2,8511.4601,86.8482,3.3,86.8866,152.5055,0.2296,78.3,0.0078,0.1096,4.6291,,양품
0.6991,-0.0095,84.9279,-4750.75,66.4,0.0,0.0772,0.128,15.82,323.0,6.9408,15.76,1.196,1.992,0.0152,8.6915,16.29,2.932,1454.0,0.0113,0.8203,19.3009,2713.25,6.8827,0.0,1001.2553,,0.9202,14.68,14.7554,5.9553,4.4784,-0.0297,36.715,0.0,2.813,742.8571,23.2216,,9131.0599,86.8147,2.0,85.5573,152.9882,0.6456,79.48,0.0078,0.1096,3.3618,267.07,양품
2.5964,-0.0076,66.9951,-5879.75,68.9333,0.0,0.0787,0.047,15.73,807.0,4.6901,15.77,1.248,1.9888,0.0141,8.659,14.85,3.067,1216.0,0.0012,0.8217,17.4036,2785.5,6.0865,0.0,1003.61,1.24,0.9247,19.6,30.4959,10.7955,4.6104,-0.048,35.537,645.5182,2.792,718.6441,25.0576,15.25,8455.9102,86.8196,1.5,85.5265,148.9091,0.1742,77.74,0.0078,0.1096,3.3711,,양품
-0.4091,-0.0075,44.1472,-5433.25,68.2333,0.0,0.065,0.161,15.73,782.0,5.9835,15.77,1.248,2.025,0.0212,8.4421,18.44,3.067,295.0,0.0095,0.8217,20.4091,2908.25,7.9207,0.0,1003.61,0.43,0.9202,11.94,10.4423,10.9205,4.4784,-0.0484,36.087,0.0,2.792,328.4211,25.9181,16.56,8738.93,86.8508,2.7,85.2296,146.9091,0.3022,79.06,0.0078,0.1096,3.4588,265.994,양품
-5.0245,-0.003,113.3333,-6443.5,62.9778,1.088,0.1045,0.115,15.73,579.0,6.2162,15.78,0.9413,1.882,,9.5689,17.28,3.175,286.0,-0.0054,0.8361,25.0245,3022.0,7.0238,0.0,1004.3856,0.79,0.9293,11.37,23.7039,8.8157,4.482,0.0446,32.608,129.1659,2.773,0.0,32.3293,24.07,9030.3202,86.3899,2.5,84.7228,143.2591,0.3774,75.55,0.0078,0.1096,4.658,268.11,양품
-0.7236,-0.0074,47.2973,-5468.75,69.9111,0.0,0.0847,0.029,15.82,453.0,5.376,15.76,1.196,2.0068,0.1541,8.7897,18.66,2.932,634.0,0.0019,0.8203,20.7236,2548.0,5.6194,0.0,1001.2553,1.3,0.9248,20.55,25.3319,17.1709,4.5036,-0.0606,38.5601,865.0754,2.813,0.0,29.1042,16.98,9379.4399,86.7752,1.7,86.3849,144.6627,0.2327,14.73,0.0078,0.1096,3.408,266.798,양품
1.9482,-0.0072,91.9861,-5410.5,69.0111,0.0,0.1212,0.18,15.73,392.0,5.8213,15.77,1.248,1.9875,0.0167,8.5687,16.87,3.067,909.0,0.0324,0.8217,38.0518,2689.0,7.8206,0.0,1003.61,1.47,0.9331,23.83,20.7031,16.3328,4.5634,-0.029,34.794,684.2277,2.792,0.0,45.3921,16.95,8738.47,87.032,1.4,86.4541,147.5873,0.227,79.03,0.0078,0.1096,3.4393,261.168,불량
1.3255,-0.0092,51.296,-6375.75,66.8222,0.0,0.0364,0.144,15.73,817.0,6.0309,15.77,1.248,1.8735,0.0427,8.6915,16.97,3.067,742.0,-0.0114,0.8217,18.6745,2967.75,5.6548,0.0,1003.61,,0.9352,18.9,40.7827,15.0927,4.5558,-0.0789,35.002,439.0947,2.792,0.0,23.2849,,8731.8,86.8147,3.1,85.5573,147.0382,0.3351,79.48,0.0078,0.1096,4.604,264.272,양품
-6.8627,-0.0121,32.3316,-6421.0,68.3111,-0.9461,0.091,0.065,15.88,532.0,6.3875,15.87,1.343,1.8915,0.034,9.3335,20.02,2.854,384.0,0.0058,0.8244,26.8627,3088.0,7.0945,0.0,1008.0704,,0.9319,13.26,45.2053,8.6287,4.5183,-0.0648,30.546,132.7461,2.768,670.9677,33.9056,,8733.4701,86.8786,4.0,84.0746,144.6455,0.3503,66.55,0.0078,0.1096,4.6589,267.994,양품
7.0591,-0.0121,44.4902,-6507.5,68.2222,-0.5204,0.0455,0.142,15.92,742.0,5.0673,15.88,1.206,1.8755,0.0291,8.5251,14.95,4.289,347.0,-0.0291,0.7884,12.9409,3038.5,10.7231,0.0,1004.7367,1.39,0.9257,18.22,15.823,13.7289,4.5024,0.0069,41.333,81.8802,2.766,0.0,19.9831,19.75,9125.72,87.1828,2.2,85.7103,142.8527,0.3025,79.59,0.0078,0.1096,4.6447,264.272,양품
2.2118,-0.0116,67.884,-6461.0,70.4667,-0.5204,0.051,0.074,15.92,449.0,6.0691,15.88,1.206,1.8702,0.0446,8.5251,21.55,4.289,132.0,0.0144,0.7884,17.7882,2980.0,8.5405,0.0,1004.7367,1.15,0.9265,17.33,18.591,12.1947,4.5501,0.005,35.225,188.0806,2.766,0.0,23.5681,20.92,9021.22,87.1828,2.2,85.7103,145.7764,0.3025,79.59,0.0078,0.1096,4.6074,264.272,양품
7.9373,-0.0103,46.6586,-5411.5,70.5444,-0.5204,0.0393,0.048,15.92,549.0,5.3721,15.88,1.206,2.0008,0.0263,8.5251,16.81,4.289,574.0,-0.0019,0.7884,12.0627,2733.0,7.9655,0.0,1004.7367,1.57,0.9257,21.01,23.0881,12.8055,4.5024,0.0151,34.185,78.6164,2.766,335.4839,18.1451,19.71,9374.13,87.1828,2.6,85.7103,142.5582,0.3025,79.59,0.0078,0.1096,3.3468,264.272,양품
0.8745,-0.012,47.4506,-6409.5,70.1667,-0.5204,0.0456,0.128,15.92,735.0,5.0138,15.88,1.206,1.8835,0.0264,8.5251,15.73,4.289,400.0,0.0203,0.7884,19.1255,3020.25,3.574,0.0,1004.7367,,0.919,10.66,13.3724,23.33,4.457,-0.005,15.829,651.7672,2.766,1000.0,27.5264,,9243.0101,87.1828,2.9,85.7103,142.8682,0.1887,79.59,0.0078,0.1096,4.6317,,양품
3.99,-0.0106,51.6432,-5546.5,70.1556,0.8042,0.0516,0.017,15.81,311.0,4.5588,15.84,1.007,1.9945,0.0204,8.5251,14.0,4.013,790.0,0.0006,0.789,16.01,2639.75,7.8925,0.0,1006.4757,1.13,0.919,18.05,18.9111,20.0736,4.457,-0.0001,18.444,129.3233,2.798,0.0,23.6925,19.89,8912.9999,87.1828,1.7,85.7103,141.7391,0.2556,79.59,0.0078,0.1096,3.4009,253.67,양품
4.4455,-0.0096,66.8407,-6466.25,67.0556,-0.6623,0.0458,0.133,15.74,772.0,5.2038,15.71,1.182,1.883,0.0383,8.6005,17.49,4.062,347.0,-0.0134,0.6852,15.5545,2970.25,8.9288,0.0,993.4924,,0.9194,12.79,18.6642,14.7982,4.4582,-0.0525,16.989,111.3497,2.377,396.5812,21.9164,,9091.42,86.6618,1.6,85.4112,142.3509,0.1639,77.69,0.0078,0.1096,4.627,253.164,양품
168.1455,-0.0096,68.75,-5430.0,68.0889,-0.6623,0.0515,0.103,15.74,140.0,5.1021,15.71,1.182,2.0072,0.0203,8.7994,16.25,4.062,816.0,-0.0046,0.6852,34.17,2814.0,10.8036,0.0,993.4924,,0.9244,21.63,25.5808,188.0923,4.5399,0.0007,42.331,235.5758,2.377,954.8387,23.241,,8729.3199,86.7297,3.1,84.6614,110.4282,0.2759,2.332,0.0078,0.1096,3.4052,265.258,양품
-0.2845,-0.0079,60.5678,-5183.0,67.0444,-0.1419,0.1077,0.196,15.77,491.0,7.4994,15.72,1.154,1.9852,0.0676,9.2047,21.62,4.264,318.0,0.029,0.6556,20.2845,2689.25,8.3735,0.0,1007.3403,1.27,0.9266,15.21,29.3642,12.0856,4.5177,-0.044,38.645,0.0,2.465,0.0,26.7021,20.78,8943.13,87.0488,3.3,84.2212,154.0873,0.3915,65.01,0.0078,0.1096,3.3594,,양품
2.0609,-0.0078,77.707,-5353.25,67.7889,-0.1419,0.0523,0.085,15.77,301.0,6.1941,15.72,1.154,1.9955,0.02,,18.51,4.264,414.0,-0.0044,0.6556,17.9391,2756.25,10.324,0.0,1007.3403,1.22,0.9202,17.94,24.4436,12.9186,4.4784,-0.0483,35.428,235.8183,2.465,0.0,23.7857,15.28,8250.63,,3.1,,145.2864,0.3061,64.74,0.0078,0.1096,3.3764,264.82,양품
1.7373,-0.0082,53.4954,-5763.75,67.4444,-0.1419,0.0858,0.203,15.77,548.0,4.9065,15.72,1.154,1.9805,0.1247,9.7324,17.15,4.264,2414.0,0.0147,0.6556,18.2627,2546.5,6.5889,0.0,1007.3403,0.59,0.9327,16.89,57.4597,11.5227,4.5454,-0.0597,28.647,197.4359,2.465,860.0,21.2309,17.04,8518.33,87.1381,2.4,85.3825,146.5145,0.4764,16.64,0.0078,0.1096,3.3793,,양품
3.1191,-0.0122,49.8468,-5474.75,67.3556,-0.1419,0.0635,0.096,15.77,308.0,4.7844,15.72,1.154,1.995,0.0229,9.6938,15.14,4.264,414.0,-0.0178,0.6556,16.8809,2709.75,2.9193,0.0,1007.3403,2.62,0.9353,22.4,35.756,15.0145,4.5645,-0.0674,30.807,148.4407,2.465,0.0,24.0994,13.11,8997.2601,87.0735,1.8,85.0066,144.1518,0.2708,65.74,0.0078,0.1096,3.3674,248.496,양품
0.2818,-0.01,49.2462,-6211.25,65.1333,-0.1419,0.0947,0.108,15.77,99.0,6.0098,15.72,1.154,2.017,0.0215,9.0776,18.73,4.264,1905.0,-0.0005,0.6556,19.7182,2724.0,9.3115,0.0,1007.3403,0.63,0.9142,13.87,18.6318,11.4596,4.5382,-0.0613,31.036,0.0,2.465,800.0,26.9505,14.49,8877.29,86.8379,3.2,85.822,142.4118,0.3351,77.92,0.0078,0.1096,3.4252,262.98,양품
4.06,-0.0097,73.5751,-6252.75,68.6556,-0.0473,0.0617,0.13,15.75,729.0,5.0865,15.74,1.078,1.909,0.0253,8.9546,19.47,3.494,299.0,0.0216,0.6887,15.94,3178.0,6.4852,0.0,996.2163,,0.9327,11.6,42.1885,8.8144,4.5454,-0.075,34.204,185.9606,2.688,863.1579,20.4742,,8478.44,86.9821,3.3,85.5528,149.0182,0.2855,78.38,0.0078,0.1096,4.7207,252.35,양품
-0.3182,-0.0031,148.9879,-5288.5,69.1889,-0.6623,0.0906,0.125,15.74,270.0,4.9744,15.71,1.182,2.0053,0.0539,8.6005,15.69,4.062,354.0,0.0101,0.6852,20.3182,2580.0,11.2144,0.0,993.4924,,0.9251,20.65,9.6613,12.9063,4.5155,-0.0123,39.524,0.0,2.377,0.0,25.4548,,8942.1301,86.6618,1.9,85.4112,147.8682,0.2015,77.69,0.0078,0.1096,3.3102,265.604,양품
-0.0636,-0.0132,32.4528,-5328.0,66.9333,-0.0473,0.1068,0.086,15.75,375.0,5.5842,15.74,1.078,1.982,0.0231,8.3324,20.88,3.494,867.0,0.032,0.6887,20.0636,2555.0,6.9717,0.0,996.2163,,0.9337,21.16,28.178,15.5991,4.5319,-0.0488,29.85,0.0,2.688,0.0,26.5755,,8536.1801,86.8346,1.8,85.1669,147.1018,0.2129,77.63,0.0078,0.1096,3.3643,,양품
36.3682,-0.0098,68.2803,-6334.5,69.8,-0.6623,0.057,0.112,15.74,633.0,5.073,15.71,1.182,1.8918,0.0783,8.8505,17.76,4.062,588.0,0.002,0.6852,16.63,3045.75,12.0049,0.0,993.4924,,0.9352,37.98,16.7414,22.5923,4.5558,-0.0181,30.813,292.7834,2.377,0.0,30.3896,,8416.6001,86.8482,3.3,86.8866,106.8409,0.6288,78.3,0.0078,0.1096,4.6558,266.03,양품
1.0291,-0.0134,46.1825,-5711.0,67.2667,-0.0473,0.0761,0.137,15.75,236.0,5.0376,15.74,1.078,2.0275,0.0099,8.7867,15.42,3.494,424.0,0.0107,0.6887,18.9709,2627.5,6.0974,0.0,996.2163,1.02,0.9289,21.12,25.725,16.7036,4.5406,-0.0696,40.1,574.2933,2.688,625.0,26.5379,15.41,8565.08,86.5708,2.4,83.7263,143.7336,0.1517,76.15,0.0078,0.1096,3.5019,264.272,양품
1.9591,-0.0141,20.5674,-5662.25,70.7778,0.7569,0.0729,0.015,15.85,257.0,6.7197,15.81,1.116,1.9898,0.0074,8.5251,23.76,4.019,822.0,-0.0026,0.7025,18.0409,2739.5,7.9559,0.0,1000.9047,,0.921,14.77,26.3111,14.3136,4.4701,-0.0036,17.3849,296.5661,2.497,0.0,23.1602,,9141.7798,87.1828,2.0,85.7103,145.0564,0.3697,79.59,0.0078,0.1096,3.3614,,양품
1.6373,-0.013,24.6154,-6310.25,67.4889,-0.0473,0.0952,0.105,15.75,649.0,5.5742,15.74,1.078,1.885,0.0154,8.5987,16.92,3.494,415.0,0.0265,0.6887,18.3627,3030.25,7.9627,0.0,996.2163,,0.9251,17.92,35.497,16.1673,4.5155,-0.0556,37.807,648.0289,2.688,0.0,26.6305,,9491.1301,86.7807,2.5,85.1059,146.5327,0.1315,79.98,0.0078,0.1096,4.622,250.0,양품
-1.2209,-0.0126,26.2425,-5686.75,70.5111,-0.0473,0.0779,0.126,15.75,388.0,4.866,15.74,1.078,2.0177,0.0217,8.7897,15.62,3.494,1308.0,-0.0287,0.6887,21.2209,2592.25,7.3735,0.0,996.2163,1.45,0.9289,18.48,32.3512,15.5682,4.5406,-0.0598,39.281,490.618,2.688,524.5902,30.0565,14.68,8551.1601,86.7752,1.2,86.3849,149.8382,0.1383,14.73,0.0078,0.1096,3.4189,,양품
8.8445,-0.0142,31.7741,-5402.5,68.7889,-0.1419,0.0975,0.056,15.77,125.0,5.7787,15.72,1.154,2.0198,0.0424,8.3324,19.17,4.264,904.0,-0.0193,0.6556,11.1555,2611.0,9.1496,0.0,1007.3403,0.62,0.9361,19.72,22.8517,12.8946,4.5539,-0.0816,29.702,40.3639,2.465,773.3333,18.5022,23.28,8948.36,86.8346,2.3,85.1669,146.48,0.317,77.63,0.0078,0.1096,3.3531,,양품
-1.1255,-0.0092,25.9811,-6539.75,70.7667,-0.2838,0.0572,0.13,15.69,543.0,4.3122,15.65,1.182,1.8845,0.0194,8.7418,16.15,4.375,427.0,-0.0203,0.5438,21.1255,2882.75,10.7893,0.0,989.4793,1.79,0.9259,19.42,14.7765,10.8401,4.5249,-0.0077,35.543,342.9725,2.918,0.0,27.041,13.04,9164.36,86.5759,4.0,84.8892,144.2164,0.2424,78.11,0.0078,0.1096,4.6476,,양품
2.9409,-0.0123,35.0663,-6389.5,68.2889,-0.1419,0.1171,0.123,15.77,743.0,7.1505,15.72,1.154,1.8922,0.0212,9.7836,23.24,4.264,403.0,0.0294,0.6556,17.0591,3025.25,12.3204,0.0,1007.3403,1.48,0.928,17.91,19.5946,12.037,4.5337,-0.0792,35.97,137.3725,2.465,0.0,22.3822,13.84,8872.8101,87.2,2.3,83.6359,147.0136,0.2936,66.12,0.0078,0.1096,4.6687,251.586,양품
-4.4845,-0.0095,74.6386,-6468.0,66.1556,-0.4731,0.1137,0.119,15.78,796.0,5.3967,15.76,1.276,1.885,0.0227,9.0776,18.17,3.981,581.0,0.0183,0.6645,24.4845,3083.25,11.6285,0.0,997.4462,1.38,0.9142,17.06,15.4789,9.7001,4.5382,-0.0554,33.94,72.0251,2.421,0.0,29.3998,16.28,8520.7699,86.8379,1.8,85.822,141.74,0.1796,77.92,0.0078,0.1096,4.6957,,양품
8.1418,-0.0101,63.6025,-5649.5,70.6111,-0.0473,0.0403,0.094,15.75,357.0,6.712,15.74,1.078,2.0092,0.025,8.6427,23.77,3.494,1261.0,-0.0141,0.6887,11.8582,2550.5,8.6025,0.0,996.2163,,0.9265,15.07,16.9341,7.8558,4.5501,-0.0619,37.678,49.0063,2.688,0.0,15.8955,,8856.7201,86.575,1.8,83.7738,141.8027,0.2516,78.0,0.0078,0.1096,3.419,262.962,양품
9.4864,-0.013,39.1179,-6505.5,70.0,-0.1419,0.1365,0.134,15.77,740.0,6.0009,15.72,1.154,1.886,0.0244,8.5687,19.21,4.264,444.0,-0.0078,0.6556,30.5136,3038.25,6.1443,0.0,1007.3403,,0.9366,19.17,46.0934,23.5409,4.6801,-0.0712,31.754,50.4935,2.465,579.3103,36.6135,,9892.9601,87.032,2.4,86.4541,153.0673,0.5457,79.03,0.0078,0.1096,4.5731,267.54,양품
-7.5073,-0.0112,37.3749,-4599.25,68.2111,-0.1419,0.0857,0.149,15.77,301.0,7.3872,15.72,1.154,2.0095,0.0215,8.9635,21.92,4.264,2987.0,0.0216,0.6556,27.5073,2834.0,11.0463,0.0,1007.3403,2.24,0.9202,21.5,15.7489,16.6263,4.4784,-0.0659,37.993,133.6038,2.465,0.0,33.7563,21.23,9424.28,86.9622,3.1,84.7226,145.7864,0.4078,77.84,0.0078,0.1096,3.4959,,양품
3.8264,-0.0115,27.8867,-5330.0,69.5444,-0.4731,0.0672,0.06,15.78,530.0,6.2339,15.76,1.276,1.9983,0.1702,8.5891,20.83,3.981,1146.0,0.0202,0.6645,16.1736,2747.25,10.357,0.0,997.4462,1.27,0.9313,21.96,45.4031,13.4554,4.5229,-0.0726,16.459,426.2533,2.421,968.4211,22.997,17.46,9221.64,86.7366,2.1,86.0936,147.6455,0.1639,78.4,0.0078,0.1096,3.3489,,양품
10.2355,-0.0108,46.2963,-6456.75,71.3111,-0.2838,0.0672,0.127,15.69,636.0,5.0133,15.65,1.182,1.905,0.0345,8.7418,15.43,4.375,186.0,-0.0217,0.5438,9.7645,2909.75,6.4832,0.0,989.4793,2.85,0.9247,18.36,21.1169,13.0423,4.5068,0.029,36.459,50.6084,2.918,320.0,14.7061,19.79,8615.15,86.5759,2.4,84.8892,142.8836,0.3066,78.11,0.0078,0.1096,4.6781,264.272,양품
1.0218,-0.0121,35.5739,-6347.75,71.4222,-0.7096,0.069,0.14,15.91,765.0,5.8286,15.9,1.135,1.8845,0.0452,8.5987,16.59,4.062,491.0,0.0032,0.6802,18.9782,2994.5,3.2775,0.0,1002.4074,1.26,0.9202,15.24,15.7018,11.2733,4.4784,-0.0006,35.335,466.8149,2.467,239.2523,23.6862,18.89,8922.93,86.7807,3.1,85.1059,144.9255,0.4187,79.98,0.0078,0.1096,4.6388,264.376,양품
3.8664,-0.0105,56.3246,-6426.5,73.0222,0.7569,0.1094,0.138,15.85,796.0,5.0435,15.81,1.116,1.875,0.0251,8.6829,17.77,4.019,423.0,0.0091,0.7025,16.1336,3021.75,7.811,0.0,1000.9047,1.4,0.9368,11.72,26.3513,16.5391,4.6924,-0.0474,29.225,109.1465,2.497,0.0,23.5073,20.64,8592.0401,86.9236,3.1,87.4809,145.9509,0.2934,16.53,0.0078,0.1096,4.6051,,양품
-6.0545,-0.0107,17.7986,-6624.0,69.9667,-0.2838,0.0621,0.126,15.69,687.0,5.0295,15.65,1.182,1.8725,0.0185,8.7219,16.88,4.375,582.0,-0.0043,0.5438,26.0545,2877.5,12.6976,0.0,989.4793,1.44,0.9361,18.53,21.1715,24.3473,4.5539,-0.0547,30.521,78.9489,2.918,0.0,35.8454,23.97,9434.33,86.5265,3.3,85.2764,151.1536,0.4995,76.78,0.0078,0.1096,4.5971,,양품
2.8745,-0.0113,31.9645,-5305.5,67.9333,0.7569,0.1033,0.084,15.85,268.0,5.1169,15.81,1.116,1.9605,0.0188,9.7324,15.03,4.019,759.0,0.0089,0.7025,17.1255,2637.25,7.4221,0.0,1000.9047,,0.9352,15.62,56.2919,12.6869,4.5558,-0.0701,28.5891,168.7223,2.497,0.0,22.8489,,8400.2601,87.1381,2.0,85.3825,147.9018,0.4831,16.64,0.0078,0.1096,3.354,,양품
-0.81,0.0018,253.7931,-6310.25,69.4222,-0.6623,0.1139,0.139,15.74,811.0,6.3528,15.71,1.182,1.8818,0.0138,8.6439,16.88,4.062,291.0,-0.0114,0.6852,20.81,3028.25,8.5675,0.0,993.4924,1.19,0.9323,22.18,20.4275,13.4236,4.5462,-0.045,31.222,679.0123,2.377,84.507,29.1501,15.6,9750.47,86.7383,3.2,84.2999,146.5445,0.1733,78.04,0.0078,0.1096,4.5958,,양품
8.1445,-0.0109,58.5143,-6406.25,69.3111,-0.4731,0.0661,0.111,15.78,780.0,5.2941,15.76,1.276,1.8847,0.148,8.6439,20.79,3.981,546.0,-0.0044,0.6645,11.8555,3012.0,12.1194,0.0,997.4462,1.37,0.9332,9.33,19.7153,7.6619,4.5483,-0.0232,30.306,97.6114,2.421,0.0,17.3399,13.37,9138.99,86.7383,2.9,84.2999,144.5218,0.2516,78.04,0.0078,0.1096,4.6213,,양품
11.4855,-0.011,29.932,-6329.75,67.2667,-0.7096,0.0461,0.116,15.91,633.0,5.9031,15.9,1.135,1.8855,0.0254,8.8043,18.15,4.062,237.0,-0.0069,0.6802,8.5145,2993.75,7.0427,0.0,1002.4074,,0.9244,23.15,20.3506,11.5991,4.5399,-0.029,37.537,39.18,2.467,512.0,13.7855,,8912.71,86.7995,2.2,86.5513,139.44,0.3064,13.69,0.0078,0.1096,4.6447,,양품
1.4745,-0.0144,71.9723,-5874.25,68.2,0.7569,0.1277,0.033,15.85,212.0,5.7336,15.81,1.116,2.0245,0.0202,8.5288,20.61,4.019,2567.0,-0.0138,0.7025,18.5255,2582.0,10.7441,0.0,1000.9047,,0.9289,22.06,30.6632,18.5328,4.5406,-0.0456,39.524,358.0764,2.497,0.0,25.9662,,9020.6,86.6692,1.8,85.2227,141.4691,0.2556,78.52,0.0078,0.1096,3.3774,265.356,양품
2.0127,-0.0122,28.6885,-5459.0,66.4556,-0.1419,0.0811,0.106,15.77,218.0,5.9644,15.72,1.154,2.0,0.0182,8.7994,17.53,4.264,90.0,-0.0105,0.6556,17.9873,2697.25,6.7628,0.0,1007.3403,1.4,0.9248,21.37,31.1763,16.5918,4.5282,-0.0599,39.257,297.6061,2.465,909.589,25.4566,15.35,8755.2601,86.7297,1.7,84.6614,146.1373,0.3428,2.332,0.0078,0.1096,3.3243,249.706,양품
0.91,-0.0133,30.1602,-5545.75,68.7667,-0.7096,0.051,0.123,15.91,1297.0,6.9024,15.9,1.135,1.9968,0.0216,8.5987,20.88,4.062,251.0,0.019,0.6802,19.09,2823.75,3.0406,0.0,1002.4074,1.52,0.9202,20.85,18.1337,11.4445,4.4784,0.0109,34.138,520.8791,2.467,0.0,24.9957,16.25,7769.61,86.7807,1.9,85.1059,144.1445,0.314,79.98,0.0078,0.1096,3.3003,265.766,양품
-1.5118,-0.0068,67.8967,-6225.75,68.9778,-0.7096,0.089,0.117,15.91,612.0,5.7194,15.9,1.135,1.8842,0.0195,8.6439,18.68,4.062,696.0,0.0109,0.6802,21.5118,3096.25,9.9348,0.0,1002.4074,1.26,0.9248,25.78,26.7339,17.1182,4.5036,-0.0182,41.077,628.3824,2.467,655.7377,30.3514,15.26,8570.0001,86.7383,2.3,84.2999,145.5309,0.3665,78.04,0.0078,0.1096,4.6283,,양품
0.9091,-0.0073,54.7009,-6260.75,69.0222,-0.2838,0.1046,0.098,15.69,452.0,6.3665,15.65,1.182,1.8995,,8.4092,23.63,4.375,322.0,0.0435,0.5438,19.0909,3032.25,3.1553,0.0,989.4793,,0.9378,11.39,29.2967,5.1158,4.6615,0.0081,31.926,546.7,2.918,284.2105,20.5351,,8983.2,86.7481,3.0,85.2626,151.2927,0.1435,77.83,0.0078,0.1096,4.6383,264.272,양품
0.6191,-0.008,71.028,-5607.25,68.1222,-0.9461,0.0984,0.118,15.79,143.0,6.4131,15.74,1.201,2.016,0.0444,8.7867,22.47,3.562,937.0,-0.0208,0.6893,19.3809,2564.5,12.3683,0.0,994.2346,,0.9314,9.82,28.8304,12.7122,4.4982,-0.0795,19.18,0.0,2.452,187.7551,23.1287,,8881.1499,86.5708,2.8,83.7263,147.94,0.2236,76.15,0.0078,0.1096,3.3864,251.03,양품
3.3655,-0.0105,35.3222,-5723.5,68.4667,-0.7096,0.0467,0.066,15.91,2007.0,6.0366,15.9,1.135,2.009,0.032,8.8043,21.42,4.062,1692.0,0.0127,0.6802,16.6345,3112.25,10.0095,0.0,1002.4074,,0.9248,26.44,20.345,15.0473,4.5036,-0.0148,39.289,161.9395,2.467,0.0,25.076,,8746.6701,86.7995,1.6,86.5513,145.38,0.1347,13.69,0.0078,0.1096,3.4372,,양품
-2.63,-0.0093,67.7419,-5628.0,70.4444,-0.7096,0.0719,0.041,15.91,335.0,5.9073,15.9,1.135,2.036,0.0214,8.7897,21.67,4.062,1009.0,0.0034,0.6802,22.63,2561.75,2.7716,0.0051,1002.4074,,0.9237,18.41,22.8834,13.1382,4.5617,-0.0116,33.582,193.9163,2.467,833.3333,29.1444,,8753.7601,86.7752,2.7,86.3849,146.5664,0.2605,14.73,0.0078,0.1096,3.2702,,양품
1.0045,-0.0111,49.5495,-5669.75,69.7111,0.7569,0.11,0.144,15.85,494.0,6.8,15.81,1.116,2.0012,0.0221,8.9546,20.58,4.019,666.0,0.0203,0.7025,18.9955,2729.5,10.5555,0.0,1000.9047,0.76,0.9338,16.46,23.7894,8.0984,4.5389,-0.0487,29.919,875.0226,2.497,591.3043,23.2147,12.46,8777.9,86.9821,2.2,85.5528,146.2291,0.389,78.38,0.0078,0.1096,3.4048,249.896,불량
1.1527,-0.0118,60.1058,-6326.0,66.6333,-0.7096,0.0583,0.109,15.91,772.0,5.441,15.9,1.135,1.8842,0.0241,8.6005,15.97,4.062,669.0,-0.0043,0.6802,18.8473,2963.25,10.63,0.0,1002.4074,1.3,0.9265,16.98,24.0418,11.6468,4.5501,-0.0343,35.678,753.8644,2.467,344.6154,24.6357,18.19,9257.4501,86.6618,3.4,85.4112,146.1,0.327,77.69,0.0078,0.1096,4.6456,263.458,양품
0.2055,-0.0092,61.9565,-6371.0,69.2222,-0.0473,0.073,0.155,15.75,1031.0,6.8171,15.74,1.078,1.882,0.0212,8.8043,19.45,3.494,862.0,-0.0259,0.6887,19.7945,2984.5,8.753,0.0,996.2163,,0.9243,18.69,14.9748,11.923,4.5027,0.0133,37.956,0.0,2.688,378.3784,24.8465,,8642.55,86.7995,2.5,86.5513,141.2691,0.6676,13.69,0.0078,0.1096,4.6758,,양품
-3.8982,-0.0111,35.2542,-6344.25,65.1,0.7569,0.0694,0.145,15.85,721.0,5.5693,15.81,1.116,1.8775,0.034,9.0776,16.41,4.019,384.0,0.0069,0.7025,23.8982,3095.0,8.8927,0.0,1000.9047,1.34,0.9276,21.73,32.8037,19.4473,4.5784,-0.0667,27.951,247.5513,2.497,982.8571,32.3627,25.1,8844.77,86.8379,3.2,85.822,152.5636,0.4281,77.92,0.0078,0.1096,4.6301,,양품
3.2764,-0.0075,81.3333,-5409.0,67.1,-0.6623,0.1302,0.172,15.99,408.0,4.866,15.95,1.314,1.9643,0.0125,9.2047,16.13,4.361,330.0,0.0318,0.7101,16.7236,2955.75,8.7325,0.0,1010.787,1.66,0.9337,27.08,21.1726,15.1018,4.5319,-0.0234,31.842,180.0777,2.588,673.0159,23.8465,21.99,8401.2601,87.0488,2.1,84.2212,147.6055,0.2324,65.01,0.0078,0.1096,3.3998,,양품
-4.0373,-0.011,52.6674,-5246.75,63.6889,-0.6623,0.083,0.104,15.99,232.0,7.0294,15.95,1.314,1.9832,0.0555,9.0776,20.13,4.361,887.0,0.0495,0.7101,24.0373,2648.25,10.5047,0.0,1010.787,,0.9276,17.14,24.5151,12.239,4.5784,-0.06,24.097,181.3105,2.588,937.1429,29.8481,,8512.6402,86.8379,2.7,85.822,151.3945,0.3697,77.92,0.0078,0.1096,3.2181,,양품
0.1618,-0.0116,39.7838,-5697.5,65.8222,-0.4731,0.0759,0.112,15.78,248.0,5.4007,15.76,1.276,1.9937,0.0221,8.5459,17.46,3.981,247.0,0.009,0.6645,19.8382,2775.5,12.816,0.0,997.4462,2.24,0.9337,18.64,34.4068,13.0755,4.5319,-0.0416,28.888,0.0,2.421,0.0,25.1262,19.81,8637.1,86.6954,2.4,84.9334,145.7991,0.2548,77.72,0.0078,0.1096,3.3272,269.118,양품
-3.9436,-0.0109,49.6552,-5933.25,69.9889,-0.6623,0.0827,0.154,15.99,767.0,5.5417,15.95,1.314,2.013,0.0372,8.7897,19.47,4.361,992.0,-0.0119,0.7101,23.9436,2587.25,10.8525,0.0,1010.787,1.24,0.9289,24.09,30.4142,18.7391,4.5406,-0.062,37.559,151.8903,2.588,0.0,31.9933,16.39,9052.29,86.7752,1.5,86.3849,144.2036,0.3374,14.73,0.0078,0.1096,3.2918,,양품
-1.2518,-0.0091,44.9931,-6338.25,69.8444,-0.5677,0.0419,0.103,15.99,585.0,6.2167,15.94,1.418,1.8815,0.0189,8.6005,21.29,5.261,352.0,-0.0027,0.6786,21.2518,2993.0,7.4074,0.0,1009.9188,1.48,0.9251,24.03,16.301,13.3418,4.5155,-0.0857,39.65,308.3515,3.955,0.0,27.0255,16.21,9010.99,86.6618,2.7,85.4112,144.6036,0.2706,77.69,0.0078,0.1096,4.6078,,양품
1.3664,-0.0101,35.5995,-6350.25,65.9556,-0.6623,0.0998,0.132,15.99,656.0,5.8843,15.95,1.314,1.8927,0.0217,8.659,21.54,4.361,357.0,0.0025,0.7101,18.6336,3097.75,10.5245,0.0013,1010.787,1.64,0.9289,16.32,33.7909,17.8328,4.5406,-0.0256,39.033,252.4952,2.588,513.2075,25.688,18.45,8674.79,86.8196,3.4,85.5265,146.0973,0.2556,77.74,0.0078,0.1096,4.6486,252.714,양품
5.65,-0.0111,33.3709,-5278.0,68.1333,0.7569,0.0695,0.132,15.85,3205.0,5.8068,15.81,1.116,2.0158,0.0522,8.5135,17.08,4.019,637.0,-0.0066,0.7025,14.35,3443.5,10.899,0.0,1000.9047,,0.9314,16.39,26.3366,13.1343,4.4982,-0.0434,18.5,186.7257,2.497,685.7143,20.0533,,8616.7302,86.6662,1.7,85.3154,151.48,0.2728,78.79,0.0078,0.1096,3.3309,,양품
7.8264,-0.0057,70.1754,-5444.0,69.2,-0.6623,0.1204,0.056,15.99,278.0,4.9158,15.95,1.314,1.9963,0.0523,8.6527,16.37,4.361,732.0,0.0205,0.7101,12.1736,2608.5,6.7303,0.0,1010.787,0.61,0.9367,18.65,40.4322,11.62,4.7069,-0.0697,29.989,37.3098,2.588,0.0,19.6859,24.54,8746.44,86.9642,2.3,86.4465,148.3236,0.2176,77.24,0.0078,0.1096,3.4909,,양품
-1.1927,-0.0121,63.6364,-5561.0,68.9222,-0.6623,0.073,0.105,15.99,351.0,5.9157,15.95,1.314,1.9905,0.0199,8.5459,18.38,4.361,857.0,0.0032,0.7101,21.1927,2640.0,11.6708,0.0,1010.787,0.76,0.9236,22.27,22.8706,12.1246,4.4987,-0.0603,35.525,390.7012,2.588,773.7705,27.0988,14.13,8866.58,86.6954,2.8,84.9334,145.2327,0.5466,77.72,0.0078,0.1096,3.4601,267.438,양품
5.4991,-0.0105,29.4537,-5192.5,67.5,-0.5677,0.0556,0.248,15.99,796.0,6.5321,15.94,1.418,2.0435,0.0217,8.5288,21.87,5.261,1532.0,-0.0124,0.6786,14.5009,2793.25,6.5965,0.0,1009.9188,1.2,0.9261,20.41,27.4194,11.9794,4.5454,-0.0837,37.589,75.6489,3.955,760.0,17.5983,16.83,8564.1802,86.6692,2.5,85.2227,138.9373,0.1496,78.52,0.0078,0.1096,3.3488,265.306,불량
-0.0309,-0.0137,40.8387,-6461.0,68.5,-0.5677,0.1175,0.15,15.99,738.0,6.0001,15.94,1.418,1.8798,0.0105,8.659,20.58,5.261,480.0,-0.0204,0.6786,20.0309,3097.5,10.5981,0.0,1009.9188,1.95,0.9314,10.77,14.6301,13.6953,4.4982,-0.1184,19.688,0.0,3.955,666.6667,23.8671,16.65,8495.5701,86.8196,2.3,85.5265,148.2891,0.2236,77.74,0.0078,0.1096,4.6401,264.272,양품
0.5091,-0.01,49.9376,-6305.5,67.6111,-0.0473,0.1041,0.103,15.75,429.0,4.3721,15.74,1.078,1.887,0.0216,9.7324,16.92,3.494,377.0,0.0268,0.6887,19.4909,3049.5,7.1805,0.002,996.2163,1.32,0.9327,16.72,149.3851,13.7382,4.5454,-0.0671,27.92,870.1786,2.688,209.0909,23.1579,15.18,9805.1499,87.1381,2.7,85.3825,149.7418,1.1093,16.64,0.0078,0.1096,4.56,264.45,양품
,-0.0094,53.1208,-5871.75,69.1,-0.1419,0.1033,0.048,15.9,384.0,,15.84,1.163,2.0125,0.044,8.5788,,4.809,1074.0,0.0215,0.6764,,2707.5,5.7127,0.0,997.8064,,0.927,,,,4.5556,-0.0422,,,2.708,470.5882,,,8651.9899,86.6582,3.2,85.7419,148.7727,0.2586,78.0,0.0078,0.1096,3.3718,252.434,양품
,-0.0115,26.1723,-6624.5,71.3333,-0.6623,0.0631,0.055,15.99,424.0,5.8591,15.95,1.314,1.8758,0.0154,8.7199,18.34,4.361,456.0,-0.0035,0.7101,,2949.75,12.6669,0.0,1010.787,0.73,0.9248,,40.0406,,4.5036,-0.0241,37.987,,2.588,0.0,,19.61,9075.89,86.7612,2.2,84.2942,,0.188,76.97,0.0078,0.1096,4.5282,,양품
0.5755,-0.0126,31.8408,-6736.0,68.2222,-0.1419,0.0591,0.15,15.9,644.0,6.1628,15.84,1.163,1.8895,0.0195,9.7836,20.53,4.809,1948.0,0.0031,0.6764,19.4245,3136.0,8.7724,0.0,997.8064,1.0,0.9236,22.91,26.4506,10.8896,4.4987,-0.0467,36.056,667.2996,2.708,493.3333,25.0179,23.08,8501.46,87.2,2.2,83.6359,147.99,0.3274,66.12,0.0078,0.1096,4.6251,,양품
0.2573,-0.0095,57.971,-5232.25,67.2889,-0.5677,0.0654,0.08,15.99,242.0,5.7795,15.94,1.418,1.9805,0.0138,8.659,18.89,5.261,1053.0,-0.0088,0.6786,19.7427,2498.5,7.9538,0.0,1009.9188,1.88,0.9265,17.97,23.9436,14.76,4.5501,0.0115,35.044,0.0,3.955,0.0,25.518,15.49,8455.6002,86.8196,1.5,85.5265,144.55,0.327,77.74,0.0078,0.1096,3.3009,264.43,양품
9.2827,-0.0081,38.3901,-5234.5,65.5778,-0.5677,0.0694,0.149,15.99,397.0,6.2345,15.94,1.418,2.0132,0.0253,8.7994,19.37,5.261,721.0,0.0034,0.6786,10.7173,2747.25,6.8229,0.0,1009.9188,,0.9244,20.92,24.911,12.9133,4.5399,-0.0468,38.932,66.683,3.955,0.0,16.5512,,7767.31,86.7297,2.9,84.6614,141.5127,0.3025,2.332,0.0078,0.1096,3.4378,,양품
-1.0482,-0.013,43.8462,-6319.75,68.3889,0.0,0.1027,0.101,15.91,595.0,5.9818,15.87,1.541,1.8838,0.0251,9.7836,19.15,4.563,381.0,0.0294,0.7717,21.0482,3004.75,7.8391,0.0,1001.3796,1.59,0.9236,22.92,23.6965,11.9482,4.4987,-0.0586,38.333,648.7424,2.51,0.0,27.6136,25.55,8711.62,87.2,2.1,83.6359,147.3027,0.2103,66.12,0.0078,0.1096,4.6309,263.776,양품
5.6309,-0.0097,26.943,-5121.0,69.3889,-0.1419,0.0941,0.207,15.9,683.0,5.2759,15.84,1.163,1.9958,0.0184,8.5288,16.32,4.809,786.0,-0.0066,0.6764,14.3691,2591.5,6.6693,0.0,997.8064,1.09,0.9332,19.95,20.8559,13.9137,4.5483,-0.024,30.912,64.288,2.708,0.0,19.8754,16.19,9195.1899,86.6692,2.3,85.2227,140.79,0.1496,78.52,0.0078,0.1096,3.3047,267.996,양품
13.3709,-0.0114,46.4912,-5229.25,68.9111,-0.5677,0.0459,0.173,15.99,491.0,5.5776,15.94,1.418,2.0103,0.0234,8.8043,16.8,5.261,1256.0,-0.0125,0.6786,6.6291,2558.0,11.3399,0.0,1009.9188,0.86,0.9247,10.48,23.1715,3.7778,4.5068,-0.0584,36.793,30.5141,3.955,627.451,12.0446,14.43,8213.75,86.7995,1.8,86.5513,149.6009,0.1252,13.69,0.0078,0.1096,3.3838,,불량
5.1736,-0.0103,28.1553,-6183.75,67.9222,0.0,0.0664,0.124,15.91,748.0,5.8216,15.87,1.541,1.8882,0.0114,8.5334,17.94,4.563,213.0,0.0206,0.7717,14.8264,2999.75,7.9459,0.0,1001.3796,1.76,0.9361,18.51,24.1412,17.3254,4.5539,-0.0358,28.262,126.4101,2.51,910.3448,20.671,19.78,8355.5202,86.8109,2.6,85.9922,144.7345,0.3358,78.33,0.0078,0.1096,4.6626,248.99,양품
4.8373,-0.0085,119.174,-5506.25,67.7778,0.0,0.0638,0.103,15.91,230.0,5.3511,15.87,1.541,1.9973,0.0206,8.3324,17.75,4.563,229.0,0.0212,0.7717,15.1627,2631.0,5.7074,0.0,1001.3796,1.03,0.9361,19.37,27.4139,15.2691,4.5539,-0.0251,33.038,69.8741,2.51,0.0,23.9068,19.02,8338.1102,86.8346,1.5,85.1669,146.2127,0.2068,77.63,0.0078,0.1096,3.3874,247.692,양품
6.3691,-0.0097,74.5149,-5622.5,71.4444,-0.5677,0.0805,0.158,15.99,568.0,5.5444,15.94,1.418,2.0183,0.0342,8.7897,18.92,5.261,878.0,-0.0087,0.6786,13.6309,2752.5,8.1367,0.0,1009.9188,,0.9254,16.6,20.4664,12.8879,4.5596,-0.0624,40.545,118.6981,3.955,965.5172,19.6579,,8054.11,86.7752,1.7,86.3849,143.0427,0.2516,14.73,0.0078,0.1096,3.3219,264.272,양품
0.2818,-0.0129,34.8837,-5046.25,70.7778,-0.6623,0.0958,0.094,15.99,215.0,6.0756,15.95,1.314,1.999,0.025,8.6427,20.05,4.361,1066.0,-0.0175,0.7101,19.7182,2615.75,11.9112,0.0,1010.787,,0.9289,15.19,26.0912,18.4325,4.5406,-0.0323,36.004,0.0,2.588,0.0,26.8707,,8421.3802,86.575,2.9,83.7738,144.0982,0.2556,78.0,0.0078,0.1096,3.378,,양품
-0.8964,-0.0099,59.8226,-5530.0,70.1889,0.0,0.0645,0.238,15.91,984.0,5.9494,15.87,1.541,1.987,0.016,8.7283,18.77,4.563,1531.0,-0.0427,0.7717,20.8964,2754.0,6.4152,0.0,1001.3796,,0.9313,20.07,33.4113,16.1773,4.5229,-0.0325,18.402,0.0,2.51,0.0,25.5848,,9253.8801,86.6108,2.5,84.7007,150.5255,0.2491,14.88,0.0078,0.1096,3.3801,250.234,양품
-0.1745,-0.0095,63.3245,-6339.0,66.4111,-0.1419,0.0569,0.084,15.9,694.0,4.6227,15.84,1.163,1.8873,0.0258,8.8043,15.49,4.809,392.0,0.0214,0.6764,20.1745,2989.75,9.6213,0.0,997.8064,0.99,0.9237,24.87,23.7688,13.3946,4.5617,0.0151,40.043,0.0,2.708,0.0,26.166,14.82,8461.7499,86.7995,2.4,86.5513,144.1891,1.1669,13.69,0.0078,0.1096,4.613,265.212,양품
7.0709,-0.0118,34.709,-6626.5,70.6444,-0.5677,0.0678,0.108,15.99,634.0,5.4252,15.94,1.418,1.8765,0.0515,8.7851,19.09,5.261,400.0,-0.0016,0.6786,12.9291,2835.25,6.2768,0.0,1009.9188,0.76,0.9263,20.2,25.2232,10.0637,4.535,-0.0587,39.977,87.1175,3.955,0.0,18.8096,19.94,9069.8799,86.585,2.1,85.8823,144.7473,0.2759,77.05,0.0078,0.1096,4.6546,264.716,양품
0.4545,-0.0064,90.8023,-7148.0,66.0444,0.0,0.0826,0.131,15.91,737.0,5.5892,15.87,1.541,1.8875,0.0184,8.8132,17.4,4.563,1799.0,-0.0059,0.7717,19.5455,2936.5,6.7015,0.0,1001.3796,,0.9302,16.43,16.6815,7.7125,4.5729,0.0374,30.221,0.0,2.51,0.0,26.6523,,8873.9599,86.52,3.4,85.8748,143.4373,0.3213,77.26,0.0078,0.1096,4.6926,,양품
2.2518,-0.0111,57.7227,-6235.25,68.7,-0.1419,0.081,0.143,15.9,793.0,5.9603,15.84,1.163,1.8873,0.0396,8.5855,19.8,4.809,721.0,-0.0046,0.6764,17.7482,3027.75,8.3687,0.0,997.8064,1.16,0.9313,17.4,46.2235,13.6936,4.5229,-0.057,18.443,432.9834,2.708,0.0,24.5136,17.36,9118.49,86.8774,3.0,86.2857,149.6827,0.258,78.33,0.0078,0.1096,4.6498,252.686,양품
0.9991,-0.0083,55.5053,-6233.5,65.6444,0.0,0.0682,0.118,15.91,467.0,5.5943,15.87,1.541,1.905,0.1087,23.1583,17.67,4.563,422.0,-0.021,0.7717,19.0009,3136.75,6.927,0.0,1001.3796,,0.9308,11.11,16.3286,11.4805,4.5234,-0.0349,16.616,0.0,2.51,654.5455,24.1484,,8702.61,87.0024,3.0,103.1082,150.9955,0.229,77.9,0.0078,0.1096,4.7052,,양품
2.3691,-0.0112,44.7427,-5394.75,69.0667,-0.1419,0.0996,0.126,15.9,340.0,5.1818,15.84,1.163,2.019,0.0277,8.5891,15.92,4.809,1019.0,0.0376,0.6764,17.6309,2763.5,2.2935,0.0,997.8064,1.44,0.9257,20.42,13.2235,10.9515,4.5024,-0.0563,38.501,291.6731,2.708,0.0,25.1846,16.13,8744.62,86.7366,1.0,86.0936,149.3536,0.399,78.4,0.0078,0.1096,3.4664,255.288,양품
3.43,-0.011,48.9241,-6273.75,69.6111,-0.6623,0.0752,0.125,15.99,502.0,5.0292,15.95,1.314,1.8963,0.0202,9.3335,15.64,4.361,237.0,-0.0004,0.7101,16.57,3099.5,9.5309,0.0,1010.787,,0.927,28.23,14.446,12.7509,4.5556,-0.0683,37.22,134.1108,2.588,550.8197,24.1049,,9319.68,86.8786,2.5,84.0746,147.1155,0.2158,66.55,0.0078,0.1096,4.6859,253.386,양품
2.3755,-0.0147,28.5472,-6368.5,68.1111,-0.1419,0.1249,0.077,15.9,646.0,5.0931,15.84,1.163,1.8872,0.0225,9.7836,15.61,4.809,469.0,0.0478,0.6764,17.6245,3016.25,11.6535,0.0,997.8064,0.12,0.927,23.55,20.1806,14.7873,4.5556,-0.0589,32.333,157.8645,2.708,0.0,24.9602,12.71,8542.16,87.2,2.3,83.6359,149.0718,0.2536,66.12,0.0078,0.1096,4.656,,양품
1.1682,-0.0118,56.5998,-5319.25,68.6,-0.1419,0.0769,0.15,15.9,552.0,5.443,15.84,1.163,1.9968,0.0162,8.5135,17.85,4.809,1161.0,0.0282,0.6764,18.8318,2691.0,10.4761,0.0,997.8064,1.3,0.927,26.14,26.1894,14.4718,4.5556,-0.0347,38.099,524.7483,2.708,519.4805,26.8972,12.8,8956.1699,86.6662,3.2,85.3154,147.1727,0.1427,78.79,0.0078,0.1096,3.4207,,양품
0.1691,-0.0112,42.7141,-6366.0,68.1778,-0.5204,0.088,0.09,15.89,495.0,5.1317,15.91,1.239,1.8988,0.0192,9.2047,14.43,4.392,356.0,0.0035,0.7586,19.8309,3133.5,9.3115,0.0,1003.0211,,0.9236,29.8,26.2956,11.6717,4.4987,-0.0998,38.378,0.0,2.453,0.0,24.6599,,8637.8101,87.0488,3.2,84.2212,145.0809,0.4535,65.01,0.0078,0.1096,4.6661,,양품
2.6491,-0.011,37.3576,-5651.25,69.2111,0.0,0.0769,0.147,15.91,654.0,4.8905,15.87,1.541,2.015,0.0468,8.9546,17.45,4.563,574.0,0.027,0.7717,17.3509,2729.25,11.6119,0.0,1001.3796,,0.927,19.92,29.7602,13.57,4.5556,-0.0318,37.566,195.5388,2.51,664.1509,25.1013,,9454.83,86.9821,3.2,85.5528,147.5745,0.2423,78.38,0.0078,0.1096,3.3711,,양품
3.1382,-0.0114,37.8022,-5397.5,68.5889,-0.5204,0.077,0.136,15.89,2446.0,4.1069,15.91,1.239,1.9798,0.0148,8.5788,14.98,4.392,328.0,-0.0068,0.7586,16.8618,3260.25,7.7716,0.0,1003.0211,0.95,0.9265,18.97,20.2698,13.4267,4.5501,-0.0391,33.041,136.066,2.453,0.0,24.5541,15.44,8626.21,86.6582,2.7,85.7419,148.0836,0.3154,78.0,0.0078,0.1096,3.3416,251.134,양품
4.4364,-0.0105,69.3587,-5451.25,68.2778,-0.6623,0.0603,0.118,15.99,324.0,6.2098,15.95,1.314,2.014,0.0138,8.5135,20.79,4.361,610.0,-0.0057,0.7101,15.5636,2785.75,11.1189,0.0,1010.787,1.47,0.9313,9.39,24.5781,9.8018,4.5229,-0.0449,17.227,251.1066,2.588,911.1111,21.5368,18.47,8159.48,86.6662,1.2,85.3154,151.1327,0.2395,78.79,0.0078,0.1096,3.3046,251.298,양품
2.1045,-0.0123,44.6247,-6358.25,69.1667,-0.5204,0.1025,0.131,15.89,650.0,7.4426,15.91,1.239,1.8878,0.0533,9.6938,24.86,4.392,518.0,0.0171,0.7586,17.8955,3059.25,6.2743,0.0,1003.0211,2.04,0.928,11.39,22.8028,12.1355,4.5337,-0.0238,36.687,196.7171,2.453,347.8261,22.9633,18.26,8499.47,87.0735,2.9,85.0066,146.6364,0.8108,65.74,0.0078,0.1096,4.6407,,양품
3.9818,-0.0095,45.5026,-5496.75,66.8111,0.0473,0.0533,0.125,15.93,587.0,5.7653,15.82,1.295,1.981,0.0134,9.2047,16.95,4.248,862.0,0.0122,0.7888,16.0182,2515.5,9.0689,0.0,1003.4291,0.48,0.9337,19.85,20.2286,12.4728,4.5319,-0.0227,30.717,238.3333,2.499,865.3061,21.1459,16.36,8251.1898,87.0488,2.3,84.2212,143.8073,0.4246,65.01,0.0078,0.1096,3.3708,,양품
2.8182,-0.0098,53.265,-6335.25,69.9333,0.0,0.0887,0.079,15.91,504.0,6.7766,15.87,1.541,1.8898,0.0482,8.5297,24.28,4.563,421.0,0.0095,0.7717,17.1818,3059.25,9.0989,0.0,1001.3796,1.15,0.9257,15.8,14.4248,8.3951,4.5024,-0.0548,38.305,114.2581,2.51,0.0,22.6844,16.71,8630.2701,86.8269,3.0,85.5033,145.4964,0.4433,79.31,0.0078,0.1096,4.6674,,양품
-0.1209,-0.0076,67.3267,-6170.75,67.9667,-0.1419,0.0789,0.077,15.9,819.0,6.3084,15.84,1.163,2.0165,0.127,8.5987,19.07,4.809,2403.0,0.0113,0.6764,20.1209,2627.25,6.9304,0.0,997.8064,,0.9248,21.52,24.8249,14.9973,4.5484,0.0016,37.951,0.0,2.708,0.0,28.8518,,9395.9002,86.7807,1.9,85.1059,148.1355,0.3699,79.98,0.0078,0.1096,3.3099,,양품
1.1782,-0.0068,90.5109,-5372.25,68.2222,-0.1419,0.0777,0.146,15.9,272.0,7.2599,15.84,1.163,2.0088,0.024,8.7418,23.42,4.809,994.0,-0.0074,0.6764,18.8218,2488.0,5.1446,0.0,997.8064,,0.9293,9.29,17.1475,7.674,4.5537,0.0189,34.743,335.2623,2.708,968.4211,20.0249,,8332.2201,86.5759,3.9,84.8892,152.1927,0.1958,78.11,0.0078,0.1096,3.5158,,양품
0.1664,-0.0117,41.9251,-5472.75,67.1222,-0.5204,0.1003,0.167,15.89,454.0,6.833,15.91,1.239,1.9878,0.0148,9.2047,20.66,4.392,1400.0,0.0103,0.7586,19.8336,2687.75,10.563,0.0,1003.0211,,0.9324,21.31,19.442,11.2309,4.5122,-0.0331,30.68,0.0,2.453,0.0,26.1038,,9037.95,87.0488,3.9,84.2212,143.1645,0.2724,65.01,0.0078,0.1096,3.379,,양품
4.92,-0.0111,35.9955,-5677.75,67.1778,0.0,0.0698,0.179,15.91,570.0,5.4468,15.87,1.541,2.0012,0.0272,9.7324,17.02,4.563,390.0,0.0036,0.7717,15.08,2726.5,10.2454,0.0,1001.3796,1.24,0.9361,16.99,29.814,15.0528,4.5539,-0.0462,28.727,87.1951,2.51,0.0,22.7427,8.29,9794.51,87.1381,2.5,85.3825,149.0964,1.0685,16.64,0.0078,0.1096,3.2893,249.292,양품
-1.3227,-0.0073,46.4957,-6424.75,67.7444,-1.655,0.0663,0.091,15.95,660.0,5.7706,15.93,1.376,1.89,0.0406,8.5232,15.77,4.585,759.0,0.0103,0.7591,21.3227,3144.25,7.8402,0.0,1005.3318,1.05,0.9329,24.95,22.7657,17.2327,4.5834,-0.0169,23.654,492.1649,2.461,0.0,29.827,18.9,9580.61,86.6814,3.1,85.5983,150.7,0.2525,78.95,0.0078,0.1096,4.6396,,양품
-0.7845,-0.0114,66.0793,-6369.75,70.1,-0.0946,0.1382,0.131,15.96,650.0,4.7145,15.92,1.399,1.8907,0.0498,8.5135,14.73,4.92,293.0,0.0395,0.7436,20.7845,3045.5,8.2149,0.0,1006.0844,,0.927,19.36,14.8615,14.6036,4.5556,-0.0315,38.317,852.7231,2.471,0.0,28.7982,,8626.7101,86.6662,2.2,85.3154,151.9718,0.2969,78.79,0.0078,0.1096,4.6684,251.342,양품
0.2655,-0.0137,32.0875,-6328.75,68.0889,-1.655,0.0431,0.119,15.95,646.0,4.698,15.93,1.376,1.8805,0.0464,8.5615,16.01,4.585,628.0,0.0004,0.7591,19.7345,3044.75,6.821,0.0,1005.3318,1.1,0.9265,19.14,23.6531,10.2814,4.5501,-0.0404,37.475,0.0,2.461,0.0,25.8087,16.1,8720.6101,86.8706,2.9,86.3794,148.9355,0.2646,79.0,0.0078,0.1096,4.6527,265.17,양품
-3.6855,-0.0111,36.036,-6234.5,69.7889,-0.0946,0.1245,0.125,15.96,721.0,5.5498,15.92,1.399,1.8878,0.0225,8.5855,17.35,4.92,360.0,0.0427,0.7436,23.6855,2921.5,7.375,0.0,1006.0844,1.87,0.9142,10.15,17.8529,8.39,4.5382,-0.0298,32.963,231.1791,2.471,800.0,28.4754,14.74,8496.97,86.8774,2.7,86.2857,146.2955,0.2812,78.33,0.0078,0.1096,4.6127,265.448,양품
-1.7609,-0.0089,22.4404,-5962.0,69.0444,-0.0946,0.0615,0.106,15.96,77.0,5.1793,15.92,1.399,2.0393,0.0151,8.7283,16.08,4.92,1799.0,-0.008,0.7436,21.7609,2517.75,7.2128,0.0,1006.0844,1.92,0.923,18.24,24.78,12.8948,4.5698,-0.0376,36.558,462.8291,2.471,0.0,31.1484,21.89,8611.06,86.6108,2.4,84.7007,145.7055,0.2932,14.88,0.0078,0.1096,3.4756,250.544,양품
2.9691,-0.0089,67.0391,-5490.25,65.6556,-0.0946,0.0522,0.095,15.96,331.0,5.5332,15.92,1.399,2.0065,0.0203,9.754,20.98,4.92,631.0,0.0175,0.7436,17.0309,2737.75,7.095,0.0,1006.0844,,0.929,22.52,16.6688,12.1627,4.5141,-0.0247,34.488,178.169,2.471,0.0,22.5569,,8726.7798,87.1954,3.3,85.8807,146.0755,0.3671,65.11,0.0078,0.1096,3.483,250.698,양품
-1.7982,-0.0174,32.1377,-6330.25,67.6111,0.0,0.0497,0.119,15.91,605.0,4.7883,15.87,1.541,1.8855,0.0484,8.9546,15.51,4.563,339.0,0.001,0.7717,21.7982,3084.0,8.7108,0.0,1001.3796,1.31,0.9338,19.31,38.1405,9.7697,4.5389,-0.0387,30.03,433.7715,2.51,224.0,25.6366,14.54,7788.46,86.9821,2.9,85.5528,145.8109,0.3106,78.38,0.0078,0.1096,4.6416,249.146,양품
-0.3736,-0.0107,62.9108,-5135.0,68.7667,-1.655,0.0487,0.123,15.95,666.0,5.2192,15.93,1.376,2.0005,0.0147,8.9635,16.81,4.585,569.0,0.0,0.7591,20.3736,2605.5,6.6688,0.0,1005.3318,1.17,0.927,16.68,9.9594,10.6183,4.5556,-0.0277,35.172,0.0,2.461,0.0,26.4354,17.91,9064.2501,86.9622,2.5,84.7226,149.5255,0.2236,77.84,0.0078,0.1096,3.4977,,양품
4.9073,-0.0072,68.1739,-6188.0,66.1444,-0.0946,0.0651,0.126,15.96,532.0,5.9707,15.92,1.399,1.8958,0.0302,8.5334,19.0,4.92,614.0,-0.0068,0.7436,15.0927,3069.75,8.1971,0.0,1006.0844,,0.9238,27.14,20.046,14.6155,4.5429,-0.0375,28.567,222.1193,2.471,577.7778,22.6375,,8296.7401,86.8109,3.7,85.9922,141.8018,0.2881,78.33,0.0078,0.1096,4.6649,251.854,양품
1.49,-0.01,50.2513,-6475.5,69.0889,-0.0946,0.0612,0.133,15.96,671.0,5.3185,15.92,1.399,1.8847,0.0158,8.5779,17.06,4.92,579.0,-0.0035,0.7436,18.51,3067.5,7.2552,0.0,1006.0844,0.87,0.9265,16.92,21.3129,10.4974,4.5501,-0.0362,38.912,483.2215,2.471,0.0,24.3465,11.88,8630.7298,86.6492,2.7,85.2601,148.8755,0.3167,13.83,0.0078,0.1096,4.6689,,양품
3.2491,-0.0113,37.9691,-5558.0,66.5222,-1.655,0.0953,0.124,15.95,292.0,6.8121,15.93,1.376,2.0195,0.0138,8.9546,22.61,4.585,400.0,-0.0106,0.7591,16.7509,2830.0,7.1662,0.0,1005.3318,2.19,0.9352,21.94,45.836,12.4782,4.5558,-0.0239,29.341,132.9603,2.461,608.0,23.4873,11.56,9026.55,86.9821,2.6,85.5528,146.84,0.2706,78.38,0.0078,0.1096,3.4083,,양품
-1.0927,-0.0109,48.5126,-6380.0,67.3,0.2365,0.0429,0.119,15.99,641.0,5.8811,15.92,1.338,1.8912,0.2193,23.1583,18.36,4.567,515.0,0.0064,0.7287,21.0927,3043.75,11.2427,0.0,1008.7232,1.58,0.9265,12.18,25.5607,11.845,4.5501,-0.0913,37.793,377.9534,2.803,514.2857,27.729,15.78,8867.06,87.0024,3.2,103.1082,149.3582,0.2556,77.9,0.0078,0.1096,4.6652,,양품
0.2536,-0.0126,69.1162,-5630.75,65.2,-0.0946,0.0938,0.067,15.96,354.0,5.0449,15.92,1.399,1.9838,0.0157,9.754,18.34,4.92,300.0,0.0261,0.7436,19.7464,3050.5,10.4684,0.0007,1006.0844,,0.927,18.51,30.4772,15.8009,4.5556,-0.0448,37.631,0.0,2.471,640.0,28.3785,,9141.3299,87.1954,3.9,85.8807,147.83,0.2684,65.11,0.0078,0.1096,3.5219,,양품
-0.7036,-0.012,39.2894,-5473.25,68.6,0.2365,0.0772,0.053,15.99,300.0,5.5866,15.92,1.338,2.0035,0.0798,8.3324,19.21,4.567,307.0,0.0124,0.7287,20.7036,2589.25,9.6348,0.0,1008.7232,0.47,0.9236,19.06,24.5904,8.4078,4.4987,-0.0558,36.772,983.4625,2.803,814.2857,26.841,14.59,8605.28,86.8346,1.9,85.1669,146.0609,0.6724,77.63,0.0078,0.1096,3.4189,,양품
3.73,-0.011,20.9567,-5611.5,66.0,-0.5204,0.0491,0.249,15.97,556.0,6.7593,15.95,1.447,2.0005,0.0161,8.9635,19.41,4.41,661.0,0.0213,0.7232,16.27,2770.25,8.4764,0.0,1007.4808,1.61,0.928,10.06,14.6289,12.2001,4.5337,-0.0584,35.678,173.4584,2.875,0.0,20.899,17.49,8328.6299,86.9622,2.1,84.7226,144.3464,0.3201,77.84,0.0078,0.1096,3.342,,양품
-0.4173,-0.0108,34.1801,-6382.5,68.8,-0.0946,0.09,0.127,15.96,655.0,7.353,15.92,1.399,1.881,0.0175,9.7836,22.45,4.92,531.0,-0.0104,0.7436,20.4173,2995.75,10.9411,0.0,1006.0844,0.4,0.9236,20.16,21.3212,11.4469,4.4987,-0.0815,37.374,0.0,2.471,407.2727,27.1259,17.83,9137.5001,87.2,2.7,83.6359,145.7555,0.3613,66.12,0.0078,0.1096,4.6367,264.906,양품
1.4464,-0.0118,65.1163,-5666.25,68.6333,-0.5204,0.1201,0.078,15.97,120.0,6.554,15.95,1.447,2.0528,0.0158,8.7812,20.23,4.41,725.0,0.0317,0.7232,18.5536,2776.75,11.4927,0.0,1007.4808,1.62,0.9314,23.35,42.6995,14.8863,4.4982,-0.057,18.877,967.2532,2.875,0.0,23.7545,13.87,8589.6398,86.6597,1.7,85.2505,148.6809,0.3841,79.07,0.0078,0.1096,3.4868,,양품
4.8364,-0.0095,47.1204,-5523.75,70.9,0.3311,0.0634,0.097,15.95,302.0,6.8081,15.91,1.04,2.0347,0.0182,8.6706,19.86,3.193,571.0,0.0033,0.7884,15.1636,2576.5,7.0985,0.0,1008.7769,0.42,0.9295,15.22,32.4354,6.5598,4.5089,-0.0615,20.658,365.3571,2.662,0.0,20.0445,12.67,8373.26,86.8967,2.2,84.7348,149.5873,1.138,77.84,0.0078,0.1096,3.4168,264.272,양품
-2.6655,-0.009,72.2222,-6477.0,70.2222,0.3311,0.0619,0.094,15.95,392.0,6.3086,15.91,1.04,1.8925,0.0876,8.6706,18.17,3.193,240.0,-0.0119,0.7884,22.6655,2917.25,9.27,0.0,1008.7769,1.23,0.9357,14.42,12.5391,12.7551,4.5829,-0.0584,22.049,276.5007,2.662,0.0,28.1985,13.4,8884.93,86.8967,3.9,84.7348,153.8045,1.138,77.84,0.0078,0.1096,4.68,252.85,양품
-0.3455,-0.0146,45.7338,-5733.0,68.0,0.2365,0.1378,0.183,15.99,580.0,5.6345,15.92,1.338,1.9952,0.0211,8.7283,16.91,4.567,1554.0,0.0252,0.7287,20.3455,2627.0,9.2329,0.0,1008.7232,,0.9217,16.43,32.9145,9.4727,4.4937,-0.073,31.468,0.0,2.803,549.3976,28.4793,,8400.72,86.6108,2.6,84.7007,143.8591,0.1493,14.88,0.0078,0.1096,3.4512,,양품
-6.6055,-0.0103,36.715,-5242.25,68.5778,-1.655,0.0464,0.133,15.95,1891.0,6.7536,15.93,1.376,2.0,0.0251,8.7932,20.61,4.585,533.0,0.0038,0.7591,26.6055,3108.0,7.0014,0.0,1005.3318,,0.9276,21.47,14.0899,11.6909,4.5784,-0.0427,26.476,108.0925,2.461,0.0,32.7516,,8622.7099,86.8489,2.3,85.513,154.9836,0.2739,2.126,0.0078,0.1096,3.5462,,양품
-0.0191,-0.0132,18.1303,-5336.0,65.9111,-0.0946,0.0458,0.212,15.96,3362.0,5.5926,15.92,1.399,1.993,0.0411,9.0425,17.16,4.92,884.0,0.0003,0.7436,20.0191,3553.0,8.7773,0.0,1006.0844,2.17,0.9313,20.41,31.2453,14.2545,4.6532,-0.0344,24.868,0.0,2.471,256.0,27.3069,13.56,8846.63,86.8006,2.9,84.6838,151.7891,0.3213,,0.0078,0.1096,3.408,250.556,양품
1.4845,-0.0146,62.3288,-5472.0,69.0667,0.7569,0.1218,0.213,15.77,374.0,5.5519,15.79,0.9649,1.9978,0.0195,8.5288,16.78,4.254,1077.0,0.0174,0.6627,18.5155,2730.0,10.5239,0.0,1000.8402,,0.9258,24.39,22.7157,20.0572,4.5448,-0.0185,28.676,447.275,2.888,0.0,25.426,,9205.3697,86.6692,2.0,85.2227,139.4236,0.3579,78.52,0.0078,0.1096,3.3631,,양품
8.9864,-0.0083,76.8769,-5361.5,63.8444,-0.5204,0.0627,0.201,15.97,443.0,5.9035,15.95,1.447,2.0023,0.1053,8.5232,20.32,4.41,692.0,0.0006,0.7232,11.0136,2661.0,16.365,0.0,1007.4808,0.7,0.9335,13.81,20.9094,11.1346,4.5434,-0.0681,31.786,64.8761,2.875,751.5152,17.1276,18.9,9005.5399,86.6814,3.1,85.5983,143.6782,0.3806,78.95,0.0078,0.1096,3.4144,,양품
-0.95,-0.0142,61.9718,-6341.25,72.3111,-0.5204,0.0749,0.14,15.89,584.0,6.405,15.91,1.239,1.8945,0.0286,8.4896,19.93,4.392,342.0,0.0024,0.7586,20.95,2987.0,6.354,0.0,1003.0211,1.11,0.923,16.04,21.4808,12.3092,4.5698,0.0014,30.299,0.0,2.453,517.0732,24.9604,17.01,8889.4001,87.0327,3.5,85.2679,136.75,0.2329,78.04,0.0078,0.1096,4.6594,264.272,양품
2.8618,-0.0101,55.377,-6222.5,66.7333,0.3311,0.128,0.116,15.95,682.0,5.9291,15.91,1.04,1.894,0.0236,8.5855,19.27,3.193,627.0,0.0308,0.7884,17.1382,3060.25,3.8595,0.0,1008.7769,1.9,0.9314,18.69,38.9811,11.3909,4.4982,-0.0207,19.496,427.3507,2.662,533.3333,22.83,15.43,8657.8701,86.8774,2.1,86.2857,150.7718,0.2852,78.33,0.0078,0.1096,4.6666,,양품
-2.0764,-0.0141,33.2449,-6305.25,67.4111,-1.655,0.1157,0.142,15.95,780.0,6.314,15.93,1.376,1.888,0.0162,8.5891,19.72,4.585,572.0,0.0344,0.7591,22.0764,3041.75,12.2403,0.0,1005.3318,,0.934,23.85,33.3826,15.5746,4.5775,-0.0586,28.097,344.8336,2.461,738.4615,30.4914,,8763.57,86.7366,2.4,86.0936,153.0282,0.2494,78.4,0.0078,0.1096,4.6542,,양품
3.36,-0.0144,45.8732,-5412.5,67.3667,0.7569,0.0858,0.168,15.77,229.0,5.318,15.79,0.9649,1.9957,0.4686,8.7568,17.27,4.254,1090.0,0.0243,0.6627,16.64,2500.5,11.3892,0.0,1000.8402,1.24,0.9305,28.9,18.0449,15.4055,4.5122,-0.044,33.842,174.7024,2.888,431.5789,25.3734,19.64,8642.9699,86.5928,2.8,85.7033,146.5109,0.1975,76.76,0.0078,0.1096,3.4331,264.272,양품
4.0427,-0.0093,69.7051,-5320.5,66.9333,-0.0946,0.0617,0.151,15.96,2059.0,5.6554,15.92,1.399,2.0238,0.031,8.9635,16.89,4.92,197.0,0.0068,0.7436,15.9573,2775.25,7.5901,0.0,1006.0844,1.57,0.928,26.18,19.5843,12.3891,4.5337,-0.0394,38.995,188.2393,2.471,971.4286,23.229,17.24,9322.2499,86.9622,2.2,84.7226,146.0255,0.2605,77.84,0.0078,0.1096,3.3962,265.996,양품
2.8618,-0.0129,29.4004,-5304.5,68.8556,-0.5204,0.0972,0.109,15.89,561.0,7.1774,15.91,1.239,2.0155,0.0199,8.3324,20.62,4.392,485.0,0.0251,0.7586,17.1382,2670.0,8.2874,0.0,1003.0211,0.84,0.928,16.71,14.085,8.6469,4.5337,-0.0493,36.055,170.521,2.453,0.0,21.7888,22.04,8571.1401,86.8346,2.8,85.1669,147.81,0.3394,77.63,0.0078,0.1096,3.4916,267.414,양품
-1.9909,-0.0112,40.0891,-5387.5,71.5444,0.3311,0.0634,0.125,15.95,363.0,6.0443,15.91,1.04,1.9693,0.08,8.6706,21.07,3.193,368.0,0.0014,0.7884,21.9909,2706.0,5.112,0.0,1008.7769,,0.9356,17.36,18.0611,12.5046,4.5724,-0.0171,22.983,248.6301,2.662,0.0,26.8809,,8746.5098,86.8967,2.1,84.7348,152.7082,1.138,77.84,0.0078,0.1096,3.5223,264.272,양품
0.7655,-0.0089,63.6872,-6300.25,69.7556,-0.5204,0.0519,0.104,15.97,535.0,7.1479,15.95,1.447,1.8685,0.0244,8.5334,25.07,4.41,405.0,0.002,0.7232,19.2345,2881.5,10.7967,0.0,1007.4808,1.79,0.9327,15.36,33.3539,8.8098,4.5454,-0.0484,28.733,627.0784,2.875,367.8161,25.2115,19.16,9152.0399,86.8109,2.9,85.9922,147.6055,0.1965,78.33,0.0078,0.1096,4.5908,,양품
1.9245,-0.0118,54.9102,-5803.0,65.3778,0.2365,0.0483,0.134,15.99,340.0,6.8691,15.92,1.338,1.9852,0.0362,8.5459,23.51,4.567,1115.0,-0.0081,0.7287,18.0755,2726.25,10.1323,0.0,1008.7232,2.65,0.9338,19.28,32.1755,9.5869,4.5389,-0.0787,28.799,600.6613,2.803,392.0,22.7319,15.38,8363.76,86.6954,21.1,84.9334,145.6355,0.2603,77.72,0.0078,0.1096,3.4612,250.11,불량
-0.1973,-0.0063,48.9152,-5766.75,66.9444,0.7569,0.0482,0.103,15.77,577.0,5.9963,15.79,0.9649,2.0125,0.0413,8.7662,17.71,4.254,1522.0,-0.0126,0.6627,20.1973,2633.0,10.1586,0.0,1000.8402,1.28,0.9265,16.93,18.2938,12.818,4.5682,0.0237,30.779,0.0,2.888,0.0,25.7623,18.26,9353.74,86.5018,2.1,84.2049,139.6136,0.1347,75.71,0.0078,0.1096,3.4774,264.272,양품
-1.9855,-0.015,25.3968,-5329.0,68.1889,0.7569,0.0736,0.114,15.77,418.0,6.085,15.79,0.9649,2.007,0.0152,8.7932,19.23,4.254,987.0,-0.0023,0.6627,21.9855,2535.5,7.1735,0.0,1000.8402,,0.9217,26.5,35.9372,15.2572,4.4937,-0.0471,33.833,195.9249,2.888,578.7234,30.1818,,9002.0502,86.8489,1.9,85.513,141.7673,0.2269,2.126,0.0078,0.1096,3.4527,,양품
2.4718,-0.0111,37.7104,-5410.0,69.4222,-0.5204,0.0527,0.082,15.97,307.0,4.6869,15.95,1.447,2.0158,0.0194,8.7283,13.06,4.41,1110.0,0.0064,0.7232,17.5282,2484.25,7.4213,0.0,1007.4808,1.11,0.927,32.48,20.7711,16.0027,4.5556,-0.0799,35.819,347.922,2.875,375.2212,24.4754,18.03,8644.4398,86.6108,3.3,84.7007,148.0345,0.233,14.88,0.0078,0.1096,3.4262,250.886,양품
3.7127,0.0013,451.4851,-6180.75,69.9111,-1.655,0.0919,0.116,15.95,523.0,4.4837,15.93,1.376,1.8908,,8.4092,16.26,4.585,647.0,0.0047,0.7591,16.2873,3038.75,5.799,0.0,1005.3318,,0.9243,17.53,16.3158,9.5027,4.5027,0.0046,35.05,134.9412,2.461,0.0,22.2294,,8941.72,86.7481,3.0,85.2626,150.48,0.4187,77.83,0.0078,0.1096,4.6252,265.646,양품
-0.66,-0.008,63.8498,-5461.75,66.5,0.7569,0.0673,0.153,15.77,395.0,7.2623,15.79,0.9649,1.995,0.0126,8.9635,24.41,4.254,752.0,-0.0009,0.6627,20.66,2631.5,6.0522,0.0,1000.8402,,0.9236,23.55,18.3374,13.8445,4.4987,-0.0409,36.704,759.0909,2.888,0.0,26.0425,,8822.4301,86.9622,1.8,84.7226,144.2073,0.2345,77.84,0.0078,0.1096,3.4268,247.6,양품
-1.0573,-0.012,62.7615,-5055.5,68.9,-0.5204,0.0678,0.155,15.97,602.0,5.9499,15.95,1.447,1.9648,0.0121,8.9635,18.48,4.41,928.0,0.0537,0.7232,21.0573,2682.5,12.2192,0.0,1007.4808,,0.928,23.61,23.6161,18.1719,4.5337,-0.0776,35.7729,382.1152,2.875,0.0,29.012,,8889.2499,86.9622,2.3,84.7226,144.2355,0.342,77.84,0.0078,0.1096,3.3962,311.404,양품
11.2909,-0.0111,39.5062,-5343.0,67.4222,-0.7096,0.0908,0.092,15.91,517.0,5.594,15.9,1.135,2.0192,0.0312,8.7994,16.86,4.062,460.0,-0.0233,0.6802,8.7091,2678.75,7.3062,0.0,1002.4074,0.61,0.9332,13.9,14.2373,5.6007,4.5483,-0.0163,31.759,50.1289,2.467,0.0,13.8957,10.83,8617.3398,86.7297,1.8,84.6614,145.0527,0.247,2.332,0.0078,0.1096,3.3652,265.432,불량
-1.9573,-0.0111,55.0169,-5541.75,70.8111,-0.1419,0.0688,0.123,15.98,507.0,6.2807,15.89,0.9649,2.0062,0.0145,8.6706,19.01,3.879,737.0,-0.0106,0.827,21.9573,2496.0,10.4629,0.0,1004.4267,,0.9346,15.45,9.8804,12.8818,4.6195,-0.0567,22.637,208.9642,3.463,415.5844,27.0214,,9206.9899,86.8967,2.7,84.7348,152.1009,0.3411,77.84,0.0078,0.1096,3.4074,265.082,양품
-0.4482,-0.0062,107.0994,-5782.25,71.4111,-0.1419,0.0693,0.053,15.98,402.0,6.275,15.89,0.9649,1.9682,,8.6706,19.87,3.879,764.0,-0.0134,0.827,20.4482,2540.25,10.8755,0.0,1004.4267,,0.9357,17.0,22.9263,15.1218,4.5829,-0.0544,22.499,0.0,3.463,137.4233,28.0456,,8865.2798,86.8967,2.0,84.7348,153.2318,1.138,77.84,0.0078,0.1096,3.4717,264.272,양품
-3.9318,-0.0111,35.0168,-5254.5,67.3778,0.7569,0.0595,0.103,15.83,498.0,6.7701,15.85,0.9271,1.9937,0.0187,8.5135,17.47,3.23,448.0,-0.0054,0.7677,23.9318,2635.0,8.6769,0.0,1002.8717,0.81,0.9343,22.23,19.6902,10.2026,4.5296,-0.0451,23.186,259.422,2.703,0.0,29.5895,15.41,8754.59,86.6662,1.0,85.3154,154.3427,0.1893,78.79,0.0078,0.1096,3.34,,양품
-2.3355,-0.009,49.0934,-6208.75,68.9556,0.7569,0.2555,0.116,15.83,673.0,5.5167,15.85,0.9271,1.8852,0.0282,8.5459,18.39,3.23,459.0,-0.0227,0.7677,22.3355,3023.75,8.9804,0.0,1002.8717,0.76,0.929,14.06,30.058,12.1404,4.5141,-0.0272,35.168,306.5784,2.703,0.0,28.2141,19.7,8227.7,86.6954,2.6,84.9334,149.6673,0.1975,77.72,0.0078,0.1096,4.6657,251.36,양품
-0.2173,-0.0144,29.0909,-5409.25,68.7444,-1.655,0.1007,0.118,15.95,192.0,5.6106,15.93,1.376,2.014,0.1298,8.77,16.49,4.585,1043.0,0.0274,0.7591,20.2173,2608.25,5.9987,0.0,1005.3318,1.78,0.9217,18.34,34.3911,11.5072,4.4937,0.0058,34.857,0.0,2.461,391.1111,26.9312,20.48,9192.1001,86.5202,3.2,85.7881,136.8627,0.3016,76.89,0.0078,0.1096,3.4306,264.622,양품
-0.6464,-0.0111,49.6614,-5926.25,66.2556,0.7569,0.0738,0.111,15.83,456.0,5.9938,15.85,0.9271,2.0255,0.0194,8.7812,18.56,3.23,1324.0,0.0124,0.7677,20.6464,2795.75,10.6617,0.0,1002.8717,,0.9142,15.39,20.4016,5.7609,4.5382,-0.0335,33.116,0.0,2.703,0.0,25.0675,,9064.6001,86.6597,3.0,85.2505,143.8264,0.3016,79.07,0.0078,0.1096,3.3707,,양품
7.24,-0.0088,87.2521,-5551.75,68.4667,-0.1419,0.11,0.107,15.98,114.0,6.0587,15.89,0.9649,2.0107,0.0175,8.5459,18.67,3.879,761.0,0.0265,0.827,12.76,2663.5,10.2639,0.0,1004.4267,,0.9217,20.22,15.1797,13.21,4.7797,-0.0515,31.557,65.884,3.463,253.4161,20.1964,,8315.35,86.6954,2.6,84.9334,147.3936,0.2422,77.72,0.0078,0.1096,3.4867,264.508,양품
-2.8818,-0.0087,59.5136,-5389.75,68.1667,-0.5204,0.0737,0.047,15.89,373.0,6.6169,15.91,1.239,1.9905,0.02,8.8132,20.11,4.392,2585.0,-0.0068,0.7586,22.8818,2713.75,4.986,0.0,1003.0211,1.09,0.9362,15.72,16.6937,21.2,4.5591,0.0285,23.6169,229.3691,2.453,0.0,29.7075,17.44,9240.9799,86.52,3.8,85.8748,147.6127,0.3213,77.26,0.0078,0.1096,3.3838,271.168,양품
-0.9409,-0.0073,70.8688,-5536.0,68.0,0.7569,0.0502,0.071,15.83,231.0,6.2044,15.85,0.9271,1.9883,0.0236,23.1583,19.48,3.23,509.0,-0.004,0.7677,20.9409,2806.75,12.5698,0.0,1002.8717,,0.934,12.75,36.5919,15.7682,4.5775,-0.0334,24.714,428.3092,2.703,0.0,29.2332,,8889.0501,87.0024,2.3,103.1082,153.1018,0.3413,77.9,0.0078,0.1096,3.3034,249.254,양품
2.2855,-0.0062,42.0202,-6257.5,70.2667,1.04,0.0571,0.035,15.66,336.0,6.678,15.65,1.116,2.0055,,8.6706,22.74,4.406,2133.0,0.0016,0.657,17.7145,2595.75,11.1116,0.0,991.5424,1.12,0.9295,26.46,16.8406,10.9018,4.5017,-0.0298,19.511,722.3947,2.552,146.6135,21.7095,14.1,8586.1801,86.8967,3.2,84.7348,146.9573,0.2372,77.84,0.0078,0.1096,3.4872,264.272,양품
0.7227,-0.015,37.2712,-6585.75,67.4778,-0.5204,0.0491,0.094,15.89,595.0,5.8915,15.91,1.239,1.8927,0.0378,8.7867,18.55,4.392,408.0,0.015,0.7586,19.2773,2915.0,5.3541,0.0,1003.0211,,0.9302,16.05,13.0015,10.3116,4.5729,-0.006,32.514,662.7673,2.453,787.3016,24.1852,,8437.5501,86.5708,2.7,83.7263,138.4818,0.3213,76.15,0.0078,0.1096,4.7084,,양품
4.9073,-0.0128,28.18,-5484.0,66.5778,-0.5204,0.1242,0.022,15.97,181.0,4.8511,15.95,1.447,1.977,0.0188,9.7324,15.73,4.41,1124.0,0.0185,0.7232,15.0927,2648.0,7.3383,0.0,1007.4808,1.54,0.9361,20.58,21.0991,13.8418,4.5539,-0.0849,31.183,81.7155,2.875,731.4286,22.9594,13.24,8672.86,87.1381,1.9,85.3825,147.4409,0.3926,16.64,0.0078,0.1096,3.4029,247.242,양품
2.28,-0.0116,26.8108,-6495.25,67.5778,-0.5204,0.0665,0.101,15.97,604.0,7.8586,15.95,1.447,1.894,0.0478,9.2047,25.74,4.41,496.0,0.0075,0.7232,17.72,3127.0,8.2795,0.0,1007.4808,1.34,0.9378,13.14,55.0612,9.9055,4.6615,-0.0509,27.382,257.4561,2.875,0.0,23.4612,12.27,8933.02,87.0488,3.3,84.2212,149.0127,0.2162,65.01,0.0078,0.1096,4.64,264.444,양품
0.9518,-0.0071,67.7249,-5353.0,67.9444,-0.1419,0.0592,0.184,15.98,312.0,6.1273,15.89,0.9649,1.9937,0.0174,23.1583,19.44,3.879,820.0,-0.0102,0.827,19.0482,2515.25,11.5415,0.0,1004.4267,,0.9329,16.84,23.863,16.2372,4.5834,-0.0533,22.292,493.7918,3.463,771.4286,26.3334,,9137.6599,87.0024,2.6,103.1082,153.2136,0.3213,77.9,0.0078,0.1096,3.5354,,양품
1.2836,-0.012,28.3333,-6279.0,70.6889,-0.5204,0.1331,0.114,15.97,491.0,7.2355,15.95,1.447,1.884,0.0293,9.7836,20.75,4.41,417.0,0.0269,0.7232,18.7164,2997.25,6.6656,0.0,1007.4808,0.87,0.928,17.7,14.2191,10.1086,4.5337,-0.0917,37.356,426.1331,2.875,0.0,23.8157,9.06,8543.74,87.2,2.3,83.6359,149.5782,0.2836,66.12,0.0078,0.1096,4.6438,264.47,양품
0.7064,-0.0096,43.5233,-6506.5,70.7111,-0.5204,0.0574,0.082,15.89,662.0,7.5293,15.91,1.239,1.8885,0.09,8.7418,22.6,4.392,109.0,-0.011,0.7586,19.2936,2952.75,8.286,0.0,1003.0211,,0.9265,23.23,17.0795,13.5055,4.5501,-0.0436,41.276,945.6885,2.453,783.3333,23.9262,,8625.34,86.5759,3.1,84.8892,142.6291,0.2646,78.11,0.0078,0.1096,4.6574,264.272,양품
2.6873,-0.0149,48.4441,-5761.0,68.5556,0.7569,0.0654,0.209,15.83,460.0,5.2869,15.85,0.9271,2.0315,0.2386,8.6005,16.05,3.23,404.0,0.005,0.7677,17.3127,2714.0,8.7521,0.0,1002.8717,,0.9194,11.88,15.8877,15.4246,4.4582,0.0096,16.434,222.9026,2.703,458.5366,21.6739,,8832.1702,86.6618,1.8,85.4112,145.4036,0.2626,77.69,0.0078,0.1096,3.3956,,양품
15.3073,-0.0109,69.8851,-5518.75,69.5889,-0.5204,0.079,0.208,15.97,782.0,6.1786,15.95,1.447,1.997,0.0178,8.6527,21.32,4.41,436.0,0.0023,0.7232,24.6927,2820.25,7.8831,0.0,1007.4808,,0.9227,19.98,41.4532,25.3082,4.6862,-0.0538,35.723,37.5638,2.875,0.0,33.4962,,9105.23,86.9642,2.9,86.4465,145.2509,0.5424,77.24,0.0078,0.1096,3.3383,,불량
7.9755,-0.01,50.1253,-5160.25,68.2667,0.2365,0.0614,0.105,15.99,384.0,6.0237,15.92,1.338,2.0042,0.0309,8.7994,20.4,4.567,1553.0,-0.0117,0.7287,12.0245,2737.25,13.3652,0.0,1008.7232,1.56,0.9261,19.31,19.6001,10.7691,4.5454,-0.033,39.227,75.607,2.803,817.7778,17.5921,16.31,8942.8202,86.7297,2.6,84.6614,139.5609,0.2947,2.332,0.0078,0.1096,3.3717,,양품
-0.6591,-0.0022,249.711,-5542.5,71.9556,-0.1419,0.0977,0.122,15.94,304.0,6.3488,15.92,0.8845,1.9823,,8.6427,19.97,2.951,588.0,-0.0116,0.808,20.6591,2474.0,3.8788,0.0,1006.5471,1.24,0.9362,25.42,23.5094,20.3755,4.5591,-0.026,22.887,0.0,2.748,0.0,25.2563,16.84,8878.8499,86.575,1.5,83.7738,147.8264,0.2917,78.0,0.0078,0.1096,3.3932,,양품
-2.4609,-0.0092,66.2144,-6484.0,71.6667,-0.1419,0.0623,0.07,15.94,572.0,5.8028,15.92,0.8845,1.882,0.0189,8.6895,18.1,2.951,361.0,-0.0153,0.808,22.4609,2869.75,4.0524,0.0,1006.5471,0.88,0.9258,21.91,28.546,19.1455,4.5448,-0.0667,32.704,173.5131,2.748,0.0,31.4439,16.34,9400.2201,86.7411,4.8,83.768,143.53,0.2236,14.67,0.0078,0.1096,4.6669,,양품
1.8173,-0.016,50.7439,-6349.75,67.9889,0.2365,0.1533,0.128,15.99,633.0,6.0042,15.92,1.338,1.8923,0.0205,9.5713,15.87,4.567,361.0,-0.0291,0.7287,18.1827,3112.5,3.904,0.0,1008.7232,,0.9278,20.87,70.684,13.2882,4.759,-0.0048,32.219,423.1616,2.803,428.0702,24.3905,,8639.07,86.8261,3.1,85.6608,147.0727,0.1742,64.39,0.0078,0.1096,4.6544,265.908,불량
-1.1391,-0.0078,69.12,-5750.0,69.9111,-0.1419,0.0734,0.098,15.94,279.0,5.7855,15.92,0.8845,1.9763,,8.6427,17.57,2.951,596.0,0.0037,0.808,21.1391,2639.5,11.4399,0.0,1006.5471,1.11,0.9334,18.5,32.6244,19.5291,4.6031,-0.0346,25.129,768.1564,2.748,524.1379,29.5723,17.89,8938.6898,86.575,1.9,83.7738,147.1245,0.4334,78.0,0.0078,0.1096,3.3984,250.78,양품
-4.1518,-0.0097,73.0077,-5613.5,67.8444,-0.1419,0.0999,0.068,15.94,385.0,5.6536,15.92,0.8845,1.9527,,8.7219,17.26,2.951,252.0,0.0086,0.808,24.1518,2691.0,4.7449,0.0,1006.5471,1.44,0.923,17.77,31.0326,9.3529,4.5698,-0.0777,38.621,240.6175,2.748,0.0,30.4891,24.91,8689.88,86.5265,3.3,85.2764,142.9682,0.2618,76.78,0.0078,0.1096,3.2901,,양품
-0.6936,-0.0091,55.0206,-5279.5,67.0,-0.1419,0.0621,0.055,15.94,1853.0,5.9975,15.92,0.8845,2.024,0.0152,8.5615,19.44,2.951,223.0,-0.0015,0.808,20.6936,3214.5,4.9371,0.0,1006.5471,0.76,0.9296,18.51,41.5859,15.6872,4.5889,-0.0814,27.584,0.0,2.748,389.4737,28.2022,19.12,8462.0301,86.8706,1.8,86.3794,151.9,0.3435,79.0,0.0078,0.1096,3.3936,251.508,양품
0.1891,-0.0146,42.6117,-6466.0,69.3111,-0.5677,0.0953,0.125,15.99,741.0,4.3233,15.94,1.418,1.884,0.0213,8.659,15.47,5.261,328.0,0.001,0.6786,19.8109,3069.25,10.691,0.0,1009.9188,,0.9289,23.66,25.8089,15.7782,4.5406,-0.0711,36.608,0.0,3.955,0.0,27.7146,,8439.8099,86.8196,2.4,85.5265,145.3073,0.1517,77.74,0.0078,0.1096,4.6139,266.336,양품
2.39,-0.0095,68.7831,-5172.25,68.6444,-0.1419,0.0889,0.113,15.94,418.0,6.3404,15.92,0.8845,2.006,,8.5615,21.43,2.951,601.0,0.0047,0.808,17.61,2650.5,4.0447,0.0,1006.5471,0.59,0.934,21.28,15.0259,15.0863,4.5775,-0.066,23.246,451.4644,2.748,784.6154,25.5921,14.06,8416.3199,86.8706,1.6,86.3794,149.6682,0.4796,79.0,0.0078,0.1096,3.421,,양품
-0.9127,-0.009,64.5341,-6447.0,68.6556,-0.1419,0.0487,0.14,15.98,838.0,5.9491,15.89,0.9649,1.8825,0.2107,8.441,17.3,3.879,151.0,-0.0163,0.827,20.9127,3115.5,10.2465,0.0,1004.4267,,0.9238,32.17,24.8358,16.7109,4.5429,-0.0102,33.045,522.6096,3.463,940.0,29.3191,,9100.4501,87.0383,2.5,84.9737,140.1555,0.2932,78.63,0.0078,0.1096,4.6098,265.682,양품
0.9409,-0.0078,57.971,-5602.25,65.6889,-0.0946,0.0887,0.021,16.01,356.0,5.7667,15.95,0.946,2.016,0.0165,9.754,17.18,3.446,1154.0,0.009,0.7908,19.0591,2617.5,11.056,0.0,1010.6904,1.44,0.9329,21.79,21.4685,16.9681,4.5834,-0.0639,22.755,742.8986,2.72,464.9573,26.7098,18.27,8679.2601,87.1954,2.4,85.8807,152.8991,0.2439,65.11,0.0078,0.1096,3.4867,251.38,양품
-2.0555,-0.0091,41.8733,-5640.0,66.1889,-0.0946,0.0714,0.116,16.01,146.0,6.8415,15.95,0.946,1.9795,0.0219,9.0776,20.39,3.446,486.0,0.0024,0.7908,22.0555,2635.25,9.4845,0.0,1010.6904,,0.9276,12.51,18.2495,13.0401,4.5784,-0.083,22.038,406.2362,2.72,430.0,27.456,,8460.9799,86.8379,2.6,85.822,152.4227,0.3692,77.92,0.0078,0.1096,3.397,251.012,양품
-3.1455,-0.0104,35.6627,-6470.75,67.5667,-0.0946,0.1001,0.107,16.04,747.0,6.7714,16.0,0.9176,1.8685,,8.5779,20.59,3.102,735.0,0.0107,0.7975,23.1455,3012.25,10.6073,0.0,1011.5203,1.86,0.9329,16.87,15.6102,19.0018,4.5834,-0.0312,22.97,197.7457,2.747,507.9365,31.4605,20.37,8969.65,86.6492,2.3,85.2601,151.7536,0.3376,13.83,0.0078,0.1096,4.6221,,양품
1.5445,-0.01,38.143,-6545.0,70.2778,-0.2365,0.1201,0.093,15.74,414.0,6.3195,15.71,1.295,1.9053,0.0209,8.7219,17.71,4.332,444.0,0.0075,0.7159,18.4555,3012.75,7.4312,0.0,997.7034,0.83,0.9334,22.19,23.7793,17.0363,4.6031,-0.0772,23.401,376.8099,2.535,632.0988,26.3116,20.94,8238.7699,86.5265,3.9,85.2764,151.1036,0.4019,76.78,0.0078,0.1096,4.7033,,양품
1.4373,-0.0088,79.8859,-5277.25,67.5333,-0.0946,0.0863,0.149,16.04,504.0,5.7578,16.0,0.9176,1.9743,0.0154,8.7812,16.63,3.102,506.0,-0.0024,0.7975,18.5627,2593.75,11.0309,0.0,1011.5203,,0.9217,22.54,29.4499,11.845,4.4937,-0.0387,31.802,635.2304,2.747,224.3386,25.7025,,8358.4099,86.6597,1.7,85.2505,143.0327,0.1155,79.07,0.0078,0.1096,3.4239,268.924,양품
-6.0445,-0.0082,48.5584,-6474.25,63.1889,-0.0946,0.0503,0.109,16.01,722.0,5.4591,15.95,0.946,1.8782,0.0494,9.0776,17.58,3.446,497.0,0.0105,0.7908,26.0445,3132.0,8.8318,0.0,1010.6904,0.95,0.9296,18.14,44.8349,20.0855,4.5889,-0.0696,27.628,91.322,2.72,0.0,34.9236,16.11,9057.5901,86.8379,2.6,85.822,152.6482,0.2395,77.92,0.0078,0.1096,4.6771,,양품
1.3791,-0.0101,36.6791,-6238.25,69.7667,-0.0946,0.2677,0.126,16.04,797.0,5.5712,16.0,0.9176,1.889,0.4289,8.5334,17.35,3.102,512.0,0.0165,0.7975,18.6209,2995.75,7.2066,0.0,1011.5203,1.62,0.923,18.1,18.4484,8.7061,4.5698,-0.0559,32.094,720.0396,2.747,131.6129,24.6273,19.62,7574.11,86.8109,2.9,85.9922,141.15,0.2854,78.33,0.0078,0.1096,4.6494,253.182,양품
-0.9618,-0.0059,70.7368,-6283.75,68.0556,-0.0946,0.0656,0.107,16.04,631.0,6.1471,16.0,0.9176,1.882,,8.5891,15.49,3.102,394.0,0.0015,0.7975,20.9618,2996.25,8.2945,0.0,1011.5203,1.54,0.9329,22.19,32.5182,16.9445,4.5834,-0.0483,26.855,882.7032,2.747,198.2906,29.4926,16.25,8834.0999,86.7366,3.3,86.0936,150.5809,0.262,78.4,0.0078,0.1096,4.6331,,양품
1.6073,-0.011,43.7856,-5422.0,69.1333,-0.0946,0.0773,0.032,16.04,466.0,6.1799,16.0,0.9176,1.9783,0.1811,8.7219,17.62,3.102,1123.0,0.006,0.7975,18.3927,2613.0,8.2822,0.0,1011.5203,0.93,0.9329,18.45,25.3724,15.5718,4.5834,-0.049,22.363,517.6471,2.747,0.0,25.9809,21.25,9025.0999,86.5265,3.2,85.2764,152.0036,1.3206,76.78,0.0078,0.1096,3.3232,,양품
-2.5727,-0.0084,47.7612,-6286.75,67.2556,-0.0946,0.0769,0.131,16.04,607.0,5.8506,16.0,0.9176,1.8782,0.0131,23.1583,16.9,3.102,631.0,0.0173,0.7975,22.5727,3093.25,10.3117,0.0,1011.5203,2.23,0.9331,18.47,18.9444,12.8363,4.5722,-0.0297,25.612,207.1731,2.747,400.0,28.7966,20.04,9039.7301,87.0024,2.2,103.1082,152.2864,0.185,77.9,0.0078,0.1096,4.6068,,양품
3.3918,-0.0104,28.0193,-6590.75,67.3778,0.615,0.0707,0.135,15.97,765.0,5.1635,15.98,0.9649,1.8803,,8.7696,17.77,3.511,441.0,0.0051,0.8261,16.6082,2933.25,11.0782,0.0,1009.1781,1.53,0.9312,17.79,14.5404,15.1773,4.5462,-0.0883,26.35,106.1378,2.721,757.8947,22.8177,7.71,8597.09,86.5639,3.5,85.7833,142.4755,0.3725,76.61,0.0078,0.1096,4.6794,264.272,양품
-1.3773,-0.0102,45.9096,-6386.75,67.2667,-0.2365,0.1083,0.064,15.74,341.0,5.8336,15.71,1.295,1.867,,9.0425,18.82,4.332,540.0,0.0257,0.7159,21.3773,2901.75,9.1238,0.0,997.7034,1.62,0.9362,25.45,35.0268,18.3509,4.5591,-0.063,23.796,254.1254,2.535,0.0,28.9871,16.28,8543.9499,86.8006,3.2,84.6838,151.5882,1.3483,,0.0078,0.1096,4.6716,264.272,양품
2.0336,-0.0098,32.57,-5520.25,69.8889,0.615,0.1038,0.075,15.97,251.0,5.78,15.98,0.9649,1.995,0.0247,8.5615,19.42,3.511,650.0,-0.0304,0.8261,17.9664,2793.5,10.5812,0.0,1009.1781,1.14,0.925,15.39,20.0057,16.4828,4.435,-0.0756,14.935,305.3643,2.721,469.8413,25.8665,22.56,8582.24,86.8706,2.5,86.3794,147.0836,0.3411,79.0,0.0078,0.1096,3.3863,263.43,양품
1.5755,-0.0067,129.0807,-5529.25,66.6778,-0.4258,0.0843,0.086,16.02,120.0,5.8708,15.96,0.9554,2.0202,0.0191,9.0121,18.69,3.099,439.0,0.032,0.8222,18.4245,2756.25,10.3926,0.0,1008.1258,1.02,0.9288,21.72,23.6833,11.4873,4.5186,-0.0601,36.583,448.1244,2.78,286.4198,25.849,15.88,8847.7601,86.6797,2.4,86.6785,146.12,0.3356,79.05,0.0078,0.1096,3.4666,264.272,양품
2.5336,-0.0113,41.6851,-6454.5,67.8111,0.615,0.1127,0.132,15.97,617.0,5.6773,15.98,0.9649,1.8885,0.0135,8.77,18.73,3.511,453.0,-0.0086,0.8261,17.4664,2879.25,11.0871,0.0,1009.1781,,0.9238,11.24,21.991,19.2555,4.5321,-0.0328,15.653,572.3,2.721,0.0,24.25,,8796.9399,86.5202,3.2,85.7881,142.9855,0.2627,76.89,0.0078,0.1096,4.7067,250.022,양품
-1.7327,-0.0088,70.4545,-5566.5,66.4444,0.0,0.0696,0.1,16.02,290.0,5.9265,15.96,1.068,1.98,,8.7662,17.39,3.267,1167.0,0.038,0.8258,21.7327,2568.75,9.932,0.0,1010.6104,,0.9302,17.85,10.8071,12.5951,4.5729,-0.0477,29.628,331.2697,2.726,0.0,26.7697,,9473.93,86.5018,2.5,84.2049,140.1627,0.3213,75.71,0.0078,0.1096,3.3991,250.684,양품
-5.1655,-0.011,47.3804,-6374.5,69.4778,0.0,0.0945,0.083,15.98,648.0,5.957,15.97,0.9554,1.8952,0.0226,8.8384,15.89,3.673,585.0,0.0028,0.7987,25.1655,3091.5,9.602,0.0,1010.9003,1.64,0.9346,12.56,15.1385,16.1227,4.6195,-0.0609,22.899,81.3094,3.351,0.0,30.3892,15.14,8761.1898,87.0242,3.0,86.931,150.9336,0.3156,78.29,0.0078,0.1096,4.6828,250.704,양품
-5.0027,-0.0092,53.406,-6381.5,67.6444,0.615,0.1167,0.116,15.97,762.0,6.2772,15.98,0.9649,1.8878,0.0288,8.5459,17.61,3.511,284.0,0.009,0.8261,25.0027,3194.0,9.2649,0.0,1009.1781,1.37,0.9331,20.04,20.8912,16.0554,4.5722,-0.091,26.79,90.3507,2.721,305.1546,30.9658,21.19,8878.2698,86.6954,2.6,84.9334,150.2627,0.3168,77.72,0.0078,0.1096,4.6329,,양품
-1.0082,-0.008,67.9245,-6630.25,68.8778,0.0,0.0668,0.116,16.02,607.0,6.0708,15.96,1.068,1.8798,0.0444,8.7662,19.8,3.267,437.0,0.0004,0.8258,21.0082,2943.5,10.0816,0.0,1010.6104,,0.929,20.53,34.5249,24.5027,4.5819,-0.028,27.637,406.6727,2.726,0.0,28.539,,9410.5199,86.5018,3.0,84.2049,137.9836,0.1842,75.71,0.0078,0.1096,4.6151,266.724,양품
2.0591,-0.0097,39.3273,-5349.25,69.2222,0.1892,0.0529,0.102,15.67,494.0,5.6631,15.68,1.48,2.001,0.0191,8.7812,17.68,4.997,858.0,0.0078,0.736,17.9409,3002.5,10.1981,0.0,991.8757,0.35,0.9329,15.81,14.1075,18.08,4.5834,-0.0798,23.4641,317.6159,2.481,0.0,24.6557,19.32,9448.4501,86.6597,1.6,85.2505,149.4609,0.3176,79.07,0.0078,0.1096,3.3368,253.536,양품
-0.17,-0.0086,77.193,-4557.0,69.1222,0.0,0.0515,0.118,16.02,367.0,5.723,15.96,1.068,2.0148,,8.77,19.16,3.267,2890.0,0.0005,0.8258,20.17,2593.25,7.8278,0.0,1010.6104,1.14,0.9306,19.23,50.0538,22.8082,4.5809,-0.0416,26.686,0.0,2.726,314.4828,28.121,19.68,8557.41,86.5202,3.3,85.7881,140.4364,0.4115,76.89,0.0078,0.1096,3.4051,264.272,양품
-1.8791,-0.0089,52.8833,-6301.75,69.8,0.0,0.1222,0.126,16.02,635.0,5.6399,15.96,1.068,1.8873,0.2123,8.5891,18.06,3.267,377.0,0.0019,0.8258,21.8791,3053.25,9.5794,0.0,1010.6104,0.79,0.923,24.54,32.8337,13.9443,4.5698,-0.0847,31.471,214.9976,2.726,576.4706,31.0771,15.58,8431.48,86.7366,2.4,86.0936,142.0245,0.1993,78.4,0.0078,0.1096,4.636,,양품
53.6818,-0.0018,217.1429,-6405.75,68.6778,0.0473,0.0972,0.133,15.99,649.0,6.09,15.91,1.021,1.888,,23.1583,21.87,3.927,465.0,-0.0019,0.6849,42.63,3111.25,10.7206,0.0,1008.4998,,0.9335,156.08,21.7892,53.9451,4.5434,-0.1862,31.064,490.3522,3.635,0.0,56.8964,,9403.5399,87.0024,2.7,103.1082,87.0255,0.3756,77.9,0.0078,0.1096,4.6156,246.288,불량
2.1145,-0.0111,58.4927,-5438.5,67.4778,0.0,0.0874,0.082,16.02,507.0,6.1786,15.96,1.068,1.999,0.0324,8.5788,18.98,3.267,770.0,0.0109,0.8258,17.8855,2701.25,10.1995,0.0,1010.6104,1.38,0.9258,17.16,29.3387,16.7345,4.5448,-0.0727,29.644,252.0636,2.726,283.6364,26.4123,18.41,8793.4601,86.6582,2.4,85.7419,140.4127,0.3563,78.0,0.0078,0.1096,3.4024,,양품
-0.9918,-0.0086,47.4674,-6316.75,69.4111,0.0,0.0958,0.101,16.02,504.0,5.7143,15.96,1.068,1.8915,,8.8384,18.39,3.267,888.0,0.0024,0.8258,20.9918,3054.0,12.3114,0.0,1010.6104,1.16,0.9312,23.82,22.881,21.1663,4.5462,-0.0808,30.864,588.8176,2.726,400.0,28.4192,17.88,9243.77,87.0242,3.0,86.931,138.0864,0.3014,78.29,0.0078,0.1096,4.6584,,양품
-0.8045,-0.0118,55.1432,-6190.0,67.9111,0.0473,0.1067,0.135,15.97,675.0,6.1287,15.96,0.9602,1.8888,0.0175,8.5855,19.26,3.438,522.0,0.0106,0.8162,20.8045,3046.0,10.9891,0.0,1008.6706,,0.9238,25.94,14.6928,14.5072,4.5429,-0.023,31.3149,718.4181,2.72,0.0,28.8009,,9045.3498,86.8774,2.5,86.2857,142.9455,0.3154,78.33,0.0078,0.1096,4.6494,269.174,양품
0.5791,-0.0092,32.6975,-6449.75,68.1889,0.0,0.0837,0.07,15.98,636.0,5.8077,15.97,0.9554,1.8847,,8.3324,22.81,3.673,521.0,0.0108,0.7987,19.4209,3056.0,8.7002,0.0,1010.9003,0.89,0.9295,17.98,10.4097,14.1427,4.5348,-0.0791,36.019,934.2229,3.351,536.9863,24.9563,13.12,8601.61,86.8346,2.8,85.1669,142.6764,0.164,77.63,0.0078,0.1096,4.6621,250.696,양품
-4.8145,-0.0096,68.0628,-5989.75,69.0222,0.0473,0.0744,0.08,15.97,360.0,5.4046,15.96,0.9602,2.0175,,8.7932,16.24,3.438,2413.0,0.0194,0.8162,24.8145,3062.75,11.2628,0.0,1008.6706,1.85,0.9346,13.8,8.2842,20.4645,4.6195,-0.0535,22.843,81.2122,2.72,350.4762,29.1285,14.5,8394.84,86.8489,2.0,85.513,149.7009,0.2947,2.126,0.0078,0.1096,3.4121,252.884,양품
-0.0964,-0.0089,61.8847,-6392.75,68.3333,0.0473,0.1344,0.073,15.97,722.0,6.354,15.96,0.9602,1.8953,,8.5779,18.34,3.438,349.0,-0.0111,0.8162,20.0964,3082.0,12.125,0.0,1008.6706,0.83,0.934,28.42,15.3044,17.4191,4.5775,-0.0341,24.308,0.0,2.72,943.5897,28.2487,14.05,8919.15,86.6492,3.2,85.2601,150.6582,0.2148,13.83,0.0078,0.1096,4.6586,,양품
0.34,-0.013,54.6154,-5416.0,68.7333,-0.9461,0.0483,0.115,15.95,506.0,5.2238,15.96,0.9554,2.0103,0.0153,8.8043,17.13,3.523,1245.0,0.0135,0.7527,19.66,2591.5,9.5598,0.0,1010.1773,,0.9314,13.67,30.5482,14.062,4.4982,-0.0394,20.74,0.0,2.892,644.1558,22.3647,,8303.47,86.7995,2.8,86.5513,146.6773,0.2236,13.69,0.0078,0.1096,3.4266,251.616,양품
1.5127,-0.0096,40.4669,-6447.25,66.2778,0.0473,0.0842,0.166,15.97,783.0,6.4961,15.96,0.9602,1.8693,,8.5779,20.93,3.438,564.0,0.0229,0.8162,18.4873,2966.75,10.3628,0.0,1008.6706,0.79,0.929,20.69,19.107,11.6015,4.5141,-0.0341,34.781,255.1683,2.72,0.0,23.5326,19.57,8666.5399,86.6492,2.9,85.2601,146.19,0.2043,13.83,0.0078,0.1096,4.5903,,양품
-19.9927,-0.0095,58.9474,-5362.75,66.7556,0.0,0.1,0.111,15.98,527.0,5.4082,15.97,0.9554,1.9795,0.0149,9.0121,17.57,3.673,263.0,0.0083,0.7987,39.9927,2713.5,9.1652,0.0,1010.9003,1.08,0.9288,20.22,36.4153,34.579,4.5065,-0.0584,25.245,42.3154,3.351,0.0,70.0879,17.9,8885.47,86.6797,7.0,86.6785,151.3764,0.3431,79.05,0.0078,0.1096,3.6162,265.16,양품
0.0855,-0.0071,77.6014,-6411.5,64.1,-0.9461,0.0793,0.119,15.95,588.0,6.0653,15.96,0.9554,1.8828,,9.2016,16.63,3.523,419.0,0.0022,0.7527,19.9145,3071.75,8.8626,0.0,1010.1773,1.15,0.9261,16.62,17.0958,19.53,4.4779,-0.0374,18.049,0.0,2.892,0.0,29.085,20.19,8967.2999,86.8786,2.2,86.0222,143.9582,0.3406,76.88,0.0078,0.1096,4.6332,266.738,양품
3.65,-0.01,46.2312,-5936.0,68.4111,0.0,0.084,0.08,15.98,389.0,5.7741,15.97,0.9554,2.0005,0.019,9.0121,18.85,3.673,2029.0,0.0215,0.7987,16.35,2665.0,9.5055,0.0,1010.9003,0.69,0.9288,16.56,30.7839,12.1743,4.5186,-0.0592,35.566,125.2055,3.351,0.0,23.5578,17.16,8672.8999,86.6797,3.4,86.6785,149.0009,0.1374,79.05,0.0078,0.1096,3.5293,250.292,양품
5.1,-0.0097,28.7179,-6415.25,68.5444,0.0473,0.0846,0.122,15.97,749.0,6.7454,15.96,0.9602,1.8885,,8.5687,21.24,3.438,348.0,-0.0011,0.8162,14.9,3089.25,9.8886,0.0,1008.6706,,0.9354,13.37,48.1212,9.0415,4.6726,-0.0085,27.947,112.1569,2.72,542.8571,20.5007,,9051.1101,87.032,2.3,86.4541,150.0673,0.3263,79.03,0.0078,0.1096,4.6422,249.024,양품
2.4673,-0.0083,53.092,-5597.5,69.5222,1.939,0.086,0.033,15.93,448.0,5.4168,15.91,0.9791,2.0088,,8.7283,18.3,3.529,918.0,-0.0045,0.7713,17.5327,2673.5,10.6315,0.0,1005.49,,0.9258,24.03,33.033,18.4718,4.5448,-0.0864,32.52,161.3117,2.912,669.5652,25.252,,8986.2101,86.6108,3.0,84.7007,142.7364,0.1271,14.88,0.0078,0.1096,3.3718,267.298,양품
-2.6673,-0.0109,65.9039,-5280.25,66.9,0.2365,0.0879,0.126,15.95,407.0,5.6513,15.94,0.9602,1.992,0.0238,8.7812,17.58,3.208,458.0,0.0056,0.8207,22.6673,2644.0,11.7855,0.0,1018.1556,2.02,0.9217,24.41,47.2492,11.7536,4.4937,-0.1109,32.14,122.9721,2.737,544.9275,31.016,17.76,8427.51,86.6597,1.6,85.2505,144.6218,0.2834,79.07,0.0078,0.1096,3.344,252.2,양품
3.8,-0.009,46.473,-6347.0,69.2667,-0.9461,0.074,0.153,15.95,607.0,5.8848,15.96,0.9554,1.8808,0.0167,8.6005,19.21,3.523,638.0,-0.004,0.7527,16.2,2935.75,10.5264,0.0,1010.1773,,0.9295,21.39,23.327,15.4709,4.5348,-0.0339,35.589,104.4737,2.892,0.0,22.7395,,8419.82,86.6618,3.0,85.4112,143.33,0.3361,77.69,0.0078,0.1096,4.6397,,양품
0.3418,-0.0136,33.0579,-6407.75,67.2111,0.0473,0.0642,0.064,15.97,390.0,5.6284,15.96,0.9602,1.9023,0.0242,9.4257,16.99,3.438,360.0,0.0166,0.8162,19.6582,3041.75,10.3933,0.0,1008.6706,1.43,0.9238,18.84,26.4769,16.4734,4.5429,-0.0163,33.768,0.0,2.72,301.2987,27.8586,18.05,9562.5201,87.1143,2.8,84.6051,140.4582,0.2932,65.43,0.0078,0.1096,4.6384,264.272,양품
0.23,-0.0101,39.7516,-6470.25,66.3889,0.0473,0.0971,0.118,15.97,633.0,5.9714,15.96,0.9602,1.8828,,8.5779,17.33,3.438,474.0,0.032,0.8162,19.77,3009.0,10.1682,0.0,1008.6706,1.29,0.9329,13.95,29.3822,18.0328,4.5834,-0.0109,23.935,0.0,2.72,0.0,28.057,18.2,9349.7899,86.6492,1.8,85.2601,151.4436,0.1555,13.83,0.0078,0.1096,4.6491,,양품
-0.7482,-0.0063,97.8304,-4621.0,69.1,0.2365,0.0777,0.145,15.95,365.0,6.1884,15.94,0.9602,2.0112,,8.5288,18.29,3.208,2508.0,-0.0204,0.8207,20.7482,2634.25,13.2746,0.0,1018.1556,0.78,0.9238,14.58,16.1686,12.8305,4.5429,-0.0407,34.231,991.7375,2.737,339.823,29.1518,15.66,9071.53,86.6692,2.7,85.2227,142.22,0.2932,78.52,0.0078,0.1096,3.3579,252.376,양품
2.74,-0.0092,56.445,-6453.0,68.7,0.2365,0.0993,0.142,15.95,594.0,6.232,15.94,0.9602,1.9,0.0132,8.7696,19.29,3.208,439.0,0.0272,0.8207,17.26,2965.5,12.0742,0.0,1018.1556,1.41,0.9238,15.31,25.0406,20.2509,4.5321,-0.0583,17.656,323.3577,2.737,485.7143,24.5728,18.44,8847.02,86.5639,2.5,85.7833,139.8727,0.2627,76.61,0.0078,0.1096,4.7156,253.188,양품
0.1491,-0.0096,27.154,-6288.25,69.2444,0.0473,0.0663,0.127,15.97,717.0,5.6739,15.96,0.9602,1.8933,0.0168,8.5891,16.39,3.438,322.0,0.0042,0.8162,19.8509,3016.0,11.3239,0.0,1008.6706,0.82,0.923,16.25,15.2301,9.023,4.5698,0.0046,29.642,0.0,2.72,0.0,26.0093,20.78,9140.3799,86.7366,1.9,86.0936,143.0473,0.2496,78.4,0.0078,0.1096,4.6243,270.398,양품
1.4982,-0.0075,54.7579,-5085.75,66.3111,-0.8042,0.0865,0.118,16.0,213.0,6.8363,15.95,0.9649,1.9795,,9.0425,26.06,3.486,974.0,0.001,0.7923,18.5018,2755.5,8.0985,0.0,1010.1669,0.8,0.9288,20.08,33.9838,13.7556,4.5186,-0.0846,43.101,379.1262,2.778,418.4615,25.9589,11.52,8286.56,86.8006,2.3,84.6838,150.7345,0.1374,,0.0078,0.1096,3.4193,264.272,양품
-0.3518,-0.0083,61.4458,-6295.0,68.0333,0.0473,0.0781,0.146,15.97,761.0,6.4137,15.96,0.9602,1.893,0.0223,9.7836,18.56,3.438,485.0,0.0245,0.8162,20.3518,3022.75,8.9637,0.0,1008.6706,1.12,0.9236,24.1,16.0398,14.4854,4.4987,-0.0135,36.617,0.0,2.72,455.814,25.2303,14.57,8351.0298,87.2,2.2,83.6359,142.6245,0.2537,66.12,0.0078,0.1096,4.6307,,양품
1.7991,-0.0103,32.0388,-6370.25,68.1333,0.4258,0.1046,0.113,15.95,540.0,5.6688,15.9,0.9838,1.9058,0.1441,9.3335,17.6,3.383,228.0,0.0103,0.7611,18.2009,3115.25,9.0712,0.0,1006.766,1.38,0.9238,23.86,18.8217,11.8073,4.5429,-0.1014,31.421,757.049,2.776,424.0964,25.9351,13.4,9071.97,86.8786,3.2,84.0746,144.5245,0.2544,66.55,0.0078,0.1096,4.6699,271.274,양품
-1.71,-0.0091,38.4088,-6551.5,71.3556,1.939,0.0942,0.108,15.93,648.0,5.7864,15.91,0.9791,1.882,,8.6427,17.0,3.529,370.0,-0.0221,0.7713,21.71,2859.0,11.8806,0.0,1005.49,,0.9217,17.49,40.4319,14.1382,4.4937,-0.0495,35.161,362.5733,2.912,410.2564,29.1971,,8735.91,86.575,2.1,83.7738,138.2755,0.3016,78.0,0.0078,0.1096,4.653,,양품
2.1918,-0.0091,67.9452,-6534.75,69.8222,0.0473,0.082,0.09,15.99,492.0,5.4827,15.91,1.021,1.8865,,8.77,19.41,3.927,336.0,-0.0075,0.6849,17.8082,2838.5,7.7666,0.0,1008.4998,,0.9306,21.66,38.5145,17.1954,4.5809,-0.043,26.289,278.764,3.635,828.5714,26.3692,,8126.6901,86.5202,3.8,85.7881,140.2064,0.3725,76.89,0.0078,0.1096,4.6672,,양품
-0.2282,-0.011,59.2255,-6295.5,68.9778,1.939,0.0888,0.088,15.93,625.0,5.3561,15.91,0.9791,1.8942,0.0224,8.5788,16.6,3.529,300.0,-0.0171,0.7713,20.2282,3038.0,10.5026,0.0,1005.49,1.19,0.9257,31.44,25.3613,18.68,4.5024,-0.0788,37.866,0.0,2.912,0.0,28.6915,13.58,9200.0601,86.6582,3.4,85.7419,145.2736,0.2106,78.0,0.0078,0.1096,4.6681,256.45,양품
-2.7427,-0.0102,60.6357,-5994.0,67.9556,1.939,0.1,0.145,15.93,476.0,6.2209,15.91,0.9791,2.0013,,8.9635,18.85,3.529,2848.0,0.0294,0.7713,22.7427,2783.5,10.3423,0.0,1005.49,,0.9236,18.63,24.2427,9.7113,4.4987,-0.1218,37.275,222.771,2.912,825.0,28.674,,8918.65,86.9622,2.7,84.7226,148.6109,0.2207,77.84,0.0078,0.1096,3.439,,양품
1.0336,-0.0119,36.2869,-6900.5,67.0222,0.4258,0.0858,0.108,15.95,642.0,6.5621,15.9,0.9838,1.8847,,8.5891,24.14,3.383,1952.0,0.0113,0.7611,18.9664,3063.25,9.8304,0.0,1006.766,1.32,0.929,17.25,23.1457,9.9475,4.5141,-0.0736,33.182,432.4538,2.776,0.0,24.3057,13.46,8510.42,86.7366,3.1,86.0936,147.8064,0.2772,78.4,0.0078,0.1096,4.6303,,양품
-1.2336,-0.01,103.1289,-6204.25,69.5444,0.0473,0.1018,0.114,15.99,530.0,5.6324,15.91,1.021,1.8865,0.0226,8.5855,16.81,3.927,350.0,0.0065,0.6849,21.2336,2965.75,9.9996,0.0,1008.4998,,0.9346,11.22,14.6368,14.0173,4.6195,-0.0704,22.882,422.3287,3.635,0.0,26.3006,,8552.91,86.8774,2.8,86.2857,150.0227,0.4013,78.33,0.0078,0.1096,4.618,,양품
3.9309,-0.0091,48.1532,-5442.75,70.6222,-0.615,0.0963,0.124,15.8,572.0,6.3707,15.79,0.9507,2.0475,0.0152,8.5135,20.84,3.884,1168.0,0.0246,0.7833,16.0691,2602.25,10.8834,0.0,1001.7946,1.1,0.9306,18.27,21.9452,15.899,4.4917,-0.0734,19.426,442.9001,2.821,0.0,22.9785,21.84,8397.2999,86.6662,2.3,85.3154,146.6755,0.332,78.79,0.0078,0.1096,3.408,266.604,양품
3.1845,-0.0118,35.518,-6448.25,69.1444,1.939,0.0671,0.109,15.93,815.0,7.1628,15.91,0.9791,1.8815,0.0169,8.5779,22.68,3.529,470.0,-0.004,0.7713,16.8155,2949.25,9.5241,0.0,1005.49,,0.9257,18.35,8.4841,9.7867,4.5024,-0.0606,38.225,166.1148,2.912,0.0,22.1925,,8484.88,86.6492,2.3,85.2601,146.8573,0.2952,13.83,0.0078,0.1096,4.6613,266.496,양품
3.5264,-0.0072,75.5245,-6535.25,67.9333,-0.8042,0.0658,0.135,16.0,618.0,4.6328,15.95,0.9649,1.8915,0.0168,8.7662,15.62,3.486,466.0,-0.0253,0.7923,16.4736,2935.75,12.6648,0.0,1010.1669,,0.93,15.61,18.111,17.77,4.5896,-0.0392,26.408,151.1472,2.778,0.0,21.3934,,8794.9101,86.5018,3.1,84.2049,140.8091,0.2372,75.71,0.0078,0.1096,4.6642,251.078,양품
0.8764,-0.011,60.1367,0.0,69.3333,1.939,0.1004,0.0,15.93,0.0,6.5683,15.91,0.9791,0.0,,8.7696,21.52,3.529,0.0,0.0198,0.7713,19.1236,0.0,9.4795,0.0,1005.49,0.39,0.9346,19.36,30.6797,18.5282,4.6195,-0.0745,23.108,0.0,2.912,0.0,27.1747,15.07,8722.84,86.5639,3.9,85.7833,148.4318,0.332,76.61,0.0078,0.1096,4.6481,268.764,양품
-1.9682,-0.0082,52.2003,-5442.75,66.9889,0.4258,0.068,0.073,15.95,337.0,7.4635,15.9,0.9838,2.0042,0.0516,8.5334,21.23,3.383,745.0,0.0045,0.7611,21.9682,2689.5,7.5917,0.0,1006.766,1.15,0.9331,23.44,24.6721,13.4528,4.5722,-0.1054,23.226,367.3441,2.776,0.0,26.565,17.43,8348.04,86.8109,1.8,85.9922,152.2845,0.215,78.33,0.0078,0.1096,3.4669,252.824,양품
3.2964,-0.0083,52.9323,-6451.75,66.6,-0.9461,0.0933,0.103,15.95,415.0,5.7283,15.96,0.9554,1.859,,9.1156,18.38,3.523,368.0,-0.0161,0.7527,16.7036,2940.0,8.7923,0.0,1010.1773,1.28,0.9295,16.83,18.4257,8.3183,4.5089,-0.0518,21.328,328.5436,2.892,350.0,21.2894,16.09,9116.9602,86.8518,3.5,85.0513,147.2309,0.2007,79.16,0.0078,0.1096,4.5974,251.89,양품
4.3818,-0.0065,90.2486,-6364.25,69.1111,0.2365,0.1105,0.09,15.95,634.0,5.4181,15.94,0.9602,1.8895,0.0242,8.7568,18.02,3.208,537.0,-0.0307,0.8207,15.6182,2879.75,10.6532,0.0,1018.1556,,0.929,19.19,20.9068,14.5473,4.5819,-0.0436,26.89,74.8548,2.737,337.6147,23.4325,,8336.1801,86.5928,1.7,85.7033,144.6691,0.2627,76.76,0.0078,0.1096,4.6594,,양품
0.5082,-0.0087,88.2521,-5521.25,69.9,-0.1419,0.0573,0.176,15.98,537.0,6.2989,15.89,0.9649,2.0125,0.0184,8.5615,22.67,3.879,876.0,-0.0006,0.827,19.4918,2683.5,12.4662,0.0,1004.4267,1.62,0.929,15.96,20.8534,10.123,4.5141,-0.05,35.891,932.737,3.463,0.0,25.6003,18.74,8098.64,86.8706,2.8,86.3794,145.6791,0.3649,79.0,0.0078,0.1096,3.4494,,양품
0.4373,-0.0102,46.3054,-6317.25,66.7,0.0473,0.0623,0.093,15.97,480.0,6.4175,15.96,0.9602,1.8848,,9.1156,21.86,3.438,384.0,-0.0121,0.8162,19.5627,2980.5,9.5575,0.0,1008.6706,1.1,0.9299,14.88,25.0758,10.1415,4.5291,-0.0476,19.676,0.0,2.72,0.0,24.5833,18.36,8989.9399,86.8518,3.0,85.0513,150.4855,1.138,79.16,0.0078,0.1096,4.6888,264.272,양품
-0.6609,-0.0142,43.6236,-5508.5,68.1111,-0.615,0.0547,0.156,15.8,487.0,6.5332,15.79,0.9507,1.9788,0.0118,8.7812,19.1,3.884,1658.0,-0.0054,0.7833,20.6609,2635.5,12.6135,0.0,1001.7946,2.25,0.934,20.56,22.4884,13.1609,4.5775,-0.0692,21.444,876.066,2.821,455.6962,25.3772,16.49,9290.2499,86.6597,3.4,85.2505,149.9636,0.3444,79.07,0.0078,0.1096,3.3987,251.418,양품
2.5055,-0.0082,74.277,-5249.25,74.6667,0.2365,0.0779,0.196,15.95,332.0,7.2215,15.94,0.9602,1.9752,,8.3331,23.99,3.208,1006.0,-0.0166,0.8207,17.4945,2655.25,11.9668,0.0,1018.1556,1.94,0.9261,14.36,15.5583,10.5073,4.4779,-0.0549,16.253,354.0276,2.737,679.2453,23.1487,14.27,8989.74,86.993,1.4,84.969,144.9091,0.3406,80.71,0.0078,0.1096,3.3394,270.6,양품
0.4027,-0.0096,41.5045,-6564.5,68.3333,-0.615,0.1012,0.133,15.8,614.0,5.0057,15.79,0.9507,1.8965,0.0161,8.7696,14.08,3.884,479.0,0.0189,0.7833,19.5973,2892.5,12.2199,0.0,1001.7946,,0.9238,14.95,28.5148,21.129,4.5321,-0.1087,17.676,0.0,2.821,688.0,27.2715,,8827.89,86.5639,3.9,85.7833,140.6382,0.2627,76.61,0.0078,0.1096,4.6954,267.446,양품
-1.2973,-0.0115,26.2009,-5648.25,67.7556,1.939,0.0863,0.12,15.93,350.0,4.4843,15.91,0.9791,2.018,,8.5334,15.3,3.529,1080.0,0.0442,0.7713,21.2973,2709.75,12.2971,0.0,1005.49,,0.9295,16.86,8.3079,7.9873,4.5348,-0.1124,35.612,0.0,2.912,0.0,27.5945,,9232.3602,86.8109,2.3,85.9922,149.3173,0.4115,78.33,0.0078,0.1096,3.34,,양품
4.4827,-0.0092,82.3848,-6249.25,69.4778,0.0473,0.0555,0.108,15.87,643.0,5.4552,15.86,0.9365,1.884,0.0115,8.5855,16.81,3.541,564.0,0.0233,0.7747,15.5173,3007.25,10.1615,0.0,1004.5168,0.76,0.9238,19.55,17.8885,13.8091,4.5429,-0.0691,30.225,154.8165,2.841,0.0,22.9589,18.85,9278.5899,86.8774,2.9,86.2857,139.5136,0.1953,78.33,0.0078,0.1096,4.6468,,양품
0.3036,-0.01,48.1807,-5667.75,69.6333,0.4258,0.073,0.043,15.95,283.0,6.3964,15.9,0.9838,2.0075,0.0184,9.308,19.56,3.383,550.0,-0.0218,0.7611,19.6964,2617.0,9.3531,0.0,1006.766,,0.9314,17.6,40.8202,9.2543,4.4982,-0.0703,21.171,0.0,2.776,800.0,24.4119,,8767.77,86.872,2.1,84.7114,148.96,0.2377,67.38,0.0078,0.1096,3.4436,267.28,양품
2.5718,-0.0108,23.2558,-5440.5,67.2778,-0.615,0.0846,0.141,15.8,262.0,6.57,15.79,0.9507,2.0015,0.0262,9.6938,19.2,3.884,80.0,0.0017,0.7833,17.4282,2664.0,10.2408,0.0,1001.7946,,0.9251,13.74,18.1283,10.6835,4.5155,-0.0855,36.759,124.4256,2.821,0.0,20.9109,,9103.26,87.0735,2.7,85.0066,148.5155,1.2877,65.74,0.0078,0.1096,3.3161,,양품
-0.0555,-0.0133,36.773,-5701.0,70.0556,-0.615,0.1288,0.146,15.8,500.0,6.2269,15.79,0.9507,1.993,,8.7283,17.81,3.884,754.0,0.0164,0.7833,20.0555,2656.25,11.589,0.0,1001.7946,,0.934,29.86,21.7744,13.9354,4.5775,-0.0637,25.06,0.0,2.821,800.0,25.7896,,9771.2799,86.6108,2.1,84.7007,149.6464,0.3089,14.88,0.0078,0.1096,3.3284,,양품
-0.4455,-0.008,67.2897,-6308.75,67.7444,-0.615,0.0734,0.118,15.8,662.0,5.3724,15.79,0.9507,1.8855,0.0337,8.8384,17.72,3.884,356.0,0.0095,0.7833,20.4455,3079.5,12.4421,0.0,1001.7946,0.64,0.9312,17.28,29.8326,24.8391,4.5462,-0.0757,26.663,0.0,2.821,0.0,28.0135,20.05,9111.5801,87.0242,2.9,86.931,140.45,0.1842,78.29,0.0078,0.1096,4.6612,263.144,양품
-1.1582,-0.0098,66.4962,-6449.25,70.0222,-0.615,0.1306,0.093,15.8,773.0,5.6406,15.79,0.9507,1.8793,0.0334,8.9546,18.23,3.884,442.0,-0.0083,0.7833,21.1582,3047.0,12.1708,0.0,1001.7946,1.82,0.9312,22.26,32.6964,21.9709,4.5462,-0.0731,28.806,340.1884,2.821,186.3014,29.3803,15.62,8744.3301,86.9821,2.7,85.5528,137.7055,0.1824,78.38,0.0078,0.1096,4.5961,,양품
-0.4073,-0.0106,32.9412,-6724.5,70.1,-0.615,0.0959,0.136,15.8,752.0,5.8332,15.79,0.9507,1.8935,,8.5334,20.19,3.884,1858.0,0.004,0.7833,20.4073,3000.25,14.2883,0.0,1001.7946,,0.9306,12.39,26.9915,16.1442,4.4958,-0.1022,21.033,0.0,2.821,0.0,25.3135,,8529.2199,86.8109,2.6,85.9922,147.73,0.2644,78.33,0.0078,0.1096,4.6277,,양품
0.1155,-0.0079,64.455,-5646.25,69.4222,-0.1419,0.0411,0.131,15.98,350.0,7.5303,15.89,0.9649,2.0027,0.028,8.5788,23.2,3.879,1074.0,-0.0032,0.827,19.8845,2596.75,10.2015,0.0,1004.4267,1.0,0.934,24.53,22.048,12.6663,4.5775,-0.044,23.321,0.0,3.463,942.2222,25.0919,15.33,8631.0899,86.6582,2.3,85.7419,149.9009,0.197,78.0,0.0078,0.1096,3.3936,,양품
-8.64,-0.0067,93.3333,-5336.0,68.7333,-0.615,0.1108,0.035,15.8,312.0,5.2204,15.79,0.9507,1.9933,0.0175,8.5788,15.45,3.884,1099.0,-0.0124,0.7833,28.64,2637.75,10.7361,0.0,1001.7946,1.44,0.9298,19.71,14.7792,12.8082,4.6229,-0.0842,25.192,90.8565,2.821,246.8085,34.6714,14.1,9186.63,86.6582,1.1,85.7419,155.4373,0.2669,78.0,0.0078,0.1096,3.4673,,양품
3.19,-0.0108,45.4756,-5699.75,69.4,0.4258,0.0917,0.097,15.95,1428.0,6.2613,15.9,0.9838,2.0112,,8.7283,17.28,3.383,683.0,0.0086,0.7611,16.81,2983.0,8.342,0.0,1006.766,,0.9265,16.56,32.9253,11.5303,4.5682,-0.0467,28.397,113.1661,2.776,474.5763,22.5685,,8886.2602,86.6108,3.2,84.7007,144.3855,0.3431,14.88,0.0078,0.1096,3.437,,양품
-2.0836,-0.0104,35.6627,-5386.5,67.9778,0.4258,0.072,0.1,15.95,210.0,5.9629,15.9,0.9838,2.0112,0.0123,8.7568,23.28,3.383,346.0,-0.0423,0.7611,22.0836,2476.75,11.9385,0.0,1006.766,,0.9293,16.72,26.0263,8.0516,4.5537,-0.0435,36.098,249.0838,2.776,360.3053,23.4308,,8837.2001,86.5928,1.5,85.7033,150.4545,0.2226,76.76,0.0078,0.1096,3.3652,,양품
-1.1527,-0.0101,37.4846,-5374.75,69.5889,-0.615,0.0682,0.183,15.8,706.0,5.2162,15.79,0.9507,2.0155,0.026,8.5615,16.9,3.884,1679.0,-0.0069,0.7833,21.1527,2590.5,12.5993,0.0,1001.7946,1.73,0.9208,14.32,22.4076,14.5554,4.4758,-0.1095,18.045,671.4511,2.821,0.0,26.9974,12.84,8159.88,86.8706,1.4,86.3794,141.6845,0.3384,79.0,0.0078,0.1096,3.3727,263.496,양품
2.99,0.0203,20.6769,-5513.5,65.9111,0.0473,0.1584,0.142,15.87,846.0,5.0532,15.86,0.9365,2.0317,0.0168,9.754,15.67,3.541,759.0,-0.0102,0.7747,17.01,2884.75,13.364,0.0,1004.5168,,0.9337,21.15,28.116,17.0281,4.5319,-0.0921,31.209,212.0401,2.841,203.9216,23.2157,,8700.71,87.1954,2.6,85.8807,144.1591,0.4057,65.11,0.0078,0.1096,3.3478,,양품
1.5582,-0.0086,68.8047,-6433.5,69.8444,0.4258,0.0967,0.135,15.95,779.0,5.9053,15.9,0.9838,1.8872,0.0192,8.441,19.44,3.383,513.0,-0.0262,0.7611,18.4418,3087.5,18.4695,0.0,1006.766,1.13,0.9312,21.38,32.914,14.7009,4.5462,-0.0391,31.02,323.4539,2.776,243.1373,25.9403,14.69,9072.8601,87.0383,2.9,84.9737,141.1582,0.3725,78.63,0.0078,0.1096,4.6338,264.272,양품
-0.5464,-0.0097,22.6221,-6374.25,68.1667,0.0473,0.0734,0.127,15.87,849.0,6.4715,15.86,0.9365,1.8805,,8.7696,21.98,3.541,1507.0,0.0103,0.7747,20.5464,2986.25,11.6025,0.0,1004.5168,1.38,0.9295,17.14,10.7731,17.0083,4.5348,-0.069,34.841,0.0,2.841,980.0,25.8855,15.5,8104.17,86.5639,2.8,85.7833,141.7718,0.2204,76.61,0.0078,0.1096,4.6344,249.046,양품
2.8618,-0.0071,65.0177,-5538.75,69.8,-0.4731,0.0796,0.067,15.88,214.0,6.549,15.86,0.9176,1.9932,0.0222,8.77,23.36,3.358,787.0,-0.0036,0.8318,17.1382,2644.0,10.863,0.0,1000.2793,1.0,0.9295,14.58,17.766,7.6957,4.5089,-0.0136,21.598,432.5921,2.71,277.686,22.4125,16.22,8569.6701,86.5202,2.6,85.7881,151.8545,0.2194,76.89,0.0078,0.1096,3.5087,265.708,양품
-4.4482,-0.009,89.1365,-6507.75,66.6778,0.0473,0.038,0.063,15.87,395.0,6.724,15.86,0.9365,1.8772,0.0184,9.1156,21.14,3.541,667.0,-0.0202,0.7747,24.4482,2985.75,11.5995,0.0,1004.5168,,0.9261,10.35,24.8081,21.1473,4.4779,-0.0317,18.08,211.9967,2.841,0.0,34.3644,,8213.32,86.8518,2.8,85.0513,145.56,0.3406,79.16,0.0078,0.1096,4.6887,260.47,양품
2.43,-0.0082,48.5584,-5397.25,68.9444,1.939,0.0615,0.092,15.93,487.0,6.1488,15.91,0.9791,2.0098,,8.4896,21.62,3.529,760.0,-0.0084,0.7713,17.57,2719.75,8.6783,0.0,1005.49,0.66,0.9295,11.82,28.3738,7.5635,4.5089,-0.0469,21.076,717.2838,2.912,227.907,22.2242,22.2,8722.6,87.0327,2.1,85.2679,149.0627,1.138,78.04,0.0078,0.1096,3.4713,264.272,양품
1.17,-0.007,45.5516,-5545.75,66.1778,-0.4731,0.0904,0.128,15.88,265.0,6.3433,15.86,0.9176,1.9935,0.1454,8.8132,21.11,3.358,609.0,-0.0287,0.8318,18.83,2637.0,9.6713,0.0,1000.2793,1.41,0.9265,20.6,14.7869,11.4049,4.5682,0.0066,31.543,522.2222,2.71,875.0,24.7337,20.57,8944.2699,86.52,2.0,85.8748,140.9673,0.3213,77.26,0.0078,0.1096,3.4856,252.932,양품
-1.93,-0.0142,39.3327,-6529.75,70.4111,0.2365,0.1136,0.135,15.95,650.0,5.5841,15.94,0.9602,1.8898,0.0174,8.7418,16.25,3.208,271.0,-0.0048,0.8207,21.93,2916.25,10.9501,0.0,1018.1556,,0.9217,27.41,31.8046,13.3573,4.4937,-0.0442,33.943,415.0252,2.737,512.3596,29.6185,,8621.46,86.5759,2.5,84.8892,135.9,0.3016,78.11,0.0078,0.1096,4.6692,,양품
2.6373,-0.0083,36.1991,-6468.25,68.7222,0.0473,0.0735,0.083,15.87,591.0,5.2818,15.86,0.9365,1.896,,8.7568,16.83,3.541,538.0,0.0044,0.7747,17.3627,2904.5,14.2211,0.0,1004.5168,,0.93,16.87,11.8997,16.8227,4.5896,-0.0322,26.134,227.5078,2.841,634.4828,22.698,,9096.68,86.5928,2.4,85.7033,143.4018,0.2204,76.76,0.0078,0.1096,4.6546,,양품
3.4827,-0.0099,42.3707,-5573.25,67.6111,0.2365,0.1187,0.055,15.95,273.0,6.1437,15.94,0.9602,2.0022,0.0113,8.8132,23.22,3.208,570.0,-0.0083,0.8207,16.5173,2583.5,12.1786,0.0,1018.1556,1.87,0.9288,11.62,16.3295,7.1064,4.5065,-0.0259,34.25,217.9327,2.737,575.6098,21.1961,17.81,9080.3599,86.52,4.4,85.8748,150.2164,0.1374,77.26,0.0078,0.1096,3.3646,266.786,양품
2.0173,-0.0099,42.3174,-5760.75,68.2556,-0.4731,0.0598,0.149,15.88,304.0,4.6202,15.86,0.9176,2.0042,0.238,8.77,14.39,3.358,1421.0,-0.0067,0.8318,17.9827,2554.25,9.991,0.0,1000.2793,1.79,0.9295,20.1,42.5867,15.9991,4.5348,-0.0065,35.618,244.8851,2.71,200.0,24.4746,19.91,8815.74,86.5202,3.5,85.7881,145.6891,0.3356,76.89,0.0078,0.1096,3.5063,267.986,양품
1.5527,-0.0106,51.0638,-5618.75,59.9667,0.7569,0.0699,0.088,15.9,587.0,4.6827,15.82,1.002,1.8725,0.0218,9.3851,15.32,3.483,671.0,-0.0312,0.8057,18.4473,2998.75,9.7589,0.0,1002.579,0.61,0.9242,12.78,32.754,15.2109,4.4867,-0.0594,18.106,414.1101,2.679,416.0,24.4248,17.09,9454.8601,86.2213,2.9,85.4507,144.7091,0.1814,78.68,0.0078,0.1096,4.6604,263.406,양품
-8.6982,-0.0102,26.4059,-6417.75,72.2667,-0.4731,0.0923,0.118,15.88,626.0,4.7052,15.86,0.9176,1.885,0.019,8.441,15.74,3.358,380.0,-0.0112,0.8318,28.6982,3013.75,9.5012,0.0,1000.2793,1.42,,19.81,17.6003,14.9327,,-0.004,27.992,138.5346,2.71,0.0,36.5743,14.81,8839.8099,87.0383,2.3,84.9737,152.15,0.3411,78.63,0.0075,0.1161,4.6246,250.694,양품
-2.3391,-0.01,196.0199,-5442.75,69.2,-0.4731,0.0813,0.045,15.88,224.0,6.1435,15.86,0.9176,1.9875,,8.7812,19.59,3.358,938.0,-0.0072,0.8318,22.3391,2644.5,9.5,0.0,1000.2793,0.97,0.923,14.73,16.5158,13.5051,4.5698,-0.069,29.427,160.7462,2.71,726.1538,29.1587,13.2,8686.8099,86.6597,2.2,85.2505,140.0473,0.3579,79.07,0.0078,0.1096,3.3764,271.98,양품
4.1782,-0.0092,59.0164,-6425.25,70.3,0.7569,0.07,0.145,15.9,856.0,6.7404,15.82,1.002,1.8968,0.0186,8.5232,22.71,3.483,251.0,0.0144,0.8057,15.8218,3152.25,10.3773,0.0,1002.579,1.52,0.9306,21.85,16.7152,15.4109,4.4917,-0.0741,19.88,273.8033,2.679,0.0,22.3865,24.4,8989.0101,86.6814,2.2,85.5983,145.1209,0.2341,78.95,0.0078,0.1096,4.6799,267.588,양품
4.1455,-0.0075,92.4623,-5247.75,67.7556,-0.4731,0.0557,0.04,15.88,200.0,6.5758,15.86,0.9176,2.0245,0.0174,8.5288,18.71,3.358,685.0,-0.009,0.8318,15.8545,2638.75,9.1581,0.0,1000.2793,1.68,0.9302,19.77,15.3325,13.9697,4.5729,-0.0022,26.688,110.7237,2.71,0.0,20.187,17.76,9028.5101,86.6692,1.9,85.2227,138.5073,0.3213,78.52,0.0078,0.1096,3.4096,264.272,양품
4.0555,-0.0112,58.0357,-6660.25,69.2667,0.7569,0.149,0.094,15.9,372.0,5.5267,15.82,1.002,1.8872,,8.7696,17.89,3.483,164.0,0.0117,0.8057,15.9445,2955.25,10.8559,0.0,1002.579,1.32,0.9306,14.07,27.2044,9.6396,4.4917,-0.0693,21.916,355.8171,2.679,406.3492,18.277,19.82,9126.35,86.5639,3.0,85.7833,151.4891,0.3411,76.61,0.0078,0.1096,4.6586,264.272,양품
1.54,-0.0075,120.603,-6656.5,68.7,0.2365,0.0946,0.11,15.95,580.0,6.5531,15.94,0.9602,1.8868,,8.7662,19.98,3.208,404.0,-0.0356,0.8207,18.46,2928.0,13.7758,0.0,1018.1556,,0.9261,21.85,15.4669,17.2573,4.4779,-0.0371,17.982,462.987,2.737,573.913,27.5268,,8746.85,86.5018,3.3,84.2049,144.0318,0.3406,75.71,0.0078,0.1096,4.6556,267.416,양품
2.8627,-0.0108,58.2659,-6375.25,68.3222,0.0473,0.1156,0.106,15.87,316.0,5.045,15.86,0.9365,1.8722,,9.0425,16.75,3.541,378.0,-0.002,0.7747,17.1373,2928.5,11.7127,0.0,1004.5168,1.01,0.9288,26.75,34.843,13.6804,4.5186,-0.1089,36.108,168.0216,2.841,0.0,24.7459,18.32,8884.0999,86.8006,1.9,84.6838,149.7191,0.1374,,0.0078,0.1096,4.648,268.26,양품
1.7755,-0.0142,36.0106,-6233.5,65.8556,1.939,0.0456,0.044,15.93,120.0,6.7019,15.91,0.9791,1.8585,0.0192,9.0425,20.78,3.529,167.0,0.0083,0.7713,18.2245,2875.75,11.9662,0.0,1005.49,0.96,0.9362,13.43,30.6099,18.5782,4.5591,-0.0641,29.784,279.3651,2.912,0.0,25.55,14.24,8509.97,86.8006,3.6,84.6838,151.8527,0.3213,,0.0078,0.1096,4.6448,264.272,양품
16.6491,-0.008,39.8754,-5748.5,67.5,0.7569,0.066,0.068,15.9,3290.0,5.2334,15.82,1.002,2.0285,,8.8132,16.43,3.483,916.0,-0.0091,0.8057,17.239,3293.0,9.1574,0.0,1002.579,,0.9293,16.58,18.1288,12.1909,4.5537,0.0238,42.781,943.7152,2.679,942.8571,21.9792,,9009.32,86.52,3.6,85.8748,145.1727,0.3431,77.26,0.0078,0.1096,3.4233,,불량
1.9255,-0.0092,60.1093,-5519.75,67.3889,-0.4731,0.0906,0.109,15.88,626.0,5.4746,15.86,0.9176,1.9988,,9.0121,18.94,3.358,283.0,0.03,0.8318,18.0745,2768.5,12.3807,0.0,1000.2793,1.72,0.9288,14.6,14.1319,9.3151,4.5065,-0.0988,34.391,285.1275,2.71,0.0,23.1949,15.98,7994.81,86.6797,3.9,86.6785,147.5627,0.1374,79.05,0.0078,0.1096,3.5541,268.74,양품
-1.3727,-0.0089,42.6966,-6385.75,69.7778,-0.5204,0.0646,0.111,15.89,704.0,5.802,15.85,0.9933,1.8805,0.0302,8.4896,18.16,3.615,193.0,-0.0095,0.791,21.3727,2961.5,14.3185,0.0,999.819,1.25,0.9306,20.17,33.2929,21.8473,4.5809,-0.0188,28.391,403.5762,2.726,266.6667,29.1464,18.88,8874.8601,87.0327,2.6,85.2679,140.7509,0.4115,78.04,0.0078,0.1096,4.6457,264.46,양품
2.6218,-0.0101,61.3861,-6284.25,68.7667,0.7569,0.0672,0.11,15.9,454.0,6.9764,15.82,1.002,1.8962,,8.4896,19.29,3.483,492.0,-0.0105,0.8057,17.3782,2991.0,9.6943,0.0,1002.579,0.98,0.934,21.86,18.7337,9.7209,4.5775,-0.0472,22.455,421.8447,2.679,405.9701,22.6667,22.18,8850.22,87.0327,2.9,85.2679,150.1882,0.2932,78.04,0.0078,0.1096,4.6768,272.5,양품
-0.7782,-0.0107,45.6345,-6048.5,67.8556,-0.1892,0.085,0.069,15.86,185.0,5.1135,15.82,0.9933,2.0128,0.033,8.7568,19.67,3.538,2443.0,-0.0129,0.7804,20.7782,2623.25,11.2825,0.0,1012.4752,0.94,0.9295,17.85,11.2694,14.2947,4.5348,-0.0284,33.353,397.0794,2.846,0.0,26.0554,16.04,8607.3302,86.5928,2.8,85.7033,144.7118,0.3156,76.76,0.0078,0.1096,3.4283,252.918,양품
-0.3918,-0.0106,26.5089,-5486.25,68.3778,0.0473,0.0677,0.049,15.79,454.0,5.6784,15.78,0.9554,2.0093,0.019,8.7932,18.54,3.495,913.0,0.0073,0.7585,20.3918,2755.0,13.3456,0.0,997.5143,1.2,0.9342,18.91,30.1432,17.3628,4.685,-0.0246,23.852,0.0,2.864,0.0,28.9557,19.72,8782.8301,86.8489,2.2,85.513,144.0655,0.1694,2.126,0.0078,0.1096,3.325,263.398,양품
-0.9691,-0.0111,24.2424,-5201.5,74.1333,0.0473,0.044,0.173,15.79,177.0,5.5702,15.78,0.9554,1.9472,0.4027,8.3273,17.59,3.495,1468.0,-0.008,0.7585,20.9691,2451.0,12.2715,0.0,997.5143,1.37,0.9296,19.3,24.0162,15.42,4.574,-0.0499,33.519,495.3096,2.864,904.3478,26.2905,6.11,8950.5701,87.037,1.5,86.3826,142.42,0.1814,80.01,0.0078,0.1096,3.4008,250.8,양품
5.0955,-0.0093,62.5337,-5553.5,69.1444,0.4258,0.0437,0.198,15.85,353.0,5.2581,15.82,0.9933,1.9713,0.0142,8.7662,17.21,3.476,1333.0,0.0049,0.8297,14.9045,2618.5,11.225,0.0,999.6484,1.87,0.9306,23.07,21.056,16.4116,4.4917,-0.0498,21.764,291.6325,2.775,0.0,21.9399,15.09,8196.8299,86.5018,3.1,84.2049,146.33,0.1822,75.71,0.0078,0.1096,3.3959,266.808,양품
-1.1173,-0.0091,45.9016,-6316.75,69.6111,0.0473,0.1046,0.13,15.87,659.0,5.9137,15.86,0.9365,1.8912,,8.8384,17.32,3.541,387.0,0.015,0.7747,21.1173,3114.5,10.9682,0.0,1004.5168,1.46,0.923,21.03,19.5079,13.2418,4.5698,-0.0558,31.588,489.585,2.841,0.0,30.1518,20.28,8313.42,87.0242,2.8,86.931,141.3982,0.271,78.29,0.0078,0.1096,4.6612,,양품
3.3364,-0.0099,56.7089,-6394.5,72.9,0.0473,0.0637,0.086,15.79,413.0,5.9788,15.78,0.9554,1.8847,0.0269,8.4896,18.57,3.495,461.0,0.0254,0.7585,16.6636,2983.75,10.5915,0.0,997.5143,,0.9238,19.55,14.6479,12.6881,4.5429,-0.0143,29.961,98.6104,2.864,0.0,24.4489,,7880.52,87.0327,3.1,85.2679,144.2718,0.2932,78.04,0.0078,0.1096,4.6209,,양품
0.9827,-0.0106,63.0588,-6331.25,70.6,0.4258,0.0722,0.102,15.85,677.0,7.4488,15.82,0.9933,1.891,0.014,8.4896,23.49,3.476,322.0,-0.0189,0.8297,19.0173,3032.25,15.5338,0.0,999.6484,1.02,0.934,20.8,20.4153,12.2955,4.5775,-0.0345,23.55,0.0,2.775,278.9474,24.2367,12.66,8858.71,87.0327,3.1,85.2679,151.5345,0.2964,78.04,0.0078,0.1096,4.6554,264.272,양품
-0.6727,-0.0112,29.3333,-6325.0,74.5222,-0.5204,0.0609,0.062,15.89,230.0,5.988,15.85,0.9933,1.8662,0.0126,8.3436,20.37,3.615,532.0,-0.0112,0.791,20.6727,3014.0,10.1364,0.0,999.819,,0.9306,10.54,34.4255,13.6667,4.4958,-0.0713,20.283,0.0,2.726,0.0,26.1735,,8245.28,87.0565,4.6,83.7747,146.9391,0.2341,12.19,0.0078,0.1096,4.6519,265.788,양품
-0.7891,-0.0091,66.941,-5728.5,74.2222,0.0946,0.1004,0.134,15.65,575.0,5.1461,15.68,0.9365,1.9572,0.0205,8.3273,18.28,3.496,1033.0,0.0056,0.7681,20.7891,2665.0,10.4848,0.0,993.4244,,0.9348,18.38,16.3905,14.1809,4.6737,-0.0676,23.768,0.0,2.753,685.7143,26.6224,,8677.55,87.037,2.5,86.3826,148.5982,0.1694,80.01,0.0078,0.1096,3.3224,260.844,양품
1.7618,-0.0101,45.6576,-6410.75,74.1333,0.0473,0.0459,0.087,15.79,650.0,5.9455,15.78,0.9554,1.8847,0.0198,8.3436,20.15,3.495,203.0,-0.0145,0.7585,18.2382,3020.75,11.8499,0.0,997.5143,1.24,0.9306,11.03,10.7413,13.4814,4.4958,0.0014,20.824,836.6357,2.864,0.0,23.5304,20.11,8483.46,87.0565,1.9,83.7747,145.11,0.3406,12.19,0.0078,0.1096,4.6032,264.272,양품
2.4582,-0.0125,55.7769,-5487.25,73.9778,0.0946,0.0464,0.215,15.65,603.0,6.1671,15.68,0.9365,1.957,0.0214,8.3273,17.29,3.496,745.0,-0.0153,0.7681,17.5418,2811.0,3.5524,0.0,993.4244,1.35,0.9277,12.03,21.6669,15.53,4.5256,-0.0682,16.547,359.2086,2.753,557.1429,23.5223,18.9,8737.4501,87.037,1.9,86.3826,142.8836,0.1814,80.01,0.0078,0.1096,3.2958,250.746,양품
2.9373,-0.0102,42.0538,-6627.25,66.7333,0.0946,0.0635,0.086,15.65,414.0,6.3738,15.68,0.9365,1.853,0.0169,9.22,20.68,3.496,383.0,-0.0123,0.7681,17.0627,2909.25,9.1797,0.0,993.4244,0.91,0.9277,12.97,26.0287,21.89,4.5256,-0.0794,13.991,175.3327,2.753,533.3333,24.2706,13.74,8595.62,86.7741,3.6,85.4449,140.74,0.3986,79.47,0.0078,0.1096,4.6487,264.272,양품
1.9491,-0.0114,32.3497,-4685.25,67.2444,0.0946,0.044,0.113,15.65,354.0,6.8891,15.68,0.9365,1.9935,0.0222,8.7932,20.82,3.496,3183.0,0.0082,0.7681,18.0509,2734.75,8.93,0.0,993.4244,2.07,0.9242,12.7,34.8613,11.9873,4.4867,-0.0611,16.87,461.2407,2.753,0.0,26.0408,22.11,8853.8401,86.8489,1.6,85.513,148.5427,0.3033,2.126,0.0078,0.1096,3.4196,251.33,양품
-1.4191,-0.009,36.8715,-6424.5,66.0889,1.04,0.0892,0.102,15.68,619.0,6.6799,15.67,1.045,1.8812,0.0146,9.22,19.11,3.79,463.0,0.0093,0.8076,21.4191,2982.0,12.6703,0.0,992.6588,1.04,0.9242,8.91,16.6756,24.6254,4.4867,-0.075,18.082,665.9193,2.742,800.0,31.164,18.62,8977.0199,86.7741,2.7,85.4449,140.3945,0.2947,79.47,0.0078,0.1096,4.6613,264.272,양품
0.2527,-0.014,32.1142,-5501.0,68.7,0.0946,0.059,0.109,15.65,342.0,4.8681,15.68,0.9365,1.9992,0.022,8.7073,13.55,3.496,436.0,0.0041,0.7681,19.7473,2543.75,8.7208,0.0,993.4244,1.75,0.9342,15.84,27.8369,13.8554,4.685,-0.0769,24.637,0.0,2.753,555.2941,28.1237,17.45,8990.1101,86.7952,3.3,84.7188,146.4718,0.2947,77.76,0.0078,0.1096,3.4259,248.144,양품
1.5927,-0.0094,44.5033,-5314.75,68.4778,0.0946,0.0929,0.172,15.65,210.0,6.0304,15.68,0.9365,1.9835,,8.7867,19.95,3.496,1286.0,0.0113,0.7681,18.4073,2691.0,8.5675,0.0,993.4244,,0.9295,14.13,19.5605,9.4126,4.5089,-0.0435,21.084,840.0683,2.753,0.0,23.7193,,8318.63,86.5708,2.7,83.7263,147.8218,1.138,76.15,0.0078,0.1096,3.4152,251.982,양품
1.1845,-0.0104,31.769,-5519.0,66.1444,0.0946,0.0622,0.075,15.65,697.0,5.1183,15.68,0.9365,2.0095,0.0152,9.22,12.61,3.496,714.0,0.0039,0.7681,18.8155,2805.25,8.8421,0.0,993.4244,2.14,0.9277,16.02,23.6049,22.7528,4.5256,-0.0638,16.579,943.8219,2.753,580.3922,26.8806,17.44,8961.0899,86.7741,2.4,85.4449,135.9264,0.1814,79.47,0.0078,0.1096,3.4316,264.272,양품
-1.5764,-0.0112,28.6674,-6492.25,71.5778,0.0946,0.0512,0.118,15.65,648.0,5.9451,15.68,0.9365,1.8887,0.014,8.7073,21.56,3.496,363.0,0.0029,0.7681,21.5764,2871.5,12.5004,0.0,993.4244,,0.9348,10.67,19.366,12.9727,4.6737,-0.0717,24.18,265.8016,2.753,0.0,26.3291,,8783.3,86.7952,2.5,84.7188,144.4009,0.2972,77.76,0.0078,0.1096,4.6848,259.97,양품
-0.2718,-0.0104,53.076,-5549.25,68.5444,0.0,0.0593,0.222,15.62,707.0,5.6306,15.61,0.946,1.9692,0.0185,8.5615,18.34,3.946,2460.0,-0.0005,0.7435,20.2718,2758.75,10.1026,0.0,987.2854,1.6,0.933,15.45,23.2535,11.2464,4.7047,-0.0955,22.392,0.0,3.277,555.5556,25.1884,22.35,9384.4602,86.8706,2.0,86.3794,146.4809,0.2754,79.0,0.0078,0.1096,3.3968,253.366,양품
-2.0291,-0.0121,200.823,-6284.25,74.1778,0.0,0.0821,0.153,15.62,293.0,6.7291,15.61,0.946,1.977,0.0156,8.3273,19.91,3.946,2262.0,0.0027,0.7435,22.0291,2557.5,8.2667,0.0,987.2854,,0.9277,16.52,44.6262,18.9318,4.5256,-0.0818,18.37,423.8351,3.277,635.7616,31.5545,,9283.97,87.037,2.0,86.3826,142.4318,0.1814,80.01,0.0078,0.1096,3.3713,,양품
3.5355,-0.0093,44.1454,-6338.25,66.2889,0.0,0.0791,0.104,15.62,582.0,5.57,15.61,0.946,1.9043,0.0171,9.754,19.56,3.946,468.0,0.0028,0.7435,16.4645,3107.25,10.4507,0.0,987.2854,,0.9342,14.74,24.4747,10.8064,4.685,-0.0567,22.397,194.6002,3.277,0.0,23.6548,,8615.0101,87.1954,3.2,85.8807,150.4036,0.2482,65.11,0.0078,0.1096,4.695,253.652,양품
0.8236,-0.0096,35.5556,-6190.0,74.5444,0.0,0.0589,0.168,15.62,1412.0,5.5964,15.61,0.946,1.9675,0.2135,8.5889,19.14,3.946,1841.0,-0.0034,0.7435,19.1764,2474.75,10.1096,0.0,987.2854,1.31,0.9348,20.16,8.1933,10.4273,4.6737,-0.0889,24.141,0.0,3.277,619.3548,24.3769,19.5,9141.45,86.9963,2.2,83.8498,148.8164,0.1694,80.28,0.0078,0.1096,3.3174,258.596,양품
-2.5836,-0.0108,40.6936,-5335.0,68.1,0.6623,0.0476,0.085,15.96,495.0,5.7088,15.93,1.097,1.9835,0.0293,9.6938,17.76,3.927,1077.0,-0.0086,0.7067,22.5836,2661.5,9.2315,0.0,1004.0946,1.17,0.9242,21.78,16.9284,9.8109,4.4867,-0.0288,19.407,240.746,3.141,0.0,28.3642,16.42,8556.87,87.0735,1.8,85.0066,146.8045,0.1772,65.74,0.0078,0.1096,3.4237,,양품
3.4491,-0.0088,59.3438,-5747.75,74.3333,0.0,0.069,0.113,15.82,356.0,5.4266,15.9,0.9507,1.9765,,8.8889,18.49,3.905,1992.0,-0.0177,0.7537,16.5509,2622.0,11.4965,0.0,1012.22,0.64,0.9344,19.52,18.5437,14.7937,4.7198,-0.0287,21.7971,189.0353,3.287,0.0,23.6314,18.33,9290.4001,86.9977,6.1,83.5589,151.1073,0.3606,80.31,0.0085,0.107,3.4619,248.736,양품
1.0518,-0.0095,60.0791,-5617.75,74.2333,0.0,0.0544,0.128,15.82,475.0,5.1335,15.9,0.9507,1.985,,8.8889,16.88,3.905,233.0,-0.0047,0.7537,18.9482,2658.75,3.7868,0.0,1012.22,,0.9344,15.31,30.7002,13.0173,4.7198,-0.0238,22.488,593.2584,3.287,883.3333,26.1124,,9346.53,86.9977,4.1,83.5589,152.7355,0.3606,80.31,0.0066,0.1086,3.4583,264.272,양품
3.4391,-0.0085,34.2688,-5797.0,74.2778,0.0,0.0859,0.141,15.82,132.0,5.4492,15.9,0.9507,1.9648,,8.8889,19.41,3.905,157.0,-0.0279,0.7537,16.5609,2719.25,15.4701,0.0,1012.22,1.18,0.9344,18.78,26.9538,14.56,4.7198,-0.0119,21.6,130.5578,3.287,759.322,23.7055,16.49,9182.5799,86.9977,4.0,83.5589,150.9991,0.3606,80.31,0.0066,0.1086,3.4898,264.272,양품
-1.89,-0.0085,78.8235,-6351.25,71.4,0.2838,0.0743,0.108,15.61,744.0,5.8554,15.59,1.068,1.8832,,8.4855,18.44,3.796,651.0,-0.0203,0.7879,21.89,3035.25,8.7075,0.0,996.0706,1.41,0.9304,14.75,12.5552,10.9955,4.5275,-0.0387,23.002,703.1746,2.913,0.0,26.7765,20.17,9112.0101,87.045,2.9,85.1099,146.8927,0.3617,77.89,0.0065,0.1107,4.5987,264.272,양품
1.1627,-0.0131,37.3333,-5532.5,74.4444,0.0473,0.0553,0.148,15.72,537.0,5.1306,15.67,1.031,2.0198,,8.2638,16.86,4.756,982.0,0.0121,0.7639,18.8373,2600.75,15.8175,0.0,998.6102,1.96,0.9332,14.18,35.1893,17.0691,4.6864,-0.0016,23.098,726.7396,3.342,0.0,27.6476,16.65,8340.45,86.7056,2.4,84.5303,151.9836,0.4653,80.91,0.0085,0.1098,3.3387,264.272,양품
-0.3236,-0.0118,33.9703,-6375.75,68.9556,0.0473,0.0847,0.133,15.72,658.0,6.6782,15.67,1.031,1.8905,,9.3335,20.81,4.756,524.0,0.0102,0.7639,20.3236,3038.25,10.9317,0.0,998.6102,0.55,0.9348,16.47,19.7097,10.2582,4.6737,-0.0166,23.222,828.0899,3.342,0.0,24.2157,13.47,8472.87,86.8786,3.1,84.0746,147.6655,0.2797,66.55,0.0078,0.1096,4.6622,263.058,양품
2.1645,-0.0079,69.5103,-5428.75,74.9111,0.0473,0.0955,0.084,15.72,142.0,6.0185,15.67,1.031,1.9703,,8.2823,18.3,4.756,481.0,-0.0035,0.7639,17.8355,2812.5,8.7254,0.0,998.6102,0.58,0.9304,14.27,17.9703,7.8728,4.5275,-0.0081,23.042,754.8929,3.342,0.0,23.0469,18.9,8257.78,86.6699,1.2,84.2629,147.4236,0.4653,81.27,0.0065,0.1107,3.342,264.272,양품
-1.9891,-0.0072,63.5579,-5685.0,71.6889,0.2838,0.0839,0.144,15.61,295.0,6.0701,15.59,1.068,2.0183,,8.4896,17.99,3.796,920.0,-0.0166,0.7879,21.9891,2803.0,8.433,0.0,996.0706,,0.9339,14.33,23.1539,20.6718,4.7102,-0.0276,22.723,296.1152,2.913,0.0,30.3824,,9097.76,87.0327,3.3,85.2679,149.4482,0.4671,78.04,0.0085,0.1098,3.4647,261.994,양품
-0.2482,-0.0112,30.2895,-5464.75,71.1333,0.0473,0.0616,0.231,15.72,350.0,5.9776,15.67,1.031,1.9865,0.0354,8.7073,21.78,4.756,714.0,-0.0088,0.7639,20.2482,2458.0,9.7089,0.0,998.6102,1.39,0.9342,11.67,27.3633,21.4281,4.685,-0.0221,22.645,0.0,3.342,0.0,28.6157,17.26,8444.58,86.7952,3.4,84.7188,141.1009,0.4016,77.76,0.0078,0.1096,3.441,250.694,양품
-1.6436,-0.0078,47.36,-5539.5,73.7,0.0473,0.0712,0.103,15.72,557.0,5.4022,15.67,1.031,2.0,,8.2823,16.92,4.756,775.0,-0.0082,0.7639,21.6436,2516.0,13.2075,0.0,998.6102,1.96,0.9304,16.67,16.3298,10.7291,4.5275,-0.0386,23.743,0.0,3.342,0.0,26.254,17.38,8743.0501,86.6699,2.0,84.2629,147.1173,0.2385,81.27,0.0065,0.1107,3.3776,261.24,양품
5.1773,-0.0075,60.1002,-5458.75,73.3,0.0473,0.0861,0.107,15.72,657.0,5.8757,15.67,1.031,1.9968,,8.2638,20.58,4.756,378.0,-0.0166,0.7639,14.8227,2718.0,11.3848,0.0,998.6102,1.25,0.9308,19.87,32.2595,8.6617,4.4988,-0.0183,20.775,304.6005,3.342,966.6667,21.0858,16.77,8693.64,86.7056,3.9,84.5303,149.41,0.3616,80.91,0.0065,0.1107,3.3751,247.852,양품
5.8045,-0.0114,36.8825,-5452.75,66.8222,0.2838,0.0991,0.093,15.61,178.0,6.0902,15.59,1.068,2.007,0.0177,8.7932,19.11,3.796,275.0,0.007,0.7879,14.1955,2643.25,13.5537,0.0,996.0706,0.91,0.9305,18.05,19.7246,16.4954,4.6043,-0.0031,33.542,114.3931,2.913,0.0,20.2515,18.07,9020.93,86.8489,1.8,85.513,146.7327,0.5659,2.126,0.0078,0.1096,3.2796,260.13,양품
-2.3691,-0.0127,35.2941,-5623.0,66.6889,0.2838,0.0651,0.098,15.61,567.0,5.4572,15.59,1.068,1.9835,0.0205,9.6938,16.18,3.796,1043.0,0.002,0.7879,22.3691,2695.0,8.4547,0.0,996.0706,1.64,0.9348,10.0,26.6554,15.9881,4.6737,-0.0071,22.962,167.9969,2.913,0.0,27.4408,12.98,8481.8701,87.0735,1.9,85.0066,144.2282,0.3327,65.74,0.0078,0.1096,3.3884,260.538,양품
5.9491,-0.0139,32.491,-5831.25,74.6111,0.0473,0.0708,0.078,15.78,385.0,5.643,15.86,0.9933,1.9908,,8.2823,16.18,3.877,345.0,-0.012,0.7954,14.0509,2653.0,12.1017,0.0,1004.4788,2.24,0.9332,15.92,19.1346,13.5963,4.6864,-0.0075,22.073,106.4028,2.796,0.0,21.9064,18.25,8175.65,86.6699,1.6,84.2629,152.6882,0.4698,81.27,0.0085,0.1098,3.4218,263.072,양품
5.4964,-0.0073,53.6082,-5422.25,75.9111,0.1419,0.0913,0.238,15.63,1203.0,4.642,15.62,1.059,2.0063,,8.2823,14.72,4.171,1092.0,-0.0287,0.7697,14.5036,3057.0,10.3445,0.0,996.2322,,0.9001,13.39,17.7238,19.3264,4.5193,-0.0186,15.765,136.8177,2.915,0.0,20.0429,,8908.57,86.6699,2.1,84.2629,153.7818,0.2566,81.27,0.0065,0.1107,3.3939,264.272,양품
4.1464,-0.0099,62.7054,-5618.75,74.9667,0.1419,0.0551,0.075,15.63,233.0,5.0675,15.62,1.059,1.9672,,8.5889,15.18,4.171,966.0,0.0129,0.7697,15.8536,2634.75,3.6123,0.0,996.2322,,0.9307,21.19,14.7718,13.2937,4.5851,-0.0017,31.17,132.6463,2.915,0.0,20.9393,,8709.7301,86.9963,2.4,83.8498,147.0027,0.2291,80.28,0.0078,0.1096,3.3132,259.932,양품
3.8164,-0.0073,94.8454,,,0.1419,0.0657,,15.63,,5.5321,15.62,1.059,,0.0212,8.7144,16.84,4.171,,-0.022,0.7697,16.1836,,9.5437,0.0,996.2322,1.38,0.9307,16.56,18.7564,13.3655,4.5851,-0.0286,30.969,90.6622,2.915,0.0,20.4859,17.29,8432.12,86.4005,,85.6561,146.4536,0.3267,85.4,0.0078,0.1096,,263.928,양품
2.7582,-0.0062,80.4829,-6482.75,66.4,0.1419,0.0658,0.052,15.63,342.0,6.3173,15.62,1.059,1.873,0.014,9.1156,21.92,4.171,468.0,-0.006,0.7697,17.2418,2978.75,7.7506,0.0,996.2322,0.89,0.9299,18.57,21.0062,10.9928,4.5291,-0.0052,20.631,484.7396,2.915,338.1443,24.6239,17.64,8870.5699,86.8518,2.7,85.0513,151.0609,1.138,79.16,0.0078,0.1096,4.6714,264.272,양품
-3.0355,-0.0097,85.8991,-5789.75,66.0556,0.1419,0.0607,0.085,15.63,653.0,5.1808,15.62,1.059,2.0105,0.0395,9.7324,16.92,4.171,549.0,-0.0007,0.7697,23.0355,2792.75,11.3572,0.0,996.2322,0.96,0.9348,7.45,9.1618,14.9836,4.6737,-0.0338,23.409,112.6685,2.915,428.169,27.9576,16.22,8778.9499,87.1381,2.2,85.3825,148.83,0.184,16.64,0.0078,0.1096,3.4291,258.712,양품
-1.0991,-0.0085,35.2423,-5273.0,68.0556,0.1419,0.0566,0.072,15.63,191.0,5.4346,15.62,1.059,2.0045,0.051,8.5855,17.44,4.171,385.0,-0.0193,0.7697,21.0991,2564.0,11.2565,0.0,996.2322,1.17,0.9348,11.31,18.1084,14.6454,4.6737,0.007,22.727,280.2316,2.915,0.0,26.063,15.82,8220.8401,86.8774,2.1,86.2857,144.7273,0.2833,78.33,0.0078,0.1096,3.293,248.774,양품
-0.9045,-0.01,18.929,-6549.25,69.3667,0.2838,0.0875,0.099,15.61,547.0,5.4403,15.59,1.068,1.8915,0.0157,8.7696,18.57,3.796,470.0,0.0272,0.7879,20.9045,2887.25,12.4705,0.0,996.0706,0.72,0.933,15.89,12.0041,13.7927,4.7047,-0.0394,22.513,753.9698,2.913,664.4068,26.2575,14.17,8926.9801,86.5639,3.6,85.7833,143.6627,0.3986,76.61,0.0078,0.1096,4.6826,264.272,양품
0.0282,-0.0107,31.7386,-5469.5,73.3778,0.2838,0.0623,0.089,15.61,745.0,6.7423,15.59,1.068,1.9703,0.014,8.5889,18.75,3.796,684.0,-0.0227,0.7879,19.9718,2550.5,11.1795,0.0,996.0706,1.02,0.9296,22.91,40.3764,14.3273,4.574,-0.033,31.188,0.0,2.913,859.2593,25.8083,17.39,8912.9799,86.9963,2.5,83.8498,142.6991,0.1814,80.28,0.0078,0.1096,3.5298,246.738,양품
-2.1173,-0.0094,48.1283,-5248.25,68.1444,0.1419,0.0601,0.301,15.63,670.0,5.8922,15.62,1.059,1.972,0.0299,8.8519,19.74,4.171,1163.0,-0.0048,0.7697,22.1173,2442.0,12.2391,0.0,996.2322,1.11,0.9304,19.06,23.891,12.2382,4.5275,-0.0009,22.299,500.6434,2.915,453.3333,27.0478,20.79,8191.61,86.9473,4.9,84.1896,147.8745,0.261,77.44,0.0065,0.1107,3.4507,264.272,양품
-3.1518,-0.0092,14.1113,-6364.75,66.3778,0.2838,0.0549,0.061,15.61,224.0,8.4508,15.59,1.068,1.8693,,9.22,29.08,3.796,195.0,0.0021,0.7879,23.1518,2983.5,11.0616,0.0,996.0706,1.49,0.9297,17.75,83.6569,9.8518,4.4743,0.0243,62.274,763.3689,2.913,498.3607,27.1912,15.85,8946.56,86.7741,3.0,85.4449,149.02,0.3722,79.47,0.0065,0.1107,4.6827,263.106,양품
-1.4173,-0.0163,25.2308,-5410.75,75.8111,0.2838,0.0909,0.157,15.73,967.0,5.4323,15.76,0.9271,1.9772,,8.3006,20.54,3.703,1367.0,0.0233,0.8291,21.4173,2909.5,12.7017,0.0,1002.2324,1.48,0.9304,15.61,12.157,9.699,4.5275,-0.0412,21.754,0.0,2.99,0.0,27.2716,18.27,8795.69,86.6896,2.3,83.6264,151.6045,0.1828,81.55,0.0065,0.1107,3.35,250.084,양품
0.8536,-0.0081,61.4439,-5428.5,65.9444,0.2838,0.1116,0.048,15.73,163.0,5.6452,15.76,0.9271,1.9985,0.0534,9.6938,18.54,3.703,604.0,0.0233,0.8291,19.1464,2634.75,13.4507,0.0,1002.2324,0.78,0.9297,17.31,21.2666,7.6522,4.4743,-0.0154,21.584,0.0,2.99,979.5918,24.1465,14.83,8559.29,87.0735,2.1,85.0066,150.9118,0.3616,65.74,0.0065,0.1107,3.3602,247.502,양품
-0.1391,-0.0119,37.7358,-5467.75,73.3556,0.2838,0.0739,0.077,15.73,2111.0,5.3831,15.76,0.9271,1.9417,,8.3006,16.97,3.703,739.0,0.0083,0.8291,20.1391,3139.5,4.4291,0.0,1002.2324,0.45,0.9267,19.5,14.2999,12.1119,4.5488,-0.034,35.092,0.0,2.99,717.6471,26.0435,12.7,8882.0301,86.6896,3.2,83.6264,152.7845,0.3071,81.55,0.0099,0.1078,3.4618,264.272,양품
-1.9982,-0.0083,59.97,-6285.0,76.8556,0.2838,0.0817,0.064,15.73,436.0,5.2257,15.76,0.9271,2.035,,8.3006,17.02,3.703,2775.0,-0.0049,0.8291,21.9982,2562.5,5.6243,0.0,1002.2324,1.28,0.9304,15.16,16.8867,8.4327,4.5275,-0.0381,23.973,552.5023,2.99,0.0,28.1555,18.57,9805.11,86.6896,1.5,83.6264,149.7809,0.3541,81.55,0.0065,0.1107,3.3386,264.272,양품
0.5564,-0.0088,43.1206,-5342.5,76.4222,0.2838,0.0965,0.208,15.73,638.0,4.2563,15.76,0.9271,2.023,,8.3006,11.26,3.703,821.0,-0.0037,0.8291,19.4436,2619.0,6.0984,0.0,1002.2324,,0.9267,11.24,18.1064,9.794,4.5488,-0.0321,34.801,0.0,2.99,674.2857,22.8899,,9085.16,86.6896,1.2,83.6264,155.2718,0.3058,81.55,0.0099,0.1078,3.4836,260.576,양품
-0.2418,-0.0099,57.7947,-6489.25,71.2889,0.1419,0.0601,0.123,15.63,591.0,8.1605,15.62,1.059,1.8913,0.0316,8.7073,31.71,4.171,542.0,-0.016,0.7697,20.2418,2830.25,13.1792,0.0,996.2322,1.33,0.9296,19.1,18.7707,17.2755,4.574,-0.0432,28.799,0.0,2.915,0.0,24.7587,18.77,8806.12,86.7952,3.1,84.7188,144.2791,0.3986,77.76,0.0078,0.1096,4.6657,259.954,양품
-1.7136,-0.0092,103.2609,-5098.25,73.3333,0.0,0.0772,0.151,15.51,499.0,5.5502,15.52,1.021,1.9892,,8.5407,17.82,3.797,2737.0,-0.0173,0.7488,21.7136,2753.0,4.4443,0.0,987.9054,,0.9308,15.46,24.2585,13.4637,4.4988,-0.0278,23.107,681.008,2.802,0.0,28.7752,,8256.0699,86.8223,2.7,85.4656,149.3155,0.261,80.93,0.0065,0.1107,3.3918,264.272,양품
-1.3073,-0.0073,57.8313,-6301.5,71.4444,0.0,0.0688,0.088,15.51,487.0,6.2418,15.52,1.021,2.0265,,8.2638,18.6,3.797,1837.0,-0.0298,0.7488,21.3073,2625.25,3.5749,0.0,987.9054,1.07,0.9353,16.04,21.6824,18.8245,4.7143,-0.0389,21.796,663.2128,2.802,0.0,28.2203,19.32,8500.77,86.7056,9.3,84.5303,147.3982,0.2566,80.91,0.0065,0.1107,3.4093,264.272,양품
0.8827,-0.0079,87.7583,-5570.25,74.2889,0.2838,0.1347,0.131,15.73,2411.0,5.4597,15.76,0.9271,1.959,,8.3006,18.11,3.703,690.0,-0.0199,0.8291,19.1173,3370.25,6.2891,0.0,1002.2324,,0.9344,13.07,32.1642,20.7427,4.7198,-0.0202,22.403,738.62,2.99,0.0,26.0194,,9629.6601,86.6256,2.1,83.779,148.1773,0.3606,80.55,0.0066,0.1086,3.3704,248.462,양품
3.2655,-0.0028,206.2222,-5636.75,67.4778,0.2838,0.0609,0.155,15.61,3421.0,6.0589,15.59,1.068,1.9775,,9.754,18.39,3.796,3477.0,-0.0213,0.7879,16.7345,3510.0,12.3975,0.0,996.0706,2.15,0.9307,17.78,15.7398,15.3527,4.5851,-0.0398,31.507,66.147,2.913,815.3846,21.4549,16.91,8858.0802,87.1954,2.9,85.8807,144.7482,0.3747,65.11,0.0078,0.1096,3.5416,264.36,양품
1.0673,-0.0093,52.5469,-5714.25,72.3778,0.2838,0.0669,0.122,15.73,304.0,5.4158,15.76,0.9271,1.974,,8.5003,18.33,3.703,410.0,-0.009,0.8291,18.9327,2709.0,4.4555,0.0,1002.2324,0.94,0.9308,15.12,43.108,12.6082,4.4988,-0.0053,23.167,0.0,2.99,0.0,26.3681,15.89,8430.06,87.1866,2.0,85.0449,147.3664,0.261,79.53,0.0065,0.1107,3.3804,248.712,양품
-0.1773,-0.0105,31.5789,-5801.25,73.1222,0.1419,0.0437,0.101,15.63,656.0,5.6363,15.62,1.059,1.9623,0.1365,8.5889,19.5,4.171,425.0,-0.001,0.7697,20.1773,2779.0,11.9713,0.0,996.2322,1.89,0.9348,18.2,18.032,14.3073,4.6737,-0.0463,22.796,0.0,2.915,0.0,25.8412,15.4,8806.5701,86.9963,2.4,83.8498,148.8291,0.1694,80.28,0.0078,0.1096,3.4671,262.55,양품
3.0791,-0.0117,35.1931,-5183.0,75.0,0.0473,0.088,0.059,15.78,462.0,5.8868,15.78,1.144,1.9922,0.0191,8.3006,19.42,4.666,634.0,0.0188,0.8216,16.9209,2690.25,5.995,0.0,1007.2267,1.34,0.9339,11.6,41.7809,18.0672,4.7208,-0.0122,21.716,224.7417,2.786,0.0,23.9437,16.54,8742.9701,86.6896,2.0,83.6264,147.37,0.3071,81.55,0.0102,0.1139,3.4307,249.176,양품
3.6664,-0.0088,65.7224,-4858.25,75.2222,0.0473,0.0758,0.212,15.78,718.0,5.2999,15.78,1.144,1.97,0.0144,8.5596,16.57,4.666,2456.0,-0.0109,0.8216,16.3336,2587.75,4.0385,0.0,1007.2267,0.7,0.9332,13.72,21.0324,15.2009,4.6864,-0.0093,21.499,178.3784,2.786,0.0,23.9136,19.08,8802.71,86.7827,1.7,83.6583,151.6082,0.3321,79.71,0.0065,0.1107,3.335,260.294,양품
4.0555,-0.0084,59.2593,-5218.25,71.6333,0.0473,0.1135,0.17,15.78,500.0,5.7105,15.78,1.144,1.945,,8.6074,21.06,4.666,655.0,0.0018,0.8216,15.9445,2580.5,14.7765,0.0,1007.2267,1.41,0.935,20.2,27.7288,14.5955,4.6915,-0.0063,19.821,90.742,2.786,0.0,23.5298,9.22,9875.65,87.024,3.9,84.8937,141.5873,0.2835,78.49,0.0081,0.108,3.4337,246.794,양품
-3.2082,-0.0111,69.4476,-5520.25,74.3,-0.3784,0.0802,0.136,15.74,418.0,5.1408,15.77,1.144,2.0023,0.0486,8.3006,16.14,4.796,74.0,0.0075,0.7447,23.2082,2591.25,5.4756,0.0,1003.5267,1.42,0.9267,21.57,22.7362,15.9227,4.5488,-0.0452,36.264,186.7101,2.825,0.0,30.9212,8.62,8786.0301,86.6896,2.0,83.6264,150.1891,0.5308,81.55,0.0099,0.1078,3.4022,264.272,양품
-2.1182,-0.0101,64.4362,-5408.25,72.7556,0.0473,0.1,0.195,15.78,267.0,5.119,15.78,1.144,1.9758,,8.5801,17.14,4.666,249.0,-0.0014,0.8216,22.1182,2816.75,11.8685,0.0,1007.2267,0.45,0.9353,12.04,49.0403,19.6591,4.7143,-0.0119,21.228,260.1288,2.786,0.0,29.2883,22.06,9244.11,86.9331,1.4,86.1155,149.1982,0.3043,79.31,0.0094,0.1079,3.3056,246.9,양품
0.4855,-0.0091,48.0874,-5160.0,75.0,0.0473,0.0889,0.144,15.78,444.0,4.8482,15.78,1.144,2.003,,8.3179,15.9,4.666,1357.0,0.0155,0.8216,19.5145,2850.25,10.9685,0.0,1007.2267,1.63,0.935,10.91,29.1659,22.2582,4.6915,-0.032,20.091,966.1049,2.786,0.0,26.6104,16.65,8564.9101,86.5962,2.1,85.3881,141.0045,0.2363,81.06,0.0081,0.108,3.4539,268.968,양품
0.3391,-0.0094,37.0861,-5116.5,72.6778,0.0473,0.0856,0.112,15.78,294.0,5.4988,15.78,1.144,2.006,,8.5889,18.74,4.666,1465.0,-0.0025,0.8216,19.6609,2532.5,13.7707,0.0,1007.2267,0.86,0.9327,27.38,21.4102,17.5864,4.4994,-0.0102,34.733,0.0,2.786,0.0,26.1208,19.62,8498.9899,86.9963,2.7,83.8498,135.9882,0.2363,80.28,0.0084,0.1143,3.3018,264.272,양품
1.4345,-0.0096,27.0833,-5400.0,72.7444,-0.3784,0.0836,0.234,15.74,752.0,6.1477,15.77,1.144,1.9848,,8.3179,21.35,4.796,736.0,0.0113,0.7447,18.5655,2575.5,3.0706,0.0,1003.5267,,0.9336,10.33,10.6806,13.99,4.731,-0.041,21.036,349.9366,2.825,0.0,22.8282,,8834.5399,86.5962,1.2,85.3881,149.39,0.3071,81.06,0.0099,0.1103,3.3627,264.272,양품
1.8164,-0.0089,46.0028,-5763.0,75.2444,0.0,0.0722,0.179,15.66,817.0,5.7979,15.7,1.286,1.9367,0.0338,8.2638,19.49,5.244,775.0,-0.019,0.7308,18.1836,2616.25,4.0956,0.0,1007.5156,0.84,0.9353,11.21,25.6097,17.4727,4.7143,-0.0204,22.311,290.6907,3.811,691.358,25.4759,15.99,8188.0299,86.7056,2.0,84.5303,148.0782,0.4124,80.91,0.0065,0.1107,3.4066,,양품
0.56,-0.0124,56.4516,-5646.5,72.6222,-0.3784,0.1003,0.165,15.74,397.0,5.029,15.77,1.144,2.0248,,8.5801,16.63,4.796,103.0,0.0007,0.7447,19.44,2648.5,4.7801,0.0,1003.5267,,0.9311,18.4,15.1549,12.9118,4.6724,-0.0295,23.764,0.0,2.825,0.0,25.7696,,8900.9999,86.9331,2.7,86.1155,149.6982,0.2637,79.31,0.0085,0.1098,3.3651,247.058,양품
-1.1427,-0.0064,73.2943,-5544.25,76.3556,0.0473,0.076,0.282,15.78,582.0,5.472,15.78,1.144,1.9905,,8.3006,18.21,4.666,587.0,0.0072,0.8216,21.1427,2771.5,12.3992,0.0,1007.2267,0.84,0.9308,14.95,42.4291,13.1664,4.4988,-0.0191,23.102,0.0,2.786,408.7591,29.0083,16.99,9092.5899,86.6896,1.6,83.6264,150.4891,0.3269,81.55,0.0065,0.1107,3.3586,264.272,양품
5.4718,-0.0107,52.3364,-5310.5,75.2667,-0.3784,0.1344,0.249,15.74,459.0,5.5698,15.77,1.144,1.9758,,8.2395,19.95,4.796,534.0,-0.0091,0.7447,14.5282,2775.25,3.2825,0.0,1003.5267,1.11,0.9339,13.35,41.5583,17.0018,4.7208,-0.0329,20.351,88.8187,2.825,0.0,20.8541,11.27,8863.07,86.5783,2.3,85.7059,144.9527,0.3071,80.93,0.008,0.1159,3.4,264.272,양품
-4.6736,-0.0086,37.1553,-5377.25,72.0778,-0.3784,0.0946,0.159,15.74,316.0,5.6868,15.77,1.144,1.9395,,8.6074,18.19,4.796,1029.0,-0.0015,0.7447,24.6736,2642.5,9.0412,0.0,1003.5267,1.55,0.9353,22.15,32.8324,12.7581,4.7071,-0.002,22.426,107.8389,2.825,0.0,31.3776,18.31,9341.05,87.024,2.1,84.8937,144.1855,0.4327,78.49,0.0089,0.1078,3.406,264.272,양품
1.2691,-0.0093,47.5034,-5528.75,72.3,0.0473,0.1304,0.199,15.78,230.0,5.5802,15.78,1.144,1.9955,0.0142,8.3179,17.3,4.666,1081.0,0.0089,0.8216,18.7309,2724.0,13.4156,0.0,1007.2267,,0.9336,14.53,41.9211,17.2464,4.731,-0.0145,20.488,572.063,2.786,0.0,26.114,,8741.0,86.5962,1.9,85.3881,148.8064,0.2426,81.06,0.0099,0.1103,3.383,258.346,양품
1.6309,-0.0074,41.8919,-5275.0,73.6889,0.0,0.0854,0.211,15.66,593.0,5.5936,15.7,1.286,1.9697,,8.3006,17.52,5.244,658.0,-0.0233,0.7308,18.3691,2481.0,2.9405,0.0,1007.5156,,0.9344,11.3,17.3398,16.1182,4.7198,-0.0306,22.454,271.0145,3.811,0.0,23.7598,,8611.6499,86.6256,1.0,83.779,147.6355,0.3606,80.55,0.0066,0.1086,3.417,264.272,양품
3.1382,-0.0086,44.1219,-5646.0,67.5333,0.0,0.1216,0.162,15.66,430.0,5.7609,15.7,1.286,1.996,,8.8424,20.47,5.244,555.0,-0.0244,0.7308,16.8618,2508.25,3.6465,0.0,1007.5156,1.23,0.9336,13.73,17.6817,12.9264,4.731,-0.03,19.878,210.3129,3.811,0.0,21.725,17.34,9131.1501,86.8271,2.8,86.15,150.4745,0.2426,3.625,0.0084,0.1143,3.4351,261.888,양품
1.91,-0.0104,59.9034,-6468.0,72.9333,0.0473,0.0897,0.032,15.75,264.0,5.5644,15.75,1.059,1.878,,8.5003,19.38,4.024,439.0,-0.0228,0.8692,18.09,2915.5,4.8416,0.0,1016.6978,1.29,0.9348,19.14,17.83,14.6819,4.7201,-0.0182,22.78,371.7277,2.992,0.0,26.0981,18.67,8842.8299,87.1866,3.3,85.0449,148.87,0.1579,79.53,0.0141,0.1091,4.6418,266.794,양품
4.3955,-0.0108,24.102,-5645.75,71.0333,0.0473,0.0942,0.156,15.75,606.0,6.4329,15.75,1.059,1.976,,8.8836,21.88,4.024,349.0,-0.0006,0.8692,15.6045,2854.75,3.5372,0.0,1016.6978,0.68,0.9215,22.89,30.8183,16.0973,4.6004,-0.0258,24.735,115.3464,2.992,0.0,21.7593,17.03,8638.3399,86.8182,5.0,84.5987,146.3627,0.2937,79.35,0.0104,0.1096,3.3594,268.31,양품
2.1173,-0.0092,43.3018,-4675.25,74.4667,0.0473,0.0876,0.128,15.78,3521.0,5.7019,15.78,1.144,1.991,,8.3179,18.94,4.666,2381.0,0.013,0.8216,17.8827,3613.75,2.9698,0.0,1007.2267,,0.9336,5.48,14.57,6.7446,4.731,-0.0164,21.283,176.17,2.786,0.0,19.545,,8801.6499,86.5962,2.2,85.3881,154.5427,0.1893,81.06,0.0071,0.1147,3.4486,264.272,양품
2.3855,-0.0096,72.0627,-5335.5,73.2778,0.0,0.1107,0.058,15.66,367.0,5.558,15.7,1.286,1.966,0.2285,8.2638,20.12,5.244,534.0,-0.0069,0.7308,17.6145,2534.25,3.7217,0.0,1007.5156,,0.933,11.76,35.2892,16.7036,4.7246,-0.0003,20.653,108.9939,3.811,0.0,22.5295,,8993.55,86.7056,2.3,84.5303,151.6109,0.3055,80.91,0.0094,0.1079,3.3238,258.612,양품
1.2882,-0.0102,49.8778,-5197.5,72.4333,0.0473,0.0729,0.192,15.75,1101.0,5.3749,15.75,1.059,2.0048,0.0329,8.5596,16.56,4.024,763.0,-0.0132,0.8692,18.7118,2879.75,5.479,0.0,1016.6978,,0.933,9.37,22.2791,20.1091,4.7246,-0.0473,22.566,341.5667,2.992,0.0,24.9344,,8883.24,86.7827,1.8,83.6583,147.72,0.3055,79.71,0.0094,0.1079,3.4699,264.272,양품
3.9027,-0.0106,33.9223,-5892.25,75.4556,0.0,0.0859,0.117,15.66,802.0,5.6221,15.7,1.286,1.992,0.0198,8.3006,20.21,5.244,835.0,-0.0108,0.7308,16.0973,3091.0,5.4965,0.0,1007.5156,,0.9344,11.36,42.4209,18.119,4.7198,-0.0383,20.972,123.7596,3.811,0.0,22.7626,,9001.32,86.6256,1.4,83.779,144.7236,0.3606,80.55,0.0066,0.1086,3.5384,264.272,양품
-2.5482,-0.009,70.9141,-5322.25,72.9333,-0.3784,0.0927,0.154,15.74,177.0,4.904,15.77,1.144,2.0217,0.0076,8.5801,14.83,4.796,355.0,-0.0209,0.7447,22.5482,2599.5,5.7897,0.0,1003.5267,,0.9353,13.08,22.2035,19.8182,4.7143,-0.0314,21.604,269.9964,2.825,430.7692,29.6525,,9297.29,86.9331,2.2,86.1155,147.0173,0.2566,79.31,0.0065,0.1107,3.3553,260.078,양품
1.5218,-0.0102,37.1184,-5536.5,74.6889,0.0473,0.1048,0.155,15.78,1276.0,5.8638,15.78,1.144,1.9648,,8.6074,21.28,4.666,312.0,-0.0141,0.8216,18.4782,2862.75,11.0208,0.0,1007.2267,1.15,0.9327,19.98,33.8082,15.2337,4.4994,0.0196,34.808,0.0,2.786,0.0,25.9831,8.52,9029.1101,87.024,1.9,84.8937,147.5218,0.5611,78.49,0.0084,0.1143,3.3762,261.706,불량
-0.8736,-0.0108,35.1852,-5393.5,67.2778,0.0473,0.0926,0.109,15.75,189.0,4.6235,15.75,1.059,1.9743,,9.754,13.47,4.024,537.0,0.0188,0.8692,20.8736,2612.75,10.9391,0.0,1016.6978,0.85,0.9267,18.1,18.1586,15.46,4.5488,-0.046,36.076,946.6191,2.992,0.0,28.9348,18.36,8940.9601,87.1954,2.5,85.8807,148.9945,0.3875,65.11,0.0102,0.1139,3.4662,248.322,양품
1.7073,-0.0088,45.4545,-5545.25,68.6111,-0.3784,0.0998,0.131,15.74,249.0,6.0207,15.77,1.144,1.9892,,8.7073,19.83,4.796,644.0,0.0057,0.7447,18.2927,2554.25,4.0941,0.0,1003.5267,1.4,0.9327,29.12,39.5139,17.8028,4.4994,-0.0197,35.0569,0.0,2.825,0.0,25.4819,17.72,8434.25,86.7952,3.2,84.7188,143.0127,0.5611,77.76,0.0084,0.1143,3.4219,264.272,불량
2.1982,-0.0107,73.9181,-6002.0,70.9778,-0.1419,0.0761,0.068,15.54,159.0,5.8384,15.59,1.239,1.988,0.0411,8.7073,19.43,4.44,2446.0,-0.0119,0.6847,17.8018,2645.25,12.8884,0.0,986.0991,1.9,0.9327,24.29,21.6052,18.49,4.4994,0.0021,34.397,0.0,2.511,668.6567,25.0963,17.23,8327.1499,86.7952,2.1,84.7188,146.1527,0.5611,77.76,0.0084,0.1143,3.3773,264.75,양품
2.4218,-0.0086,41.7391,-6313.5,69.5222,-1.135,0.088,0.178,15.73,424.0,5.6986,15.72,1.182,2.01,0.1122,8.5862,19.62,4.633,2371.0,0.0061,0.6879,17.5782,2626.75,8.9703,0.0,1006.1867,1.14,0.9339,15.97,51.0526,18.2736,4.7208,0.0139,20.735,255.1802,2.627,0.0,23.8478,17.86,8894.5101,86.5384,2.4,84.7646,148.1518,0.2798,80.26,0.007,0.1134,3.4316,264.098,양품
4.9555,-0.0097,48.329,-1263.5,72.8778,-0.1419,0.0749,0.849,15.54,3280.0,5.7798,15.59,1.239,0.4138,0.0354,8.441,17.67,4.44,5054.0,-0.0195,0.6847,15.0445,820.0,9.6462,0.0,986.0991,,0.935,16.06,14.8453,16.6,4.6915,-0.0496,21.059,75.2706,2.511,0.0,22.1659,,8531.5401,87.0383,2.9,84.9737,148.2245,0.2835,78.63,0.0081,0.108,4.6249,269.366,양품
1.8709,-0.0115,45.9372,-5512.0,67.0111,-1.135,0.0514,0.073,15.73,394.0,7.4754,15.72,1.182,2.0202,0.0569,8.7932,22.68,4.633,1407.0,-0.0018,0.6879,18.1291,2666.5,4.0404,0.0,1006.1867,,0.9296,15.8,22.0783,9.7126,4.574,0.0053,35.845,187.0748,2.627,0.0,22.7283,,8294.4601,86.8489,2.1,85.513,146.82,0.3167,2.126,0.0078,0.1096,3.4062,,양품
0.7355,-0.0081,46.9861,-4386.0,73.3444,-0.1419,0.0872,0.038,15.54,377.0,6.5044,15.59,1.239,1.9633,0.0151,8.572,19.29,4.44,3193.0,-0.0293,0.6847,19.2645,2934.75,10.9555,0.0,986.0991,0.72,0.9242,19.56,13.4268,11.0378,4.5663,-0.0281,27.792,0.0,2.511,0.0,24.3304,17.31,8723.9299,86.8066,2.1,83.8148,149.7936,0.2937,79.38,0.0091,0.1088,3.4137,264.272,양품
1.2809,-0.0112,41.9175,-5371.25,72.5444,-0.5677,0.0798,0.143,15.67,725.0,6.2122,15.65,1.163,1.958,0.0174,8.3331,19.27,4.754,159.0,-0.0145,0.6697,18.7191,2700.75,7.4457,0.0,1004.5944,,0.9242,18.14,26.5649,12.6062,4.5663,-0.0119,27.934,462.1718,2.5,507.6923,23.6041,,8796.8197,86.993,1.4,84.969,147.3073,0.2937,80.71,0.0091,0.1088,3.3611,266.8,양품
5.5318,-0.0098,44.0461,-5553.0,75.3333,-0.5677,0.0738,0.181,15.67,378.0,5.3513,15.65,1.163,1.956,0.0241,8.3006,15.61,4.754,1234.0,-0.0458,0.6697,14.4682,2441.5,12.7964,0.0,1004.5944,,0.9339,14.35,40.3702,10.7455,4.7208,-0.0011,20.867,89.8439,2.5,0.0,21.2935,,9400.8501,86.6256,2.0,83.779,150.1118,0.3071,80.55,0.0099,0.1103,3.431,264.272,양품
-3.1227,-0.0111,45.9459,-5352.25,67.4111,-0.1419,0.0867,0.226,15.54,1047.0,5.5427,15.59,1.239,1.9775,0.2223,8.5862,18.9,4.44,773.0,0.0203,0.6847,23.1227,2701.0,5.1783,0.0,986.0991,0.52,0.9267,18.44,16.1068,15.3963,4.5488,-0.0276,34.202,216.4777,2.511,0.0,31.4849,13.54,8204.2999,86.5384,2.2,84.7646,150.4755,0.3924,80.26,0.0102,0.1139,3.42,248.15,양품
6.1855,-0.0117,62.5938,-5472.0,73.6778,-0.1419,0.0801,0.085,15.54,287.0,5.9816,15.59,1.239,1.9912,,8.2981,17.78,4.44,1086.0,-0.0292,0.6847,13.8145,2578.0,3.6817,0.0,986.0991,1.25,0.9242,10.01,16.1207,5.6269,4.5663,-0.0307,29.12,111.3904,2.511,0.0,14.0352,16.01,9263.4,86.6174,1.8,83.7568,153.2364,0.2937,80.57,0.0069,0.1081,3.2752,251.59,양품
1.9936,-0.0094,68.2667,-5611.75,75.3667,-0.5677,0.1043,0.108,15.67,228.0,5.7628,15.65,1.163,1.9665,0.0226,8.5407,18.91,4.754,945.0,-0.0224,0.6697,18.0064,2679.5,5.1992,0.0,1004.5944,0.43,0.9344,10.76,13.0839,14.4818,4.7198,0.0034,21.849,208.6639,2.5,0.0,22.1064,18.97,8982.99,86.8223,1.9,85.4656,148.1245,0.2363,80.93,0.0099,0.1078,3.3577,266.33,양품
0.2436,-0.0086,57.2263,-5456.75,72.8556,-1.135,0.0898,0.162,15.73,628.0,5.383,15.72,1.182,1.9937,0.0391,8.3331,18.44,4.633,681.0,-0.033,0.6879,19.7564,2706.5,5.6552,0.0,1006.1867,1.49,0.9327,16.38,15.3151,13.5982,4.5531,-0.0435,35.933,0.0,2.627,0.0,24.6507,17.73,9170.16,86.993,1.3,84.969,145.5309,0.2363,80.71,0.0087,0.1093,3.4092,267.622,양품
2.9073,-0.0101,59.1133,-5196.75,75.2333,-0.5677,0.099,0.162,15.67,1020.0,4.3798,15.65,1.163,2.019,0.0603,8.2638,13.73,4.754,2604.0,-0.0111,0.6697,17.0927,2526.0,4.7189,0.0,1004.5944,,0.9295,17.68,14.4759,8.9432,4.4791,-0.0118,33.593,591.9639,2.5,703.4483,23.0962,,8581.9799,86.7056,2.2,84.5303,145.7055,0.2937,80.91,0.0094,0.1079,3.4872,267.72,양품
0.3491,-0.007,42.6288,-5612.5,70.0111,-0.5677,0.0878,0.163,15.67,507.0,5.8604,15.65,1.163,2.0057,0.0178,8.897,19.83,4.754,1174.0,-0.0315,0.6697,19.6509,2494.75,5.5945,0.0,1004.5944,,0.9327,20.96,28.2131,15.1609,4.4994,-0.0046,36.345,0.0,2.5,545.4545,27.8925,,8979.42,87.0027,3.8,84.3947,150.2555,0.5611,,0.0091,0.1157,3.4188,264.466,양품
1.1136,-0.0102,58.5366,-5867.0,75.7222,-1.135,0.1102,0.206,15.73,334.0,5.3527,15.72,1.182,1.968,0.0185,8.2395,17.33,4.633,1977.0,-0.0173,0.6879,18.8864,2606.75,10.435,0.0,1006.1867,,0.9336,11.8,20.9909,13.9519,4.731,-0.0218,21.826,459.7551,2.627,419.0476,23.1136,,8380.05,86.5783,1.7,85.7059,148.5045,0.3071,80.93,0.0084,0.1143,3.3661,262.14,양품
1.3009,-0.0092,19.6721,-5143.5,75.0889,-1.135,0.0621,0.117,15.73,278.0,5.6737,15.72,1.182,1.9642,0.4793,8.2395,18.35,4.633,1401.0,-0.0143,0.6879,18.6991,2626.5,8.8131,0.0,1006.1867,,0.9336,11.64,12.617,10.6702,4.731,-0.0086,21.489,488.1202,2.627,457.1429,23.4987,,8996.3499,86.5783,1.8,85.7059,149.0882,0.2426,80.93,0.0086,0.1145,3.4009,264.272,양품
2.1918,-0.0108,29.6984,-5611.75,73.1222,-0.8988,0.0679,0.198,15.79,1357.0,5.5559,15.86,1.239,2.014,0.0163,8.2395,18.52,4.853,1433.0,0.012,0.7402,17.8082,2327.75,3.1284,0.0,1003.1082,,0.9336,12.6,13.8806,11.1672,4.731,-0.0366,21.821,79.8424,2.641,759.322,20.8256,,9281.72,86.5783,1.9,85.7059,148.4418,0.2574,80.93,0.0076,0.1148,3.2858,260.216,양품
,-0.0106,50.8235,-6616.0,71.8556,-0.8988,0.0903,0.133,15.79,671.0,5.6552,15.86,1.239,1.8923,0.0187,8.6706,17.63,4.853,322.0,0.0051,0.7402,,2945.5,4.4698,0.0,1003.1082,,0.9272,,10.9039,,4.5863,-0.0208,26.375,,2.641,989.4737,,,8705.8999,86.8967,2.7,84.7348,,0.2914,77.84,0.0094,0.1084,4.6484,261.81,양품
0.1809,-0.0082,75.2656,-5495.0,73.7222,-1.135,0.0783,0.23,15.73,583.0,4.5473,15.72,1.182,1.9932,0.0231,8.3179,12.34,4.633,546.0,-0.0115,0.6879,19.8191,2568.25,7.3978,0.0,1006.1867,1.15,0.9288,19.61,26.684,15.8327,4.5472,-0.021,34.491,0.0,2.627,0.0,27.2003,18.39,8386.94,86.5962,2.1,85.3881,148.2936,0.3054,81.06,0.0099,0.1103,3.3922,264.272,양품
0.7482,-0.0102,37.3464,-5370.0,74.0111,-1.135,0.0862,0.232,15.73,554.0,5.1075,15.72,1.182,1.9463,0.0199,8.2395,18.57,4.633,288.0,-0.0032,0.6879,19.2518,2601.5,10.6135,0.0,1006.1867,,0.9336,12.39,18.3517,13.0373,4.731,-0.0026,21.504,729.7691,2.627,0.0,23.6254,,9376.2899,86.5783,2.1,85.7059,148.0064,0.3071,80.93,0.0095,0.1149,3.4069,264.272,양품
2.5491,-0.0103,38.9294,-5549.5,75.6222,-0.5677,0.1189,0.119,15.67,416.0,5.66,15.65,1.163,1.9675,0.035,8.3006,18.83,4.754,516.0,-0.0215,0.6697,17.4509,2568.5,12.0986,0.0,1004.5944,1.13,0.9344,17.18,20.4102,12.0673,4.7198,-0.0016,21.8781,182.0257,2.5,0.0,21.7752,20.55,9048.53,86.6256,2.5,83.779,145.6182,0.3498,80.55,0.0066,0.1086,3.3672,258.972,양품
-0.6645,-0.0081,26.0465,-6417.75,73.0556,-0.5677,0.0886,0.059,15.67,296.0,5.5983,15.65,1.163,1.8725,0.0255,8.5003,17.16,4.754,348.0,-0.0252,0.6697,20.6645,2924.75,5.8255,0.0,1004.5944,0.94,0.9219,12.97,15.7795,9.5695,4.5845,0.0173,25.838,964.5691,2.5,0.0,27.0709,18.59,8587.1898,87.1866,2.1,85.0449,151.6982,0.2937,79.53,0.0101,0.1088,4.5758,249.158,양품
6.1882,-0.0108,53.7659,-5440.25,71.4667,-0.8988,0.0621,0.091,15.79,307.0,6.0917,15.86,1.239,1.9525,0.0232,8.3273,19.06,4.853,811.0,-0.0012,0.7402,13.8118,2575.75,3.0236,0.0,1003.1082,1.25,0.9215,21.8,24.2611,13.53,4.6004,0.0146,25.993,70.2953,2.641,670.5882,20.6151,7.05,9076.3001,87.037,4.2,86.3826,145.7418,0.2937,80.01,0.0104,0.1096,3.2768,268.338,양품
4.6209,-0.01,70.2635,-5563.5,74.4778,-0.1419,0.0799,0.155,15.54,503.0,5.4544,15.59,1.239,1.9648,0.0274,8.3542,18.69,4.44,2460.0,0.0114,0.6847,15.3791,2616.0,11.0952,0.0,986.0991,,0.9339,12.05,54.5201,13.3146,4.7208,-0.0096,22.071,62.3254,2.511,0.0,19.4357,,8281.68,86.6266,2.3,85.7243,152.5573,0.2426,81.66,0.0103,0.1158,3.329,259.566,양품
3.0345,-0.0115,34.8964,-5470.25,73.5667,-0.4258,0.071,0.098,15.8,196.0,4.7851,15.79,1.475,1.986,0.0203,8.4278,13.68,4.817,341.0,-0.0063,0.7217,16.9655,2682.75,14.2284,0.0,998.6109,,0.9314,24.19,31.6124,14.6927,4.6356,-0.0578,26.759,315.3685,2.76,637.8378,21.3048,,9064.39,87.1524,2.9,85.4438,143.5409,0.3212,80.18,0.0077,0.1148,3.3153,247.312,양품
-4.2064,-0.0088,39.8293,-5411.75,70.4778,-0.8988,0.1122,0.105,15.79,305.0,6.1271,15.86,1.239,1.988,0.02,9.0145,20.26,4.853,543.0,-0.0372,0.7402,24.2064,2537.5,5.9104,0.0,1003.1082,1.3,0.9353,17.68,34.2895,13.2627,4.7071,-0.0094,21.482,147.6335,2.641,0.0,30.9661,18.06,8844.62,86.7608,2.3,87.1883,140.9773,0.4327,78.27,0.0087,0.1093,3.4876,265.036,양품
6.1727,-0.0098,36.8758,-5762.75,74.8556,-0.5677,0.0691,0.115,15.67,381.0,5.7073,15.65,1.163,1.9748,0.019,8.3542,20.16,4.754,1110.0,-0.0384,0.6697,13.8273,2528.5,5.4642,0.0,1004.5944,1.23,0.935,11.4,14.3064,15.3491,4.6915,0.0204,21.814,64.8012,2.5,0.0,21.2711,19.69,8585.29,86.6266,2.1,85.7243,150.1791,0.1579,81.66,0.0073,0.108,3.382,264.272,양품
7.3164,-0.0105,75.9193,-5585.25,74.5778,-0.4258,0.0666,0.096,15.8,365.0,6.3023,15.79,1.475,2.0025,,8.3588,19.55,4.817,587.0,-0.0121,0.7217,12.6836,2634.25,4.7315,0.0,998.6109,0.78,0.9284,22.34,35.2149,12.6009,4.6235,-0.0462,27.335,66.9732,2.76,0.0,16.8961,10.79,8926.87,86.5828,3.5,84.8949,145.56,0.1638,81.27,0.0105,0.1104,3.4238,247.666,양품
4.5918,-0.0091,73.4247,-5753.5,70.1556,-0.4258,0.0954,0.188,15.8,3892.0,5.7703,15.79,1.475,2.0227,,9.0145,18.68,4.817,1663.0,-0.016,0.7217,15.4082,3413.25,11.2744,0.0,998.6109,1.13,0.935,19.92,14.4522,14.8045,4.6915,-0.0623,21.575,152.6628,2.76,0.0,22.2081,22.27,9142.4701,86.7608,2.5,87.1883,141.4727,0.2835,78.27,0.0081,0.108,3.503,264.952,양품
3.2273,-0.0076,87.4172,-4961.25,65.8,-1.135,0.1097,0.128,15.73,542.0,5.7088,15.72,1.182,1.9948,0.0228,8.6068,17.21,4.633,3204.0,-0.0175,0.6879,16.7727,2703.75,3.8667,0.0,1006.1867,,0.933,11.75,24.0409,14.4218,4.7246,-0.0239,21.524,145.3239,2.627,711.1111,21.9494,,8617.86,86.5437,2.2,83.5811,152.1536,0.1489,82.25,0.0085,0.107,3.4498,264.272,불량
6.6827,-0.0101,59.4059,-5505.5,71.0333,-0.4258,0.0963,0.154,15.8,261.0,6.2277,15.79,1.475,2.01,,8.572,19.19,4.817,816.0,-0.0333,0.7217,13.3173,2730.75,11.6478,0.0,998.6109,,0.9215,24.95,37.1538,13.7263,4.6004,-0.0624,24.336,99.9592,2.76,930.2326,19.9232,,9293.7301,86.8066,1.4,83.8148,144.3664,0.2937,79.38,0.0104,0.1096,3.3576,266.086,양품
-4.6636,-0.0127,42.6036,-5592.75,67.9889,-0.4258,0.0842,0.102,15.8,363.0,4.5792,15.79,1.475,2.0313,,9.9964,14.56,4.817,385.0,-0.0167,0.7217,24.6636,2851.0,6.8179,0.0,998.6109,3.92,0.9241,17.79,28.9328,17.1263,4.5689,-0.1258,27.629,91.1306,2.76,0.0,33.7771,13.67,9118.7,87.1886,4.0,84.5551,145.7882,0.2423,63.98,0.0101,0.1088,3.4733,269.484,양품
3.5945,-0.0095,32.6316,-5578.75,70.1667,-0.8988,0.0969,0.178,15.79,594.0,5.966,15.86,1.239,2.0383,0.043,9.131,20.4,4.853,903.0,-0.0077,0.7402,16.4055,2469.5,3.8103,0.0,1003.1082,,0.935,14.6,21.0712,17.3955,4.6915,-0.013,20.486,124.3551,2.641,0.0,24.9991,,9931.45,86.7486,2.6,84.9173,149.3991,0.4327,76.72,0.0081,0.108,3.3818,266.494,양품
2.4182,-0.0105,43.0108,-5349.75,75.4333,-0.4258,0.0797,0.119,15.8,375.0,5.96,15.79,1.475,1.986,0.0193,8.5596,19.31,4.817,461.0,-0.012,0.7217,17.5818,2663.5,6.0959,0.0,998.6109,,0.9215,22.17,26.9886,14.0237,4.6004,-0.0631,25.466,185.2632,2.76,0.0,24.3727,,8966.2599,86.7827,1.7,83.6583,145.1155,0.2937,79.71,0.0104,0.1083,3.3376,265.37,양품
4.6209,-0.0093,49.5289,-5714.25,71.3222,-0.1419,0.0616,0.082,15.54,478.0,5.9229,15.59,1.239,2.011,0.0394,8.5801,19.1,4.44,1049.0,-0.0092,0.6847,15.3791,2573.5,5.1756,0.0,986.0991,2.32,,19.29,23.5173,17.8428,,-0.0319,31.159,104.7413,2.511,0.0,22.4441,18.56,8772.49,86.9331,1.5,86.1155,152.5809,0.2673,79.31,0.0075,0.1161,3.479,264.272,불량
2.2336,-0.0098,49.8094,-5538.0,73.4778,0.0,0.0805,0.096,15.92,687.0,5.5864,15.9,0.9129,1.9743,,8.2981,16.47,3.816,526.0,-0.0092,0.8536,17.7664,2971.75,4.8205,0.0,1010.6921,1.33,0.9252,19.07,28.1435,12.5904,4.5938,-0.007,27.896,351.4449,2.911,800.0,20.5025,19.59,9250.51,86.6174,3.4,83.7568,149.6727,0.2937,80.57,0.0086,0.1081,3.4573,266.004,양품
5.2064,-0.0102,37.3464,-5466.75,73.6111,0.0,0.0721,0.158,15.92,1012.0,6.2473,15.9,0.9129,1.971,0.018,8.572,19.81,3.816,390.0,-0.0308,0.8536,14.7936,2605.5,13.3691,0.0,1010.6921,0.3,0.9215,22.12,18.8183,18.3982,4.6004,-0.0085,26.187,110.2497,2.911,0.0,21.7926,18.57,8812.8499,86.8066,1.2,83.8148,140.5409,0.2937,79.38,0.0073,0.1068,3.4666,264.272,양품
-0.5718,-0.0106,58.6982,-6397.75,66.7889,0.0,0.0788,0.047,15.92,264.0,5.009,15.9,0.9129,1.8798,0.0156,9.0121,18.22,3.816,282.0,-0.0016,0.8536,20.5718,2959.25,3.448,0.0,1010.6921,1.23,0.9256,24.36,72.885,13.9054,4.6622,-0.008,27.929,0.0,2.911,0.0,26.247,17.04,8106.16,86.6797,2.2,86.6785,145.1091,0.3051,79.05,0.0058,0.1123,4.7477,264.272,양품
7.0273,-0.011,25.4835,-5515.5,70.3,0.0,0.0767,0.11,15.92,375.0,5.2684,15.9,0.9129,1.9798,0.0168,8.8624,18.01,3.816,551.0,-0.0087,0.8536,12.9727,2633.25,5.8907,0.0,1010.6921,0.75,0.9314,16.65,19.2024,11.7043,4.6356,-0.0243,26.451,94.6313,2.911,0.0,16.5255,15.04,8292.1599,86.3364,2.9,84.361,143.7555,0.2345,81.74,0.0092,0.1147,3.4344,250.176,양품
2.1145,-0.0124,33.871,-5617.5,72.6222,0.7096,0.0994,0.171,15.73,463.0,5.1897,15.75,0.9838,1.9943,0.0428,8.7932,15.94,3.235,284.0,0.0063,0.8543,17.8855,2682.5,6.2485,0.0,998.0122,2.02,0.9258,22.58,22.3992,11.6673,4.6486,-0.0742,28.849,293.6801,2.783,0.0,25.5062,16.86,9203.79,86.7223,5.8,84.525,149.0973,0.3051,79.27,0.0067,0.1164,3.4136,258.384,양품
2.1973,-0.0104,28.8462,-5517.75,74.5889,0.0,0.0834,0.151,15.92,477.0,6.2556,15.9,0.9129,1.986,,8.3179,19.98,3.816,483.0,-0.0019,0.8536,17.8027,2499.75,6.6848,0.0,1010.6921,2.3,0.9272,14.72,15.3478,8.8436,4.5863,0.0105,25.139,535.2089,2.911,0.0,18.891,16.51,8921.55,86.5962,1.4,85.3881,149.5355,0.26,81.06,0.0094,0.1084,3.3672,251.138,양품
4.9118,-0.0114,30.837,-5122.5,70.9889,0.7096,0.0542,0.107,15.73,339.0,5.1057,15.75,0.9838,1.9937,0.0196,8.8624,14.82,3.235,453.0,-0.0215,0.8543,15.0882,2541.5,9.8057,0.0,998.0122,,0.9314,21.37,36.519,12.68,4.6356,-0.0643,26.363,129.6872,2.783,0.0,19.2834,,9060.0199,86.3364,3.0,84.361,144.5373,0.2345,81.74,0.01,0.1152,3.3848,264.272,양품
4.8127,-0.0103,47.5728,-6469.5,72.3444,0.7096,0.0475,0.053,15.73,386.0,5.6728,15.75,0.9838,1.872,,8.5003,20.08,3.235,420.0,-0.0335,0.8543,15.1873,2871.75,8.6658,0.0,998.0122,1.62,0.9329,16.68,22.3428,8.7067,4.4953,-0.0315,33.282,233.5472,2.783,0.0,16.9553,13.49,8635.81,87.1866,2.5,85.0449,153.4355,0.2937,79.53,0.0069,0.1081,4.6092,264.272,양품
4.4445,-0.0106,54.5882,-5085.75,75.6778,0.7096,0.0705,0.176,15.73,182.0,6.7223,15.75,0.9838,2.0017,0.0954,8.2981,21.46,3.235,197.0,-0.0046,0.8543,15.5555,2532.5,9.7279,0.0,998.0122,,0.9272,17.23,15.7769,10.4532,4.5863,-0.0279,30.345,114.5224,2.783,330.4348,18.0095,,8883.2801,86.6174,1.7,83.7568,146.1064,0.3284,80.57,0.01,0.1136,3.3662,265.984,양품
5.6155,-0.0101,51.358,-4764.0,75.0889,0.7096,0.0803,0.079,15.73,613.0,7.4824,15.75,0.9838,1.9905,0.0155,8.3588,26.92,3.235,1985.0,-0.0339,0.8543,14.3845,2903.75,9.2803,0.0,998.0122,,0.9242,13.13,33.1734,6.4102,4.5663,-0.0506,27.636,168.9979,2.783,0.0,14.8409,,8091.77,86.5828,1.8,84.8949,155.7355,0.2937,81.27,0.0091,0.1088,3.3056,264.958,양품
2.8136,-0.0101,30.7311,-5195.75,68.4889,0.7096,0.0543,0.087,15.73,438.0,6.2503,15.75,0.9838,2.0032,0.0125,9.131,19.2,3.235,598.0,-0.0059,0.8543,17.1864,2541.0,9.5711,0.0,998.0122,1.08,0.9293,22.23,14.9653,14.4382,4.5807,-0.0739,28.193,108.4006,2.783,0.0,21.9929,21.51,8366.46,86.7486,3.1,84.9173,145.6355,0.2662,76.72,0.0089,0.1139,3.3603,267.726,양품
3.9527,-0.0115,35.5363,-5569.75,74.0,0.7096,0.0821,0.067,15.73,695.0,5.7861,15.75,0.9838,1.9875,0.0307,8.3588,16.71,3.235,959.0,-0.0152,0.8543,16.0473,2958.0,5.604,0.0,998.0122,1.05,0.9252,16.9,11.3983,8.8717,4.5938,-0.0533,26.347,191.5133,2.783,363.6364,18.7066,22.31,9020.8602,86.5828,2.8,84.8949,149.4427,0.3509,81.27,0.0084,0.11,3.4412,269.176,양품
3.4482,-0.0079,30.3318,-5644.0,74.5556,0.0,0.0753,0.189,15.92,868.0,5.4498,15.9,0.9129,1.9913,0.0041,8.5407,17.75,3.816,1042.0,-0.0218,0.8536,16.5518,2685.75,9.2964,0.0,1010.6921,0.47,0.9353,13.8,27.8622,13.8682,4.7143,-0.027,21.24,95.1226,2.911,933.3333,21.0153,19.63,8850.9799,86.8223,2.3,85.4656,148.6391,0.2142,80.93,0.0065,0.1107,3.3158,245.836,양품
1.3445,-0.0136,34.4322,-5250.75,72.9222,-1.229,0.0651,0.174,15.73,377.0,5.6354,15.76,0.9554,1.959,,8.2395,18.92,3.358,732.0,-0.0191,0.7906,18.6555,2517.0,5.315,0.0,999.3366,1.91,0.9327,21.8,20.9694,14.9837,4.4994,-0.0009,35.894,0.0,2.822,500.0,26.2833,13.3,9055.2699,86.5783,2.4,85.7059,148.5318,0.5611,80.93,0.0091,0.1157,3.3931,251.156,양품
,-0.0108,42.3963,-5334.75,69.5222,0.0,0.0519,0.112,15.84,1031.0,5.5089,15.8,0.9176,2.0232,,9.131,16.77,3.52,960.0,-0.0296,0.7865,,2654.0,4.7006,0.0,997.3981,,0.9272,,44.9213,,4.5863,-0.0036,28.223,,2.686,0.0,,,9207.0201,86.7486,2.1,84.9173,,0.2843,76.72,0.01,0.1136,3.4113,249.918,양품
0.9591,-0.0096,51.2418,-5209.0,70.9,0.4731,0.0846,0.164,15.75,365.0,6.3258,15.72,0.8893,2.0032,0.023,8.7015,20.1,3.225,583.0,0.0213,0.7914,19.0409,2534.5,6.2518,0.0,1001.2349,0.86,0.9256,22.3,43.3339,10.0791,4.6622,0.0176,27.443,646.4455,2.699,0.0,25.2629,21.23,9275.7,86.2732,2.3,83.7179,150.1218,0.3051,80.86,0.0065,0.1138,3.3892,259.75,양품
5.3191,-0.0119,46.3158,-5392.5,73.2111,-0.4731,0.0743,0.133,15.68,387.0,6.9993,15.72,1.395,1.9955,0.0174,8.3591,24.79,5.151,626.0,0.0199,0.666,14.6809,2655.75,6.8529,0.0,1000.9221,,0.9256,15.9,53.4215,10.1335,4.6622,0.0166,25.024,119.1933,2.894,0.0,18.9734,,8232.1,86.9351,1.6,84.3084,146.49,0.3051,79.94,0.0058,0.1123,3.4364,260.91,양품
-2.1555,-0.013,50.6232,-5494.75,75.9,-0.4731,0.1205,0.119,15.68,334.0,5.987,15.72,1.395,1.9995,0.021,8.4278,19.39,5.151,760.0,0.0108,0.666,22.1555,2727.25,7.6165,0.0,1000.9221,1.0,0.9256,24.81,44.2397,11.9536,4.6622,0.0098,26.852,436.1029,2.894,0.0,27.9032,10.32,9249.6298,87.1524,3.0,85.4438,149.7773,0.3051,80.18,0.0058,0.1123,3.3258,264.272,양품
1.7627,-0.0111,38.7824,-5436.25,74.5333,-0.8515,0.0715,0.102,15.71,542.0,6.4893,15.73,1.532,1.9892,0.0179,8.4278,20.64,5.185,261.0,0.0107,0.6108,18.2373,2542.25,11.571,0.0,1000.6822,2.13,0.9307,18.66,72.0924,10.0756,4.6549,0.0019,27.313,294.9974,2.437,772.8814,22.3967,17.52,8671.0501,87.1524,1.7,85.4438,148.0718,0.3212,80.18,0.0067,0.1164,3.4506,259.372,양품
1.9273,-0.0127,41.6912,-5472.0,74.8667,-0.8515,0.0647,0.149,15.71,470.0,7.5497,15.73,1.532,1.9957,,8.2832,24.29,5.185,364.0,0.0108,0.6108,18.0727,2857.25,11.6855,0.0,1000.6822,1.33,0.9314,14.9,58.5739,11.3046,4.6336,-0.0469,29.015,287.9717,2.437,0.0,22.8211,15.63,8935.6998,87.3204,1.9,85.5246,148.2873,0.4908,10.11,0.0063,0.108,3.3467,261.236,양품
1.2327,-0.0104,27.0205,-5481.75,72.6333,-0.0946,0.104,0.154,15.65,44.0,5.4225,15.73,1.881,2.009,0.0166,8.3588,17.25,5.165,373.0,-0.0178,0.6717,18.7673,2740.25,12.631,0.0,1000.4791,0.94,0.9329,17.16,27.1418,10.2843,4.4953,-0.0383,34.379,0.0,2.502,941.1765,21.6796,16.46,9258.8999,86.5828,2.0,84.8949,153.4536,0.2937,81.27,0.0113,0.1107,3.3839,267.002,양품
5.4209,-0.0136,24.9541,-5261.0,67.3,-0.8515,0.0919,0.218,15.71,367.0,5.9794,15.73,1.532,1.972,0.0446,8.58,17.42,5.185,474.0,-0.0091,0.6108,14.5791,2525.25,11.3846,0.0,1000.6822,1.14,0.9314,16.9,15.0594,15.04,4.6336,-0.006,28.434,80.4293,2.437,0.0,19.4166,18.59,8682.5599,86.4157,3.6,84.5951,149.2455,0.1556,79.04,0.0071,0.1131,3.3198,245.676,양품
5.0818,-0.0086,46.6472,-6465.0,71.4333,0.7096,0.0595,0.082,15.73,242.0,5.792,15.75,0.9838,1.87,,8.5003,20.93,3.235,161.0,-0.0064,0.8543,14.9182,2909.0,7.0168,0.0,998.0122,,0.935,17.12,27.8745,14.2618,4.6915,-0.0394,21.812,112.5581,2.783,0.0,22.4191,,8669.4601,87.1866,2.9,85.0449,140.0627,0.2835,79.53,0.0081,0.108,4.6039,268.002,양품
5.5109,-0.0115,64.2082,-5685.0,73.9889,-0.0946,0.0509,0.16,15.65,354.0,5.9043,15.73,1.881,2.025,0.0166,8.2981,16.7,5.165,2088.0,-0.0035,0.6717,14.4891,2554.5,6.4448,0.0,1000.4791,,0.9215,14.42,22.038,21.3173,4.6004,-0.0147,24.609,58.9739,2.502,0.0,21.4279,,9419.26,86.6174,2.9,83.7568,141.2355,0.2937,80.57,0.0091,0.1088,3.3932,267.064,양품
-0.07,-0.0329,13.6674,-6413.25,69.2222,0.7096,0.0979,0.117,15.73,858.0,6.443,15.75,0.9838,1.8985,0.0183,23.1583,21.43,3.235,451.0,0.0381,0.8543,20.07,3109.5,6.7606,0.0,998.0122,,0.9314,22.0,23.669,14.9991,4.4982,-0.0783,20.816,0.0,2.783,187.7095,25.2503,,9400.81,87.0024,1.8,103.1082,147.22,0.4641,77.9,0.0078,0.1096,4.6451,264.652,양품
0.5609,-0.0104,19.2308,-6515.25,67.6556,0.4731,0.0628,0.074,15.75,316.0,6.1051,15.72,0.8893,1.866,0.012,9.0121,20.35,3.225,336.0,-0.0299,0.7914,19.4391,2890.5,8.8255,0.0,1001.2349,1.5,0.9255,23.28,14.2799,16.4646,4.6237,-0.0084,28.353,620.4214,2.699,0.0,27.1415,18.24,9030.81,86.6797,2.4,86.6785,145.0236,0.3212,79.05,0.0058,0.1123,4.7346,264.272,양품
5.5964,-0.014,49.4624,-5204.0,74.1222,-0.5677,0.0711,0.18,15.71,330.0,5.8955,15.73,1.607,1.976,0.0137,8.272,18.33,6.09,608.0,-0.0273,0.5325,16.067,2541.5,4.8396,0.0,1002.4306,,0.9322,23.83,19.3299,14.61,4.4997,-0.0274,31.056,355.0521,2.34,522.2222,20.7242,,9005.87,87.1367,2.1,84.095,146.9645,0.4487,81.31,0.0083,0.109,3.2497,265.002,양품
5.3973,-0.014,39.3912,-5416.5,75.4,-0.5677,0.1078,0.156,15.71,332.0,5.9968,15.73,1.607,1.9867,,8.272,18.59,6.09,663.0,-0.0276,0.5325,16.345,2603.75,5.5212,0.0,1002.4306,,0.9322,21.27,25.5687,13.2509,4.4997,-0.0347,32.71,394.829,2.34,0.0,20.2491,,9345.48,87.1367,1.4,84.095,148.5973,0.2662,81.31,0.0081,0.1115,3.409,266.352,양품
2.3182,-0.0105,48.6293,-5502.0,70.7,-0.5677,0.1016,0.092,15.71,431.0,5.6932,15.73,1.607,2.0178,0.0265,9.131,18.0,6.09,484.0,-0.0213,0.5325,17.6818,2501.75,5.603,0.0,1002.4306,,0.9353,14.74,32.62,13.3391,4.7071,-0.0107,21.915,219.5686,2.34,0.0,26.2118,,8996.4699,86.7486,2.5,84.9173,151.7527,0.2222,76.72,0.0099,0.113,3.5313,264.272,양품
6.0773,-0.0077,66.0194,-5543.0,75.1889,-0.5677,0.0729,0.121,15.71,1204.0,6.7406,15.73,1.607,1.981,,8.3436,23.9,6.09,736.0,-0.0302,0.5325,13.9227,3085.0,6.9824,0.0,1002.4306,,0.9306,9.8,15.0728,9.4155,4.4958,-0.0114,19.352,283.8443,2.34,707.6923,18.5996,,7833.1499,87.0565,1.2,83.7747,145.2491,0.3411,12.19,0.0078,0.1096,3.3978,251.718,양품
4.3136,-0.0084,29.8507,-5529.25,74.0333,-0.5677,0.0899,0.216,15.71,561.0,6.9159,15.73,1.607,1.95,0.0177,8.272,26.66,6.09,391.0,-0.0053,0.5325,15.6864,2678.75,5.2269,0.0,1002.4306,,0.9319,16.51,20.9067,9.6593,4.5059,-0.0217,32.741,442.0864,2.34,409.7561,18.2293,,8271.1301,87.1367,0.9,84.095,147.6818,0.426,81.31,0.0083,0.1099,3.4821,268.61,양품
-2.3509,-0.0123,60.3466,-5572.25,67.2889,-0.1419,0.0495,0.024,15.82,145.0,5.5576,15.88,0.9838,2.0165,0.0297,9.6938,17.16,3.636,533.0,0.0162,0.8106,22.3509,2680.5,9.2806,0.0,1015.5056,1.72,0.933,14.88,18.727,9.8255,4.7047,0.014,23.571,233.952,2.857,0.0,28.2662,15.16,8892.2499,87.0735,2.7,85.0066,148.1709,0.3324,65.74,0.0078,0.1096,3.2809,,양품
1.1618,-0.0086,55.814,-5257.75,75.1667,-0.5677,0.1001,0.091,15.71,137.0,5.8683,15.73,1.607,1.9695,0.0243,8.5596,16.15,6.09,571.0,0.0178,0.5325,18.8382,2581.25,9.1677,0.0,1002.4306,1.81,0.9335,17.96,35.7487,15.4118,4.679,0.0282,22.991,677.3865,2.34,0.0,26.3647,18.49,8555.5802,86.7827,2.0,83.6583,152.3373,0.4944,79.71,0.0078,0.1099,3.49,263.804,양품
0.5764,-0.0095,46.5608,-5348.75,71.5111,-0.8988,0.0778,0.157,15.81,1017.0,6.3499,15.84,1.824,1.965,,8.3273,21.81,6.101,276.0,0.0036,0.5952,19.4236,2663.0,6.8496,0.0,1010.0522,,0.9216,25.4,25.5239,11.8327,4.5763,0.0123,25.546,876.183,2.536,449.5238,26.0255,,9227.9099,87.037,1.7,86.3826,144.1164,0.2937,80.01,0.0104,0.1096,3.3643,266.71,양품
6.8491,-0.0134,21.6822,-5418.75,68.3111,-0.1419,0.0784,0.021,15.82,762.0,5.9756,15.88,0.9838,2.0278,,9.0061,18.26,3.636,602.0,0.0221,0.8106,13.1509,2643.5,9.9154,0.0,1015.5056,,0.9263,15.73,20.2307,7.6141,4.5968,-0.0065,26.209,127.9002,2.857,0.0,13.5705,,8168.4099,86.8907,1.7,86.6554,149.8327,0.26,77.5,0.0084,0.11,3.4537,268.032,양품
-0.7245,-0.0137,26.2056,-5704.5,72.3444,0.0,0.0523,0.068,15.74,177.0,4.3803,15.84,1.031,1.9808,0.0207,8.287,15.23,3.483,850.0,0.0266,0.8248,20.7245,2656.75,10.3519,0.0,1014.9933,2.0,0.9345,10.16,28.9769,6.8847,4.676,0.0058,24.789,498.2434,2.848,632.8358,25.9809,18.19,8646.7001,86.9546,1.9,86.238,153.8918,0.2265,80.14,0.0088,0.1119,3.4653,267.526,양품
-0.2227,-0.0128,44.5313,-5710.5,73.1333,-0.8988,0.0935,0.177,15.81,420.0,5.5404,15.84,1.824,1.983,0.019,8.7932,19.84,6.101,470.0,0.0059,0.5952,20.2227,2656.25,6.6615,0.0,1010.0522,1.16,0.9224,27.73,26.196,17.2,4.6355,0.0158,26.177,0.0,2.536,0.0,28.803,13.48,9245.0601,86.7223,4.3,84.525,144.6755,0.3212,79.27,0.0058,0.1123,3.3741,260.442,양품
5.9155,-0.0123,35.6998,-5344.25,74.2667,-0.1419,0.1069,0.156,15.82,437.0,6.0134,15.88,0.9838,1.9783,,8.2832,16.48,3.636,1929.0,0.0373,0.8106,14.0845,2554.75,9.1413,0.0,1015.5056,0.81,0.9314,26.83,21.7408,12.9509,4.6336,-0.0186,28.823,58.1528,2.857,0.0,19.9683,14.9,9040.8799,87.3204,1.2,85.5246,145.3418,0.4214,10.11,0.0063,0.108,3.2267,259.606,양품
2.4209,-0.0112,38.2222,-5451.75,70.7778,-0.1419,0.0669,0.04,15.82,343.0,5.915,15.88,0.9838,2.008,,9.0145,20.18,3.636,596.0,0.0009,0.8106,17.5791,2461.5,6.6826,0.0,1015.5056,0.71,0.9327,25.91,27.1007,14.3253,4.5531,0.0146,32.835,708.4114,2.857,0.0,22.2504,21.81,8832.34,86.7608,3.0,87.1883,141.8818,0.2363,78.27,0.0141,0.1091,3.3851,261.262,양품
13.5518,-0.0141,28.4698,-5249.0,73.4111,-0.1419,0.0809,0.232,15.82,387.0,6.8253,15.88,0.9838,1.9987,0.2298,8.9562,21.97,3.636,500.0,0.0044,0.8106,6.4482,2635.75,10.7101,0.0,1015.5056,1.46,0.9314,3.21,76.8379,6.4705,4.6336,0.0082,28.886,30.6232,2.857,0.0,8.7636,17.35,9342.5102,86.8401,5.4,85.188,148.8982,0.1909,78.17,0.0063,0.108,3.2483,246.984,불량
3.0945,-0.0108,91.9861,-5603.75,73.1222,-0.8988,0.0904,0.081,15.81,314.0,5.7734,15.84,1.824,1.9743,0.015,8.3542,18.58,6.101,270.0,0.0093,0.5952,16.9055,2603.0,7.4476,0.0,1010.0522,,0.9304,27.39,29.5322,20.3154,4.6334,0.0056,27.043,226.5276,2.536,0.0,23.0596,,8449.4602,86.6266,1.9,85.7243,136.3209,0.3379,81.66,0.0101,0.1133,3.3818,260.822,양품
-1.2336,-0.0131,36.7816,-5662.0,68.8444,-0.1419,0.0645,0.117,15.82,306.0,7.0915,15.88,0.9838,2.015,0.0202,8.6068,22.26,3.636,3362.0,-0.0012,0.8106,21.2336,2423.25,10.9739,0.0,1015.5056,,0.9311,22.2,14.5906,15.191,4.8475,0.0117,26.338,617.6861,2.857,0.0,28.577,,9248.9899,86.5437,1.8,83.5811,146.3782,0.2994,82.25,0.0083,0.1137,3.4224,250.776,양품
4.4409,-0.0136,113.9706,-5477.5,75.7556,-1.56,0.0662,0.188,15.89,187.0,6.0475,15.85,0.9318,1.9535,,8.2832,21.39,3.202,674.0,0.0185,0.822,15.5591,2709.5,8.0044,0.0,1017.0267,1.22,0.9314,15.66,71.182,10.3328,4.6336,0.0043,29.317,106.0594,2.822,537.1429,19.5942,23.62,9074.7701,87.3204,2.3,85.5246,152.19,0.1976,10.11,0.0063,0.108,3.4672,248.304,양품
-4.6109,-0.0142,25.3521,-6521.5,66.0222,-0.8988,0.0623,0.044,15.81,220.0,4.7402,15.84,1.824,1.8592,0.0427,9.0811,16.87,6.101,195.0,-0.005,0.5952,24.6109,2911.75,6.7895,0.0,1010.0522,0.87,0.9376,13.41,62.2897,15.2727,4.8111,0.02,24.648,136.4156,2.536,0.0,31.4433,16.23,8947.57,86.8444,3.4,85.7204,150.4827,0.3033,78.98,0.0101,0.1152,4.6446,264.272,양품
1.89,-0.0131,26.7431,-5632.75,68.6444,-1.56,0.072,0.067,15.89,295.0,6.4735,15.85,0.9318,1.9897,0.017,8.7373,20.44,3.202,657.0,0.0097,0.822,18.11,2600.5,11.6085,0.0,1017.0267,1.24,0.9298,22.44,27.9977,16.0385,4.6393,0.0017,29.203,238.6243,2.822,0.0,24.9871,23.28,8421.2,86.252,3.4,84.7176,148.3864,0.2209,80.63,0.0106,0.1077,3.4354,247.658,양품
0.4527,-0.0107,45.741,-5619.25,73.4333,0.0,0.0866,0.131,15.84,609.0,6.5385,15.86,0.9744,1.9705,0.0401,8.7932,20.06,3.583,878.0,0.0075,0.8264,19.5473,2767.0,8.4704,0.0,1013.6911,,0.9311,16.08,19.195,13.3781,4.8475,-0.0039,26.344,0.0,2.825,0.0,27.2483,,8257.01,86.7223,5.0,84.525,153.6327,0.2994,79.27,0.0102,0.1074,3.2566,248.964,양품
-0.2036,-0.0117,44.397,-5619.0,72.3444,-1.56,0.097,0.11,15.89,270.0,6.2248,15.85,0.9318,1.9398,0.0227,8.3591,23.15,3.202,677.0,0.0147,0.822,20.2036,2612.0,12.8362,0.0,1017.0267,1.05,0.9345,15.0,37.3075,9.0228,4.676,0.0042,21.923,0.0,2.822,0.0,25.7144,16.15,8535.13,86.9351,1.5,84.3084,151.4273,0.497,79.94,0.0088,0.1119,3.3152,248.668,양품
-3.7536,-0.0134,19.4211,-5525.25,71.9444,-1.56,0.0733,0.132,15.89,290.0,6.4957,15.85,0.9318,1.9738,0.0,8.7932,21.07,3.202,1552.0,0.0026,0.822,23.7536,2653.5,6.5451,0.0,1017.0267,,0.9311,20.96,28.0078,17.17,4.8475,-0.003,25.091,241.8988,2.822,0.0,31.3918,,9656.05,86.7223,5.6,84.525,148.74,0.2994,79.27,0.0083,0.1137,3.1998,261.028,양품
-3.9045,-0.0132,27.3504,-5207.25,71.6556,0.0,0.2357,0.161,15.84,483.0,7.536,15.86,0.9744,1.9697,0.0393,8.6149,20.45,3.583,772.0,0.0409,0.8264,23.9045,2658.0,11.0536,0.0,1013.6911,0.87,0.9376,22.55,65.53,12.1618,4.8111,0.0149,21.925,171.3388,2.825,0.0,30.2138,16.23,9374.04,86.7323,4.5,83.5182,144.3127,0.3258,79.02,0.0101,0.1152,3.2203,251.154,양품
-2.81,-0.0121,27.1885,-5391.75,75.5222,-1.56,0.0744,0.14,15.89,323.0,5.1985,15.85,0.9318,1.9672,0.0635,8.3591,16.95,3.202,425.0,0.0102,0.822,22.81,2641.25,9.5686,0.0,1017.0267,1.84,0.9277,16.79,31.5949,9.9564,4.6335,-0.0111,31.034,146.6192,2.822,0.0,30.3218,17.63,8578.38,86.9351,2.2,84.3084,157.0155,0.3689,79.94,0.0094,0.1118,3.5016,264.272,양품
-2.6109,-0.0123,31.7073,-5621.0,75.5889,-1.56,0.0508,0.119,15.89,306.0,5.8323,15.85,0.9318,1.994,0.0,8.5571,18.32,3.202,1112.0,0.033,0.822,22.6109,2600.5,8.2783,0.0,1017.0267,0.87,0.9345,16.68,38.1751,9.6634,4.676,0.0022,25.409,277.2981,2.822,0.0,28.0428,16.23,8487.1199,87.2353,2.4,83.4448,150.5682,0.497,78.29,0.007,0.1113,3.4264,264.272,양품
-2.6273,-0.013,35.3506,-5561.0,67.3889,-0.5677,0.0699,0.192,15.86,965.0,5.3998,15.81,1.182,1.9905,0.0228,8.7646,16.68,3.559,908.0,0.0124,0.8559,22.6273,2899.25,8.0488,0.0,1011.5767,0.87,0.9279,12.65,30.2231,12.9899,4.6359,-0.031,32.3,279.3772,3.009,0.0,30.4537,16.23,8526.55,86.3742,2.3,86.2967,152.7118,0.264,79.61,0.0078,0.1152,3.4461,266.478,양품
5.4709,-0.0123,23.6735,-5652.5,74.9111,0.0,0.0556,0.056,15.84,241.0,6.1519,15.86,0.9744,1.9818,0.0372,8.8889,19.33,3.583,545.0,0.0099,0.8264,14.5291,2708.5,7.9328,0.0,1013.6911,,0.927,12.16,68.1578,5.7613,4.6594,-0.0105,28.742,114.2406,2.825,800.0,18.5294,,8359.0101,86.9977,3.8,83.5589,152.8582,0.2994,80.31,0.0069,0.1139,3.4319,262.338,양품
0.5218,-0.0093,49.1979,-5627.5,72.2778,0.0473,0.0758,0.135,15.75,734.0,6.104,15.77,1.702,2.01,0.0249,8.287,19.82,6.889,398.0,-0.0001,0.6423,19.4782,2710.25,7.8445,0.0,1007.2099,0.87,0.9348,15.77,62.8724,8.2525,4.6766,-0.0021,23.974,0.0,3.991,0.0,25.1003,16.23,8841.68,86.9546,1.5,86.238,152.4045,0.3099,80.14,0.0113,0.1127,3.5387,251.218,양품
4.3982,-0.0127,45.6244,-5334.0,71.1222,0.0,0.0741,0.156,15.77,296.0,6.3857,15.81,1.135,1.9968,0.0207,8.7373,20.62,3.886,265.0,0.0075,0.7759,15.6018,2467.0,7.6714,0.0,1011.8444,1.89,0.9298,19.04,30.5153,12.4143,4.6393,0.0107,27.989,104.3613,3.23,968.4211,21.9055,17.19,8831.77,86.252,2.7,84.7176,148.5018,0.1909,80.63,0.0106,0.1077,3.401,264.272,양품
0.5518,-0.0123,44.8065,-5639.75,72.6778,0.0473,0.1073,0.062,15.75,392.0,6.4843,15.77,1.702,2.0035,0.0225,8.287,22.8,6.889,579.0,0.001,0.6423,19.4482,2697.5,6.6145,0.0,1007.2099,1.43,0.9348,23.24,56.318,12.0964,4.6766,0.0174,26.863,0.0,3.991,747.8261,22.9635,18.91,8875.2099,86.9546,1.6,86.238,146.7309,0.2775,80.14,0.0078,0.1066,3.5029,264.272,양품
1.4418,-0.0144,24.2845,-5567.75,72.4333,0.0473,0.0786,0.182,15.75,390.0,5.3579,15.77,1.702,1.9708,0.0158,8.6149,17.04,6.889,379.0,0.0211,0.6423,18.5582,2652.0,8.3564,0.0,1007.2099,0.76,0.9315,19.48,28.1382,13.22,4.6322,-0.0135,24.643,371.0593,3.991,0.0,25.1014,16.27,8950.7599,86.7323,5.4,83.5182,149.5964,0.4214,79.02,0.0073,0.1161,3.4892,251.438,양품
-2.5955,-0.0115,37.3507,-5819.75,70.2111,0.0473,0.1002,0.131,15.82,273.0,5.6441,15.8,1.853,2.0082,0.0278,8.897,19.69,6.369,551.0,0.0261,0.555,22.5955,2608.0,8.4286,0.0,1004.78,2.02,0.9314,16.82,58.6309,12.4141,4.659,-0.0072,31.706,281.261,2.842,0.0,25.7407,19.13,8692.18,87.0027,3.7,84.3947,144.4918,2.1967,,0.0107,0.1133,3.5124,266.328,양품
-4.9018,-0.011,28.2139,-5767.25,70.0222,0.0473,0.0677,0.082,15.82,566.0,5.3963,15.8,1.853,1.9727,0.0185,8.7401,20.01,6.369,1030.0,0.0152,0.555,24.9018,2894.75,7.9718,0.0,1004.78,0.87,0.9314,23.5,19.653,16.1773,4.659,-0.0039,33.21,105.4711,2.842,0.0,31.879,16.23,8905.76,86.8963,2.2,85.4838,148.1491,0.2775,78.53,0.0107,0.1133,3.44,264.272,양품
0.7636,-0.013,35.3846,-5476.5,67.5556,0.0,0.0695,0.059,15.91,282.0,5.8226,15.86,0.9649,2.0005,,9.0425,18.5,3.541,856.0,0.0029,0.8201,19.2364,2656.75,4.5881,0.0,1012.2367,1.07,0.9255,17.44,16.7686,17.1809,4.6237,0.0125,23.887,598.4524,2.884,0.0,26.0317,16.7,8680.12,86.8006,1.9,84.6838,143.9418,0.2768,,0.0058,0.1123,3.4983,261.4,양품
-2.7845,-0.0112,35.7942,-5345.25,69.0556,-0.4258,0.0855,0.141,15.89,542.0,6.0259,15.89,0.9318,2.0175,,8.7635,19.26,3.365,886.0,0.007,0.7965,22.7845,2676.25,5.5861,0.0,1009.8612,0.92,0.932,20.02,67.0275,15.0755,4.6449,0.0008,23.234,314.2344,2.95,372.6027,29.9713,16.97,8962.4899,86.5136,1.9,85.3967,149.0336,0.2889,81.43,0.0073,0.1172,3.2561,264.272,양품
-2.4709,-0.0135,31.0536,-5250.75,68.8667,0.0,0.1111,0.16,15.91,484.0,6.9644,15.86,0.9649,2.0015,0.019,8.7015,21.81,3.541,293.0,0.0244,0.8201,22.4709,2579.25,7.6389,0.0,1012.2367,0.75,0.9376,20.39,72.8696,14.2836,4.8111,0.0085,22.668,283.2965,2.884,0.0,28.9642,15.22,9096.1301,86.2732,2.4,83.7179,146.6809,0.3033,80.86,0.0084,0.1139,3.387,247.738,양품
-3.2718,-0.0136,30.9963,-5777.0,75.3556,0.0,0.0615,0.148,15.77,594.0,6.0242,15.81,1.135,1.9952,0.0166,8.5571,16.21,3.886,497.0,0.014,0.7759,23.2718,2859.75,7.999,0.0,1011.8444,0.87,0.9297,13.15,21.271,9.8176,4.6904,-0.0033,31.563,236.8714,3.23,0.0,29.0059,16.23,8435.53,87.2353,1.9,83.4448,156.3136,0.497,78.29,0.0088,0.1119,3.3239,264.272,양품
2.1136,-0.012,22.5705,-5327.75,70.3556,0.0,0.1006,0.139,15.77,227.0,5.315,15.81,1.135,1.9755,0.2109,8.7373,17.21,3.886,625.0,0.0169,0.7759,17.8864,2653.5,6.356,0.0,1011.8444,,0.9315,21.57,17.0983,13.0654,4.6322,0.0185,25.136,86.5806,3.23,0.0,24.5978,,8670.6599,86.252,1.8,84.7176,150.0955,0.4214,80.63,0.0063,0.108,3.4628,264.272,양품
3.9291,-0.0118,60.9524,-5213.0,72.5778,0.0,0.0957,0.122,15.77,338.0,6.3005,15.81,1.135,2.021,0.0217,9.131,19.92,3.886,735.0,0.0098,0.7759,16.0709,2570.25,7.2371,0.0,1011.8444,1.0,0.9252,15.66,16.6104,10.6332,4.5938,-0.0211,25.071,185.7936,3.23,0.0,21.8416,14.27,8997.1301,86.7486,2.6,84.9173,147.9173,0.2706,76.72,0.0084,0.1144,3.4333,261.572,양품
-0.5336,-0.014,30.0806,-5138.75,70.5111,0.0473,0.0652,0.18,15.75,407.0,6.0726,15.77,1.702,1.9565,0.0289,8.7015,19.8,6.889,538.0,0.0071,0.6423,20.5336,2497.75,7.4576,0.0,1007.2099,,0.9256,17.28,72.0207,11.3091,4.6622,0.0045,22.215,0.0,3.991,819.5122,26.5653,,8692.35,86.2732,2.2,83.7179,146.5164,0.3051,80.86,0.0069,0.1139,3.4057,264.272,양품
-1.1836,-0.0122,15.5897,-5406.75,75.9444,0.0473,0.0709,0.172,15.75,343.0,5.1511,15.77,1.702,1.9515,0.0146,8.5571,15.22,6.889,180.0,0.009,0.6423,21.1836,2540.0,9.9572,0.0,1007.2099,0.96,0.932,16.15,35.1425,9.1736,4.6917,0.0055,24.267,400.4608,3.991,0.0,22.97,11.61,8765.58,87.2353,3.2,83.4448,149.1718,0.3689,78.29,0.0094,0.1139,3.4213,264.272,양품
5.7945,-0.0125,28.8867,-5300.5,72.8667,-0.5677,0.1112,0.061,15.86,266.0,6.5033,15.81,1.182,2.0038,,8.9562,20.74,3.559,580.0,-0.0039,0.8559,14.2055,2589.5,8.5915,0.0,1011.5767,,0.927,13.85,57.6061,7.4692,4.6594,0.0034,27.488,144.101,3.009,512.5,15.7033,,9072.73,86.8401,5.7,85.188,143.74,0.1571,78.17,0.0071,0.1076,3.2548,259.102,양품
-4.9682,-0.0117,36.7521,-5497.5,74.1222,-1.608,0.0708,0.21,15.77,239.0,5.9198,15.77,1.617,2.0055,0.0279,8.5571,19.1,6.442,593.0,0.0021,0.5812,24.9682,2684.5,8.7205,0.0,1009.36,0.87,0.9345,19.27,19.039,10.4818,4.676,-0.0029,24.686,56.9625,2.521,0.0,31.3031,16.23,9392.28,87.2353,2.7,83.4448,150.9227,0.2265,78.29,0.0088,0.1119,3.3074,269.884,양품
-0.9136,-0.0117,37.6068,-5398.75,73.6111,0.0473,0.0762,0.06,15.82,227.0,5.9107,15.8,1.853,2.018,,8.6695,18.31,6.369,225.0,-0.006,0.555,20.9136,2711.0,10.463,0.0,1004.78,1.27,0.9345,11.82,29.698,6.8216,4.676,-0.0141,26.817,446.5672,2.842,428.5714,26.89,13.85,8414.6299,86.6658,3.0,85.4487,155.2255,0.2265,79.21,0.0104,0.1113,3.4568,266.216,양품
-3.65,-0.0122,18.7755,-5217.25,73.3778,-1.608,0.0905,0.135,15.77,469.0,5.9777,15.77,1.617,1.9925,0.0148,8.3663,18.26,6.442,352.0,0.013,0.5812,23.65,2508.75,8.8723,0.0,1009.36,0.87,0.9297,10.4,52.7697,6.2481,4.6904,-0.0231,32.542,129.3151,2.521,0.0,28.6073,16.23,9268.23,87.0807,2.2,83.4093,156.1791,0.264,80.62,0.0111,0.1125,3.3782,247.772,양품
-2.5345,-0.0119,37.0137,-5394.75,70.3111,-1.608,0.0781,0.115,15.77,410.0,5.5803,15.77,1.617,2.0075,0.02,8.8581,18.52,6.442,829.0,-0.0187,0.5812,22.5345,2516.5,9.1545,0.0,1009.36,1.69,0.9341,24.8,34.0106,14.0791,4.7319,0.0025,25.011,399.2826,2.521,0.0,28.3035,18.44,8164.9101,86.9034,1.9,84.052,149.6718,0.2775,13.6,0.0114,0.1138,3.3932,260.832,양품
0.86,-0.0128,76.7875,-5397.5,67.0889,-0.4258,0.0954,0.117,15.89,243.0,5.7839,15.89,0.9318,1.9965,0.039,8.7997,18.59,3.365,361.0,0.0073,0.7965,19.14,2684.0,6.9155,0.0,1009.8612,0.78,0.9315,18.58,26.1644,14.0854,4.6322,0.0173,27.587,280.2326,2.95,0.0,26.1131,22.38,8536.28,86.3298,2.9,84.4905,150.27,0.4214,80.22,0.0115,0.1156,3.4762,264.272,양품
-3.4991,-0.0128,38.3562,-5543.0,73.7556,-0.4258,0.0594,0.118,15.89,161.0,6.2725,15.89,0.9318,1.98,0.0216,8.9833,19.82,3.365,294.0,0.0184,0.7965,23.4991,2589.5,7.0167,0.0,1009.8612,0.87,0.9279,21.92,28.9147,13.6246,4.6359,0.022,31.04,158.3268,2.95,0.0,31.3826,16.23,8708.38,87.7644,2.2,84.3441,150.2536,0.2265,81.19,0.0104,0.1113,3.2729,269.764,양품
-5.2327,-0.0124,35.6275,-5526.0,69.9222,0.0473,0.0904,0.11,15.75,3710.0,6.7203,15.77,1.702,1.9962,0.0307,8.7401,23.09,6.889,843.0,0.0216,0.6423,25.2327,3397.75,9.3365,0.0,1007.2099,1.13,0.9314,17.07,42.4986,13.3545,4.659,-0.0125,31.6089,117.9117,3.991,0.0,31.0075,22.21,8528.8199,86.8963,2.1,85.4838,146.3582,2.1967,78.53,0.0107,0.1133,3.388,247.332,양품
-1.79,-0.0136,30.0366,-5445.5,72.3778,-1.608,0.0644,0.073,15.77,391.0,6.1788,15.77,1.617,1.984,0.0196,8.4278,24.35,6.442,1116.0,0.0234,0.5812,21.79,2691.75,7.7735,0.0,1009.36,0.87,0.9345,18.93,30.2172,9.8464,4.676,-0.0005,26.693,457.5419,2.521,907.6923,27.6339,16.23,9791.0999,87.1524,2.1,85.4438,150.9327,0.497,80.18,0.0088,0.112,3.3266,265.89,양품
1.0309,-0.0127,40.1575,-4971.75,70.0111,-1.608,0.0632,0.136,15.77,238.0,6.6719,15.77,1.617,1.9888,0.0222,8.7401,21.14,6.442,2228.0,0.0125,0.5812,18.9691,2557.0,9.2396,0.0,1009.36,0.87,0.9337,20.27,33.3906,11.6591,4.678,-0.0121,25.464,471.4286,2.521,0.0,21.9517,16.23,8864.42,86.8963,2.2,85.4838,144.5655,2.1967,78.53,0.0067,0.1129,3.401,261.094,양품
-4.0109,-0.0124,41.8933,-5001.0,73.7667,-1.608,0.075,0.158,15.77,553.0,6.0738,15.77,1.617,2.0,0.0469,8.3663,19.71,6.442,2602.0,-0.0058,0.5812,24.0109,2672.0,9.0371,0.0,1009.36,0.76,0.9297,11.5,39.8303,6.4257,4.6904,0.0023,32.856,197.9604,2.521,0.0,29.7124,15.43,8374.33,87.0807,2.6,83.4093,156.8291,0.497,80.62,0.0133,0.1138,3.4812,250.438,양품
1.4727,-0.013,42.9119,-5368.75,65.0778,-0.4258,0.0501,0.086,15.89,3608.0,4.5335,15.89,0.9318,1.9955,0.0436,9.0606,13.68,3.365,666.0,0.0112,0.7965,18.5273,3656.25,6.1691,0.0,1009.8612,0.87,0.9346,16.82,31.9029,20.1872,4.6805,0.0203,26.814,444.7531,2.95,659.6491,28.6558,16.23,8765.07,86.8551,2.3,85.7132,145.9136,0.4006,10.82,0.008,0.1162,3.4151,,양품
-1.2427,-0.0133,35.272,-6471.25,65.7,-1.135,0.0784,0.057,15.9,520.0,5.4705,15.92,0.9649,1.8785,0.0498,9.2016,18.17,3.751,479.0,-0.0116,0.8391,21.2427,2985.25,11.4383,0.0,1007.7856,0.87,0.9301,19.97,14.3822,20.5354,4.6796,0.003,29.853,462.692,2.886,0.0,32.4053,16.23,8843.47,86.8786,2.7,86.0222,146.2191,0.2182,76.88,0.0123,0.1164,4.6642,,양품
2.4845,-0.0139,27.2646,-5335.0,72.2667,-1.135,0.0536,0.138,15.9,627.0,5.2121,15.92,0.9649,1.991,0.0175,8.8548,16.18,3.751,961.0,0.0141,0.8391,17.5155,2736.75,10.8264,0.0,1007.7856,,0.9298,23.84,13.5693,12.7364,4.6393,-0.0115,24.906,240.2854,2.886,0.0,23.3895,,8562.85,86.8657,4.3,85.5485,146.9818,0.4214,81.13,0.0107,0.1145,3.3743,264.272,양품
0.79,-0.0117,17.0758,-5613.0,63.0333,-1.135,0.0669,0.075,15.9,256.0,4.423,15.92,0.9649,1.9973,0.0597,9.1287,14.49,3.751,461.0,0.0289,0.8391,19.21,2487.75,7.9153,0.0,1007.7856,1.02,0.9348,14.8,19.0442,19.8237,4.6766,-0.0011,28.372,353.1646,2.886,0.0,29.7545,16.77,9427.2601,86.8827,1.8,84.0397,148.0109,0.2441,78.52,0.0127,0.1141,3.4396,250.226,양품
5.6618,-0.0136,35.3266,-5459.0,66.3111,0.0,0.0755,0.131,15.91,363.0,6.2036,15.86,0.9649,1.9908,0.0475,8.6772,20.64,3.541,533.0,0.0217,0.8201,14.3382,2635.75,4.8012,0.0,1012.2367,1.0,0.9298,25.54,23.7461,16.4009,4.6393,0.0094,27.913,114.8041,2.884,0.0,21.7197,17.28,8511.4999,86.259,2.4,84.4061,141.0864,0.2994,79.86,0.0105,0.1152,3.3181,260.956,불량
-2.4345,-0.0101,52.6708,-5398.5,69.3,-1.797,0.0871,0.133,15.8,271.0,7.6774,15.8,1.834,1.9863,,8.7635,21.41,5.952,649.0,-0.0028,0.5662,22.4345,2648.75,9.3415,0.0,1014.2889,1.27,0.932,22.48,53.9657,14.9827,4.6449,-0.0143,24.644,519.1934,2.413,0.0,29.627,16.45,8578.7599,86.5136,2.4,85.3967,148.0527,0.3092,81.43,0.0073,0.1172,3.3727,264.272,양품
-1.4027,-0.0113,30.9051,-5012.75,67.6333,-1.797,0.0702,0.077,15.8,378.0,5.4441,15.8,1.834,1.974,,8.7635,17.28,5.952,410.0,0.002,0.5662,21.4027,2543.5,10.4533,0.0,1014.2889,1.33,0.932,20.77,43.4743,15.4681,4.6449,-0.0051,25.756,626.6364,2.413,0.0,28.4909,18.14,8295.28,86.5136,1.8,85.3967,148.9273,0.3804,81.43,0.0073,0.1172,3.447,268.65,양품
-4.5936,-0.0115,45.1193,-5248.25,69.8667,-1.797,0.0698,0.116,15.8,463.0,6.1794,15.8,1.834,2.036,,8.7635,19.8,5.952,1292.0,-0.0052,0.5662,24.5936,2575.0,9.4738,0.0,1014.2889,0.85,0.9317,21.31,17.0279,12.2827,4.7544,0.0048,31.592,85.1178,2.413,500.0,29.8709,22.64,8272.7,86.5136,1.5,85.3967,147.8864,0.2679,81.43,0.0073,0.1172,3.404,264.272,양품
-0.3309,-0.0118,42.4178,-5658.25,67.8111,-1.797,0.0768,0.175,15.8,237.0,5.7652,15.8,1.834,2.014,,8.7635,19.89,5.952,778.0,-0.0005,0.5662,20.3309,2626.75,9.0615,0.0,1014.2889,1.49,0.932,17.71,45.2399,14.2691,4.6449,0.0135,25.928,0.0,2.413,0.0,27.3211,20.34,7936.6601,86.5136,1.2,85.3967,149.2082,0.2679,81.43,0.0073,0.1172,3.3967,264.272,양품
2.6718,-0.0107,36.534,-5604.5,66.0111,-1.797,0.0721,0.174,15.8,492.0,5.764,15.8,1.834,1.985,0.0248,8.6772,18.65,5.952,403.0,-0.0111,0.5662,17.3282,2793.5,8.7044,0.0,1014.2889,1.17,0.9315,19.89,22.4885,14.0936,4.6322,0.0049,26.257,125.0085,2.413,0.0,23.9846,20.71,8278.6099,86.259,2.6,84.4061,150.9727,0.3258,79.86,0.0114,0.1152,3.4337,266.568,양품
4.9845,-0.0127,49.6063,-5494.75,73.9333,-3.496,0.1232,0.104,15.71,375.0,5.7709,15.75,1.763,2.0035,0.0422,8.5801,17.71,6.355,470.0,-0.0022,0.5638,16.733,2694.5,9.2058,0.0,1013.7167,,0.9329,20.11,23.9871,13.7063,4.4953,-0.0071,32.47,415.2836,2.389,597.7011,19.2998,,8770.29,86.9331,2.2,86.1155,149.1236,0.3509,79.31,0.0089,0.1086,3.4468,249.366,양품
-3.4445,-0.0126,39.005,-5549.25,73.2333,-3.496,0.0903,0.114,15.71,219.0,5.9415,15.75,1.763,2.0017,,8.287,20.77,6.355,541.0,0.0093,0.5638,23.4445,2627.0,8.3273,0.0,1013.7167,1.15,0.9304,23.21,42.9653,15.4964,4.6512,-0.0164,30.803,250.8314,2.389,0.0,31.3396,14.05,8673.3899,86.9546,2.0,86.238,146.3473,0.1878,80.14,0.0079,0.111,3.5057,262.388,양품
2.2855,-0.0141,45.9364,-5370.75,72.4778,-3.496,0.0982,0.099,15.71,479.0,5.5605,15.75,1.763,2.0045,0.0174,8.6149,18.97,6.355,854.0,0.019,0.5638,17.7145,2483.25,10.7994,0.0,1013.7167,0.87,0.9315,19.43,20.9166,10.85,4.6322,-0.0256,25.728,127.327,2.389,0.0,24.0788,16.23,8582.63,86.7323,4.9,83.5182,151.3355,0.4214,79.02,0.007,0.1173,3.413,258.358,양품
22.4673,-0.0094,36.3151,-5573.75,72.3556,-3.496,0.1077,0.314,15.71,436.0,4.9316,15.75,1.763,1.9693,0.025,8.2395,15.53,6.355,689.0,0.0049,0.5638,21.38,2686.5,7.7663,0.0,1013.7167,1.63,0.9336,17.67,133.9113,16.5763,4.731,-0.041,72.947,122.4003,2.389,0.0,64.414,15.05,9669.52,86.5783,2.4,85.7059,142.2836,0.2423,80.93,0.0094,0.1167,3.3806,268.006,양품
6.5645,-0.0047,80.6366,-5370.25,72.4889,-0.4258,0.0776,0.108,15.89,359.0,4.4655,15.89,0.9318,1.9695,0.0275,8.9475,14.29,3.365,886.0,0.0214,0.7965,13.4355,2601.75,6.6389,0.0,1009.8612,,0.927,17.44,52.0283,7.8229,4.6594,0.0212,27.945,65.5034,2.95,0.0,16.9701,,8906.21,86.9612,5.5,85.1011,149.3882,0.2994,78.17,0.0104,0.1083,3.3099,264.272,불량
-4.6227,-0.0109,36.6972,-5599.25,75.0444,-1.135,0.2654,0.097,15.9,487.0,5.3685,15.92,0.9649,2.0132,0.0203,8.3591,18.32,3.751,530.0,0.0145,0.8391,24.6227,2676.75,8.6805,0.0019,1007.7856,0.72,0.9297,20.39,24.1613,13.1682,4.6904,0.0023,34.18,85.0147,2.886,0.0,33.171,12.18,9196.9899,86.9351,2.6,84.3084,156.4036,0.4372,79.94,0.0132,0.1139,3.278,264.272,양품
5.5455,-0.0138,34.8457,-4994.25,66.2,0.0,0.0734,0.138,15.77,541.0,6.3218,15.81,1.135,1.9715,0.0408,8.6772,20.39,3.886,2774.0,0.0233,0.7759,14.4545,2890.0,6.8175,0.0,1011.8444,,0.9298,24.53,35.6914,16.2791,4.6393,0.0295,28.279,109.6393,3.23,0.0,21.0909,,8815.3602,86.259,2.3,84.4061,148.7736,0.2994,79.86,0.0107,0.1145,3.4434,264.272,불량
-2.1518,-0.0126,41.2289,-5515.0,73.1333,-3.496,0.0643,0.119,15.71,550.0,6.7794,15.75,1.763,1.966,0.0219,8.4278,21.92,6.355,863.0,0.0235,0.5638,22.1518,2680.0,9.9421,0.0,1013.7167,1.89,0.9345,17.15,50.69,10.1147,4.676,-0.0103,27.773,328.5594,2.389,0.0,28.6132,14.56,9127.52,87.1524,2.7,85.4438,150.0491,0.497,80.18,0.0088,0.1119,3.342,264.272,양품
6.25,-0.0102,38.4236,-5738.75,72.1,-3.496,0.1552,0.138,15.71,568.0,5.4697,15.75,1.763,2.0157,,8.3436,15.31,6.355,485.0,0.0073,0.5638,13.75,2759.25,8.6085,0.0,1013.7167,,0.9252,11.48,14.8815,5.7587,4.5938,-0.0165,27.276,73.92,2.389,0.0,14.1161,,8674.8,87.0565,3.2,83.7747,154.3855,0.3107,12.19,0.0113,0.1107,3.4473,261.368,양품
3.2509,-0.013,34.5158,-5508.75,69.0556,-1.135,0.0731,0.217,15.9,245.0,5.8371,15.92,0.9649,1.993,0.0231,8.6772,16.83,3.751,863.0,0.01,0.8391,16.7491,2608.75,10.6901,0.0,1007.7856,0.39,0.9298,18.61,22.8954,15.7918,4.6393,0.0093,29.462,118.736,2.886,0.0,23.112,14.46,8184.0899,86.259,1.9,84.4061,152.0355,0.2994,79.86,0.0099,0.1146,3.4174,264.272,불량
0.9909,-0.0118,54.1799,-5580.25,75.3889,-3.025,0.079,0.123,15.71,558.0,5.5692,15.75,1.801,1.991,0.0185,8.3663,18.99,6.063,426.0,0.0089,0.562,19.0091,2713.25,7.988,0.0,1001.8289,0.87,0.9348,18.41,19.1168,19.5418,4.6766,0.0042,26.498,325.9633,2.393,0.0,29.1406,16.23,8312.75,87.0807,2.8,83.4093,142.5973,0.2182,80.62,0.0127,0.1141,3.3649,264.272,양품
-3.8655,-0.0103,20.4629,-5554.5,70.3556,-3.025,0.0857,0.127,15.71,270.0,4.5618,15.75,1.801,2.0273,0.0321,8.6611,14.76,6.063,3951.0,-0.0194,0.562,23.8655,2551.75,8.0211,0.0,1001.8289,0.86,0.9316,16.33,24.0438,11.1677,4.6823,-0.0284,34.652,412.8881,2.393,241.8605,30.1925,16.49,8808.6001,87.0853,2.4,93.8653,149.6627,0.2441,77.33,0.0082,0.1152,3.3371,260.564,양품
-0.75,-0.0091,57.1429,-5692.5,67.7556,-3.025,0.1,0.17,15.71,570.0,5.4452,15.75,1.801,1.9792,0.0181,8.6544,18.23,6.063,737.0,-0.0017,0.562,20.75,2647.75,8.8695,0.0,1001.8289,0.87,0.9348,20.4,43.5382,13.5037,4.6766,0.0049,27.655,758.6667,2.393,0.0,24.5799,16.23,8854.61,86.33,1.7,86.4883,145.7064,0.2775,80.67,0.0098,0.1138,3.3623,261.234,양품
0.2745,-0.0101,52.3457,-5834.75,70.9667,-1.135,0.0969,0.069,15.9,352.0,5.9651,15.92,0.9649,1.99,0.0185,8.6611,18.31,3.751,1053.0,-0.0008,0.8391,19.7255,2546.0,10.0361,0.0,1007.7856,1.03,0.9337,11.68,66.752,9.3769,4.678,-0.0301,25.256,0.0,2.886,0.0,24.1109,20.98,8744.1601,87.0853,3.3,93.8653,148.8518,0.2775,77.33,0.0067,0.1129,3.3899,264.272,양품
-5.9273,-0.0126,34.2289,-5612.25,68.1667,-3.496,0.0831,0.159,15.75,600.0,5.538,15.75,1.805,2.0192,,8.7635,19.29,6.023,1173.0,-0.0022,0.5013,25.9273,2586.5,11.7306,0.0,999.7303,1.27,0.9317,15.43,18.876,14.6693,4.7544,-0.0034,30.765,66.9785,2.485,0.0,31.7389,15.54,8386.27,86.5136,1.7,85.3967,146.1227,0.2679,81.43,0.0073,0.1172,3.4607,266.248,양품
-2.9209,-0.0134,12.6512,-5588.0,71.2111,-3.496,0.067,0.165,15.75,530.0,5.5445,15.75,1.805,2.0048,0.0451,8.287,18.66,6.023,466.0,0.0067,0.5013,22.9209,2700.5,6.4051,0.0,999.7303,0.87,0.9345,17.95,46.4743,11.0804,4.676,0.0103,26.387,353.657,2.485,0.0,28.8106,16.23,8373.53,86.9546,1.9,86.238,152.9936,0.497,80.14,0.0083,0.1126,3.3814,269.742,양품
-3.74,-0.0098,34.7826,-5153.75,75.5556,-3.496,0.0769,0.125,15.71,306.0,6.2653,15.75,1.763,1.9983,,8.5571,24.43,6.355,789.0,-0.0006,0.5638,23.74,2570.25,10.2172,0.0,1013.7167,0.87,0.9337,23.23,55.391,12.9827,4.678,-0.0481,26.645,148.1283,2.389,986.0465,29.1429,16.23,9303.0001,87.2353,2.4,83.4448,147.7973,2.1967,78.29,0.0078,0.1152,3.4468,258.924,양품
-0.0691,-0.0113,44.1014,-5365.75,70.3444,-3.025,0.0628,0.077,15.71,199.0,4.9591,15.75,1.801,1.9805,,8.7401,15.8,6.063,122.0,-0.0053,0.562,20.0691,2526.5,7.3984,0.0,1001.8289,0.87,0.9341,27.21,29.0836,14.6964,4.7319,-0.0181,24.433,0.0,2.393,0.0,26.2175,16.23,8952.9701,86.8963,1.4,85.4838,147.3473,0.2775,78.53,0.0092,0.1111,3.3934,266.946,양품
5.1136,-0.0121,43.8923,-5437.0,70.1222,-3.025,0.0703,0.14,15.71,350.0,5.0749,15.75,1.801,1.9795,0.017,8.7015,16.46,6.063,477.0,-0.0071,0.562,14.8864,2602.75,6.3965,0.0,1001.8289,1.33,0.9315,21.35,29.0204,11.4591,4.6322,0.0078,25.988,91.9111,2.393,0.0,20.9755,12.21,9409.4801,86.2732,2.0,83.7179,146.6582,0.4214,80.86,0.0072,0.1162,3.3518,248.46,양품
1.7082,-0.0102,77.8325,-5007.75,76.1667,-3.025,0.0715,0.091,15.71,151.0,5.0656,15.75,1.801,2.0173,0.0539,8.9833,15.26,6.063,285.0,0.0038,0.562,18.2918,2425.5,8.7861,0.0,1001.8289,1.61,0.9366,17.56,41.9054,13.7437,4.6928,-0.0118,28.244,305.0027,2.393,0.0,23.195,19.23,8649.9899,87.7644,2.2,84.3441,148.2145,0.4502,81.19,0.008,0.1162,3.3806,267.64,양품
1.5555,-0.0143,27.2489,-5357.5,71.4333,-1.702,0.0703,0.048,15.87,472.0,5.2879,15.91,1.097,1.9915,,8.6149,18.59,3.429,782.0,-0.0065,0.7589,18.4445,2691.25,6.5385,0.0,1006.74,0.79,0.9349,22.6,26.7676,12.5409,4.6808,-0.0126,25.842,286.09,2.892,0.0,25.0267,17.13,8650.6301,86.7323,5.1,83.5182,149.6318,0.3893,79.02,0.0127,0.1138,3.4752,264.272,양품
1.3136,-0.0116,19.8276,-5031.25,63.7889,-3.025,0.0786,0.14,15.71,532.0,4.9325,15.75,1.801,2.025,,9.1287,16.1,6.063,1094.0,0.0147,0.562,18.6864,2675.5,7.0273,0.0,1001.8289,0.69,0.9301,26.31,25.7698,16.7409,4.6796,-0.0243,30.609,711.7647,2.393,661.3333,23.9837,17.18,8395.9299,86.8827,2.0,84.0397,147.62,0.4502,78.52,0.0123,0.1164,3.465,264.272,양품
-1.0182,-0.0119,38.6555,-5966.75,68.2,-3.496,0.0621,0.214,15.75,637.0,5.0135,15.75,1.805,1.9848,,8.7779,17.96,6.023,922.0,-0.0064,0.5013,21.0182,2555.0,7.9669,0.0,999.7303,1.49,0.9366,15.77,21.8978,14.8118,4.6928,0.007,30.758,295.625,2.485,757.8947,28.5851,15.92,8747.9801,86.797,2.1,87.1083,151.5227,0.2182,77.83,0.008,0.1162,3.5169,251.252,양품
-0.9945,-0.0132,24.3115,-5477.5,71.5444,-2.647,0.0998,0.19,15.82,524.0,5.7735,15.84,1.182,2.0002,0.0097,8.287,19.34,3.234,190.0,-0.0002,0.8349,20.9945,2599.25,5.5385,0.0,1012.9822,0.87,0.9279,22.11,22.3774,15.8782,4.6359,0.0037,30.816,875.7752,2.735,0.0,27.0475,16.23,8434.72,86.9546,3.3,86.238,145.49,0.3689,80.14,0.0104,0.1113,3.5198,272.668,양품
-0.9236,-0.0112,59.6882,-5759.75,66.9889,-3.025,0.0834,0.154,15.71,165.0,5.4381,15.75,1.801,1.9835,0.0184,8.7548,17.15,6.063,1137.0,0.0084,0.562,20.9236,2728.5,7.6657,0.0,1001.8289,0.78,0.9301,20.08,16.3655,19.1064,4.6796,-0.008,30.468,553.248,2.393,683.6364,32.7145,19.77,8502.3101,86.2183,2.1,84.1975,146.2564,0.2182,8.011,0.0123,0.1164,3.4601,264.272,양품
-0.6609,-0.0109,25.7471,-5622.0,62.2889,-3.732,0.0762,0.119,15.73,278.0,4.7264,15.77,1.739,2.0032,,9.1287,15.57,5.999,352.0,-0.0271,0.5524,20.6609,2875.0,7.6855,0.0,1001.4417,0.84,0.9346,13.12,28.7316,12.8537,4.6805,-0.036,27.086,434.2503,2.479,0.0,28.2815,17.85,8892.88,86.8827,2.2,84.0397,155.3855,0.2182,78.52,0.008,0.1162,3.508,248.866,양품
-0.1918,-0.0139,22.3423,-5215.5,74.1556,-3.732,0.0609,0.206,15.73,602.0,5.5402,15.77,1.739,2.0002,0.0194,8.4278,17.96,5.999,284.0,0.0079,0.5524,20.1918,2684.25,6.9335,0.0,1001.4417,1.64,0.9307,19.13,53.0255,9.7891,4.6549,-0.018,27.544,0.0,2.479,975.0,25.7279,20.8,8875.7501,87.1524,2.1,85.4438,147.4309,0.3212,80.18,0.0077,0.1151,3.3963,264.272,양품
-2.2818,-0.0115,45.9372,-5540.5,66.8667,-3.732,0.0946,0.056,15.73,399.0,5.7814,15.77,1.739,1.9752,0.0607,8.7548,17.71,5.999,978.0,-0.0227,0.5524,22.2818,2515.25,8.7363,0.0,1001.4417,0.87,0.931,21.91,22.541,14.03,4.7091,-0.0045,31.687,391.3546,2.479,0.0,29.3235,16.23,8698.4101,86.2183,3.0,84.1975,147.6564,0.4025,8.011,0.0056,0.1088,3.3394,262.484,양품
-5.9336,-0.0104,39.4231,-6561.25,71.6444,-3.496,0.0708,0.061,15.71,465.0,4.492,15.75,1.763,1.884,,8.7199,15.29,6.355,527.0,0.0084,0.5638,25.9336,3052.75,6.2035,0.0,1013.7167,1.32,0.9241,21.44,44.1589,16.5782,4.5689,-0.0016,30.321,105.163,2.389,0.0,35.4672,20.84,9093.5701,86.7612,3.6,84.2942,149.7227,0.1849,76.97,0.0101,0.1088,4.5977,266.948,양품
5.7182,-0.0107,39.0698,-5526.0,68.7778,-3.732,0.0824,0.117,15.73,330.0,5.5603,15.77,1.739,1.963,0.0216,8.8546,17.45,5.999,935.0,-0.0109,0.5524,14.2818,2740.5,6.5925,0.0,1001.4417,0.62,0.9298,23.2,30.969,14.6864,4.6393,-0.0305,26.401,102.3052,2.479,0.0,22.5821,14.09,8493.19,86.4099,3.0,83.6681,149.2555,0.2994,80.2,0.0106,0.1077,3.3519,264.272,양품
-5.1255,-0.0132,47.1035,-5476.25,74.1111,-3.732,0.1009,0.118,15.73,251.0,6.1328,15.77,1.739,2.006,0.0199,8.3591,22.67,5.999,995.0,-0.002,0.5524,25.1255,2640.75,8.3811,0.0,1001.4417,,0.9256,22.96,43.5995,14.9391,4.6622,-0.0507,29.837,109.8439,2.479,0.0,31.2285,,8911.7999,86.9351,1.4,84.3084,148.5145,0.3051,79.94,0.0058,0.1123,3.3449,258.116,양품
-2.1309,-0.0103,34.1048,-5261.75,71.6444,-3.732,0.0712,0.169,15.73,218.0,5.6093,15.77,1.739,1.9627,0.0197,8.6149,16.61,5.999,624.0,0.0071,0.5524,22.1309,2645.75,6.9771,0.0,1001.4417,1.36,0.9301,20.89,50.9698,13.243,4.6796,-0.0079,29.645,282.5091,2.479,0.0,26.0868,18.26,8081.4499,86.7323,4.2,83.5182,146.2827,0.4502,79.02,0.0123,0.1164,3.4457,264.272,양품
0.42,-0.0087,50.4298,-5444.75,72.7667,-2.647,0.0919,0.133,15.82,276.0,5.6325,15.84,1.182,1.991,0.0188,8.6695,18.53,3.234,471.0,-0.0148,0.8349,19.58,2588.5,7.6825,0.0,1012.9822,0.99,0.9348,14.76,29.9729,13.6146,4.6766,-0.0449,26.913,707.1429,2.735,975.6098,26.5186,14.72,8684.6001,86.6658,3.3,85.4487,152.3209,0.2441,79.21,0.0082,0.1096,3.3972,272.358,양품
-1.1945,-0.0106,40.423,-5290.0,72.7778,-3.591,0.0832,0.076,15.7,448.0,5.2014,15.72,1.909,1.9823,,8.7932,17.69,6.086,712.0,0.0068,0.5949,21.1945,2498.25,10.1733,0.0,999.2317,1.12,0.9349,19.29,17.3595,12.1755,4.6808,-0.0234,26.272,659.6651,2.42,0.0,25.8642,16.63,9328.55,86.7223,5.3,84.525,151.8655,0.3893,79.27,0.0101,0.114,3.3579,266.852,양품
-3.5291,-0.0127,14.1454,-6493.0,65.0889,-3.025,0.0945,0.07,15.71,223.0,5.0479,15.75,1.801,1.8657,0.0373,9.0811,16.75,6.063,183.0,0.0075,0.562,23.5291,2909.75,6.742,0.0,1001.8289,1.08,0.931,19.32,31.0236,14.0788,4.7091,-0.0195,30.992,105.4096,2.393,0.0,28.1493,11.22,8612.3401,86.8444,2.5,85.7204,149.6918,0.2577,78.98,0.0123,0.1164,4.6629,261.736,양품
-3.4291,-0.0125,31.8725,-5743.25,72.3889,-3.732,0.0605,0.111,15.73,165.0,5.8914,15.77,1.739,1.9885,0.0094,8.8562,19.92,5.999,967.0,-0.0064,0.5524,23.4291,2621.5,8.9836,0.0,1001.4417,0.87,0.9304,20.87,44.7151,14.2627,4.6512,-0.0042,30.453,298.913,2.479,0.0,30.4749,16.23,8748.45,87.024,4.7,83.6367,150.0382,0.4025,80.04,0.0079,0.111,3.3388,264.272,양품
-2.1709,-0.0111,47.8016,-5364.0,70.5111,-2.647,0.0767,0.206,15.82,231.0,6.7152,15.84,1.182,2.0192,,8.6611,23.04,3.234,493.0,-0.0037,0.8349,22.1709,2582.5,9.4042,0.0,1012.9822,1.06,0.9337,20.19,70.6707,11.6928,4.678,-0.005,26.806,368.5092,2.735,0.0,27.2628,14.39,8548.6299,87.0853,1.9,93.8653,144.39,2.1967,77.33,0.0072,0.115,3.3904,248.242,양품
-5.9573,-0.012,34.3096,-5501.0,74.7778,-2.647,0.0813,0.098,15.82,282.0,4.5082,15.84,1.182,1.9872,0.0508,8.3663,13.19,3.234,791.0,0.0097,0.8349,25.9573,2551.75,9.9037,0.0,1012.9822,0.87,0.9277,14.87,23.1595,11.8709,4.6335,-0.0101,32.241,167.6942,2.735,0.0,33.2787,16.23,9620.38,87.0807,2.7,83.4093,156.2718,0.5593,80.62,0.0079,0.113,3.3086,268.8,양품
-1.0464,-0.013,37.7649,-5537.0,72.3222,-3.732,0.0978,0.081,15.73,179.0,5.6386,15.77,1.739,1.985,0.0187,8.9562,16.28,5.999,322.0,0.0286,0.5524,21.0464,2722.75,6.4924,0.0,1001.4417,0.83,0.927,20.78,37.9667,11.5009,4.6594,-0.0146,27.984,600.1738,2.479,0.0,28.2025,18.02,8774.26,86.8401,5.1,85.188,155.5173,0.2994,78.17,0.0069,0.1139,3.4646,264.272,양품
4.2391,-0.0133,33.9623,-5423.25,76.4667,-3.591,0.0731,0.167,15.7,598.0,5.3222,15.72,1.909,2.0023,,8.9833,18.09,6.086,469.0,-0.0127,0.5949,15.7609,2659.25,11.3511,0.0,999.2317,0.72,0.9346,16.22,18.0321,8.5982,4.6805,-0.0398,25.94,107.5702,2.42,0.0,22.3582,13.52,8857.81,87.7644,3.4,84.3441,154.9582,0.3099,81.19,0.008,0.1162,3.4238,250.452,양품
-1.6873,-0.0113,38.1798,-4682.0,68.3667,-3.591,0.0809,0.242,15.7,432.0,8.9893,15.72,1.909,1.9882,0.026,8.7779,33.78,6.086,2099.0,0.0083,0.5949,21.6873,2583.5,10.391,0.0,999.2317,1.83,0.9365,25.39,46.9178,12.05,4.724,-0.0237,22.183,0.0,2.42,0.0,25.6805,16.6,9361.5399,86.797,3.4,87.1083,146.4964,0.4502,77.83,0.0123,0.1164,3.4237,264.272,양품
1.0145,-0.0114,51.0451,-6469.5,71.1667,-3.591,0.0763,0.127,15.7,709.0,5.547,15.72,1.909,1.8835,,8.7073,19.88,6.086,377.0,-0.0082,0.5949,18.9855,2823.0,11.2013,0.0,999.2317,0.87,0.932,17.32,29.5397,17.2272,4.6166,-0.0418,24.257,270.0717,2.42,0.0,24.5151,16.23,8958.7901,86.7952,3.6,84.7188,150.0618,0.3689,77.76,0.0101,0.1152,4.6298,269.896,양품
-0.8727,-0.0113,46.7991,-5305.0,73.1556,-3.591,0.078,0.089,15.7,301.0,5.6351,15.72,1.909,1.9952,0.0209,8.6149,16.98,6.086,300.0,-0.0052,0.5949,20.8727,2587.5,8.2135,0.0,999.2317,1.28,0.9366,19.28,19.3211,17.6063,4.6928,0.0002,27.678,618.75,2.42,0.0,26.308,13.51,9379.21,86.7323,5.0,83.5182,148.1036,0.2182,79.02,0.0123,0.1164,3.3823,264.272,양품
-4.2364,-0.013,32.9502,-5671.25,68.0778,-2.647,0.0899,0.05,15.82,642.0,5.8253,15.84,1.182,2.014,0.0174,8.7401,19.07,3.234,355.0,-0.001,0.8349,24.2364,2510.0,5.7163,0.0,1012.9822,2.25,0.9279,19.98,21.7225,11.0454,4.6359,0.003,30.176,112.1245,2.735,0.0,32.176,21.19,8432.13,86.8963,2.7,85.4838,153.8845,0.2265,78.53,0.0078,0.1152,3.5614,268.498,양품
-5.1391,-0.0109,53.211,-5614.75,65.6,-3.779,0.0572,0.068,15.74,92.0,5.9498,15.72,2.154,1.9682,0.0365,9.2016,19.75,6.003,837.0,-0.0046,0.5708,25.1391,2631.25,9.2542,0.0,1010.15,0.87,0.9301,14.87,43.2341,10.1337,4.6796,-0.0102,32.282,98.8502,2.415,0.0,31.0753,16.23,8782.1801,86.8786,2.8,86.0222,148.5791,0.2182,76.88,0.0123,0.1164,3.4778,271.564,양품
1.54,-0.0101,42.3645,-5459.75,73.3778,-3.779,0.0682,0.091,15.74,545.0,6.4716,15.72,2.154,1.9815,0.0138,9.0639,19.41,6.003,454.0,-0.0113,0.5708,18.46,2803.0,8.6061,0.0,1010.15,0.98,0.9319,12.18,40.1855,8.1046,4.6326,-0.0078,24.954,292.8571,2.415,914.2857,25.1751,14.89,8295.79,86.95,5.7,83.9932,155.0682,0.2679,77.68,0.0094,0.1169,3.4164,268.294,양품
0.1082,-0.0114,50.7104,-5504.75,65.6889,-3.732,0.0815,0.14,15.73,505.0,4.5917,15.77,1.739,2.0092,,9.2016,14.44,5.999,865.0,-0.0065,0.5524,19.8918,2673.25,6.5954,0.0,1001.4417,0.87,0.9346,16.63,32.2233,19.4927,4.6805,-0.0314,26.121,0.0,2.479,0.0,30.7097,16.23,9014.81,86.8786,2.7,86.0222,146.9036,0.3716,76.88,0.008,0.1162,3.5259,250.266,양품
-1.67,-0.0104,47.9042,-5648.25,76.6333,-3.591,0.1807,0.173,15.7,266.0,4.8494,15.72,1.909,1.996,,8.9833,16.37,6.086,929.0,0.01,0.5949,21.67,2767.75,9.5004,0.0,999.2317,0.87,0.9366,13.65,46.1593,13.5009,4.6928,-0.026,27.197,195.8084,2.42,930.6122,29.1767,16.23,7754.01,87.7644,3.7,84.3441,153.7145,0.2182,81.19,0.0107,0.1168,3.5308,272.33,양품
-4.89,-0.0122,32.8205,-5300.25,72.1889,-3.779,0.0952,0.091,15.74,160.0,5.9451,15.72,2.154,1.9735,0.0224,8.8078,15.95,6.003,371.0,-0.0297,0.5708,24.89,2498.75,7.9037,0.0,1010.15,1.02,0.9304,27.53,38.6487,16.2191,4.6512,-0.0283,30.553,147.0348,2.415,0.0,33.006,15.11,9306.2801,86.9208,5.1,84.5333,145.7582,0.4025,,0.0079,0.111,3.3068,264.272,양품
-6.5282,-0.011,19.1126,-5121.5,74.3444,-3.591,0.0827,0.091,15.7,162.0,5.7907,15.72,1.909,1.9975,0.0277,8.1166,17.07,6.086,834.0,-0.0096,0.5949,26.5282,2532.5,12.3825,0.0,999.2317,0.87,0.9304,25.72,41.0343,19.6091,4.6512,-0.0059,30.625,93.7474,2.42,0.0,34.3403,16.23,8646.22,87.1953,2.6,84.9121,145.87,0.4025,10.24,0.0079,0.111,3.413,269.17,양품
7.03,-0.0125,19.2192,-5491.75,69.6333,-2.647,0.0684,0.232,15.82,616.0,5.5763,15.84,1.182,1.9947,0.0523,8.6068,18.06,3.234,4361.0,-0.0082,0.8349,12.97,2649.75,9.9407,0.0,1012.9822,0.87,0.9315,19.74,18.6454,13.0081,4.6322,0.0207,26.082,66.5718,2.735,707.6923,17.1419,16.23,8473.75,86.5437,2.0,83.5811,151.3418,0.3689,82.25,0.007,0.1173,3.4853,264.272,양품
-2.6355,-0.0103,51.5188,-5409.0,65.0778,-3.779,0.057,0.06,15.74,313.0,4.9426,15.72,2.154,2.0023,0.0171,9.0606,16.3,6.003,726.0,-0.0152,0.5708,22.6355,2649.25,6.3496,0.0,1010.15,0.87,0.9301,15.95,22.5205,18.5573,4.6796,0.0429,31.147,212.4871,2.415,551.3514,34.0617,16.23,9117.7299,86.8551,2.3,85.7132,146.9082,0.2182,10.82,0.0123,0.1164,3.4989,,양품
1.3936,-0.0111,20.7207,-5274.25,66.8222,-2.647,0.0681,0.161,15.82,219.0,5.5793,15.84,1.182,1.9962,0.0236,9.6136,19.17,3.234,1175.0,0.0114,0.8349,18.6064,2537.5,9.7066,0.0,1012.9822,0.87,0.9348,15.55,22.5527,12.9654,4.6766,0.0092,26.006,279.8434,2.735,664.6154,25.5648,16.23,8675.7199,86.9287,2.2,84.5509,152.0945,0.3893,8.967,0.0127,0.1141,3.4197,260.756,양품
-3.7045,-0.0128,22.6562,-5339.0,73.3667,-3.591,0.0845,0.127,15.7,232.0,5.0433,15.72,1.909,2.023,0.0179,8.6695,17.46,6.086,372.0,0.0147,0.5949,23.7045,2529.0,10.6712,0.0,999.2317,1.48,0.9314,27.32,37.1455,15.1481,4.659,0.0016,32.912,217.8405,2.42,0.0,31.622,15.11,8620.1801,86.6658,3.3,85.4487,147.6018,0.2282,79.21,0.0139,0.1087,3.2346,264.272,양품
-0.45,-0.0107,37.3396,-5966.75,67.8778,-3.779,0.0705,0.219,15.74,356.0,5.053,15.72,2.154,1.9795,,8.7779,17.01,6.003,2779.0,0.0135,0.5708,20.45,2376.5,11.1145,0.0,1010.15,1.18,0.9356,26.54,18.5093,19.6655,4.7218,-0.0069,25.631,0.0,2.415,0.0,30.013,15.11,8887.8101,86.797,2.4,87.1083,142.9855,0.3038,77.83,0.0123,0.1164,3.4619,262.246,양품
-1.4564,-0.0124,56.5086,-6351.0,63.8222,-3.779,0.0764,0.133,15.74,558.0,5.7032,15.72,2.154,1.8867,0.0201,9.0606,16.87,6.003,297.0,0.013,0.5708,21.4564,3131.25,7.233,0.0,1010.15,0.87,0.9366,21.25,16.1056,12.5955,4.6928,-0.0118,25.506,369.4132,2.415,0.0,28.2871,18.97,8889.93,86.8551,3.1,85.7132,149.1027,0.2182,10.82,0.0123,0.1164,4.6544,264.272,양품
-2.6364,-0.0098,52.1739,-5623.5,70.7556,-3.591,0.064,0.208,15.7,499.0,6.2211,15.75,1.744,1.9962,,8.8331,21.68,5.902,1273.0,-0.0097,0.5882,22.6364,2785.25,5.6317,0.0,999.8597,1.33,0.9316,15.67,16.3239,8.6795,4.7136,-0.0173,29.897,171.069,2.456,0.0,27.717,15.68,8701.45,87.0785,3.6,85.2836,151.3855,0.3001,75.34,0.0086,0.1097,3.291,257.296,양품
3.9818,-0.0116,34.5572,-5303.0,65.9667,-2.647,0.0716,0.113,15.82,242.0,6.4328,15.84,1.182,1.9805,0.0193,9.0776,21.49,3.234,1736.0,0.0083,0.8349,16.0182,2712.25,7.1375,0.0,1012.9822,0.78,0.9256,19.53,53.3063,10.7128,4.6622,-0.0236,25.015,163.9954,2.735,0.0,22.1771,16.14,9054.95,86.8379,2.8,85.822,150.3282,0.3033,77.92,0.0058,0.1123,3.3797,262.848,양품
-4.2327,-0.0096,54.3791,-5675.0,68.0222,-3.591,0.0644,0.103,15.7,203.0,6.3413,15.75,1.744,2.0015,,8.8546,19.41,5.902,364.0,-0.0063,0.5882,24.2327,2669.75,12.0643,0.0,999.8597,1.3,0.9315,18.43,42.8604,15.4491,4.6627,-0.0295,29.751,156.4001,2.456,0.0,30.0271,19.71,8415.4499,86.4099,2.5,83.6681,147.5973,0.2679,80.2,0.0079,0.111,3.473,278.088,양품
-0.8045,-0.0093,61.2903,-5439.25,69.1778,-3.779,0.0639,0.18,15.74,364.0,5.1675,15.72,2.154,1.9725,,8.9979,16.92,6.003,1271.0,-0.0035,0.5708,20.8045,2668.75,9.7509,0.0,1010.15,1.0,0.9317,14.5,25.1543,8.0645,4.7544,-0.0073,32.58,498.4175,2.415,0.0,26.2439,15.91,8910.68,86.4854,3.2,84.8185,153.0636,0.3046,78.42,0.0073,0.1172,3.4059,256.832,양품
-0.0164,-0.0103,43.849,-5949.25,71.0778,-3.591,0.0828,0.066,15.7,236.0,4.6711,15.75,1.744,1.9893,,8.8548,13.52,5.902,1257.0,-0.0007,0.5882,20.0164,2624.75,8.2875,0.0,999.8597,0.87,0.9366,16.93,36.5649,19.8519,4.6928,-0.0335,27.505,0.0,2.456,0.0,29.7647,16.23,8731.8401,86.8657,5.0,85.5485,142.9127,0.2486,81.13,0.008,0.1162,3.4344,268.78,양품
0.7827,-0.0114,28.8525,-6189.75,68.9,-3.591,0.0609,0.151,15.7,477.0,6.1941,15.75,1.744,2.001,0.0563,9.0425,21.29,5.902,2867.0,0.003,0.5882,19.2173,2875.0,9.6427,0.0,999.8597,0.87,0.9341,15.26,73.4011,9.3112,4.7319,0.0059,25.769,0.0,2.456,0.0,22.3049,16.23,8756.0101,86.8006,2.5,84.6838,148.9009,2.1967,,0.0139,0.1087,3.4214,264.272,양품
-0.4409,-0.0118,55.0265,-5125.75,72.2889,-3.591,0.0765,0.157,15.7,339.0,7.227,15.75,1.744,2.0038,,8.3663,25.84,5.902,662.0,-0.0077,0.5882,20.4409,2624.25,10.386,0.0,999.8597,0.78,0.9341,23.9,50.5707,11.8201,4.7319,-0.0143,25.409,0.0,2.456,0.0,23.5781,12.35,8663.12,87.0807,2.5,83.4093,144.7673,2.1967,80.62,0.0092,0.1111,3.4104,264.272,양품
2.1136,-0.0095,58.6387,-5387.0,75.0111,-3.591,0.0612,0.215,15.7,429.0,4.9302,15.75,1.744,1.998,0.0197,8.3663,16.13,5.902,384.0,0.0011,0.5882,17.8864,2606.75,9.0853,0.0,999.8597,1.12,0.932,15.17,68.3251,9.2782,4.6917,-0.0081,22.863,274.8817,2.456,995.122,21.3248,17.69,9506.31,87.0807,2.1,83.4093,144.7445,0.3689,80.62,0.0094,0.1118,3.4383,264.272,양품
-1.66,-0.0099,49.4325,-5145.25,68.5111,-3.591,0.0701,0.238,15.7,293.0,6.3559,15.75,1.744,1.973,0.0183,8.9191,16.98,5.902,1424.0,-0.0166,0.5882,21.66,2601.25,8.0995,0.0,999.8597,1.34,0.932,20.69,23.8977,14.3519,4.6449,-0.0147,25.39,475.3012,2.456,642.1053,28.769,18.16,7406.64,86.3671,3.0,84.7907,149.3318,0.357,79.82,0.0133,0.115,3.3956,276.606,양품
3.0982,-0.0126,25.3968,-5548.25,67.9778,-2.647,0.0688,0.178,15.82,419.0,6.0793,15.84,1.182,2.0042,0.0435,8.8546,18.53,3.234,484.0,-0.0149,0.8349,16.9018,2700.25,7.6564,0.0,1012.9822,,0.9314,25.04,15.2398,15.2572,4.6336,-0.0059,29.453,248.5329,2.735,0.0,22.0576,,8445.5301,86.4099,3.1,83.6681,144.6418,0.1556,80.2,0.0095,0.1143,3.3447,264.272,양품
1.4009,-0.0127,34.7826,-5648.0,70.0667,-3.732,0.0985,0.121,15.7,627.0,5.01,15.74,2.022,2.0227,,8.8581,17.03,5.854,1054.0,-0.0015,0.5833,18.5991,2452.0,11.6201,0.0,1001.798,0.46,0.9314,16.64,50.5656,18.1754,4.659,-0.0194,31.07,736.6643,2.381,941.1765,27.7436,16.02,8440.8101,86.9034,2.9,84.052,144.3709,0.2441,13.6,0.0107,0.1133,3.4406,264.272,양품
1.1855,-0.0104,24.0964,-6445.0,64.5889,-3.732,0.1006,0.072,15.7,385.0,5.7919,15.74,2.022,1.8847,0.0303,9.2016,19.7,5.854,541.0,-0.0358,0.5833,18.8145,2984.75,9.3252,0.0,1001.798,0.93,0.9301,10.04,59.8978,6.0315,4.6796,-0.0297,31.303,596.3958,2.381,697.1429,20.3987,20.68,8701.97,86.8786,2.3,86.0222,152.0318,0.188,76.88,0.0123,0.1164,4.6724,264.272,양품
-2.6655,-0.0114,47.3684,-5441.5,68.1222,-3.591,0.0711,0.129,15.7,644.0,5.5972,15.75,1.744,2.0122,,9.6136,18.19,5.902,420.0,-0.0236,0.5882,22.6655,2566.0,9.0556,0.0,999.8597,1.85,0.931,22.33,25.9216,14.0791,4.7091,-0.0365,28.716,141.8145,2.456,0.0,29.572,16.66,8925.1001,86.9287,2.0,84.5509,147.8627,0.4025,8.967,0.0079,0.111,3.523,264.272,양품
-1.31,-0.0106,64.0,-5482.5,76.1778,-3.591,0.0534,0.185,15.7,124.0,5.2156,15.75,1.744,2.0183,,8.1161,18.8,5.902,549.0,-0.0015,0.5882,21.31,2668.75,8.5891,0.0,999.8597,1.08,0.9356,30.24,15.8725,19.7973,4.7218,-0.0187,25.854,649.6183,2.456,0.0,31.6501,13.46,8932.8501,87.1218,2.9,85.2826,144.3109,0.2428,81.74,0.0123,0.1164,3.3412,264.272,양품
-3.8836,-0.0102,51.1685,-5307.5,64.9222,-3.732,0.0856,0.065,15.7,246.0,5.7186,15.74,2.022,1.9837,,9.2016,16.65,5.854,595.0,-0.0008,0.5833,23.8836,2653.25,6.1933,0.0,1001.798,0.87,0.9316,17.37,64.2149,8.2639,4.6823,-0.041,31.985,312.3361,2.381,0.0,29.6056,16.23,8645.5399,86.8786,3.3,86.0222,149.2036,0.3099,76.88,0.01,0.1111,3.4889,264.784,양품
-1.5945,-0.0117,32.4094,-5648.25,76.5556,-3.591,0.0726,0.109,15.7,207.0,7.523,15.75,1.744,1.9945,,8.9833,23.09,5.902,390.0,-0.012,0.5882,21.5945,2577.75,7.714,0.0,999.8597,1.83,0.9349,13.77,57.5005,7.5032,4.6808,-0.0222,30.316,401.3683,2.456,0.0,27.2525,18.85,8971.0701,87.7644,2.3,84.3441,156.0627,0.3099,81.19,0.0082,0.1163,3.3326,264.272,양품
-1.7155,-0.0094,35.1531,-5471.75,70.1333,-3.732,0.0768,0.126,15.7,969.0,5.4893,15.74,2.022,2.0145,,8.8519,18.15,5.854,648.0,-0.0019,0.5833,21.7155,2776.25,9.0018,0.0,1001.798,0.16,0.9348,18.49,53.0391,10.5186,4.6766,-0.0373,25.301,540.3816,2.381,822.8571,25.4763,18.38,9127.4898,86.9473,3.3,84.1896,149.7291,0.2775,77.44,0.0078,0.1066,3.4638,256.83,양품
-3.2882,-0.0105,59.9287,-5399.25,69.6778,-3.732,0.0725,0.095,15.7,174.0,5.8043,15.74,2.022,1.9785,,8.7997,19.07,5.854,414.0,-0.0063,0.5833,23.2882,2654.25,7.7905,0.0,1001.798,0.87,0.9315,23.29,22.4199,13.7772,4.6627,-0.0187,30.794,159.3586,2.381,453.6082,29.7411,16.23,8028.2799,86.3298,2.9,84.4905,147.6564,0.1878,80.22,0.0079,0.111,3.3719,264.272,양품
-2.9182,-0.0108,44.5993,-5707.0,69.6556,-3.732,0.0991,0.138,15.7,334.0,5.7743,15.74,2.022,1.9713,,8.7779,19.16,5.854,483.0,-0.0043,0.5833,22.9182,2594.5,8.2638,0.0,1001.798,1.92,0.9314,20.1,24.4249,15.4673,4.659,-0.0192,32.328,178.8785,2.381,0.0,29.4088,15.9,8964.2601,86.797,4.1,87.1083,146.1973,2.1967,77.83,0.0088,0.1141,3.4932,266.93,양품
,-0.0103,24.3013,-5420.25,76.2444,-2.647,0.0597,0.122,15.82,632.0,6.0257,15.84,1.182,1.9523,0.0126,8.2981,18.29,3.234,996.0,0.004,0.8349,,2918.25,10.8885,0.0,1012.9822,1.25,0.9252,,14.3206,,4.5938,0.0032,27.105,,2.735,0.0,,17.79,8826.78,86.6174,1.9,83.7568,,0.2914,80.57,0.0065,0.1061,3.4019,265.378,양품
-3.0882,-0.01,50.7463,-5525.0,69.9444,-3.732,0.0815,0.142,15.7,467.0,6.9567,15.74,2.022,1.9858,,8.7015,23.72,5.854,163.0,-0.016,0.5833,23.0882,2691.5,8.4954,0.0,1001.798,0.86,0.9311,15.94,13.6777,14.7591,4.8475,-0.0276,33.424,171.9458,2.381,472.1311,30.6344,21.75,9737.9201,86.2732,2.7,83.7179,152.0527,0.2994,80.86,0.0102,0.1074,3.4554,264.272,양품
-0.0045,-0.0112,32.1788,-5327.5,73.7667,-3.732,0.1065,0.075,15.7,413.0,5.2657,15.74,2.022,1.999,,8.1161,17.65,5.854,332.0,-0.0071,0.5833,20.0045,2618.25,10.4986,0.0,1001.798,0.64,0.9349,23.42,28.6821,20.3809,4.6808,-0.0032,26.449,0.0,2.381,611.3208,30.4948,16.12,8955.4999,87.1218,1.7,85.2826,146.8736,0.3099,81.74,0.0086,0.1166,3.5218,266.932,양품
-5.8564,-0.0039,204.5307,-5194.75,68.5556,-3.732,0.0528,0.094,15.7,85.0,5.7617,15.74,2.022,1.9765,0.0369,8.6611,19.11,5.854,1445.0,-0.0045,0.5833,25.8564,2469.0,9.5197,0.0,1001.798,0.64,0.9304,18.44,32.6185,16.0836,4.6512,-0.0089,32.457,141.2139,2.381,342.8571,33.7075,19.22,8992.5001,87.0853,1.9,93.8653,149.5855,0.2467,77.33,0.0079,0.111,3.3348,264.272,양품
3.9673,-0.0117,66.881,-6411.0,66.0333,-3.732,0.0605,0.073,15.7,274.0,5.5414,15.74,2.022,1.8733,0.017,9.0811,18.46,5.854,123.0,-0.0032,0.5833,16.0327,2936.25,8.2633,0.0,1001.798,1.38,0.9315,19.42,15.9349,12.5036,4.6322,-0.0079,26.368,130.8203,2.381,0.0,22.513,16.48,8465.4301,86.8444,3.2,85.7204,147.51,0.4214,78.98,0.007,0.1173,4.6606,264.272,양품
0.7,-0.0106,48.9412,-5339.5,75.7778,-3.543,0.0661,0.194,15.65,300.0,5.0174,15.74,1.735,2.0057,,8.1161,15.97,5.675,456.0,0.0146,0.6304,19.3,2642.5,4.3695,0.0,1001.1729,0.84,0.9366,21.3,31.0537,11.3636,4.6928,-0.0345,27.127,627.1429,2.411,0.0,26.3407,11.83,8943.6502,87.1218,1.6,85.2826,148.7855,0.2182,81.74,0.0057,0.117,3.4074,264.272,양품
-6.6618,-0.0109,33.9061,-5443.25,73.1222,-3.543,0.0808,0.115,15.65,515.0,5.7831,15.74,1.735,2.009,0.043,8.3591,18.77,5.675,822.0,-0.0226,0.6304,26.6618,2609.25,11.1365,0.0,1001.1729,0.71,0.9297,13.34,41.3395,8.8239,4.6904,-0.0307,33.0551,74.6043,2.411,0.0,33.4282,18.64,8709.92,86.9351,1.5,84.3084,157.7318,0.497,79.94,0.0079,0.113,3.4922,265.304,양품
2.6345,-0.0079,76.9716,-5776.75,72.2444,-3.543,0.0888,0.137,15.65,441.0,5.241,15.74,1.735,2.0132,0.0216,8.7932,18.36,5.675,600.0,-0.0089,0.6304,17.3655,2739.25,10.3783,0.0,1001.1729,0.77,0.9315,21.22,19.0499,13.4591,4.6322,-0.0459,24.279,311.6287,2.411,390.6977,23.9411,17.06,8803.3701,86.7223,4.6,84.525,151.1073,0.4214,79.27,0.0063,0.108,3.4728,264.272,양품
-0.6327,-0.0122,40.0409,-5352.75,68.1111,-3.543,0.0785,0.11,15.65,63.0,6.2417,15.74,1.735,1.9948,,8.8581,20.25,5.675,511.0,-0.0011,0.6304,20.6327,2497.25,8.36,0.0,1001.1729,1.25,0.9365,20.35,31.8031,9.7918,4.724,-0.0225,28.34,651.1494,2.411,0.0,25.0547,22.23,8097.34,86.9034,3.5,84.052,148.9882,0.2182,13.6,0.0123,0.1164,3.3316,264.272,양품
-5.8818,-0.0119,31.8658,-5352.5,70.2444,-3.543,0.0876,0.18,15.65,393.0,6.4591,15.74,1.735,1.995,,8.7373,21.4,5.675,485.0,0.0013,0.6304,25.8818,2645.5,7.8098,0.0,1001.1729,1.36,0.9315,23.39,12.8974,16.8182,4.6627,-0.0381,31.91,92.4884,2.411,0.0,32.8121,18.45,8917.5602,86.252,2.1,84.7176,146.4536,0.1878,80.63,0.0079,0.111,3.3239,271.446,양품
-2.2636,-0.0103,45.8537,-5187.75,71.9444,-2.93,0.0768,0.058,15.76,254.0,5.4689,15.83,1.026,1.9772,0.0262,8.7373,20.04,3.265,391.0,0.0062,0.8145,22.2636,2499.25,8.8046,0.0,999.8622,0.64,0.9279,18.55,27.1182,17.5091,4.6359,0.0167,32.077,592.8514,2.856,0.0,28.0815,9.28,8946.4102,86.252,2.6,84.7176,145.2373,2.1967,80.63,0.0078,0.1152,3.4163,267.298,양품
0.7382,-0.0118,33.9343,-5546.25,76.9333,-3.543,0.0582,0.046,15.65,336.0,5.1729,15.74,1.735,2.019,,8.1161,16.79,5.675,1009.0,-0.0046,0.6304,19.2618,2621.25,9.3601,0.0,1001.1729,1.23,0.9346,19.82,19.0587,16.4427,4.6805,-0.0175,27.204,806.0345,2.411,0.0,24.7756,16.53,8780.75,87.1218,1.3,85.2826,144.9145,0.3099,81.74,0.01,0.1111,3.3398,266.454,양품
4.9082,-0.0127,33.1688,-5588.0,70.7111,0.0,0.0533,0.046,15.91,475.0,6.3015,15.86,0.9649,1.9783,,8.8836,17.7,3.541,366.0,0.0182,0.8201,15.0918,2739.75,4.3793,0.0,1012.2367,,0.9314,15.61,73.4752,8.7316,4.6336,0.0006,29.991,105.3343,2.884,0.0,19.7445,,9174.2599,86.8182,4.9,84.5987,148.2364,0.2015,79.35,0.0063,0.108,3.3534,259.738,양품
-1.1764,-0.0103,19.4647,-6347.75,61.2111,-2.93,0.0879,0.102,15.76,748.0,4.7149,15.83,1.026,1.8855,,9.1287,12.79,3.265,442.0,-0.0107,0.8145,21.1764,3123.75,7.696,0.0,999.8622,1.59,0.9366,23.56,20.791,14.6891,4.6928,-0.0122,25.754,698.7635,2.856,0.0,27.984,17.55,9202.3801,86.8827,2.4,84.0397,145.97,0.4502,78.52,0.0123,0.1164,4.6676,276.976,양품
-3.1182,-0.013,41.4986,-6335.25,64.6556,-2.93,0.0739,0.102,15.76,594.0,7.4906,15.83,1.026,1.8902,,9.0606,26.2,3.265,346.0,-0.0057,0.8145,23.1182,3129.25,8.5791,0.0,999.8622,0.87,0.9301,26.01,42.0289,17.4227,4.6796,-0.034,28.83,190.8163,2.856,0.0,31.7039,16.23,8838.5099,86.8551,2.4,85.7132,142.8591,0.4025,10.82,0.0123,0.1164,4.6988,267.95,양품
-2.5191,-0.0113,36.404,-5383.25,74.7778,-2.93,0.087,0.074,15.76,412.0,5.7958,15.83,1.026,1.9628,0.0629,8.9833,16.28,3.265,269.0,0.0183,0.8145,22.5191,2794.5,9.0383,0.0,999.8622,0.82,0.9316,23.26,39.8404,13.3464,4.6823,-0.0001,32.094,398.9529,2.856,0.0,32.4481,19.16,8082.57,87.7644,2.2,84.3441,141.4955,0.3099,81.19,0.01,0.1111,3.4781,248.476,양품
-0.9,-0.0085,70.7965,-5475.75,63.4444,-3.166,0.0688,0.179,15.71,400.0,5.391,15.75,1.772,2.0038,,9.1287,17.34,5.904,383.0,-0.0016,0.5482,20.9,2637.5,7.0269,0.0,998.767,0.87,0.9346,15.0,23.8571,15.0655,4.6805,-0.0121,32.024,568.8889,2.378,0.0,27.5479,16.23,8859.8901,86.8827,1.2,84.0397,148.8145,0.4502,78.52,0.008,0.1162,3.4102,,양품
2.23,-0.0085,55.4572,-5333.75,66.4333,-3.543,0.0755,0.103,15.65,93.0,5.353,15.74,1.735,1.9823,,8.7548,16.65,5.675,605.0,-0.006,0.6304,17.77,2605.75,7.5124,0.0,1001.1729,1.36,0.9356,20.2,20.4442,12.9554,4.7218,-0.0168,25.414,129.5964,2.411,0.0,27.4876,12.39,8838.58,86.2183,2.9,84.1975,150.1936,0.2428,8.011,0.0123,0.1164,3.4633,250.402,양품
-1.0909,-0.0037,100.0,-5346.25,67.1111,-3.166,0.054,0.184,15.71,521.0,6.9877,15.75,1.772,2.011,,8.9191,21.14,5.904,575.0,-0.0107,0.5482,21.0909,2704.25,10.486,0.0,998.767,0.98,0.9311,12.5,19.0341,10.4737,4.6263,-0.039,25.395,565.5833,2.378,609.5238,26.7205,14.89,8724.5799,86.3671,4.3,84.7907,149.9773,0.357,79.82,0.0094,0.1169,3.4113,264.272,양품
-6.0845,-0.0098,65.557,-5291.0,72.3222,-3.449,0.0729,0.1,15.72,423.0,6.6364,15.72,2.211,1.9922,,9.4336,20.98,5.985,1027.0,-0.0082,0.5793,26.0845,2636.0,10.8615,0.0,995.0729,0.98,0.9311,19.29,13.5025,13.6627,4.6263,-0.0441,25.635,91.7078,2.701,0.0,33.8834,14.89,8708.7101,87.4694,3.5,84.6998,148.7673,0.2571,13.97,0.0094,0.1169,3.2684,264.272,양품
0.4382,-0.0123,18.7755,-6403.0,64.1778,-2.93,0.0553,0.092,15.76,764.0,5.0402,15.83,1.026,1.8887,,9.1287,16.01,3.265,425.0,-0.0041,0.8145,19.5618,3095.5,8.3683,0.0,999.8622,0.87,0.9366,20.2,28.8986,17.9737,4.6928,-0.0329,26.194,969.917,2.856,0.0,29.9623,16.23,8639.11,86.8827,2.2,84.0397,142.0609,0.2182,78.52,0.0123,0.1164,4.6749,,양품
2.6227,-0.0104,38.5542,-5984.0,69.1,-3.449,0.0899,0.151,15.72,451.0,6.7165,15.72,2.211,2.0035,,8.897,20.75,5.985,637.0,-0.0126,0.5793,17.3773,2737.75,9.6805,0.0,995.0729,1.0,0.9299,12.86,24.459,9.9496,4.519,-0.0527,33.943,172.3396,2.701,280.7018,23.9811,15.91,9055.2,87.0027,3.4,84.3947,151.7827,1.1022,,0.009,0.1077,3.5079,264.272,양품
-6.3391,-0.0113,35.3201,-4951.25,68.6667,-3.449,0.0661,0.153,15.72,208.0,5.3239,15.72,2.211,1.98,0.0551,8.9191,17.58,5.985,217.0,-0.0026,0.5793,26.3391,2557.25,6.4489,0.0,995.0729,1.79,0.9325,21.37,34.943,14.1363,4.7143,-0.0207,30.918,119.7333,2.701,0.0,34.2074,15.44,9229.05,86.3671,3.5,84.7907,152.2373,0.2679,79.82,0.0103,0.1166,3.4024,264.272,양품
-2.67,-0.01,56.7164,-5167.0,74.9333,-3.449,0.0872,0.071,15.72,125.0,5.9385,15.72,2.211,1.983,,9.0639,16.34,5.985,381.0,-0.0147,0.5793,22.67,2571.5,7.4878,0.0,995.0729,1.15,0.9317,18.27,11.0303,9.4518,4.7544,-0.0197,29.156,188.764,2.701,0.0,28.709,16.38,8716.4302,86.95,5.3,83.9932,148.8536,0.4584,77.68,0.0073,0.1172,3.4954,264.272,양품
-2.3891,-0.0114,45.6641,-5135.0,65.2778,-3.543,0.0852,0.134,15.65,230.0,4.3686,15.74,1.735,1.97,0.0242,8.9221,14.83,5.675,539.0,-0.0016,0.6304,22.3891,2497.5,3.5445,0.0,1001.1729,0.87,0.9365,20.6,53.3906,13.3819,4.724,-0.0325,30.013,167.0091,2.411,0.0,25.6619,16.23,8736.9499,86.4677,3.5,83.5902,145.4982,0.2428,79.04,0.0123,0.1164,3.3459,264.272,양품
-3.9218,-0.011,31.0148,-5740.75,67.2111,-2.789,0.0752,0.093,15.79,327.0,6.8358,15.84,1.035,1.986,,9.6136,23.45,3.431,278.0,0.0125,0.7595,23.9218,2727.0,6.883,0.0,1002.9643,1.01,0.931,16.18,66.1414,10.356,4.7091,-0.0449,31.942,208.8317,3.018,0.0,29.8238,17.89,8833.1898,86.9287,2.5,84.5509,150.5127,0.4025,8.967,0.0056,0.1088,3.3913,264.272,양품
-5.52,-0.0127,52.6523,-5834.5,68.8111,-2.789,0.1046,0.176,15.79,203.0,5.8981,15.84,1.035,2.0017,,8.58,21.1,3.431,858.0,0.0044,0.7595,25.52,2765.0,9.4695,0.0,1002.9643,1.23,0.9315,26.47,31.3965,16.0845,4.6627,-0.0336,31.8149,130.435,3.018,822.2222,31.8429,14.48,8768.41,86.4157,2.2,84.5951,145.29,0.1878,79.04,0.0091,0.1103,3.2713,273.346,양품
-0.0636,-0.0106,55.9242,-5176.25,67.5222,-2.93,0.0851,0.054,15.76,172.0,6.3318,15.83,1.026,1.9968,,8.9191,22.23,3.265,524.0,0.004,0.8145,20.0636,2621.0,7.7389,0.0,999.8622,1.0,0.932,11.18,46.5021,12.2282,4.6449,-0.0196,26.3,0.0,2.856,0.0,26.448,15.91,9575.3898,86.3671,2.5,84.7907,152.4255,0.357,79.82,0.0133,0.115,3.3418,256.014,양품
-1.5991,-0.0112,72.0801,-5159.75,71.5889,-2.93,0.0834,0.189,15.76,403.0,4.8858,15.83,1.026,1.9828,,8.5571,14.11,3.265,920.0,-0.0001,0.8145,21.5991,2609.75,6.8415,0.0,999.8622,0.87,0.9349,21.41,35.9819,17.0137,4.6808,-0.0313,27.022,467.7658,2.856,0.0,29.1572,16.23,8621.8999,87.2353,2.6,83.4448,152.2627,0.2441,78.29,0.0127,0.1138,3.413,264.272,양품
-2.2191,-0.0103,20.3144,-5245.75,69.0889,-2.789,0.1207,0.093,15.79,253.0,5.0736,15.84,1.035,1.9985,,8.6544,15.16,3.431,739.0,0.0007,0.7595,22.2191,2563.25,8.0655,0.0,1002.9643,0.76,0.9315,16.86,34.3926,15.7345,4.6627,-0.0476,30.272,414.5842,3.018,0.0,28.3474,17.63,8867.5701,86.33,2.3,86.4883,148.1118,0.1878,80.67,0.0079,0.111,3.2648,269.424,양품
2.9864,-0.0136,35.3266,-5327.5,72.1111,0.0,0.0829,0.074,15.7,220.0,7.5929,15.76,0.9838,1.9923,,9.0639,22.51,3.082,913.0,0.0058,0.8253,17.0136,2586.25,13.0655,0.0,1001.4682,0.87,0.9311,11.96,18.9981,6.79,4.6263,-0.0163,22.239,139.9696,2.789,0.0,22.8144,15.65,8218.99,86.95,5.7,83.9932,148.7345,0.2452,77.68,0.0094,0.1169,3.5022,273.916,양품
0.2464,-0.0104,27.9518,-5313.5,68.5444,-3.119,0.0961,0.078,15.93,183.0,5.1716,16.0,1.078,1.987,,8.9191,16.29,2.956,921.0,0.0027,0.8307,19.7536,2518.0,11.606,0.0,1020.9944,0.98,0.9315,22.66,29.1183,12.6346,4.6627,-0.0742,29.181,0.0,2.852,0.0,25.4657,14.89,8157.0099,86.3671,2.1,84.7907,148.0191,0.1878,79.82,0.0079,0.111,3.4283,264.272,양품
0.7136,-0.0126,24.5059,-5450.25,76.9667,-3.119,0.0814,0.096,15.93,235.0,4.8051,16.0,1.078,2.0057,,8.1161,14.28,2.956,845.0,-0.0163,0.8307,19.2864,2680.0,11.3562,0.0,1020.9944,0.83,0.9346,19.74,25.8748,16.9809,4.6805,-0.0552,28.5551,644.586,2.852,0.0,24.2792,14.87,9359.1999,87.1218,2.5,85.2826,143.5318,0.3099,81.74,0.008,0.1162,3.331,264.272,양품
-3.9555,-0.0111,58.7571,-5428.75,66.7778,-3.119,0.1124,0.134,15.93,328.0,7.894,16.0,1.078,1.9868,,8.6772,24.14,2.956,391.0,0.0009,0.8307,23.9555,2611.0,7.4739,0.0,1020.9944,0.87,0.9376,22.44,62.5359,11.7345,4.8111,-0.0674,24.2,302.3673,2.852,307.6923,30.0456,16.23,8491.15,86.259,2.3,84.4061,145.6782,0.3033,79.86,0.0127,0.1148,3.4163,267.514,양품
0.5609,-0.014,29.2596,-5580.75,66.3222,0.0,0.0678,0.084,15.66,197.0,7.0939,15.71,1.867,1.962,,9.2016,21.1,5.76,907.0,-0.0008,0.6029,19.4391,2652.0,8.6364,0.0,996.6433,1.34,0.9311,16.69,27.3057,18.1846,4.8475,-0.0539,25.953,0.0,2.407,0.0,28.0697,14.23,8752.7301,86.8786,3.9,86.0222,150.7555,0.2994,76.88,0.0083,0.1137,3.4753,264.272,불량
-2.5682,-0.0117,62.5938,-5573.0,67.5333,0.0946,0.0717,0.128,15.7,416.0,5.538,15.76,1.418,1.9977,,8.6799,17.96,3.108,474.0,-0.0086,0.8046,22.5682,2630.75,8.282,0.0,1006.6689,1.11,0.9331,21.81,38.251,12.4836,4.5059,0.0228,23.016,349.2743,2.753,0.0,30.4269,17.27,8109.28,86.3671,2.3,85.9512,147.7182,0.2234,8.518,0.0091,0.1088,3.4797,264.272,양품
-1.2991,-0.0146,21.3058,-5334.5,68.9333,0.0946,0.0751,0.278,15.7,680.0,6.189,15.76,1.418,2.0125,,8.9979,21.79,3.108,1060.0,-0.011,0.8046,21.2991,2726.75,7.5863,0.0,1006.6689,1.0,0.931,15.43,24.3995,6.7864,4.5121,0.0427,23.193,946.0468,2.753,0.0,25.7035,15.91,8196.55,86.4854,2.4,84.8185,147.1309,0.2805,78.42,0.009,0.1184,3.4822,264.272,양품
-2.7282,-0.0129,31.8756,-5181.75,71.3667,0.0946,0.0612,0.074,15.7,156.0,5.8075,15.76,1.418,1.9712,0.0175,9.0942,19.77,3.108,1117.0,-0.0078,0.8046,22.7282,2688.25,10.328,0.0,1006.6689,1.8,0.9322,11.74,17.3039,6.9896,4.5283,0.0012,23.346,289.2036,2.753,0.0,27.4264,19.33,8806.3202,86.7663,4.3,83.6085,147.9118,0.3006,79.86,0.0067,0.1156,3.3142,264.272,양품
-5.4691,-0.0092,28.1843,-5450.0,72.9333,-3.119,0.3943,0.103,15.93,370.0,5.7673,16.0,1.078,1.989,,8.9132,19.85,2.956,686.0,-0.0119,0.8307,25.4691,2675.0,11.8884,0.0,1020.9944,1.0,0.9316,17.57,16.0095,11.0934,4.7136,-0.0293,30.942,137.3172,2.852,897.561,31.0165,15.91,9086.52,86.81,4.9,85.2917,149.4936,0.357,80.33,0.0086,0.1097,3.347,254.244,양품
-2.1,-0.0142,26.7841,-5626.25,69.1444,-3.119,0.099,0.139,15.93,397.0,5.8274,16.0,1.078,1.984,,8.8546,19.96,2.956,406.0,0.0011,0.8307,22.1,2731.0,9.7173,0.0,1020.9944,1.22,0.932,17.11,41.4441,15.4345,4.6449,-0.0706,24.283,478.0952,2.852,304.2254,29.453,15.8,9077.5599,86.4099,2.5,83.6681,151.8173,0.2805,80.2,0.0094,0.1169,3.4332,264.272,양품
-1.9827,-0.0137,29.927,-6171.0,67.5222,0.0946,0.051,0.151,15.7,342.0,5.5213,15.76,1.418,1.9805,,8.5862,17.89,3.108,1883.0,-0.0247,0.8046,21.9827,2629.0,9.7614,0.0,1006.6689,1.0,0.931,10.65,34.4548,6.2611,4.5121,-0.0022,21.84,310.1788,2.753,563.6364,26.1779,15.91,8840.0699,86.5384,1.4,84.7646,152.6055,0.2805,80.26,0.009,0.1184,3.4707,264.272,양품
-1.0545,-0.0108,23.0415,-5693.75,74.0111,0.0,0.0789,0.151,15.7,364.0,6.654,15.76,0.9838,1.9985,,9.4336,24.65,3.082,498.0,-0.0036,0.8253,21.0545,2826.25,12.3575,0.0,1001.4682,1.38,0.931,9.84,27.3039,13.4346,4.5991,-0.0728,25.508,373.6207,2.789,690.9091,32.1132,16.96,8344.2198,87.4694,4.1,84.6998,153.5518,0.1878,13.97,0.0103,0.1166,3.4016,264.272,양품
-3.2055,-0.0132,38.5633,-5715.5,73.5222,0.0,0.1006,0.123,15.7,398.0,6.1787,15.76,0.9838,2.0282,,8.5298,21.47,3.082,370.0,-0.0196,0.8253,23.2055,2561.75,8.3415,0.0,1001.4682,1.0,0.9284,13.33,14.3445,6.6403,4.4779,-0.0224,25.805,356.2677,2.789,0.0,28.0144,15.91,8455.89,86.976,2.3,85.3182,152.3845,1.1022,15.69,0.009,0.1184,3.454,267.758,양품
1.4609,-0.0107,47.7752,-5663.5,69.1222,0.0946,0.0784,0.123,15.7,227.0,5.5305,15.76,1.418,1.9995,,8.897,16.74,3.108,338.0,-0.0125,0.8046,18.5391,2665.25,7.9854,0.0,1006.6689,1.0,0.9317,12.48,18.5983,9.6267,4.7544,-0.0192,29.265,433.9764,2.753,948.1481,23.5831,15.91,9511.29,87.0027,3.5,84.3947,152.54,0.2571,,0.0073,0.1172,3.4297,255.008,양품
-3.1227,-0.0113,27.464,-5329.25,67.2889,-2.789,0.0652,0.158,15.79,378.0,5.1815,15.84,1.035,1.9785,,8.8581,16.79,3.431,818.0,-0.0016,0.7595,23.1227,2632.5,14.3989,0.0,1002.9643,1.07,0.9304,24.82,26.9148,16.48,4.6512,-0.0065,29.093,220.9607,3.018,753.8462,30.5699,18.75,8683.7899,86.9034,2.9,84.052,146.1009,0.4025,13.6,0.0079,0.111,3.4777,264.272,양품
-3.7509,-0.0086,39.708,-5720.25,69.4222,-3.449,0.0803,0.168,15.71,225.0,6.1863,15.73,1.834,1.9923,,8.8581,20.61,5.97,773.0,0.0029,0.5042,23.7509,2615.25,10.9837,0.0,998.8077,0.87,0.9304,27.89,21.7993,14.7345,4.6512,-0.0997,31.902,220.4799,2.658,666.6667,30.7593,16.23,8562.79,86.9034,3.3,84.052,146.9282,0.4025,13.6,0.0079,0.111,3.3751,264.272,양품
-3.2945,-0.0101,38.6617,-5337.0,69.3222,-2.93,0.0786,0.134,15.76,573.0,6.5968,15.83,1.026,1.9843,,8.8624,20.78,3.265,459.0,-0.0041,0.8145,23.2945,2619.0,8.8381,0.0,999.8622,0.97,0.9315,23.03,48.1752,15.698,4.6627,-0.0197,30.636,257.6987,2.856,0.0,29.873,12.5,8744.2,86.3364,2.1,84.361,144.8573,0.1878,81.74,0.0079,0.111,3.3579,264.272,양품
-1.56,-0.0146,32.9614,-5122.5,69.9,-3.449,0.0946,0.194,15.71,448.0,6.1318,15.73,1.834,2.0038,,8.9979,22.61,5.97,640.0,0.0053,0.5042,21.56,2561.0,11.0332,0.0,998.8077,1.0,0.9298,22.75,12.8516,15.041,4.7267,-0.0688,28.779,530.7692,2.658,523.6364,28.4794,15.91,8543.17,86.4854,2.4,84.8185,149.2073,0.2454,78.42,0.009,0.1184,3.4753,272.862,양품
-1.0409,-0.012,26.5836,-5730.75,65.6444,-2.364,0.0716,0.109,15.58,249.0,5.6454,15.58,1.39,1.966,0.022,9.0606,17.9,3.012,934.0,-0.0257,0.807,21.0409,2761.5,7.0235,0.0,991.5921,0.98,0.9325,17.64,34.167,13.6481,4.7143,0.0163,29.96,439.0393,2.745,0.0,28.5052,14.89,8497.45,86.8551,2.5,85.7132,149.1664,0.357,10.82,0.0103,0.1166,3.3807,,양품
-1.24,-0.0111,55.9819,-5287.5,73.8333,-2.364,0.0642,0.098,15.57,394.0,7.0986,15.6,1.749,2.0038,0.0186,9.4336,22.09,2.897,705.0,-0.0231,0.7865,21.24,2566.25,6.5553,0.0,989.4811,1.13,0.9311,13.63,29.8359,9.3164,4.6263,0.0102,26.443,456.4516,2.846,309.6774,28.1969,20.38,8212.12,87.4694,4.4,84.6998,150.7718,0.2571,13.97,0.0094,0.1169,3.2982,264.272,양품
-4.4882,-0.0145,29.6041,-5621.5,66.9333,-2.364,0.0783,0.1,15.58,331.0,5.7942,15.58,1.39,1.99,0.0212,8.7548,18.1,3.012,779.0,-0.0117,0.807,24.4882,2643.0,9.2702,0.0,991.5921,1.0,0.9279,21.5,31.4693,11.1082,4.4504,-0.0353,23.5421,235.7302,2.745,0.0,32.5465,15.91,8794.2698,86.2183,2.9,84.1975,149.6682,0.365,8.011,0.009,0.1077,3.3523,268.388,양품
1.4409,-0.0121,48.1328,-5596.25,72.0,0.0,0.0608,0.117,15.7,559.0,5.464,15.76,0.9838,1.9973,,8.8331,17.03,3.082,1097.0,-0.0162,0.8253,18.5591,2709.75,6.5091,0.0,1001.4682,0.74,0.9337,16.85,24.0913,12.3423,4.6824,-0.0532,29.206,351.8612,2.789,0.0,22.3245,18.95,9167.33,87.0785,3.1,85.2836,147.5927,0.4464,75.34,0.0086,0.1097,3.361,255.336,양품
-0.0509,-0.0094,45.7447,-5650.5,71.4889,-3.779,0.0688,0.133,15.75,412.0,5.371,15.78,1.447,2.0083,,8.7609,18.44,2.959,1736.0,-0.0289,0.7948,20.0509,2705.25,8.7598,0.0,1003.8606,1.4,0.9337,18.63,22.2906,14.7923,4.6824,0.0171,29.066,0.0,2.858,856.1404,27.2235,16.41,9387.57,87.0545,2.8,85.8815,148.6564,0.4464,80.67,0.0088,0.1158,3.3098,257.408,양품
1.7318,-0.0098,38.6768,-5295.0,68.2444,-3.543,0.1013,0.2,15.65,656.0,7.3335,15.74,1.735,1.9785,,8.6544,24.38,5.675,420.0,-0.0043,0.6304,18.2682,2713.75,7.5646,0.0,1001.1729,0.98,0.9311,10.54,36.9884,6.8102,4.6263,-0.0277,24.893,333.7533,2.411,0.0,23.8107,14.89,8637.8899,86.33,1.5,86.4883,151.57,0.2679,80.67,0.0094,0.1169,3.4563,264.272,양품
-0.2436,-0.013,45.4721,-5344.25,72.7111,0.0,0.094,0.087,15.7,113.0,5.3134,15.76,0.9838,1.983,,8.8078,19.52,3.082,551.0,-0.0219,0.8253,20.2436,2619.75,8.4638,0.0,1001.4682,1.55,0.9325,16.98,49.7102,13.2173,4.7143,-0.0183,29.629,0.0,2.789,0.0,27.8252,9.88,8611.2602,86.9208,3.8,84.5333,151.3927,0.3046,,0.0103,0.1166,3.3926,255.342,양품
0.38,-0.0116,37.149,-5412.25,76.8778,0.0,0.0785,0.147,15.66,367.0,5.039,15.71,1.867,1.981,,8.1161,15.28,5.76,243.0,-0.0009,0.6029,19.62,2641.25,12.9654,0.0,996.6433,0.87,0.9346,13.83,24.6531,18.6082,4.6805,-0.0725,26.463,718.4211,2.407,0.0,29.6983,16.23,8818.9698,87.1218,2.2,85.2826,147.1755,0.4006,81.74,0.01,0.1111,3.4553,264.272,양품
-2.1409,-0.0126,62.0278,-5336.75,68.1111,-3.779,0.0851,0.247,15.75,341.0,6.5589,15.78,1.447,2.0172,,8.7402,21.47,2.959,795.0,-0.0146,0.7948,22.1409,2522.25,6.4817,0.0,1003.8606,0.8,0.931,14.37,28.5461,10.0196,4.7091,0.0257,31.593,344.2463,2.858,0.0,27.9241,17.04,8587.0802,86.3766,2.1,85.7546,149.4418,0.3001,78.93,0.0056,0.1088,3.3061,254.388,양품
-2.0655,-0.0125,29.6,-5407.5,71.9111,-3.119,0.4379,0.102,15.93,425.0,3.6378,16.0,1.078,1.9875,,8.7609,11.28,2.956,497.0,-0.0127,0.8307,22.0655,2573.5,7.1712,0.0,1020.9944,1.47,0.9302,15.88,43.3093,9.4297,4.5586,0.0322,30.558,211.0915,2.852,0.0,27.4762,17.17,9004.7299,87.0545,2.6,85.8815,149.6573,0.4584,80.67,0.009,0.1184,3.4356,264.272,양품
-4.3955,-0.0185,42.7316,-5535.5,72.4,-3.119,0.0802,0.122,15.93,366.0,4.8406,16.0,1.078,2.0227,,13.5481,15.92,2.956,721.0,-0.0099,0.8307,24.3955,2649.25,8.0093,0.0,1020.9944,1.09,0.9316,14.11,29.1808,11.7075,4.7136,-0.0527,30.053,121.9442,2.852,350.8772,29.3585,17.23,9075.9,86.8485,4.5,85.3687,150.3536,0.357,80.27,0.0086,0.1097,3.3272,276.176,양품
-1.9291,,,-5490.25,67.6,-2.364,0.0769,0.207,15.57,487.0,6.2695,15.6,1.749,1.991,,8.9979,21.89,2.897,364.0,-0.0032,0.7865,21.9291,2637.0,9.5635,0.0,989.4811,1.0,0.9148,12.87,16.9421,19.7446,4.5324,0.0086,19.238,255.0424,2.846,,29.6803,15.91,8347.8,86.4854,2.5,84.8185,150.0809,0.2234,78.42,0.011,0.1172,3.3782,254.952,양품
-4.6591,-0.013,30.7988,-5358.5,74.4889,-2.364,0.089,0.188,15.58,249.0,6.3735,15.58,1.39,2.0257,0.0198,8.8889,21.52,3.012,669.0,-0.025,0.807,24.6591,2714.5,9.0863,0.0,991.5921,0.87,0.9304,22.55,33.3189,16.5346,4.6512,0.021,30.572,197.678,2.745,254.5455,32.7382,16.23,8801.05,86.9977,5.4,83.5589,146.7627,0.1878,80.31,0.0079,0.111,3.3484,264.272,양품
-0.5327,-0.0112,41.9175,-5479.25,70.5333,0.0,0.075,0.169,15.7,319.0,5.115,15.76,0.9838,1.981,0.0216,8.6611,16.85,3.082,495.0,-0.0032,0.8253,20.5327,2604.5,2.9146,0.0,1001.4682,0.71,0.9314,16.88,33.0534,17.0963,4.659,-0.0397,30.424,0.0,2.789,0.0,29.4663,20.81,9550.93,87.0853,3.3,93.8653,143.7936,2.1967,77.33,0.01,0.116,3.4197,268.062,양품
-1.0827,-0.0133,39.9247,-5278.0,69.6111,-3.779,0.1007,0.072,15.75,237.0,6.9613,15.78,1.447,1.9675,,8.598,18.97,2.959,830.0,-0.0043,0.7948,21.0827,2609.5,11.2858,0.0,1003.8606,0.98,0.9311,20.02,22.5206,12.4175,4.6263,0.0231,24.913,0.0,2.858,0.0,27.9067,14.89,8877.97,86.3084,3.4,83.9324,148.49,0.2454,78.86,0.0085,0.1097,3.5058,264.272,양품
-0.3727,-0.0179,22.9531,-5611.75,73.5889,-3.779,0.0734,0.112,15.75,104.0,6.2445,15.78,1.447,2.0065,0.0213,8.6074,19.17,2.959,711.0,-0.0021,0.7948,20.3727,2629.5,7.9309,0.0,1003.8606,0.87,0.9349,16.2,21.3231,9.3531,4.6808,-0.0123,28.057,0.0,2.858,46.3476,25.8899,16.23,8386.4499,87.024,2.4,84.8937,151.8336,0.2282,78.49,0.0082,0.1096,3.3102,269.544,양품
-1.0473,-0.0131,34.2531,-5320.0,71.4111,0.0,0.0745,0.078,15.7,419.0,5.1909,15.76,0.9838,1.9817,,9.4336,17.09,3.082,488.0,-0.0182,0.8253,21.0473,2619.0,10.6305,0.0,1001.4682,1.37,0.9325,18.64,47.7962,11.2955,4.7143,-0.0149,29.807,354.2535,2.789,0.0,28.2938,15.14,8284.49,87.4694,2.0,84.6998,150.9336,0.3001,13.97,0.0103,0.1166,3.2419,253.888,양품
0.9736,-0.0139,30.2976,-5511.5,72.6778,-2.364,0.0556,0.085,15.57,404.0,5.187,15.6,1.749,1.9935,,13.5481,14.99,2.897,1129.0,-0.0194,0.7865,19.0264,2797.5,9.6116,0.0,989.4811,1.45,0.9337,14.86,24.2224,11.3003,4.6824,0.0403,29.162,515.5929,2.846,942.8571,22.9832,16.43,8978.0801,86.8485,4.2,85.3687,149.9827,0.206,80.27,0.0083,0.1148,3.3652,253.912,양품
-3.9509,-0.0147,19.0476,-5535.0,73.1111,-3.119,0.0906,0.137,15.93,300.0,5.7221,16.0,1.078,1.972,0.021,8.5735,19.27,2.956,419.0,-0.0125,0.8307,23.9509,2677.0,7.0696,0.0,1020.9944,1.28,0.9298,19.87,21.0376,14.05,4.7267,-0.0229,30.459,129.3373,2.852,408.5106,31.7775,10.05,8634.6901,87.1288,1.7,86.3898,148.5436,0.2454,80.69,0.0077,0.1116,3.3303,264.272,양품
1.0027,-0.0139,38.9189,-5477.0,72.2333,0.0,0.0706,0.034,15.7,106.0,4.6087,15.76,0.9838,1.967,,8.9132,15.19,3.082,392.0,-0.0012,0.8253,18.9973,2657.75,9.1637,0.0,1001.4682,1.0,0.9302,16.2,28.1081,13.4251,4.5586,-0.0469,33.549,638.2593,2.789,986.6667,26.4132,15.91,8974.0602,86.81,4.5,85.2917,145.57,0.3364,80.33,0.009,0.1184,3.3312,264.272,불량
2.8109,-0.0093,58.9023,-5408.75,73.9778,0.0,0.0919,0.149,15.7,204.0,6.1564,15.76,0.9838,2.0078,,8.9132,18.31,3.082,1124.0,-0.0236,0.8253,17.1891,2785.0,8.5389,0.0,1001.4682,0.78,0.9319,18.11,31.3174,10.9182,4.6326,-0.0426,25.873,160.8021,2.789,0.0,22.2064,14.84,9047.8399,86.81,5.1,85.2917,148.3,0.2467,80.33,0.0094,0.1169,3.3186,264.272,양품
-3.6145,-0.0151,39.6694,-5699.25,74.0556,-3.779,0.0576,0.193,15.75,593.0,4.8866,15.78,1.447,2.0288,,8.5298,16.54,2.959,368.0,-0.016,0.7948,23.6145,2646.0,8.6425,0.0,1003.8606,1.82,0.9284,12.01,45.4183,6.9536,4.4779,0.0311,21.585,321.7555,2.858,0.0,28.9017,19.06,8702.9701,86.976,1.8,85.3182,149.8918,0.2454,15.69,0.009,0.1184,3.5192,264.272,양품
-5.76,-0.0121,71.6787,-5301.75,67.4444,-3.119,0.0763,0.135,15.93,353.0,4.741,16.0,1.078,2.0057,0.0207,9.6136,15.64,2.956,487.0,-0.0101,0.8307,25.76,2642.0,7.2461,0.0,1020.9944,1.34,0.931,23.51,64.1753,13.2591,4.7091,-0.022,32.778,113.0208,2.852,577.0492,31.5295,13.51,8845.68,86.9287,1.2,84.5509,147.3345,0.4025,8.967,0.0123,0.1164,3.4669,255.882,양품
-1.6109,-0.0069,62.4319,-5377.75,73.8889,-1.939,0.0568,0.118,15.69,252.0,5.6492,15.74,0.9649,1.9918,0.0485,8.4537,18.03,2.788,759.0,-0.0369,0.8568,21.6109,2539.5,8.8015,0.0,996.0538,0.79,0.9289,17.1,27.7431,10.8825,4.4994,-0.035,34.779,648.702,2.768,0.0,25.3309,15.44,9223.8898,86.8072,3.3,86.8634,146.9773,0.1986,80.43,0.0112,0.1146,3.322,264.272,양품
2.32,-0.0131,49.7132,-5228.25,66.8,-2.93,0.0834,0.126,15.76,288.0,6.9572,15.83,1.026,2.0012,,8.7646,21.35,3.265,393.0,-0.0034,0.8145,17.68,2544.5,9.983,0.0,999.8622,1.71,0.9365,19.61,41.0548,12.8173,4.724,-0.0262,29.072,278.4483,2.856,0.0,25.6635,20.24,8945.9399,86.3742,3.4,86.2967,143.5855,0.3038,79.61,0.0123,0.1164,3.3523,272.624,양품
-1.2491,-0.009,18.8889,-5234.25,74.3222,-2.553,0.0665,0.185,15.75,367.0,6.2034,15.78,0.9413,2.0088,,8.4537,20.86,2.96,368.0,0.001,0.8443,21.2491,2552.75,8.2367,0.0,999.9961,1.33,0.9243,23.84,28.6565,16.1591,4.7045,-0.0402,31.5099,599.6361,2.924,0.0,27.527,14.53,8663.93,86.8072,3.0,86.8634,148.7664,0.2588,80.43,0.0078,0.1148,3.4784,,양품
0.1873,-0.0137,27.8134,-5359.25,69.4222,-2.033,0.084,0.115,15.8,326.0,7.5845,15.8,2.465,2.0108,,8.6544,27.35,2.418,219.0,-0.0044,0.8826,19.8127,2569.75,9.1878,0.0,1008.2756,0.98,0.9311,14.95,18.1433,6.4632,4.6263,-0.038,25.973,0.0,3.156,850.0,26.0522,14.89,8946.8699,86.33,2.3,86.4883,149.4555,0.4464,80.67,0.0094,0.1169,3.3619,268.152,양품
4.8791,-0.0103,37.9101,-5684.5,72.0333,-2.553,0.0695,0.098,15.75,544.0,6.6877,15.78,0.9413,2.0088,,8.942,20.43,2.96,1032.0,-0.0119,0.8443,15.1209,2586.75,11.8272,0.0,999.9961,1.33,0.9178,16.48,18.6619,16.8846,4.5135,-0.0683,18.167,106.5772,2.924,0.0,20.4622,14.53,8428.19,86.8846,5.0,85.3871,144.2745,0.3435,79.9,0.0098,0.1156,3.3536,264.272,양품
-2.0209,-0.0126,27.8607,-5685.5,72.8,-3.072,0.0823,0.154,15.69,639.0,7.3463,15.73,0.9649,1.9398,0.0159,8.4537,22.11,2.941,1126.0,-0.0254,0.8238,22.0209,2649.5,4.2194,0.0,998.2901,0.97,0.9197,16.73,21.0808,18.4464,4.5303,-0.0438,18.457,279.5771,2.803,528.0,28.6912,14.44,9666.6499,86.8072,2.9,86.8634,144.7682,0.1986,80.43,0.0116,0.1088,3.3141,272.68,양품
-0.7391,-0.0114,48.2986,-5534.0,74.4111,-2.505,0.0749,0.103,15.73,295.0,7.0614,15.83,1.319,1.9558,,13.5481,21.44,2.765,377.0,-0.0177,0.7932,20.7391,2797.5,8.1735,0.0,1008.7122,0.92,0.932,10.19,16.3768,7.0437,4.6449,-0.0724,27.839,999.877,2.816,0.0,26.3387,13.49,8101.48,86.8485,4.7,85.3687,153.4264,0.4816,80.27,0.0073,0.1172,3.319,255.342,양품
-2.8727,-0.0141,44.0889,-5685.0,67.3778,-2.458,0.072,0.193,15.68,547.0,5.4235,15.71,0.9413,1.9922,,8.58,19.95,2.964,851.0,-0.0068,0.8036,22.8727,2531.75,10.435,0.0,991.3567,1.0,0.9331,12.24,14.8216,5.9372,4.4932,-0.0717,22.1151,144.8101,2.758,297.6744,24.4002,15.91,8369.34,86.4157,3.0,84.5951,150.7164,0.2234,79.04,0.0077,0.1116,3.3798,264.272,양품
2.6036,-0.009,30.9392,-5499.25,73.8778,-2.553,0.0609,0.08,15.75,605.0,7.635,15.78,0.9413,2.0,,8.942,25.17,2.96,494.0,-0.0005,0.8443,17.3964,2658.5,11.2301,0.0,999.9961,0.64,0.9148,21.88,17.8282,15.0191,4.5324,-0.0749,20.8329,528.1075,2.924,555.9322,23.8576,12.51,8356.3,86.8846,4.4,85.3871,146.9891,0.3602,79.9,0.0071,0.1148,3.4412,264.272,양품
-5.9418,-0.0122,19.6118,-5761.5,67.7222,-2.458,0.0954,0.206,15.68,353.0,6.4645,15.71,0.9413,2.003,,8.7779,23.54,2.964,791.0,-0.0313,0.8036,25.9418,2535.75,10.2436,0.0,991.3567,1.0,0.9284,17.52,14.9387,9.8009,4.4779,-0.053,24.528,204.1463,2.758,0.0,31.1657,15.91,8635.83,86.797,3.6,87.1083,149.7527,1.1022,77.83,0.0122,0.1075,3.51,,양품
-4.9891,-0.0137,43.7557,-5523.0,69.7667,-2.553,0.0905,0.131,15.75,451.0,6.202,15.78,0.9413,2.0053,0.02,8.8519,19.96,2.96,284.0,-0.0197,0.8443,24.9891,2603.5,6.7947,0.0,999.9961,1.0,0.9316,19.79,26.4378,9.667,4.7136,-0.0497,30.625,124.4716,2.924,0.0,29.6501,15.91,8945.9899,86.9473,3.3,84.1896,150.0409,0.2132,77.44,0.0086,0.1097,3.3538,268.856,양품
-2.9718,-0.013,21.6008,-5424.75,71.8444,-2.6,0.0841,0.086,15.78,151.0,6.2383,15.86,1.087,2.0288,,8.8331,21.05,2.819,608.0,0.0176,0.7696,22.9718,2620.5,9.3234,0.0,1006.6856,0.85,0.9284,15.57,23.1502,6.656,4.4779,-0.0447,23.005,340.5323,2.93,364.7059,28.8713,17.53,8478.3301,87.0785,2.3,85.2836,148.7036,0.4464,75.34,0.009,0.1184,3.344,264.272,양품
-0.9364,-0.0158,25.3365,-5977.25,71.8,-2.222,0.0703,0.189,15.73,776.0,6.5571,15.79,0.9602,1.9962,,8.5851,23.38,3.03,925.0,-0.0202,0.7822,20.9364,2809.0,6.8099,0.0,1001.4256,1.52,0.9314,12.0,22.4105,6.1366,4.4911,-0.0707,23.618,744.3689,2.874,341.6667,26.2691,14.51,8163.3701,86.6018,1.4,85.3032,149.8218,0.2056,84.4,0.0077,0.1116,3.4444,277.55,양품
1.1673,-0.0184,37.032,-4900.75,74.0444,-2.175,0.0811,0.21,15.71,291.0,5.6573,15.77,0.9318,1.9813,,8.9154,17.27,3.135,1191.0,-0.021,0.8318,18.8327,2670.75,8.7823,0.0,1001.3102,1.54,0.9316,14.08,22.8355,10.3098,4.5186,-0.062,21.532,790.7321,2.836,696.7742,23.6877,18.18,8857.67,86.8694,4.1,85.2753,147.0027,0.3602,,0.0062,0.115,3.4284,264.272,양품
0.6009,-0.0094,26.455,-5264.0,66.2444,-2.175,0.0636,0.06,15.71,41.0,7.1218,15.77,0.9318,2.0023,,8.8105,22.92,3.135,1027.0,-0.0308,0.8318,19.3991,2482.5,8.259,0.0,1001.3102,1.33,0.9224,16.11,31.7125,18.2491,4.5327,-0.0913,17.39,0.0,2.836,852.1739,25.8992,14.53,8735.4199,86.7128,3.1,86.9432,146.3,0.1874,80.84,0.0078,0.1148,3.4768,247.108,양품
2.6473,-0.0103,35.122,-5598.75,76.0667,-2.08,0.0501,0.133,15.71,67.0,4.8007,15.79,1.361,1.985,,8.1166,15.34,2.632,755.0,-0.0171,0.8405,17.3527,2741.0,3.6878,0.0,1007.63,0.91,0.9324,18.85,15.0665,13.5064,4.5164,-0.0344,21.15,366.4148,3.087,0.0,22.4925,14.34,8499.69,87.1953,3.2,84.9121,148.6082,0.3116,10.24,0.0073,0.1079,3.3629,264.272,양품
0.5364,-0.0132,45.4115,-5588.25,72.3333,-2.6,0.0804,0.097,15.78,456.0,5.4703,15.86,1.087,1.9845,,8.7609,18.05,2.819,481.0,-0.034,0.7696,19.4636,2754.25,6.6023,0.0,1006.6856,0.88,0.9337,17.82,27.2446,12.5367,4.6824,-0.0689,29.717,0.0,2.93,339.3939,24.0135,20.31,8919.38,87.0545,2.5,85.8815,146.4582,0.4464,80.67,0.0117,0.1161,3.362,254.844,양품
-2.5036,-0.0115,61.7391,-5062.25,67.2333,-2.505,0.0503,0.119,15.73,427.0,9.8724,15.83,1.319,1.9672,,8.7383,31.87,2.765,819.0,-0.0146,0.7932,22.5036,2568.0,9.9317,0.0,1008.7122,1.33,0.9157,18.01,21.2922,16.6836,4.5285,-0.0476,19.534,315.1416,2.816,669.7674,28.2316,14.53,9208.9401,86.3854,2.4,85.7712,145.1655,0.2234,8.779,0.0071,0.1148,3.4777,264.272,양품
-0.6327,-0.0119,26.1328,-5434.25,70.8667,-2.08,0.0672,0.038,15.71,77.0,5.1895,15.79,1.361,1.9952,,8.8078,15.86,2.632,857.0,-0.0127,0.8405,20.6327,2631.75,3.7118,0.0,1007.63,0.99,0.9325,18.08,33.5782,13.3636,4.7143,-0.0538,30.507,832.9023,3.087,435.0877,28.9181,18.77,8908.3701,86.9208,3.6,84.5333,147.9591,0.2571,,0.0103,0.1166,3.2833,264.272,양품
0.77,-0.0115,21.7391,-5455.25,75.1667,-2.553,0.0722,0.154,15.75,306.0,5.1206,15.78,0.9413,1.9707,,8.8097,16.38,2.96,906.0,0.0083,0.8443,19.23,2690.0,10.7845,0.0,999.9961,1.3,0.9334,19.2,20.0249,10.1236,4.5315,-0.0575,24.276,0.0,2.924,0.0,22.8057,18.87,8159.59,86.7776,4.6,85.04,145.2036,0.3116,80.46,0.0085,0.115,3.3854,248.014,양품
-3.1818,-0.0157,46.5339,-5825.25,68.7667,-2.505,0.0784,0.098,15.73,278.0,5.9905,15.83,1.319,2.0055,,8.6611,18.0,2.765,993.0,0.0112,0.7932,23.1818,2578.25,9.4112,0.0,1008.7122,0.52,0.9284,17.91,22.8894,8.2464,4.4779,-0.0345,23.933,367.7143,2.816,454.0541,27.6462,20.47,8860.4,87.0853,2.1,93.8653,148.2691,0.2183,77.33,0.009,0.1184,3.4013,270.152,양품
-0.8436,-0.0095,15.8103,-5489.5,66.6111,-2.505,0.0768,0.161,15.73,217.0,4.9533,15.83,1.319,2.013,,8.598,16.63,2.765,601.0,-0.0179,0.7932,20.8436,2568.0,7.8464,0.0,1008.7122,0.7,0.9315,23.64,21.5261,12.65,4.6627,-0.0402,30.544,0.0,2.816,904.3478,26.4708,15.89,9027.1301,86.3084,2.4,83.9324,148.5882,0.1878,78.86,0.0103,0.1166,3.4473,264.272,양품
-2.2409,-0.0127,27.4779,-5411.0,71.5222,-2.175,0.0394,0.048,15.71,240.0,6.8771,15.77,0.9318,2.0075,,8.8562,23.53,3.135,754.0,-0.0073,0.8318,22.2409,2579.0,7.8224,0.0,1001.3102,1.0,0.9284,15.46,15.615,6.9811,4.4779,-0.0654,23.6411,354.7667,2.836,0.0,27.5514,15.91,9278.5898,87.024,4.8,83.6367,151.5609,0.4464,80.04,0.009,0.1184,3.2789,254.818,양품
2.2982,-0.0138,55.7971,-5402.0,67.2778,-2.175,0.0719,0.055,15.71,380.0,6.0821,15.77,0.9318,1.978,,8.6799,19.27,3.135,134.0,0.0032,0.8318,17.7018,2654.0,7.0728,0.0,1001.3102,1.85,0.9314,21.91,17.0104,12.6864,4.5197,-0.0824,21.245,326.7801,2.836,642.623,22.9551,16.24,8201.9101,86.3671,1.7,85.9512,143.9309,0.3602,8.518,0.0071,0.1148,3.4818,266.644,양품
-3.1255,-0.0129,20.9709,-5870.5,68.6111,-2.08,0.0803,0.107,15.71,546.0,5.4758,15.79,1.361,2.0152,,8.5862,17.73,2.632,2304.0,0.0001,0.8405,23.1255,2514.5,11.6369,0.0,1007.63,0.99,0.9298,21.9,26.3999,14.3518,4.7267,-0.0385,28.979,157.7371,3.087,0.0,30.4987,18.92,9217.1099,86.5384,1.3,84.7646,148.8418,0.2454,80.26,0.0092,0.1149,3.4614,264.272,양품
-1.1727,-0.0114,64.8412,-5293.0,67.4667,-2.647,0.0726,0.144,15.77,812.0,7.9436,15.87,1.465,1.994,0.0515,8.7646,23.52,2.865,750.0,0.0142,0.8037,21.1727,2673.75,8.8328,0.0,1009.8822,0.58,0.9214,15.83,22.6088,13.3136,4.5401,-0.0127,18.559,696.6667,2.92,620.0,26.7245,12.81,8606.1801,86.6219,2.5,84.0399,153.0664,0.3551,80.66,0.0079,0.1078,3.4379,251.434,양품
1.2955,-0.0108,22.2997,-5630.25,75.8,-2.647,0.0686,0.141,15.77,437.0,5.7108,15.87,1.465,2.0012,,8.9818,17.84,2.865,629.0,-0.0021,0.8037,18.7045,2631.0,8.673,0.0,1009.8822,1.33,0.9317,17.82,33.2422,10.2928,4.5302,-0.0093,31.552,0.0,2.92,623.7288,21.7509,14.87,8416.36,86.7637,3.8,84.7951,155.4945,0.2824,12.94,0.0075,0.1153,3.4219,275.502,양품
-2.9727,-0.0122,44.3077,-5615.75,73.7222,-2.647,0.0589,0.117,15.77,224.0,7.0117,15.87,1.465,1.9918,,9.0942,19.45,2.865,558.0,0.0142,0.8037,22.9727,2705.25,8.3196,0.0,1009.8822,0.28,0.9215,14.5,24.7006,14.8391,4.5126,0.0044,16.813,416.1162,2.92,0.0,28.1049,14.59,8975.83,86.7663,4.5,83.6085,154.4736,0.3068,79.86,0.0118,0.1153,3.3901,264.272,양품
4.3955,-0.0129,29.4288,-5353.75,73.0556,-2.647,0.0832,0.131,15.77,169.0,6.2214,15.87,1.465,1.993,,9.0942,18.65,2.865,408.0,0.0164,0.8037,17.271,2603.25,9.7447,0.0,1009.8822,0.85,0.9317,21.85,62.6474,14.8582,4.5302,-0.0086,30.405,447.2801,2.92,459.2593,19.6185,23.61,8904.1101,86.7663,4.8,83.6085,151.8191,0.2824,79.86,0.0075,0.1153,3.3434,264.272,양품
-3.4964,-0.0113,51.1577,-5404.0,68.6778,-2.647,0.0587,0.143,15.77,431.0,7.0989,15.87,1.465,1.995,0.0353,8.7646,22.08,2.865,707.0,0.0054,0.8037,23.4964,2641.75,9.4515,0.0,1009.8822,0.89,0.9215,15.41,25.5744,13.8109,4.5126,-0.0073,19.192,336.6355,2.92,679.2453,28.3815,10.94,9278.0601,86.6219,2.1,84.0399,154.3709,0.3068,80.66,0.0079,0.1078,3.5112,250.764,양품
-3.2155,-0.014,20.7885,-5360.5,71.9333,-3.025,0.0546,0.159,15.7,563.0,4.9774,15.81,1.191,1.983,,8.8597,16.1,3.474,827.0,-0.0207,0.809,23.2155,2656.0,10.3935,0.0,1008.8589,0.68,0.9314,13.55,29.3669,15.6754,4.5197,-0.0419,21.933,147.4131,3.211,469.3333,30.7746,14.0,8343.7599,86.8544,2.5,84.415,145.3436,0.2702,78.79,0.0071,0.1148,3.4624,264.344,양품
2.0282,-0.0144,31.1688,-5539.75,66.8222,-2.505,0.0971,0.12,15.73,2113.0,5.6077,15.83,1.319,2.0005,,8.6772,17.32,2.765,723.0,-0.0049,0.7932,17.9718,3299.0,7.3985,0.0,1008.7122,0.94,0.932,16.02,37.9457,11.39,4.6449,-0.0281,33.001,225.818,2.816,43.4968,24.3232,13.55,8278.95,86.259,2.3,84.4061,153.7245,0.357,79.86,0.0133,0.115,3.3861,254.728,양품
-3.6155,-0.0093,63.3557,-5303.5,67.7778,-2.317,0.0464,0.1,15.69,260.0,5.7218,15.85,1.617,1.9995,0.0,8.7383,21.66,3.517,267.0,-0.0094,0.825,23.6155,2588.75,6.9263,0.0,1007.6922,1.2,0.9314,18.05,21.8847,18.8973,4.5197,-0.0028,22.423,156.8268,3.054,183.5294,28.9358,17.15,8807.06,86.3854,3.6,85.7712,142.5136,0.3435,8.779,0.0071,0.1148,3.4093,264.272,양품
-4.1018,-0.0156,53.12,-5712.75,75.0,-2.505,0.0845,0.1,15.73,676.0,5.7514,15.83,1.319,1.967,,8.8097,17.05,2.765,432.0,-0.0173,0.7932,24.1018,2690.0,6.5274,0.0,1008.7122,1.84,0.9316,20.43,21.2741,10.9936,4.5186,-0.0549,24.41,134.0869,2.816,457.1429,28.8654,14.11,9258.9501,86.7776,3.5,85.04,148.9227,0.2474,80.46,0.0062,0.115,3.4056,264.272,양품
0.1982,-0.0116,33.6207,-5289.0,72.7778,-2.647,0.0924,0.165,15.77,447.0,6.3682,15.87,1.465,2.001,,8.9818,23.82,2.865,1156.0,-0.0291,0.8037,19.8018,2667.25,9.2825,0.0058,1009.8822,1.32,0.9316,16.83,18.7968,10.5463,4.5186,0.0402,20.522,0.0,2.92,0.0,23.4628,18.94,8857.2,86.7637,2.9,84.7951,146.56,0.3116,12.94,0.0062,0.115,3.5199,264.272,양품
-5.9682,-0.0098,21.4286,-5598.75,73.8333,-1.797,0.0737,0.129,15.76,335.0,5.4541,15.85,1.683,2.0012,0.0146,8.9132,16.92,3.293,582.0,-0.0239,0.8224,25.9682,2615.25,10.0246,0.0,1011.8856,1.2,0.9314,14.79,21.5722,16.9018,4.5197,-0.0035,31.198,137.2277,2.921,0.0,33.0295,17.77,9178.3199,86.81,3.2,85.2917,145.7173,0.2474,80.33,0.0071,0.1148,3.4597,255.022,양품
-1.4409,-0.012,44.3051,-5523.25,70.8222,-2.175,0.0682,0.178,15.71,749.0,5.2888,15.77,0.9318,2.0315,0.0518,8.942,16.89,3.135,1303.0,-0.0037,0.8318,21.4409,2740.5,8.1319,0.0,1001.3102,1.0,0.9322,9.72,10.306,6.8242,4.5283,-0.0377,25.222,589.9054,2.836,0.0,26.4617,15.91,9296.56,86.8846,4.2,85.3871,150.3227,0.4185,79.9,0.0079,0.1135,3.3318,272.23,양품
-2.6709,-0.0132,45.3258,-5366.75,71.9667,-2.175,0.0715,0.13,15.71,597.0,5.6144,15.77,0.9318,1.9912,0.0247,8.7932,17.46,3.135,841.0,-0.0119,0.8318,22.6709,2673.0,6.9447,0.0003,1001.3102,1.38,0.9301,15.65,21.8189,13.3497,4.6796,-0.0426,30.314,218.2777,2.836,0.0,30.2504,16.65,8928.7299,86.7223,4.6,84.525,152.6691,0.3001,79.27,0.0123,0.1164,3.2724,270.404,양품
0.0327,-0.0121,32.2981,-5760.0,69.7889,-2.505,0.0506,0.159,15.73,1025.0,5.3256,15.83,1.319,1.974,0.0159,8.8519,16.68,2.765,1083.0,-0.0089,0.7932,19.9673,2867.25,6.0915,0.0,1008.7122,0.75,0.9316,20.08,24.5358,11.9219,4.7136,-0.0559,29.985,0.0,2.816,0.0,27.0626,15.0,8265.0699,86.9473,3.6,84.1896,150.2436,0.357,77.44,0.0086,0.1097,3.5303,259.566,양품
1.7018,-0.0112,82.2346,-5078.75,68.8444,-2.458,0.071,0.108,15.6,228.0,5.3665,15.68,1.083,2.0113,0.0233,8.6472,17.64,4.445,651.0,-0.0001,0.7644,18.2982,2507.5,10.8725,0.0,992.7452,1.93,0.9327,18.79,41.1932,11.4046,4.5316,-0.0212,30.934,0.0,3.165,0.0,24.6278,15.06,8526.09,86.5763,2.0,85.0041,144.0691,0.1474,80.95,0.0118,0.1153,3.4121,266.612,양품
-3.3455,-0.0095,64.5503,-5345.75,73.5778,-3.072,0.0679,0.078,15.69,498.0,7.0125,15.73,0.9649,2.0245,,13.5481,24.72,2.941,856.0,-0.0187,0.8238,23.3455,2673.0,5.4285,0.0,998.2901,1.1,0.9284,15.36,25.0471,8.4778,4.4779,-0.0427,23.769,361.087,2.803,0.0,27.9956,19.84,9034.9702,86.8485,4.3,85.3687,148.9155,1.1022,80.27,0.009,0.1184,3.3893,264.272,양품
-2.4373,-0.0116,30.205,-5515.0,67.5111,-2.6,0.0569,0.201,15.78,321.0,5.3753,15.86,1.087,2.0128,,8.9979,19.0,2.819,1079.0,-0.0128,0.7696,22.4373,2715.5,7.6839,0.0,1006.6856,0.82,0.9331,24.27,26.7178,14.4055,4.5059,-0.0738,23.189,512.0477,2.93,0.0,30.59,16.32,8735.92,86.4854,3.0,84.8185,147.9827,0.3602,78.42,0.0091,0.1088,3.4254,253.584,양품
-6.0455,-0.0123,30.1733,-5647.5,67.9444,-1.797,0.074,0.1,15.76,312.0,5.7628,15.85,1.683,1.9867,,8.598,19.91,3.293,438.0,-0.0143,0.8224,26.0455,2707.5,9.0965,0.0,1011.8856,0.44,0.9315,17.88,14.108,18.1764,4.5077,-0.0055,21.962,74.2707,2.921,510.6383,33.9495,15.33,10653.5,86.3084,2.4,83.9324,145.3109,0.2936,78.86,0.0071,0.1148,3.4007,264.272,양품
-3.2255,-0.0139,50.9417,-5283.0,68.5667,-2.505,0.0783,0.128,15.73,532.0,5.9209,15.83,1.319,1.9657,,8.598,17.81,2.765,321.0,-0.0125,0.7932,23.2255,2624.0,6.6693,0.0,1008.7122,1.02,0.9298,21.01,25.4027,19.5273,4.7267,-0.0443,29.311,283.6809,2.816,0.0,33.9867,13.91,9355.1799,86.3084,3.0,83.9324,142.6736,0.2454,78.86,0.0077,0.1116,3.4371,255.682,양품
-9.1,-0.0088,66.2857,-5463.75,71.9444,-2.553,0.0691,0.086,15.75,676.0,7.9693,15.84,1.111,1.9705,0.0136,8.9857,21.89,3.467,518.0,-0.0017,0.8014,29.1,2902.75,4.1002,0.0,1016.53,1.52,0.9174,16.01,36.2937,15.85,4.4851,-0.0293,23.215,81.4286,2.917,0.0,36.7408,14.7,8661.9699,86.7646,4.0,83.1829,148.9673,0.2474,78.95,0.0098,0.1156,3.4469,249.176,양품
2.2727,-0.0172,31.3498,-5569.5,73.5778,-2.6,0.0891,0.158,15.73,177.0,7.9929,15.75,0.8893,1.9855,0.03,8.3159,24.32,2.901,621.0,0.0007,0.8525,17.7273,2868.75,6.6169,0.0,1000.3791,1.33,0.92,20.26,36.2133,16.6255,4.5234,-0.0567,19.117,466.84,2.906,778.3784,23.4616,14.53,9019.9101,86.834,1.5,84.2981,145.2864,0.1387,82.21,0.0103,0.1096,3.3288,247.216,양품
-0.9536,-0.0128,37.4269,-5390.0,76.7556,-3.025,0.0788,0.05,15.7,355.0,8.9384,15.81,1.191,1.9907,,8.1166,25.43,3.474,640.0,-0.0079,0.809,20.9536,2585.5,7.2702,0.0,1008.8589,1.27,0.9213,16.12,15.6077,11.4919,4.5458,-0.0547,22.314,0.0,3.211,564.7059,25.7832,14.78,9770.2801,87.1953,2.7,84.9121,148.4173,0.2474,10.24,0.0073,0.1079,3.4093,267.406,양품
-2.5027,-0.0092,30.3935,-5160.5,71.4667,-2.6,0.0997,0.058,15.78,151.0,6.6904,15.86,1.087,2.0065,0.0269,8.8562,22.78,2.819,422.0,-0.0359,0.7696,22.5027,2607.0,7.818,0.0,1006.6856,1.26,0.9317,20.04,27.5354,15.0182,4.7544,-0.0227,30.107,311.2604,2.93,509.0909,29.7881,16.04,9743.71,87.024,4.5,83.6367,149.5527,0.4816,80.04,0.0067,0.1079,3.2488,264.272,양품
-3.8791,-0.0109,41.3793,-5654.75,72.3556,-2.553,0.0697,0.166,15.75,459.0,8.4224,15.84,1.111,1.9912,,8.9857,22.79,3.467,1292.0,0.0078,0.8014,23.8791,2831.0,6.0105,0.0,1016.53,1.54,0.9174,13.99,11.3154,10.7323,4.4851,-0.015,22.668,259.3391,2.917,0.0,27.5177,26.59,8906.86,86.7646,4.7,83.1829,151.3591,0.2936,78.95,0.0098,0.1156,3.2001,273.258,양품
-6.6409,-0.0143,22.4168,-5455.25,71.5222,-3.025,0.0684,0.226,15.7,666.0,5.959,15.81,1.191,1.9965,,9.4336,16.77,3.474,741.0,-0.0246,0.809,26.6409,2776.25,4.3504,0.0,1008.8589,0.72,0.9331,15.82,32.3429,17.2818,4.5059,-0.0566,26.003,69.7194,3.211,0.0,33.5324,12.14,9424.03,87.4694,4.0,84.6998,152.3964,0.2234,13.97,0.0091,0.1088,3.289,264.272,양품
-5.6945,-0.0121,23.8683,-5471.75,72.1222,-1.939,0.069,0.066,15.69,140.0,5.1178,15.74,0.9649,1.9965,,8.8331,15.57,2.788,859.0,-0.0197,0.8568,25.6945,2649.75,6.5991,0.0,996.0538,1.0,0.9284,21.43,25.2731,11.3988,4.4779,-0.0608,24.33,215.1181,2.768,0.0,30.9967,15.91,8365.1,87.0785,2.8,85.2836,146.5136,1.1022,75.34,0.009,0.1184,3.3747,264.272,양품
1.5927,-0.0115,95.3413,-6438.0,64.9778,-2.505,0.3244,0.065,15.73,201.0,6.1268,15.83,1.319,1.8742,,9.0121,21.51,2.765,314.0,0.0035,0.7932,18.4073,2954.75,7.1726,0.0,1008.7122,1.82,0.9255,18.84,29.4109,17.5891,4.6237,-0.0534,23.953,310.7877,2.816,675.5556,25.6928,13.02,8658.22,86.6797,2.4,86.6785,144.87,0.3212,79.05,0.0058,0.1123,4.6791,259.096,양품
-2.5345,-0.0128,47.7495,-5573.0,69.5111,-2.08,0.0636,0.135,15.71,520.0,5.0342,15.79,1.361,1.9992,,8.5862,14.92,2.632,912.0,-0.0203,0.8405,22.5345,2719.0,10.9365,0.0,1007.63,1.0,0.9298,21.53,24.2244,13.4082,4.7267,-0.0444,29.162,364.9575,3.087,0.0,29.8877,15.91,8884.0,86.5384,1.4,84.7646,149.6582,0.3006,80.26,0.009,0.1184,3.3796,251.872,양품
-0.5955,-0.014,37.0766,-5168.0,68.2,-2.458,0.0575,0.086,15.68,205.0,4.8271,15.71,0.9413,2.0157,,8.6799,15.06,2.964,412.0,-0.0117,0.8036,20.5955,2531.75,8.0925,0.0,991.3567,1.6,0.9316,15.07,20.2996,8.4834,4.5186,-0.0344,21.983,0.0,2.758,288.8889,24.8245,20.12,8605.6,86.3671,1.4,85.9512,150.3464,0.2936,8.518,0.008,0.1143,3.4414,264.272,양품
-4.7818,-0.0114,44.0529,-5729.5,72.4889,-2.317,0.0859,0.134,15.69,396.0,8.694,15.85,1.617,2.0077,0.0267,8.8097,24.12,3.517,151.0,-0.0166,0.825,24.7818,2760.0,5.2735,0.0,1007.6922,1.61,0.9192,15.67,24.9168,17.3681,4.5457,-0.011,20.366,92.4335,3.054,0.0,29.9163,11.58,10608.8,86.7776,4.5,85.04,146.9936,0.2474,80.46,0.0073,0.1079,3.325,264.272,양품
1.63,-0.0114,27.2228,-5690.25,77.0889,-2.458,0.1095,0.236,15.83,458.0,5.3254,15.87,1.352,2.0157,0.0,8.324,17.5,3.247,1018.0,0.0081,0.8454,18.37,2637.5,6.1422,0.0,1012.3378,1.14,0.9317,3.56,60.9034,1.6591,4.5302,-0.0767,31.108,775.4601,2.891,0.0,4.308,18.08,9673.7,86.8486,3.0,85.4772,150.36,0.2824,81.77,0.0089,0.1162,3.2866,264.272,양품
-0.4109,-0.0138,44.2831,-5382.5,67.0889,-3.072,0.1333,0.177,15.69,205.0,6.8109,15.73,0.9649,1.9522,,8.7383,21.25,2.941,396.0,-0.0098,0.8238,20.4109,2604.25,6.5924,0.0,998.2901,0.91,0.9315,23.98,25.0963,14.3082,4.5077,-0.0825,24.192,0.0,2.803,640.0,26.3835,14.67,9443.2799,86.3854,1.9,85.7712,144.3964,0.3666,8.779,0.0071,0.1148,3.4466,275.104,양품
-2.9573,-0.0122,26.3104,-5349.75,71.6,-2.08,0.0746,0.156,15.57,4099.0,5.7176,15.67,0.9649,1.987,,8.7779,18.84,3.454,302.0,-0.0036,0.7859,22.9573,3395.25,4.7196,0.0,989.8022,1.09,0.9314,21.09,34.7506,14.87,4.659,-0.0065,31.239,157.5781,2.779,0.0,30.1688,19.17,8871.3899,86.797,18.9,87.1083,147.9782,2.1967,77.83,0.0077,0.1092,3.5416,262.066,양품
-0.2136,-0.0019,221.6216,-5077.5,75.9556,-2.08,0.0821,0.126,15.71,210.0,5.7408,15.73,0.8798,2.0202,,8.9818,21.68,3.865,1076.0,0.0077,0.7651,20.2136,2613.25,5.4211,0.0021,1007.2276,0.61,0.9334,12.98,11.0988,9.5081,4.5315,-0.0702,23.92,0.0,3.099,339.823,23.3595,18.46,9404.0599,86.7637,2.6,84.7951,145.6182,0.1874,12.94,0.024,0.1139,3.4657,274.238,양품
-1.6045,-0.0138,35.604,-5768.0,73.6222,-3.025,0.0714,0.124,15.7,323.0,5.6734,15.81,1.191,2.0105,,8.9818,18.18,3.474,890.0,-0.0076,0.809,21.6045,2748.75,8.7742,0.0,1008.8589,1.0,0.9322,14.38,16.4619,6.0447,4.5283,-0.0474,24.5049,642.5496,3.211,0.0,26.7568,15.91,9029.8199,86.7637,3.5,84.7951,148.5355,0.3006,12.94,0.0067,0.1156,3.2596,254.69,양품
-0.0236,-0.0129,27.1055,-5132.0,69.3778,-2.505,0.0749,0.161,15.73,502.0,6.1394,15.83,1.319,1.9783,,8.7383,21.15,2.765,816.0,-0.0268,0.7932,20.0236,2616.0,8.3052,0.0,1008.7122,1.36,0.9314,12.89,45.0912,8.5647,4.4911,-0.0683,23.233,0.0,2.816,0.0,23.7345,18.63,8647.2301,86.3854,2.6,85.7712,149.8045,0.2454,8.779,0.0077,0.1116,3.5282,254.864,양품
-0.0882,-0.0118,18.6047,-5494.25,73.9667,-3.072,0.0559,0.129,15.69,156.0,5.3034,15.73,0.9649,1.9783,,8.9154,18.16,2.941,786.0,-0.0262,0.8238,20.0882,2574.0,8.7356,0.0,998.2901,0.93,0.9316,13.41,15.8092,7.9142,4.5186,-0.1047,23.21,0.0,2.803,622.2222,21.5248,19.17,9076.1601,86.8694,3.3,85.2753,149.86,0.2474,,0.0062,0.115,3.2956,271.724,양품
-0.5973,-0.0151,25.2492,-5399.25,72.9556,-2.458,0.0911,0.034,15.68,476.0,5.9205,15.71,0.9413,1.9895,0.0156,8.942,18.37,2.964,1101.0,-0.0183,0.8036,20.5973,2682.75,6.3978,0.0,991.3567,1.78,0.9314,13.47,19.7112,5.3865,4.4911,-0.0523,25.807,679.7565,2.758,0.0,26.2811,15.57,9155.5301,86.8846,3.6,85.3871,149.6327,0.3006,79.9,0.0077,0.1116,3.3667,269.832,양품
-0.4682,-0.012,36.6667,-5741.75,67.6889,-2.647,0.0554,0.157,15.77,700.0,7.5621,15.87,1.465,1.974,,8.8105,22.56,2.865,610.0,-0.0192,0.8037,20.4682,2852.0,12.6143,0.0,1009.8822,0.91,0.9224,18.89,32.1475,10.6973,4.5327,-0.0053,17.758,0.0,2.92,301.8868,20.2022,14.98,8856.4601,86.7128,2.2,86.9432,148.8355,0.2588,80.84,0.007,0.1103,3.5214,250.966,양품
-4.7991,-0.0132,38.7097,-5293.5,71.4444,-1.939,0.0523,0.113,15.69,423.0,5.1986,15.74,0.9649,1.956,,8.8624,17.26,2.788,253.0,0.0028,0.8568,24.7991,2529.25,7.7283,0.0,996.0538,1.05,0.9315,26.8,34.4884,15.3345,4.6627,-0.0809,30.928,150.6535,2.768,0.0,31.3398,12.21,10090.3399,86.3364,2.8,84.361,148.0218,0.1878,81.74,0.0079,0.111,3.2844,264.272,양품
-0.0073,-0.0112,51.9016,-5607.75,76.9,-2.458,0.067,0.284,15.83,598.0,5.3762,15.87,1.352,2.0085,,8.322,15.15,3.247,723.0,0.0112,0.8454,20.0073,2897.25,11.0486,0.0,1012.3378,1.54,0.9312,21.66,13.5783,16.6436,4.5071,-0.0657,32.136,0.0,2.891,536.5854,28.8578,14.92,9268.6599,86.7285,2.6,84.3569,148.9536,0.1986,82.3,0.0094,0.1131,3.3777,264.272,양품
-2.5436,-0.0131,45.8015,-5305.75,67.5667,-2.08,0.0752,0.152,15.71,160.0,4.7538,15.73,0.8798,2.03,0.0302,8.8105,15.3,3.865,882.0,0.0093,0.7651,22.5436,2570.0,6.8017,0.0,1007.2276,1.33,0.9206,25.0,29.7269,14.15,4.7452,-0.0669,28.836,318.4417,3.099,685.7143,29.6277,14.53,8621.44,86.7128,1.7,86.9432,151.5573,0.2909,80.84,0.0078,0.1148,3.4853,267.884,양품
3.9982,-0.0103,59.0799,-5615.0,69.8556,-2.458,0.0748,0.2,15.83,521.0,5.5137,15.87,1.352,1.966,0.0216,8.6472,17.34,3.247,508.0,0.0007,0.8454,16.0018,2723.5,4.6575,0.0,1012.3378,0.79,0.9324,23.05,26.8931,14.8564,4.5386,-0.057,30.635,349.4088,2.891,0.0,24.7718,14.2,9053.79,86.5763,1.6,85.0041,148.4636,0.2824,80.95,0.0075,0.1153,3.4891,264.272,양품
-0.5745,-0.0145,45.3998,-5258.5,67.0556,-1.797,0.2919,0.127,15.76,259.0,5.6927,15.85,1.683,2.005,,8.8546,18.23,3.293,799.0,-0.0418,0.8224,20.5745,2621.5,10.1394,0.0,1011.8856,1.18,0.9322,16.01,19.1373,8.2156,4.5283,-0.0018,22.673,0.0,2.921,588.2353,25.6486,19.2,8932.56,86.4099,2.8,83.6681,147.6145,0.1992,80.2,0.0067,0.1156,3.3152,277.598,양품
-9.4318,-0.0116,37.149,-5315.75,71.1889,-2.175,0.0691,0.256,15.71,428.0,6.5487,15.77,0.9318,2.0065,,8.8597,23.64,3.135,565.0,-0.0261,0.8318,29.4318,2659.5,7.2109,0.0,1001.3102,1.0,0.9331,13.09,17.7222,11.6495,4.4932,-0.07,24.835,46.7566,2.836,0.0,35.4979,15.91,8682.03,86.8544,3.8,84.415,149.8182,0.2234,78.79,0.0077,0.1116,3.3591,278.598,양품
1.47,-0.0111,33.3333,-5227.5,67.4778,-2.08,0.0601,0.151,15.71,711.0,5.8236,15.73,0.8798,1.9952,0.0138,8.6544,17.92,3.865,771.0,0.0028,0.7651,18.53,2566.25,4.4954,0.0,1007.2276,1.04,0.9179,18.71,17.6919,18.4328,4.5201,-0.07,18.516,504.7619,3.099,352.5424,24.4,15.9,9678.25,86.33,2.4,86.4883,144.1991,0.3435,80.67,0.0101,0.1087,3.4968,264.272,양품
3.1645,-0.0103,53.3333,-5161.5,74.5333,-2.6,0.0646,0.163,15.73,362.0,5.504,15.75,0.8893,1.985,,8.9818,16.73,2.901,1034.0,-0.0156,0.8525,16.8355,2501.0,7.8413,0.0,1000.3791,1.05,0.9334,24.76,27.2289,13.0918,4.5315,-0.0004,23.189,426.6016,2.906,900.0,21.4005,16.3,9015.71,86.7637,2.7,84.7951,146.3018,0.3116,12.94,0.024,0.1139,3.3002,247.47,양품
-0.8173,-0.0134,50.7937,-5469.75,72.0222,-2.317,0.0876,0.092,15.69,80.0,5.7259,15.85,1.617,1.9845,,8.942,17.59,3.517,786.0,-0.0161,0.825,20.8173,2656.75,15.2879,0.0,1007.6922,1.1,0.9298,16.34,31.0194,13.8996,4.7267,0.0112,29.712,720.6897,3.054,0.0,28.0999,10.79,9253.6399,86.8846,4.3,85.3871,148.5173,0.2454,79.9,0.009,0.1184,3.3447,254.896,양품
4.1655,-0.0125,39.96,-5657.5,74.4444,-3.025,0.0842,0.079,15.7,946.0,5.7059,15.81,1.191,2.0,,8.8889,18.21,3.474,767.0,-0.0027,0.809,15.8345,2853.25,12.1624,0.0,1008.8589,,0.9298,25.82,25.552,13.4282,4.6393,-0.017,26.878,187.0144,3.211,0.0,23.4218,,8471.92,86.9977,5.6,83.5589,148.4527,0.4214,80.31,0.0107,0.1145,3.3739,264.272,양품
-4.15,-0.0085,51.6129,-6576.0,69.3667,-2.6,0.0691,0.117,15.78,618.0,2.7882,15.86,1.087,1.897,,8.7199,9.4,2.819,295.0,-0.0116,0.7696,24.15,3009.25,7.5099,0.0,1006.6856,0.61,0.9267,18.26,26.5712,17.5363,4.5488,-0.0875,35.667,122.6506,2.93,984.6154,32.3553,13.52,9067.3299,86.7612,2.8,84.2942,148.1427,0.3719,76.97,0.0102,0.1139,4.6141,262.8,양품
3.2173,-0.0129,44.3149,-5461.75,72.1889,-1.939,0.0579,0.081,15.69,364.0,5.2804,15.74,0.9649,2.0335,,8.7597,17.36,2.788,591.0,-0.0051,0.8568,16.7827,2621.75,10.4021,0.0,996.0538,1.0,0.9337,14.52,35.1704,6.8718,4.6824,-0.0668,28.864,322.0119,2.768,0.0,22.0794,15.91,9084.5901,87.0029,3.6,86.7559,151.8673,0.221,76.87,0.0083,0.1148,3.4047,275.108,양품
-2.9355,-0.0129,38.6473,-5357.5,67.3,-2.789,0.1185,0.083,15.78,288.0,7.4353,15.89,1.026,2.0097,0.0203,8.9979,25.09,2.948,707.0,-0.0051,0.8336,22.9355,2539.0,10.2495,0.0,1009.8944,1.0,0.9148,13.2,32.2945,22.2982,4.5324,0.0028,19.238,125.0232,2.926,0.0,31.52,15.91,9122.6801,86.4854,2.0,84.8185,147.1191,0.2234,78.42,0.011,0.1172,3.5138,252.756,양품
-4.4927,-0.01,34.0852,-5508.5,67.2222,-2.553,0.054,0.137,15.75,175.0,7.3851,15.84,1.111,1.9865,0.0162,8.58,23.96,3.467,258.0,-0.03,0.8014,24.4927,2574.5,4.4707,0.0001,1016.53,0.82,0.9148,13.95,22.1105,20.2418,4.5324,-0.0089,20.71,150.4654,2.917,0.0,33.272,18.1,9044.85,86.4157,2.1,84.5951,148.0509,0.2234,79.04,0.011,0.1172,3.3824,264.272,양품
-5.3318,-0.0116,53.5059,-5332.5,75.9444,-2.08,0.0509,0.167,15.71,730.0,6.1345,15.73,0.8798,1.982,,8.9818,20.49,3.865,720.0,0.0199,0.7651,25.3318,2637.75,5.3804,0.0,1007.2276,1.33,0.9327,20.24,25.351,15.1337,4.5316,-0.0649,32.183,271.202,3.099,953.8462,33.4431,14.53,8940.26,86.7637,2.0,84.7951,145.77,0.1474,12.94,0.0118,0.1153,3.3954,268.902,불량
-0.2627,-0.0115,39.0033,-5564.0,68.1333,-2.458,0.0594,0.099,15.83,237.0,5.2551,15.87,1.352,2.0143,,8.8424,16.66,3.247,316.0,-0.0218,0.8454,20.2627,2365.75,5.7425,0.0,1012.3378,0.88,0.9307,17.86,25.3071,10.1343,4.5412,-0.0383,32.185,0.0,2.891,0.0,24.7094,16.52,8775.8001,86.8271,3.4,86.15,151.0164,0.2944,4.14,0.0094,0.1131,3.5312,257.312,양품
-4.8382,-0.0092,26.1937,-5296.0,72.4333,-2.08,0.0541,0.188,15.71,328.0,5.7305,15.73,0.8798,2.0035,0.0326,8.9857,19.37,3.865,692.0,-0.0044,0.7651,24.8382,2627.5,6.4094,0.0,1007.2276,0.73,0.9322,17.97,15.0925,9.1158,4.5283,-0.083,24.21,163.9045,3.099,676.9231,30.1944,18.57,8600.73,86.7646,5.1,83.1829,149.11,0.2056,78.95,0.0091,0.1088,3.4493,275.116,양품
-1.02,-0.0088,64.7727,-5528.5,66.7889,-2.458,0.0783,0.15,15.6,705.0,6.0894,15.68,1.083,1.993,,8.8356,15.76,4.445,1341.0,-0.0273,0.7644,21.02,2757.25,8.3368,0.0,992.7452,1.65,0.9243,20.61,26.7147,11.7263,4.7045,-0.065,32.488,418.6275,3.165,400.0,24.7298,21.21,8729.2299,86.3856,1.5,86.9779,149.0727,0.1986,7.74,0.0078,0.1148,3.298,264.272,양품
-0.5045,-0.0093,28.0702,-5438.75,76.8778,-2.789,0.0917,0.132,15.78,408.0,5.337,15.89,1.026,1.984,,8.2776,16.98,2.948,527.0,0.0107,0.8336,20.5045,2700.25,5.476,0.0,1009.8944,0.69,0.9334,24.56,26.2777,12.3754,4.5315,0.0067,23.312,0.0,2.926,195.0,27.6111,22.38,8905.99,86.8475,2.6,85.038,147.9882,0.3435,82.25,0.0085,0.115,3.4571,264.272,양품
-0.1545,-0.0164,21.3577,-5770.75,69.8,0.0473,0.083,0.084,15.73,382.0,6.9441,15.82,1.295,2.025,0.0219,8.8909,20.7,2.923,818.0,0.0108,0.8343,20.1545,2688.25,12.3463,0.0,1007.144,1.54,0.9224,17.52,28.4535,16.9064,4.5327,-0.0669,18.165,0.0,2.865,0.0,26.8979,17.02,8997.84,86.5543,2.1,84.4668,146.5627,0.1874,80.01,0.007,0.1103,3.5453,250.206,양품
-1.6864,-0.0148,23.569,-5357.0,74.1889,-3.072,0.1096,0.135,15.69,426.0,7.6239,15.73,0.9649,2.0213,,8.0787,24.08,2.941,353.0,0.0104,0.8238,21.6864,2480.75,10.3451,0.0,998.2901,0.59,0.9213,12.18,22.4575,11.54,4.5167,-0.0226,18.133,249.0566,2.803,0.0,24.3925,15.81,9005.5601,87.1927,2.5,84.0363,152.0391,0.211,80.44,0.0073,0.1079,3.2538,251.508,양품
-0.8218,0.0062,69.3548,-5374.0,72.4667,-2.789,0.0805,0.08,15.78,431.0,5.5772,15.89,1.026,1.969,,9.0942,20.17,2.948,760.0,0.001,0.8336,20.8218,2609.25,4.805,0.0,1009.8944,1.28,0.9316,14.98,25.9464,7.2614,4.5186,-0.0253,25.288,968.5841,2.926,69.5652,22.0031,12.97,9302.2499,86.7663,4.1,83.6085,151.2782,0.2936,79.86,0.008,0.1143,3.3516,264.272,불량
1.6336,,,-5402.75,72.2667,-2.647,0.0707,0.056,15.77,282.0,4.987,15.82,1.361,1.9492,,8.942,16.76,3.129,631.0,-0.0156,0.8414,18.3664,2646.25,7.374,0.0,1005.1546,0.72,0.9315,19.79,19.3985,12.7646,4.5077,-0.0892,22.859,312.7991,2.832,,23.0665,17.96,9254.5498,86.8846,4.3,85.3871,143.4627,0.2936,79.9,0.0071,0.1148,3.251,277.238,양품
-1.4973,-0.0109,41.1429,-5512.5,70.1333,-2.647,0.1102,0.23,15.77,794.0,6.2342,15.82,1.361,2.0257,0.0496,9.3868,19.94,3.129,462.0,0.0115,0.8414,21.4973,2539.75,9.3399,0.0,1005.1546,0.96,0.9329,12.15,27.5028,8.4831,4.5217,-0.0769,34.103,351.3054,2.832,0.0,23.5232,8.82,8716.6,87.4684,2.3,86.5682,150.6918,0.2824,80.46,0.0086,0.1094,3.3481,270.144,양품
4.0809,-0.0114,31.7181,-6029.0,75.8667,-1.986,0.0783,0.083,15.73,451.0,6.0733,15.79,1.418,1.9797,,8.322,20.13,2.962,998.0,-0.0197,0.8529,15.9191,2709.0,7.2911,0.0,1003.8907,1.33,0.9312,21.33,30.1043,13.4254,4.5071,-0.0301,30.241,454.5556,2.868,360.0,19.9076,14.53,8373.9599,86.7285,2.6,84.3569,150.5109,0.2944,82.3,0.0094,0.1131,3.4657,264.272,양품
2.8464,-0.0088,55.6818,-5625.75,69.1556,-2.647,0.1045,0.084,15.77,364.0,9.2524,15.82,1.361,1.9845,,8.9036,25.74,3.129,709.0,-0.0069,0.8414,17.1536,2544.75,8.5868,0.0,1005.1546,1.67,0.9224,9.6,13.8872,7.9772,4.5156,-0.0879,18.662,383.9987,2.832,833.3333,23.024,15.79,9304.01,86.4182,2.5,86.1541,147.8364,0.2944,81.44,0.0112,0.1146,3.283,264.272,양품
3.6536,-0.0136,36.8664,-5647.75,67.8222,-2.647,0.0998,0.115,15.77,398.0,7.7119,15.87,1.465,1.9952,0.0302,8.9191,25.25,2.865,527.0,-0.016,0.8037,16.3464,2602.5,10.5868,0.0,1009.8822,0.7,0.9179,17.44,28.8448,17.1628,4.5201,-0.0183,18.962,179.2735,2.92,1000.0,24.5324,13.82,8546.12,86.3671,3.7,84.7907,143.2455,0.3602,79.82,0.0071,0.1148,3.3923,254.532,양품
-1.4355,-0.0131,25.9542,-5371.0,71.5,0.0473,0.0751,0.006,15.73,59.0,7.3664,15.82,1.295,2.0002,0.0,9.3181,21.5,2.923,213.0,-0.0304,0.8343,21.4355,2452.5,11.0311,0.0,1007.144,0.96,0.9226,15.07,24.5448,18.8672,4.5365,-0.0862,15.591,468.1444,2.865,0.0,29.2212,18.33,8934.2302,87.4062,2.9,86.899,148.0973,0.3551,78.7,0.0089,0.1162,3.4979,264.272,양품
-0.7155,-0.0109,34.7032,-5729.25,67.3778,0.0473,0.0927,0.108,15.73,356.0,5.9531,15.82,1.295,1.9915,0.0289,8.6799,19.59,2.923,280.0,-0.042,0.8343,20.7155,2646.75,14.3905,0.0,1007.144,1.29,0.9322,14.09,10.4895,7.7333,4.5283,-0.0505,23.272,0.0,2.865,850.0,25.1172,21.47,9105.8999,86.3671,2.7,85.9512,146.4736,0.2588,8.518,0.0079,0.1135,3.4674,266.126,양품
0.3209,-0.0101,58.2716,-5501.25,75.6556,-2.789,0.0893,0.146,15.78,342.0,4.6893,15.89,1.026,2.0265,,8.2832,15.45,2.948,284.0,0.022,0.8336,19.6791,2620.5,11.7502,0.0,1009.8944,1.74,0.9334,12.04,9.4643,8.0241,4.5315,-0.0474,24.559,0.0,2.926,0.0,20.8865,15.43,9054.88,87.3204,2.7,85.5246,152.2127,0.211,10.11,0.0073,0.1079,3.3214,272.62,양품
-4.4109,-0.0101,34.6535,-5341.25,68.0444,-2.553,0.0785,0.213,15.75,496.0,6.3011,15.84,1.111,2.001,,8.6544,21.61,3.467,626.0,-0.009,0.8014,24.4109,2606.25,7.1146,0.0,1016.53,1.0,0.931,17.35,32.6596,9.4055,4.5121,0.0166,21.848,184.7692,2.917,733.3333,29.809,15.91,8628.6799,86.33,2.3,86.4883,148.4064,0.2805,80.67,0.009,0.1184,3.403,264.272,양품
-5.7473,-0.0074,90.8475,-5294.0,72.8778,-2.789,0.0941,0.094,15.78,557.0,5.9758,15.89,1.026,1.9843,,9.0942,17.91,2.948,710.0,0.0063,0.8336,25.7473,2642.25,4.2312,0.0,1009.8944,1.0,0.9331,14.66,33.8242,16.4128,4.5059,0.0055,23.663,100.2214,2.926,194.3925,34.1825,15.91,9134.2399,86.7663,4.9,83.6085,147.1791,0.2234,79.86,0.0091,0.1088,3.3671,264.272,양품
-0.0945,-0.0147,24.5315,-5337.75,67.9,-2.458,0.0683,0.088,15.68,261.0,6.8762,15.71,0.9413,2.0027,,8.8546,22.49,2.964,1130.0,-0.0079,0.8036,20.0945,2603.0,8.9453,0.0,991.3567,0.4,0.9178,18.64,25.9379,14.35,4.5135,-0.0372,21.253,0.0,2.758,254.9451,27.6705,14.51,8549.4899,86.4099,2.0,83.6681,148.8882,0.2936,80.2,0.0098,0.1156,3.3176,274.914,양품
2.0909,-0.0143,19.5976,-5398.25,67.9444,-1.986,0.0861,0.221,15.73,471.0,7.487,15.79,1.418,1.989,0.0186,8.8909,24.34,2.962,440.0,-0.0194,0.8529,17.9091,2705.0,9.9332,0.0,1003.8907,1.13,0.9224,19.86,21.7559,15.3981,4.5327,-0.0169,18.933,419.4348,2.868,0.0,24.4144,13.55,8919.5601,86.5543,1.9,84.4668,147.4427,0.1874,80.01,0.007,0.1103,3.4691,264.272,양품
-0.1464,-0.0118,30.4118,-5637.5,67.6333,-2.033,0.0838,0.068,15.7,337.0,6.7264,15.76,0.8325,2.004,0.016,8.662,20.78,3.008,1605.0,-0.0246,0.8121,20.1464,2526.0,10.6475,0.0,996.6092,0.55,0.9226,15.39,24.3709,14.0018,4.5365,-0.0306,17.179,0.0,2.873,518.5185,24.8064,14.55,9500.26,86.2277,2.0,85.9801,150.0009,0.2824,81.32,0.0089,0.1162,3.4656,251.8,양품
1.1473,-0.017,15.2493,-5442.0,76.0222,-2.647,0.0699,0.162,15.77,348.0,5.2282,15.82,1.361,2.0038,,8.2776,16.54,3.129,1489.0,-0.0141,0.8414,18.8527,2542.25,12.6469,0.0,1005.1546,0.8,0.9312,27.68,35.8117,17.0836,4.5071,-0.0876,30.108,889.065,2.832,664.1509,27.8836,16.21,9467.7102,86.8475,2.1,85.038,149.8664,0.1986,82.25,0.0112,0.1146,3.2639,265.16,양품
-1.9382,-0.0116,37.0291,-5314.5,71.1778,-2.694,0.0877,0.077,15.66,154.0,7.5017,15.73,0.9176,2.0078,0.0185,9.3181,22.34,3.179,674.0,-0.0063,0.8376,21.9382,2474.5,6.7308,0.0,998.2796,0.36,0.9222,18.78,31.6682,23.6318,4.5255,-0.0309,16.961,487.0544,2.932,0.0,32.4807,12.35,8625.5299,87.4062,3.6,86.899,141.5145,0.3068,78.7,0.0094,0.1131,3.4774,264.272,양품
3.5436,-0.0143,43.9407,-5329.25,68.3778,-2.033,0.0835,0.25,15.7,97.0,6.6434,15.76,0.8325,1.9705,0.0,8.8519,22.59,3.008,1026.0,-0.0175,0.8121,16.4564,2455.75,12.2128,0.0,996.6092,1.76,0.9157,14.85,36.1226,19.2872,4.3183,-0.0288,17.686,275.1411,2.873,600.0,22.3195,19.33,8512.3,86.9473,2.8,84.1896,150.1273,0.3628,77.44,0.0086,0.1097,3.5996,248.426,양품
0.2073,-0.016,26.9171,-5333.25,72.1222,-2.694,0.0891,0.21,15.66,433.0,6.8876,15.73,0.9176,1.9803,0.0,8.8597,22.99,3.179,699.0,-0.0374,0.8376,19.7927,2768.75,6.9208,0.0,998.2796,1.33,0.9224,18.48,15.246,18.1973,4.5327,-0.0163,17.915,0.0,2.932,285.0575,27.4975,14.53,9505.1001,86.8544,3.7,84.415,145.5636,0.2909,78.79,0.007,0.1103,3.4284,274.256,양품
-0.1191,-0.0128,40.6647,-5546.5,73.0667,0.0473,0.0599,0.136,15.73,417.0,4.969,15.82,1.295,2.0063,,8.2832,17.38,2.923,297.0,0.0177,0.8343,20.1191,2667.75,13.4644,0.0,1007.144,0.88,0.9316,16.37,21.2162,10.0348,4.5186,-0.1173,21.851,0.0,2.865,448.3516,24.5276,23.2,8673.0301,87.3204,2.4,85.5246,147.5873,0.2985,10.11,0.0062,0.115,3.359,254.134,양품
-1.8827,-0.0141,27.758,-5169.25,69.2111,-2.033,0.0894,0.126,15.7,362.0,6.0932,15.76,0.8325,1.9912,0.0186,8.8909,19.41,3.008,411.0,0.0039,0.8121,21.8827,2714.25,10.5715,0.0,996.6092,1.33,0.9312,25.69,40.8319,16.0227,4.5071,-0.0223,30.635,648.5264,2.873,960.0,29.0043,14.53,9046.93,86.5543,3.0,84.4668,152.3445,0.2944,80.01,0.0094,0.1131,3.4482,269.964,양품
3.3882,-0.0093,54.9865,-5490.5,67.9667,-2.789,0.0809,0.094,15.78,325.0,6.1193,15.89,1.026,1.989,0.0265,9.7137,19.03,2.948,1061.0,-0.0039,0.8336,16.6118,2574.5,7.0178,0.0,1009.8944,1.34,0.9329,21.03,29.0703,12.1663,4.5217,0.0106,31.146,245.8546,2.926,0.0,20.636,14.74,9451.1699,86.9537,2.8,85.9501,145.8964,0.2824,81.46,0.0095,0.1121,3.367,264.272,양품
4.5382,-0.0147,20.4255,-5629.25,74.8556,-2.694,0.0557,0.191,15.66,711.0,7.8772,15.73,0.9176,2.008,0.0235,8.135,22.58,3.179,325.0,-0.014,0.8376,15.4618,2664.5,10.9725,0.0,998.2796,1.49,0.9213,9.78,23.7007,6.6955,4.5167,-0.0788,18.769,132.2115,2.932,0.0,17.2615,15.56,8135.64,87.2014,2.5,84.6471,151.4582,0.3435,82.22,0.0073,0.1079,3.4836,264.272,양품
0.4982,-0.0076,78.5597,-5302.0,75.2,-1.655,0.0688,0.142,15.62,341.0,8.3294,15.66,1.054,1.9623,0.0228,8.1161,25.53,3.501,956.0,-0.0278,0.812,19.5018,2736.75,9.8505,0.0,992.0427,1.09,0.9192,16.78,18.3889,11.8434,4.5457,-0.0238,21.03,0.0,2.865,433.3333,23.6096,14.41,8832.7099,87.1218,2.3,85.2826,147.0991,0.3116,81.74,0.0073,0.1079,3.4378,263.932,양품
4.0736,-0.013,33.7812,-5435.75,66.2111,0.0,0.1016,0.134,15.58,756.0,5.7489,15.67,0.8798,1.9825,,8.8105,20.56,3.118,672.0,-0.0276,0.8068,15.9264,2486.75,6.2737,0.0,991.1096,1.06,0.9329,13.58,59.1853,8.7378,4.5217,-0.0465,31.267,421.9817,2.825,0.0,17.8882,17.62,8521.0102,86.7128,1.9,86.9432,149.4191,0.1474,80.84,0.0099,0.1134,3.2984,249.892,양품
1.4427,-0.0148,28.3784,-5492.5,73.9222,-2.222,0.0713,0.074,15.52,330.0,9.1287,15.66,1.012,1.9918,0.0,13.5481,28.9,2.843,771.0,0.0075,0.81,18.5573,2759.0,10.559,0.0,1004.8823,1.15,0.9109,11.36,23.6923,16.2027,4.3104,-0.0226,22.065,465.7845,2.888,0.0,25.1718,15.37,9083.2699,86.8485,2.5,85.3687,153.4582,0.1474,80.27,0.009,0.1077,3.3439,264.272,양품
1.0,-0.0145,31.0345,-5097.0,70.5444,-2.222,0.0803,0.164,15.52,448.0,5.043,15.66,1.012,1.9865,0.0165,8.6968,16.0,2.843,388.0,-0.001,0.81,19.0,2337.75,6.6969,0.0,1004.8823,1.0,0.9256,18.9,17.2867,13.9936,4.4538,-0.029,21.882,944.0,2.888,578.7234,27.9356,19.44,8553.2899,86.4285,3.3,83.9887,146.2345,0.2247,81.92,0.0118,0.1153,3.4946,264.272,양품
-0.95,-0.0127,40.118,-5207.75,69.0111,-2.222,0.1228,0.127,15.52,399.0,7.8025,15.66,1.012,1.9938,0.2932,8.662,25.41,2.843,323.0,0.0072,0.81,20.95,2535.75,11.8815,0.0316,1004.8823,2.14,0.9226,15.65,19.8503,21.2546,4.5365,-0.0019,17.016,0.0,2.888,0.0,31.2129,11.21,9273.63,86.2277,2.2,85.9801,144.5627,0.3551,81.32,0.0103,0.1148,3.4067,273.116,양품
-2.2364,-0.0132,34.0587,-5060.0,75.0444,-2.458,0.083,0.101,15.68,296.0,5.8985,15.71,0.9413,1.9823,,8.9857,18.93,2.964,612.0,0.0024,0.8036,22.2364,2521.0,9.9463,0.0,991.3567,1.39,0.9322,19.18,23.2042,7.456,4.5283,-0.0465,25.146,439.1057,2.758,0.0,27.4813,15.15,8707.2501,86.7646,5.6,83.1829,148.21,0.1933,78.95,0.0091,0.1088,3.363,262.6,양품
1.2236,-0.0152,30.2881,-5465.0,68.0111,-2.222,0.0859,0.143,15.52,365.0,7.2114,15.66,1.012,1.9805,,8.662,23.88,2.843,852.0,-0.0094,0.81,18.7764,2664.5,10.4523,0.0,1004.8823,0.94,0.9226,18.22,21.1766,18.1982,4.5365,-0.0281,19.102,710.9955,2.888,950.0,24.9946,15.2,8878.4,86.2277,2.7,85.9801,146.0491,0.2824,81.32,0.0103,0.1148,3.5077,264.272,양품
1.3555,-0.0107,20.4651,-5418.25,68.1778,-2.128,0.0944,0.101,15.64,242.0,7.8701,15.72,1.021,2.0107,0.021,8.7782,24.49,3.283,969.0,-0.0244,0.7931,18.6445,2611.25,5.5837,0.0,993.4794,1.33,0.9222,11.29,36.7423,14.0645,4.5255,-0.0473,17.649,315.0235,2.792,400.0,22.23,14.53,9472.4,86.4258,2.0,86.901,154.75,0.2824,81.4,0.0086,0.1094,3.3174,264.272,양품
0.59,-0.0129,23.3236,-5343.75,74.4444,-2.033,0.0907,0.074,15.7,471.0,7.8792,15.76,0.8325,1.9652,0.0178,8.4537,22.9,3.008,390.0,-0.0241,0.8121,19.41,2556.75,12.0703,0.0,996.6092,1.5,0.9197,18.6,41.8986,18.0991,4.5303,-0.0533,18.376,0.0,2.873,0.0,25.6798,12.25,9118.24,86.8072,3.1,86.8634,146.2245,0.2824,80.43,0.0116,0.1088,3.4576,266.896,양품
4.5355,-0.012,70.8333,-5593.5,74.9,-2.742,0.0617,0.063,15.71,129.0,7.6471,15.84,1.305,1.9775,,8.0787,21.75,3.22,607.0,-0.0373,0.828,15.4645,2536.5,9.9116,0.0,1008.6144,0.71,0.9341,13.83,13.8863,8.3718,4.6504,-0.0423,22.515,127.6609,2.848,477.9221,18.6383,13.92,8978.15,87.1927,3.1,84.0363,147.5827,0.2011,80.44,0.007,0.1103,3.3049,264.272,양품
-2.3364,-0.0141,41.6961,-4994.25,73.1556,-2.694,0.1082,0.087,15.66,257.0,6.5217,15.73,0.9176,2.0155,0.0209,8.8355,19.39,3.179,911.0,-0.0218,0.8376,22.3364,2509.75,7.2375,0.0,998.2796,1.33,0.9289,15.61,52.9556,13.7979,4.4902,-0.0135,32.55,366.3819,2.932,977.7778,25.7524,14.53,8849.4401,86.9761,1.9,86.4585,145.4182,0.2634,76.44,0.0116,0.1088,3.2829,250.258,양품
-10.4455,-0.0097,36.2225,-5489.0,67.1222,-1.088,0.0674,0.073,15.43,354.0,6.4408,15.53,0.9507,2.0122,0.014,8.6556,17.93,2.893,536.0,-0.037,0.8201,30.4455,2667.0,5.5547,0.0,988.5307,1.33,0.9207,14.45,32.2089,22.38,4.5381,-0.0341,17.738,90.8529,2.848,383.0986,40.4031,14.53,9146.7901,86.3125,1.9,85.5439,146.9173,0.2848,81.73,0.0089,0.1141,3.4769,264.272,양품
-2.9491,-0.0144,37.4026,-5774.0,66.6333,-2.742,0.0659,0.113,15.71,658.0,5.2397,15.84,1.305,1.9998,,8.7402,15.88,3.22,1106.0,-0.032,0.828,22.9491,2632.0,11.1564,0.0,1008.6144,1.0,0.9337,21.39,37.6168,17.6954,4.6824,-0.0134,29.609,221.0847,2.848,0.0,29.8753,15.91,8796.38,86.3766,2.0,85.7546,147.1073,0.3001,78.93,0.009,0.1077,3.3808,251.462,불량
0.4782,-0.0114,45.6641,-5415.0,75.5556,-2.222,0.1646,0.177,15.52,776.0,5.6335,15.66,1.012,1.986,0.0169,8.3591,18.95,2.843,1069.0,0.0064,0.81,19.5218,2704.75,11.3561,0.0,1004.8823,1.27,0.9256,22.84,26.5576,14.22,4.6622,-0.0147,26.799,0.0,2.888,0.0,25.2876,14.05,8507.8401,86.9351,2.7,84.3084,145.7764,0.2994,79.94,0.0058,0.1123,3.407,264.272,양품
1.4055,-0.0123,41.5902,-5597.0,72.6111,-2.694,0.0712,0.171,15.66,445.0,5.6146,15.73,0.9176,2.0088,0.0161,8.7597,19.92,3.179,171.0,-0.0198,0.8376,18.5945,2631.5,8.5275,0.0,998.2796,0.98,0.9289,16.71,20.6732,13.2709,4.4994,-0.0678,31.986,0.0,2.932,345.9459,21.2995,16.75,8448.1001,87.0029,2.9,86.7559,146.9045,0.2824,76.87,0.0112,0.1146,3.4623,267.938,양품
-7.0082,-0.0141,48.1416,-5303.0,71.0667,-1.939,0.1083,0.096,15.69,278.0,5.93,15.74,0.9649,2.034,,8.5298,19.68,2.788,423.0,-0.0071,0.8568,27.0082,2463.25,9.6825,0.0,996.0538,0.67,0.9298,17.02,32.7019,17.2482,4.7267,-0.0446,29.558,198.4825,2.768,290.1099,34.3077,17.34,8954.61,86.976,2.6,85.3182,152.8,0.3364,15.69,0.0077,0.1116,3.4879,264.272,양품
1.9336,-0.0128,46.1388,-5447.25,74.4667,-2.742,0.0696,0.144,15.71,815.0,7.201,15.84,1.305,1.9987,0.0147,8.2776,23.89,3.22,410.0,-0.0181,0.828,18.0664,2780.0,5.0037,0.0,1008.6144,1.35,0.9228,18.96,24.3419,11.7563,4.5422,-0.033,22.126,427.1744,2.848,662.8571,22.2958,15.32,8643.1998,86.8475,3.5,85.038,146.51,0.3435,82.25,0.0073,0.1079,3.4607,272.118,불량
6.3491,-0.0084,48.8095,-5606.25,68.0889,0.0473,0.0743,0.122,15.81,411.0,5.7386,15.92,1.201,1.992,,8.8424,17.74,3.102,812.0,-0.0017,0.8285,13.6509,2513.75,5.5609,0.0,1011.3133,1.33,0.9307,11.21,19.8547,7.0232,4.5412,-0.0642,31.134,161.2829,2.931,779.4872,16.3432,14.53,9087.98,86.8271,3.1,86.15,152.3164,0.2634,4.108,0.0094,0.1131,3.4616,275.65,양품
6.2755,-0.013,37.0299,-5631.25,71.4111,-2.033,0.0714,0.111,15.7,510.0,5.0043,15.76,0.8325,2.0212,0.0211,8.5735,18.49,3.008,137.0,-0.0235,0.8121,13.7245,2664.5,6.3515,0.0,996.6092,1.33,0.9307,14.24,11.8854,6.3147,4.5412,-0.0456,34.766,243.9664,2.873,0.0,17.8138,14.53,8625.8699,87.1288,2.6,86.3898,148.34,0.2944,80.69,0.0094,0.1131,3.4604,264.272,양품
5.6364,-0.0131,35.1145,-5632.0,72.7222,0.0,0.104,0.143,15.58,373.0,6.0739,15.67,0.8798,2.0085,0.0391,8.9562,19.92,3.118,1034.0,-0.0328,0.8068,14.3636,2547.0,6.7656,0.0,991.1096,0.86,0.927,13.52,45.2969,7.2835,4.6594,-0.0384,24.384,122.7742,2.825,0.0,18.0983,15.83,9305.4001,86.8401,4.6,85.188,151.4773,0.1556,78.17,0.0106,0.1077,3.4089,264.272,양품
-3.7791,-0.0097,62.6444,-5468.0,72.2889,-2.6,0.0665,0.121,15.78,157.0,6.0095,15.86,1.087,1.9648,0.0,8.8078,19.73,2.819,303.0,-0.0129,0.7696,23.7791,2664.0,8.695,0.0,1006.6856,0.5,0.9325,19.83,40.3621,15.569,4.7143,-0.0869,32.112,197.1374,2.93,0.0,31.1057,17.69,9116.06,86.9208,3.8,84.5333,148.0145,0.4464,,0.0103,0.1166,3.259,254.236,양품
-1.9482,-0.0111,62.4434,-5400.5,75.8889,-2.742,0.0658,0.136,15.71,624.0,7.2899,15.84,1.305,1.9925,,8.3159,22.36,3.22,1006.0,-0.0303,0.828,21.9482,2770.5,8.349,0.0,1008.6144,0.83,0.9213,17.6,15.173,11.0216,4.5458,-0.0346,21.572,737.6108,2.848,608.6957,28.4165,16.27,10090.3301,86.834,1.9,84.2981,149.2982,0.3116,82.21,0.0073,0.1079,3.2819,264.272,양품
1.3282,-0.0048,70.4663,-5651.25,75.6556,-1.088,0.0974,0.147,15.43,620.0,7.782,15.53,0.9507,1.9825,0.0691,8.0787,23.26,2.893,366.0,-0.0294,0.8201,18.6718,2714.5,7.0566,0.0,988.5307,1.6,0.9228,15.09,28.261,12.7173,4.5422,-0.0655,21.173,497.6728,2.848,107.6923,22.9188,12.17,8542.7199,87.1927,2.2,84.0363,146.6591,0.3435,80.44,0.0073,0.1079,3.2953,264.272,양품
0.1536,-0.0125,32.1285,-5528.5,72.7778,-2.6,0.087,0.131,15.78,475.0,5.8572,15.86,1.087,1.9728,,9.4336,18.84,2.819,443.0,-0.0093,0.7696,19.8464,2729.75,9.0718,0.0,1006.6856,1.17,0.9317,15.74,24.9241,13.1809,4.7544,-0.0391,30.48,0.0,2.93,819.0476,26.26,18.61,8848.93,87.4694,3.2,84.6998,153.3418,0.4061,13.97,0.0086,0.1097,3.466,253.846,양품
-1.3127,-0.0112,30.3233,-5863.0,68.3556,-2.128,0.0943,0.116,15.64,179.0,7.6472,15.72,1.021,2.0032,0.019,8.897,24.32,3.283,648.0,-0.0236,0.7931,21.3127,2509.5,7.4262,0.0,993.4794,1.33,0.9197,16.33,20.2196,19.2809,4.5303,-0.0285,20.314,770.1524,2.792,0.0,29.3734,14.53,8488.9701,87.0027,4.0,84.3947,145.6036,0.3171,,0.0116,0.1088,3.5058,249.998,양품
-1.86,-0.0099,52.7919,-5631.75,77.3444,-2.08,0.0609,0.203,15.71,394.0,8.0229,15.79,1.361,2.0172,,8.322,24.52,2.632,956.0,-0.021,0.8405,21.86,2667.5,3.0143,0.0,1007.63,1.69,0.92,16.45,30.8663,17.9545,4.5234,-0.0606,18.855,268.2796,3.087,620.6897,27.0072,19.32,8505.1801,86.7285,2.3,84.3569,147.4309,0.3435,82.3,0.0087,0.1125,3.46,264.272,양품
3.4318,-0.0134,47.0588,-5773.0,75.2556,-2.789,0.0681,0.208,15.78,469.0,6.3314,15.89,1.026,2.0103,0.0311,8.0787,21.01,2.948,1105.0,-0.0139,0.8336,16.5682,2747.75,11.7415,0.0,1009.8944,0.92,0.9213,15.92,16.4282,7.1972,4.5458,-0.0265,20.299,416.9801,2.926,717.9487,21.7987,16.84,8563.3399,87.1927,2.8,84.0363,150.4727,0.2474,80.44,0.0073,0.1079,3.2934,275.244,양품
3.1764,-0.0084,43.9169,-5520.25,75.3667,0.0473,0.0606,0.093,15.73,85.0,7.3032,15.82,1.295,2.004,0.0179,8.1166,22.66,2.923,586.0,-0.0406,0.8343,16.8236,2753.0,7.3282,0.0,1007.144,1.83,0.9224,17.56,23.3287,14.5645,4.5327,-0.0748,19.533,276.7315,2.865,0.0,22.8619,20.64,8267.14,87.1953,1.5,84.9121,149.3373,0.2909,10.24,0.0078,0.1148,3.3736,246.102,양품
-2.3591,-0.0123,33.2657,-5511.0,68.2,-2.694,0.0685,0.206,15.66,185.0,6.1464,15.73,0.9176,1.9808,0.0173,8.8424,18.95,3.179,632.0,-0.0184,0.8376,22.3591,2563.25,10.4395,0.0,998.2796,1.71,0.9222,14.7,22.2905,21.1146,4.5255,-0.0476,17.677,401.8497,2.932,780.0,30.6953,8.76,8603.92,86.8271,3.2,86.15,150.9009,0.3171,4.542,0.0102,0.1138,3.4871,264.272,양품
2.3418,-0.0055,40.0,-5437.25,76.3222,-2.742,0.093,0.25,15.71,557.0,6.91,15.84,1.305,2.0213,,8.1166,24.42,3.22,489.0,-0.0385,0.828,17.6582,2745.25,10.6023,0.0,1008.6144,1.33,0.92,15.76,42.8257,15.4609,4.5234,-0.0182,17.817,424.8835,2.848,0.0,23.6518,14.53,9131.2701,87.1953,1.9,84.9121,147.0627,0.2011,10.24,0.0087,0.1125,3.2582,266.152,양품
-6.0255,-0.0105,63.1579,-5318.5,74.0111,0.0473,0.0915,0.095,15.73,329.0,5.4995,15.82,1.295,1.9605,0.0219,8.9857,19.52,2.923,452.0,-0.0369,0.8343,26.0255,2584.0,6.8826,0.0,1007.144,0.81,0.9334,13.66,13.9568,16.3836,4.5315,-0.0683,25.29,54.9336,2.865,0.0,34.1662,16.81,8597.8801,86.7646,5.6,83.1829,148.3491,0.2474,78.95,0.0073,0.1079,3.3543,264.272,양품
0.1973,-0.0089,68.3473,-5145.25,68.7667,-2.789,0.0638,0.08,15.78,41.0,5.336,15.89,1.026,2.003,,8.8356,15.96,2.948,543.0,-0.0044,0.8336,19.8027,2520.0,6.5293,0.0,1009.8944,0.83,0.9307,16.54,23.6062,10.2612,4.5412,-0.047,31.579,0.0,2.926,0.0,24.0019,20.4,8550.8,86.3856,1.7,86.9779,152.7555,0.262,7.74,0.0094,0.1131,3.3919,264.272,양품
2.0673,-0.0134,32.0,-5605.0,73.5,-3.072,0.0706,0.029,15.69,192.0,5.3866,15.73,0.9649,1.9715,,9.0639,16.92,2.941,214.0,0.0179,0.8238,17.9327,2671.25,8.5395,0.0,998.2901,0.94,0.9337,19.65,36.6246,12.2964,4.6824,-0.0415,27.72,428.584,2.803,0.0,24.3585,23.13,9318.65,86.95,3.9,83.9932,150.2209,0.2454,77.68,0.009,0.1077,3.2302,264.272,양품
,-0.0052,104.8544,-5561.75,72.6,-2.553,0.0817,0.141,15.75,418.0,8.1861,15.84,1.111,1.9998,,8.0787,23.84,3.467,739.0,-0.0104,0.8014,,2762.5,7.6627,0.0,1016.53,1.43,0.9228,,30.4398,,4.5422,-0.029,19.215,,2.917,756.7568,,15.99,9054.8499,87.1927,2.1,84.0363,,0.2211,80.44,0.0073,0.1079,3.4656,264.272,양품
0.2355,-0.0134,65.733,-5050.25,66.2111,-2.789,0.0604,0.173,15.78,175.0,6.932,15.89,1.026,1.996,,8.7782,22.15,2.948,339.0,0.003,0.8336,19.7645,2567.0,10.1078,0.0,1009.8944,1.42,0.9213,29.15,29.9956,18.7318,4.5344,-0.025,20.4579,0.0,2.926,258.5859,30.6311,17.67,8700.5099,86.4258,1.9,86.901,141.17,0.1986,81.4,0.0094,0.1131,3.5526,264.272,양품
-3.01,-0.0095,47.2441,-5190.0,75.2667,-2.317,0.0915,0.137,15.69,785.0,5.1052,15.85,1.617,1.9773,,9.0639,18.04,3.517,1488.0,-0.0166,0.825,23.01,2577.75,6.1632,0.0,1007.6922,1.36,0.9334,17.98,20.6644,11.6391,4.5315,-0.0171,24.069,133.887,3.054,0.0,27.0311,12.6,9226.7602,86.95,4.2,83.9932,149.8673,0.211,77.68,0.0073,0.1079,3.4684,264.272,양품
1.28,-0.0135,39.1505,-5191.5,68.0667,-2.694,0.0744,0.102,15.66,219.0,7.9906,15.73,0.9176,2.0042,0.0306,8.7782,23.16,3.179,361.0,-0.0129,0.8376,18.72,2460.0,6.3935,0.0,998.2796,1.33,0.9213,18.99,37.3504,16.23,4.5344,-0.0531,18.525,902.3438,2.932,0.0,24.0616,14.53,8924.7099,86.4258,2.9,86.901,146.3645,0.1986,81.4,0.0094,0.1131,3.4361,251.174,양품
2.2009,-0.01,31.8804,-5422.25,69.1556,-2.128,0.0786,0.173,15.64,560.0,5.8383,15.72,1.021,1.9712,,8.8356,19.21,3.283,212.0,-0.0275,0.7931,17.7991,2755.75,6.9207,0.0,993.4794,0.66,0.9324,19.74,25.7881,13.5236,4.5386,-0.0352,33.099,288.9712,2.792,711.1111,22.4948,17.17,8478.5301,86.3856,0.8,86.9779,152.6282,0.2824,7.74,0.0079,0.1078,3.4807,273.0,양품
-3.0055,-0.0095,52.8402,-5459.75,70.8667,-1.939,0.0743,0.119,15.69,487.0,6.2505,15.74,0.9649,2.0095,,8.7597,20.52,2.788,841.0,-0.0293,0.8568,23.0055,2712.0,8.2379,0.0,996.0538,1.0,0.9316,16.27,12.7111,10.5443,4.7136,-0.0349,30.586,247.8822,2.768,586.6667,28.1353,15.91,8805.1702,87.0029,2.7,86.7559,148.0582,0.3001,76.87,0.0086,0.1097,3.4173,,불량
-1.0982,-0.0097,44.4444,-5705.5,73.2,-0.2365,0.1005,0.214,15.96,671.0,5.1073,15.94,1.087,1.9912,,8.2914,14.16,4.232,1239.0,-0.0229,0.733,21.0982,2666.0,9.7019,0.0,1006.7274,0.47,0.9278,14.89,16.6099,10.2756,4.4676,-0.0146,23.371,662.0033,2.531,0.0,26.3762,19.65,8598.67,86.5211,2.4,83.4425,143.9355,0.2467,80.39,0.0115,0.1094,3.3713,264.272,양품
-2.0309,-0.0063,77.4704,-5912.0,75.3222,-0.2365,0.0638,0.115,15.96,312.0,5.8705,15.94,1.087,1.9745,,8.322,17.91,4.232,1027.0,-0.0307,0.733,22.0309,2685.75,11.3688,0.0,1006.7274,1.18,0.9281,19.0,27.7642,15.7082,4.5226,-0.0123,22.631,180.2149,2.531,0.0,29.4042,17.75,8877.1101,86.7285,2.1,84.3569,142.1445,0.2378,82.3,0.0076,0.1142,3.3713,256.85,양품
-6.6464,-0.009,42.2222,-5441.25,70.9778,-0.2365,0.068,0.104,15.96,262.0,6.035,15.94,1.087,1.9712,,8.8215,19.54,4.232,305.0,-0.0237,0.733,26.6464,2450.5,10.9096,0.0,1006.7274,1.25,0.9316,21.88,27.3488,15.2391,4.5217,-0.0176,32.376,236.6708,2.531,941.1765,34.2167,10.5,8706.1498,86.4386,2.2,85.9331,151.1209,0.2848,81.31,0.0118,0.1153,3.3168,269.226,양품
-0.5455,-0.0088,50.2857,-5711.75,69.7778,-0.2365,0.0798,0.142,15.96,86.0,5.3896,15.94,1.087,2.0228,,8.8581,17.68,4.232,1113.0,-0.016,0.733,20.5455,2497.5,9.3998,0.0,1006.7274,0.87,0.9356,18.39,26.9745,20.41,4.7218,-0.0185,24.658,0.0,2.531,376.8595,31.2819,16.23,8487.45,86.9034,2.8,84.052,144.2791,0.2428,13.6,0.0123,0.1164,3.3779,272.918,양품
-7.1518,-0.0085,52.7859,-5545.25,67.1667,-0.2365,0.0671,0.141,15.96,225.0,5.3458,15.94,1.087,2.022,,8.7556,17.7,4.232,755.0,-0.0347,0.733,27.1518,2641.75,9.6727,0.0,1006.7274,1.05,0.9291,22.75,23.3956,14.98,4.6328,-0.0098,32.234,55.2307,2.531,0.0,32.1743,18.8,8631.2901,86.5808,2.2,85.549,150.3618,0.1785,8.532,0.0105,0.1142,3.3881,264.272,양품
-6.3845,-0.0052,66.6667,-5316.25,69.6333,0.0,0.113,0.101,16.02,422.0,4.6711,15.99,1.031,1.9758,0.0407,8.662,15.3,4.005,411.0,-0.0091,0.7672,26.3845,2551.0,10.8924,0.0,1011.4203,1.36,0.9316,18.97,25.3694,17.8509,4.5217,-0.0143,31.776,187.1705,2.577,310.5882,35.0053,11.25,9066.5899,86.2277,1.7,85.9801,147.3127,0.2848,81.32,0.0118,0.1153,3.381,264.272,양품
-0.1545,-0.0056,62.5,-5560.25,74.0667,-0.2365,0.0695,0.182,15.96,710.0,6.3852,15.94,1.087,1.9962,0.0184,9.4749,22.24,4.232,896.0,-0.049,0.733,20.1545,2619.5,9.6812,0.0,1006.7274,1.92,0.9318,15.49,24.0691,7.5108,4.5499,-0.031,31.165,0.0,2.531,800.0,26.2155,15.65,9191.3301,87.4597,2.8,86.4072,146.85,0.2796,79.79,0.0089,0.1141,3.4526,264.272,양품
-1.4327,-0.0126,41.3519,-5357.25,67.2667,-3.072,0.0474,0.049,15.69,166.0,5.7741,15.73,0.9649,1.9857,0.0658,8.7646,20.58,2.941,958.0,-0.0222,0.8238,21.4327,2528.25,6.1446,0.0,998.2901,1.33,0.9334,18.35,23.1545,11.3285,4.5315,-0.0449,23.169,637.2462,2.803,836.9231,29.6922,14.53,9098.07,86.3742,2.5,86.2967,150.5173,0.2474,79.61,0.0085,0.115,3.2946,253.14,양품
-5.65,-0.0102,58.8957,-5100.0,73.0556,0.0,0.1154,0.184,16.02,151.0,4.8158,15.99,1.031,1.9768,0.0202,8.8097,15.96,4.005,334.0,-0.0437,0.7672,25.65,2514.5,8.9973,0.0,1011.4203,0.8,0.9331,16.0,12.961,12.3746,4.4932,-0.0814,22.365,68.3186,2.577,0.0,31.1416,19.06,9019.6201,86.7776,3.9,85.04,147.7645,0.2234,80.46,0.0077,0.1116,3.4772,251.964,양품
0.6573,-0.0091,42.9161,-5498.75,73.8111,0.2838,0.0886,0.134,16.07,304.0,7.7816,16.03,1.286,2.0092,0.0212,8.5298,25.52,4.137,729.0,-0.0271,0.7772,19.3427,2764.75,9.4033,0.0,1012.9091,1.76,0.9224,13.1,41.1981,18.92,4.5319,-0.0319,18.145,0.0,2.589,0.0,26.5918,17.07,8660.7402,86.976,3.1,85.3182,150.7373,0.3885,15.69,0.0099,0.1134,3.5234,279.274,양품
-1.9727,-0.012,53.3333,-5597.75,74.0667,0.2838,0.0586,0.147,16.07,114.0,5.9509,16.03,1.286,1.9697,,8.3808,20.53,4.137,608.0,-0.0397,0.7772,21.9727,2460.25,9.689,0.0,1012.9091,1.33,0.9325,20.05,27.0695,12.0643,4.5209,-0.0241,31.874,524.6544,2.589,0.0,29.0827,14.53,8533.8,86.625,2.6,83.7266,146.7809,0.2848,79.55,0.0117,0.1121,3.3616,264.272,양품
5.0691,-0.0111,43.9462,-5138.5,67.4444,0.2838,0.0688,0.165,16.07,203.0,6.2114,16.03,1.286,1.9995,,8.7782,19.81,4.137,1524.0,-0.0311,0.7772,14.9309,2474.5,10.8455,0.0,1012.9091,1.33,0.9307,14.72,28.2506,6.5395,4.5412,-0.0241,32.328,208.3214,2.589,0.0,18.6295,14.53,8905.4999,86.4258,2.2,86.901,150.9927,0.2944,81.4,0.0094,0.1131,3.3691,272.312,양품
-0.5127,-0.0095,35.7424,-5552.0,67.7889,0.9934,0.0641,0.167,15.77,636.0,5.049,15.78,0.7474,1.9828,,8.7037,16.05,2.803,925.0,-0.0185,0.8435,20.5127,2707.75,9.9009,0.0,1001.4982,0.79,0.9258,18.92,22.2875,13.4172,4.4997,-0.052,22.239,0.0,2.964,892.3077,27.8596,23.43,8683.9599,86.4476,1.9,85.4344,148.6782,0.2848,8.243,0.0118,0.1153,3.4568,264.272,양품
4.1591,-0.01,55.0,-5523.25,67.3889,0.9934,0.0636,0.177,15.77,835.0,6.1122,15.78,0.7474,1.9923,0.0261,8.7402,19.97,2.803,215.0,-0.0248,0.8435,15.8409,2633.75,12.7077,0.0,1001.4982,0.82,0.9329,23.46,37.3314,14.1155,4.5217,-0.0749,29.141,484.0,2.964,947.3684,20.1913,14.95,8842.4501,86.3766,2.3,85.7546,152.0736,0.2824,78.93,0.0099,0.1134,3.4099,264.272,양품
3.1373,-0.0085,43.6578,-5609.5,73.5222,0.9934,0.1098,0.24,15.77,745.0,4.8794,15.78,0.7474,1.9567,,8.3808,16.21,2.803,773.0,-0.0342,0.8435,16.8627,2566.5,11.0475,0.0,1001.4982,1.33,0.9273,20.34,28.8599,12.9164,4.6842,-0.046,27.761,204.6363,2.964,0.0,23.4301,14.53,9173.2201,86.625,3.4,83.7266,147.78,0.2796,79.55,0.0117,0.1121,3.5302,264.272,양품
3.8682,-0.0075,210.596,-5261.25,71.4889,0.2838,0.0707,0.151,16.07,356.0,4.9534,16.03,1.286,1.9968,0.0238,8.8356,15.09,4.137,686.0,-0.0271,0.7772,16.1318,2605.0,8.6579,0.0,1012.9091,1.33,0.9273,23.86,33.2996,14.3118,4.6842,-0.0498,27.578,244.0423,2.589,800.0,21.8389,14.53,8722.9301,86.3856,2.8,86.9779,146.0955,0.1416,7.74,0.0117,0.1121,3.5442,277.378,불량
-5.4145,-0.0087,72.3099,-5370.5,70.0444,-0.1419,0.0852,0.185,15.98,296.0,6.715,15.93,1.135,1.9868,,8.8215,19.51,4.333,406.0,-0.0076,0.7284,25.4145,2451.75,4.4051,0.0,1007.066,0.55,0.9211,24.21,19.9872,14.8328,4.5423,-0.0288,18.84,238.2471,2.545,0.0,33.6765,20.9,9801.6499,86.4386,2.1,85.9331,144.4882,0.2492,81.31,0.0092,0.1145,3.3289,264.272,양품
-0.6818,-0.0093,47.3755,-5215.5,68.0778,-0.1419,0.0626,0.122,15.98,409.0,6.2991,15.93,1.135,1.9882,,8.7646,18.66,4.333,748.0,-0.0297,0.7284,20.6818,2540.75,6.4183,0.0,1007.066,1.44,0.9215,14.36,36.9903,9.6229,4.5348,-0.0211,16.446,0.0,2.545,0.0,27.4383,15.94,8462.8999,86.6219,2.8,84.0399,146.2373,0.2678,80.66,0.0107,0.1145,3.5114,256.006,양품
4.6891,-0.0088,52.4964,-5743.25,72.4667,-0.1419,0.0701,0.096,15.98,328.0,8.0684,15.93,1.135,2.0115,,8.8355,27.75,4.333,727.0,-0.0392,0.7284,15.3109,2573.0,7.9279,0.0,1007.066,1.02,0.9329,10.82,53.9906,5.5133,4.5217,-0.0226,56.49,528.0341,2.545,697.8723,14.606,19.08,8921.1,86.9761,3.1,86.4585,155.6755,0.1474,76.44,0.0099,0.1134,3.2646,265.8,양품
0.7736,-0.0138,23.8914,-5398.0,75.9667,0.9934,0.0744,0.105,15.77,338.0,8.6759,15.78,0.7474,1.993,,8.322,25.38,2.803,499.0,-0.0028,0.8435,19.2264,2708.0,6.1055,0.0,1001.4982,1.33,0.9224,16.87,18.7802,12.3363,4.5156,-0.0853,17.837,0.0,2.964,0.0,23.1861,14.53,9001.93,86.7285,3.4,84.3569,147.2082,0.1986,82.3,0.0112,0.1146,3.4288,272.904,양품
-0.7109,-0.0139,44.0036,-4995.75,67.1667,0.2838,0.0958,0.163,16.07,468.0,7.3623,16.03,1.286,1.9987,0.015,8.7037,23.86,4.137,1116.0,-0.0398,0.7772,20.7109,2668.25,9.4857,0.0,1012.9091,1.32,0.9226,19.83,16.697,18.4018,4.5365,-0.0173,17.753,0.0,2.589,0.0,28.6167,13.71,8915.4501,86.4476,2.1,85.4344,145.7336,0.1474,8.243,0.0089,0.1162,3.3774,250.364,양품
3.1527,-0.0076,59.5041,-5672.0,68.4556,-0.1419,0.0639,0.08,15.98,430.0,6.9611,15.93,1.135,2.0037,,8.897,21.34,4.333,262.0,-0.0211,0.7284,16.8473,2565.0,5.9659,0.0,1007.066,1.33,0.9197,19.35,31.2286,14.9095,4.5303,-0.0618,17.654,357.1511,2.545,0.0,22.7886,14.53,8721.5101,87.0027,2.9,84.3947,146.2609,0.1474,,0.0116,0.1088,3.2656,264.272,양품
,-0.0109,68.5714,-5521.0,69.5333,0.2838,0.0948,0.105,16.07,300.0,6.0254,16.03,1.286,2.013,,8.662,17.61,4.137,770.0,-0.0135,0.7772,,2617.5,8.4018,0.0,1012.9091,1.16,0.9325,,24.7809,,4.567,-0.024,31.556,,2.589,0.0,,17.16,8813.73,86.2277,2.7,85.9801,,1.0166,81.32,0.0107,0.1145,3.3552,270.768,양품
-3.8864,-0.0084,28.614,-5627.25,74.5444,1.513,0.0806,0.193,15.69,451.0,5.3752,15.71,0.7379,1.9995,0.0246,8.2776,15.56,3.929,752.0,-0.0218,0.7304,23.8864,2795.25,5.0482,0.0,999.6703,2.33,0.9323,20.74,22.4149,13.7718,4.5263,-0.0359,30.921,235.1816,3.856,0.0,30.9873,10.9,9134.2199,86.8475,2.8,85.038,145.2391,0.3561,82.25,0.01,0.1151,3.4212,264.272,양품
-6.8764,-0.007,76.1221,-5729.5,70.9556,-0.1419,0.0668,0.07,15.98,471.0,6.6633,15.93,1.135,1.9923,,8.6556,20.2,4.333,1193.0,-0.0365,0.7284,26.8764,2701.0,4.9494,0.0,1007.066,0.68,0.9052,21.77,24.4516,17.4437,4.5622,-0.0282,20.297,150.8065,2.545,0.0,36.283,13.93,9082.6601,86.3125,2.1,85.5439,153.9027,0.3876,81.73,0.0069,0.1127,3.3859,279.076,양품
-0.3955,-0.0071,50.9735,-5346.25,67.0222,-0.1419,0.0757,0.168,15.98,401.0,5.1124,15.93,1.135,1.99,,8.7326,14.87,4.333,657.0,-0.0414,0.7284,20.3955,2472.75,6.5794,0.0,1007.066,1.17,0.9291,19.84,49.3896,15.5427,4.6328,-0.0196,30.272,0.0,2.545,0.0,27.2417,13.64,8748.95,86.441,2.5,85.4593,148.1055,0.7033,78.98,0.0105,0.1142,3.3338,277.948,양품
0.1364,-0.0098,28.4987,-5129.25,71.8778,0.9934,0.071,0.171,15.77,580.0,6.3654,15.78,0.7474,1.9995,,8.8356,19.38,2.803,557.0,-0.0208,0.8435,19.8636,2442.75,10.2424,0.0,1001.4982,0.32,0.9224,15.12,48.5444,14.3136,4.5319,-0.0659,18.392,0.0,2.964,0.0,23.9046,14.39,8845.25,86.3856,2.6,86.9779,155.1527,0.1474,7.74,0.0101,0.1108,3.5756,265.642,불량
0.5536,-0.0085,29.4551,-5341.5,76.3333,-0.1419,0.0767,0.102,15.98,798.0,7.0671,15.93,1.135,1.9725,0.0206,9.1141,22.23,4.333,883.0,-0.0107,0.7284,19.4464,2769.25,7.6207,0.0,1007.066,1.33,0.9316,19.32,26.4448,10.3957,4.5817,-0.0154,29.304,0.0,2.545,0.0,24.5095,14.53,9322.9499,87.2937,2.5,84.7662,145.4782,0.2492,81.56,0.0092,0.1145,3.5454,267.228,양품
3.2573,-0.0056,68.0089,-5290.5,68.2,-0.1419,0.1234,0.1,15.98,339.0,7.8759,15.93,1.135,1.9935,0.0251,8.9979,24.1,4.333,672.0,-0.0156,0.7284,16.7427,2712.25,6.0322,0.0,1007.066,1.05,0.9179,24.62,41.344,15.8055,4.5201,-0.0107,20.046,240.0781,2.545,914.2857,23.7121,13.65,8328.27,86.4854,3.0,84.8185,144.7682,0.3602,78.42,0.0071,0.1148,3.4334,254.414,양품
0.8527,-0.0126,56.3492,-5475.5,70.5556,0.9934,0.0707,0.058,15.77,276.0,7.2906,15.78,0.7474,2.0395,,9.3868,23.35,2.803,363.0,-0.0168,0.8435,19.1473,2520.5,6.8612,0.0,1001.4982,1.33,0.9226,13.92,28.9045,12.8818,4.5365,-0.0744,18.446,0.0,2.964,0.0,23.5717,14.53,8636.1101,87.4684,3.1,86.5682,150.6445,0.2824,80.46,0.0089,0.1162,3.405,264.272,불량
-5.7091,-0.0057,95.8606,-5333.0,68.0778,0.2838,0.5164,0.112,16.07,355.0,5.2764,16.03,1.286,1.9832,,8.8105,15.83,4.137,208.0,-0.0224,0.7772,25.7091,2712.75,9.1265,0.0,1012.9091,1.33,0.9323,27.18,25.0847,17.1627,4.5195,-0.0189,25.706,131.5446,2.589,390.4762,33.6506,14.53,8952.2602,86.7128,2.1,86.9432,141.1236,0.1416,80.84,0.007,0.1125,3.4367,278.998,불량
3.0718,-0.0113,34.6667,-5524.5,73.6667,1.419,0.0609,0.235,15.75,469.0,4.7517,15.78,0.7048,1.9748,,8.2914,16.05,3.029,884.0,0.001,0.821,16.9282,2797.75,8.9074,0.0,999.5619,1.05,0.9273,20.09,11.5422,14.9345,4.6842,-0.0469,27.205,136.0758,3.063,0.0,24.0276,18.78,8078.2,86.5211,1.2,83.4425,145.9755,0.2796,80.39,0.0117,0.1121,3.4167,270.158,양품
4.9382,-0.0103,39.7094,-5324.5,69.0667,1.419,0.0605,0.171,15.75,201.0,5.1804,15.78,0.7048,2.01,,8.7037,15.36,3.029,1031.0,-0.0064,0.821,15.0618,2384.75,12.4204,0.0,999.5619,1.68,0.9273,20.86,41.0058,12.0709,4.6842,-0.0737,27.553,151.4728,3.063,0.0,18.8532,19.14,8865.8501,86.4476,1.5,85.4344,148.47,0.6234,8.243,0.0117,0.1121,3.5176,273.856,양품
2.8727,-0.0136,27.1311,-5662.0,69.9333,-2.033,0.0631,0.136,15.7,376.0,7.259,15.76,0.8325,2.0205,0.0183,8.8355,23.07,3.008,256.0,-0.0408,0.8121,17.1273,2588.0,5.8585,0.0,996.6092,1.33,0.9289,19.09,15.5744,10.3651,4.4902,-0.0512,33.949,560.0949,2.873,0.0,20.3804,14.53,8768.3301,86.9761,2.9,86.4585,145.3182,0.2634,76.44,0.0116,0.1088,3.4709,258.188,양품
-0.63,-0.0114,24.5077,-5826.0,71.8333,0.5204,0.0943,0.04,16.01,370.0,7.4976,15.95,1.144,1.9765,0.0317,8.8355,25.75,4.269,669.0,0.0005,0.6778,20.63,2695.25,4.7431,0.0,1009.9953,1.29,0.9289,18.0,39.5184,11.7427,4.4902,-0.0675,32.067,0.0,2.58,0.0,24.6661,17.94,9050.7801,86.9761,2.3,86.4585,144.9664,0.2824,76.44,0.0116,0.1088,3.4242,264.272,양품
-1.4355,-0.0119,26.0504,-5219.5,68.4333,1.419,0.0787,0.082,15.69,309.0,8.2179,15.7,0.8089,1.9733,0.0139,9.7137,26.41,2.626,289.0,0.0008,0.8557,21.4355,2591.5,6.4474,0.0,995.0191,1.42,0.9319,14.62,41.2868,10.4004,4.5373,0.0024,26.964,385.9405,2.971,0.0,26.1117,16.12,9028.0601,86.9537,2.6,85.9501,145.7855,1.2041,81.46,0.0116,0.1178,3.4547,252.234,양품
3.7136,-0.0107,44.9649,-5329.75,73.6889,1.419,0.0841,0.191,15.75,608.0,5.6708,15.78,0.7048,1.958,,8.2345,17.8,3.029,1200.0,-0.0332,0.821,16.2864,2494.0,6.5963,0.0,999.5619,1.87,0.9325,13.16,17.1568,9.1571,4.5209,-0.0743,33.142,280.3182,3.063,606.4516,22.1972,18.71,8432.97,86.6958,3.3,85.3996,144.7064,0.2848,79.7,0.0099,0.1115,3.3116,264.272,양품
1.04,-0.0111,36.8126,-5621.0,72.3778,1.419,0.064,0.117,15.75,358.0,7.7467,15.78,0.7048,1.963,0.017,8.8355,24.29,3.029,801.0,-0.0156,0.821,18.96,2686.0,5.7562,0.0,999.5619,0.71,0.9197,27.66,24.5921,18.1582,4.5303,-0.032,18.506,0.0,3.063,933.3333,26.2629,18.63,8840.6101,86.9761,2.3,86.4585,143.6464,0.2588,76.44,0.0116,0.1088,3.3126,264.272,양품
-3.0909,-0.0053,81.3239,-5248.75,68.7222,1.513,0.0689,0.053,15.69,253.0,5.5404,15.71,0.7379,2.003,,8.7556,17.61,3.929,652.0,0.0028,0.7304,23.0909,2637.75,5.5141,0.0,999.6703,0.78,0.9281,20.46,49.5001,13.4927,4.5226,-0.0123,22.428,318.0294,3.856,356.7568,30.5174,20.32,9015.3201,86.5808,2.1,85.549,141.7455,0.1416,8.532,0.0117,0.1121,3.3631,264.272,양품
-1.41,-0.0129,45.5598,-5329.0,70.1667,1.419,0.0708,0.156,15.75,321.0,7.9791,15.78,0.7048,2.0025,,9.534,24.94,3.029,1179.0,-0.0006,0.821,21.41,2486.75,10.9736,0.0,999.5619,1.33,0.9225,15.01,50.4408,13.91,4.5323,-0.0558,18.68,867.3759,3.063,0.0,27.4041,14.53,8831.8802,86.2809,2.4,84.7391,144.6245,0.3561,77.34,0.0088,0.1087,3.5206,255.104,양품
-0.0182,-0.0084,49.9257,-5759.5,73.2778,1.513,0.0662,0.053,15.69,356.0,5.4564,15.71,0.7379,1.9973,0.0141,21.5944,16.84,3.929,1054.0,-0.0236,0.7304,20.0182,2634.75,9.0629,0.0,999.6703,1.33,0.9289,18.05,18.5965,9.1362,4.4994,-0.0591,30.761,0.0,3.856,0.0,23.1901,14.53,7762.22,86.9799,3.3,99.771,148.0009,0.1474,81.76,0.0112,0.1146,3.4373,264.272,양품
2.9282,-0.0086,52.0231,-5345.25,68.4333,0.5204,0.1124,0.251,16.01,373.0,5.4921,15.95,1.144,2.0075,,9.534,18.17,4.269,2290.0,-0.005,0.6778,17.0718,2529.0,11.7457,0.0,1009.9953,0.55,0.9327,17.01,13.0192,9.5985,4.554,-0.0649,22.517,234.2751,2.58,0.0,23.905,16.83,8078.23,86.2809,2.8,84.7391,147.6136,0.3561,77.34,0.0116,0.1099,3.3061,272.796,양품
3.8882,-0.009,33.2871,-5469.5,67.8,0.5204,0.1282,0.121,16.01,183.0,5.7088,15.95,1.144,1.9777,0.0208,8.7037,18.13,4.269,883.0,-0.0132,0.6778,16.1118,2607.25,9.8935,0.0,1009.9953,0.89,0.9324,17.82,43.7487,9.6162,4.5386,-0.0488,31.732,370.3531,2.58,800.0,18.7085,14.19,8866.5102,86.4476,2.3,85.4344,154.6355,0.3068,8.243,0.0075,0.1153,3.4639,268.058,불량
-3.5727,-0.0082,62.0061,-5867.5,70.8444,0.5204,0.064,0.254,16.01,1123.0,8.666,15.95,1.144,2.0223,,9.0447,23.61,4.269,1123.0,-0.0028,0.6778,23.5727,2740.25,9.8188,0.0,1009.9953,0.96,0.9225,19.22,47.8616,10.8718,4.5323,-0.0649,17.355,357.43,2.58,467.4157,30.7204,19.31,8621.7699,86.2033,1.9,84.6724,144.5136,0.3561,82.4,0.0088,0.1087,3.4253,271.574,양품
0.1627,-0.0093,35.2941,-5326.5,68.2444,1.419,0.0648,0.029,15.75,393.0,7.4082,15.78,0.7048,1.9988,0.0233,8.6472,23.69,3.029,1116.0,0.0021,0.821,19.8373,2599.5,5.9385,0.0,999.5619,0.86,0.9222,19.9,22.2221,14.6191,4.5255,-0.0505,17.43,0.0,3.063,0.0,23.4468,14.58,8646.3799,86.5763,1.8,85.0041,149.7164,0.0956,80.95,0.0089,0.1092,3.3762,264.272,양품
1.7909,-0.0097,34.0645,-5224.25,70.0222,0.5204,0.0709,0.201,16.01,806.0,7.3295,15.95,1.144,1.999,,9.534,20.72,4.269,599.0,-0.0043,0.6778,18.2091,2790.0,6.8766,0.0,1009.9953,0.77,0.9225,22.61,15.9979,10.2437,4.5323,-0.0638,20.866,953.7056,2.58,218.8679,21.7279,19.92,8527.2,86.2809,4.2,84.7391,150.0891,0.2919,77.34,0.0088,0.1087,3.5104,279.696,양품
-2.4818,-0.0091,49.2476,-5719.0,72.0111,0.5204,0.0615,0.111,16.01,487.0,5.1999,15.95,1.144,1.9865,,8.2914,17.88,4.269,248.0,-0.0046,0.6778,22.4818,2684.0,5.7745,0.0,1009.9953,1.25,0.9327,17.57,31.6754,11.2827,4.554,-0.0565,22.478,303.4066,2.58,0.0,30.222,13.24,8797.9399,86.5211,3.1,83.4425,146.9809,0.3561,80.39,0.012,0.1141,3.3646,268.894,양품
0.67,-0.0119,60.5042,-5432.0,70.2556,-0.5204,0.073,0.114,16.08,318.0,5.31,16.02,1.154,1.9895,,9.0402,14.78,4.253,1713.0,-0.0039,0.7492,19.33,2609.75,6.7134,0.0,1015.5678,1.33,0.9323,13.72,32.1573,7.4813,4.5467,-0.0649,27.991,535.8209,2.627,400.0,23.9156,14.53,9291.4401,85.9998,3.1,84.7632,149.37,0.794,8.438,0.0074,0.1096,3.3082,253.614,양품
1.7273,-0.0124,21.8402,-5242.75,67.4222,-0.5204,0.0663,0.171,16.08,227.0,5.821,16.02,1.154,2.01,,9.0402,22.02,4.253,216.0,-0.0102,0.7492,18.2727,2550.25,6.7114,0.0,1015.5678,1.12,0.9323,15.52,32.6879,6.9615,4.5467,-0.0411,29.435,324.7895,2.627,556.5217,22.174,6.21,8237.8599,85.9998,3.2,84.7632,148.9009,1.2041,8.438,0.0074,0.1096,3.2506,256.8,양품
1.8609,-0.0092,61.8725,-5603.75,74.6556,1.419,0.0639,0.258,15.75,754.0,4.9588,15.78,0.7048,1.9958,0.0219,8.8097,17.99,3.029,870.0,-0.0034,0.821,18.1391,2665.25,12.3771,0.0,999.5619,0.69,0.9331,17.3,14.495,7.1114,4.4932,-0.0457,29.464,808.2071,3.063,0.0,22.7275,20.48,8901.3802,86.7776,4.3,85.04,149.1073,0.4359,80.46,0.0079,0.1135,3.3371,264.272,양품
2.5055,-0.0077,29.6774,-5294.5,73.9,0.5204,0.068,0.1,16.01,411.0,8.2205,15.95,1.144,2.001,,8.5298,25.81,4.269,666.0,-0.0276,0.6778,17.4945,2475.5,9.0685,0.0,1009.9953,1.33,0.9222,15.59,29.3356,17.6454,4.5255,-0.041,19.057,470.1742,2.58,567.0886,24.0673,14.53,8612.48,86.976,2.0,85.3182,151.0173,0.1474,15.69,0.0102,0.1138,3.5428,264.272,양품
1.9764,-0.0138,40.0,-5575.0,71.6,1.419,0.0581,0.083,15.75,419.0,6.9554,15.78,0.7048,2.003,,13.5481,21.45,3.029,603.0,-0.0022,0.821,18.0236,2515.0,5.7019,0.0,999.5619,0.69,0.9179,18.49,16.4042,18.3982,4.5201,-0.0596,19.316,551.5179,3.063,392.4528,25.3216,18.91,8543.79,86.8485,4.3,85.3687,144.7736,0.2474,80.27,0.0098,0.1156,3.3361,271.778,양품
3.3064,-0.0084,34.4725,-5544.0,68.0,1.419,0.0833,0.123,15.69,519.0,5.3497,15.7,0.8089,1.9865,,9.2064,19.92,2.626,125.0,0.0128,0.8557,16.6936,2708.25,5.8801,0.0,995.0191,0.64,0.9325,18.51,22.6387,10.4755,4.2373,-0.024,25.884,124.6082,2.971,897.561,23.6178,19.36,9365.12,86.233,2.7,84.4782,148.2664,0.3375,79.12,0.0117,0.1086,3.1936,264.272,양품
-2.1009,-0.0064,77.0138,-5224.5,67.9222,1.419,0.0827,0.093,15.69,487.0,5.5107,15.7,0.8089,1.972,,8.7556,19.97,2.626,763.0,-0.0208,0.8557,22.1009,2650.5,9.9245,0.0,995.0191,1.33,0.9323,15.21,49.5239,8.2235,4.5323,-0.0075,25.889,480.7441,2.971,556.5217,26.8251,14.53,8718.7999,86.5808,1.8,85.549,147.1909,0.3249,8.532,0.012,0.1141,3.3046,256.472,양품
0.7864,-0.0084,64.3815,-5307.75,70.1778,1.419,0.0692,0.091,15.69,672.0,5.4234,15.7,0.8089,1.971,,8.8973,14.73,2.626,571.0,-0.0143,0.8557,19.2136,2633.25,4.9651,0.0,995.0191,0.92,0.9201,15.33,20.1254,12.6175,4.5499,-0.0136,20.094,0.0,2.971,0.0,23.1222,17.59,8890.0601,86.4023,2.0,84.6927,152.5382,0.2678,80.92,0.0123,0.1138,3.3611,277.982,양품
0.9573,-0.0093,63.4409,-5663.5,68.5889,0.5204,0.0677,0.149,16.01,240.0,5.8239,15.95,1.144,1.9698,,8.8356,18.24,4.269,448.0,-0.0053,0.6778,19.0427,2666.5,11.9039,0.0,1009.9953,1.02,0.9324,23.44,33.7616,18.3273,4.5386,-0.065,32.063,930.7692,2.58,0.0,28.1684,17.52,8548.33,86.3856,1.8,86.9779,151.1527,0.3068,7.74,0.0079,0.1078,3.5189,264.272,양품
0.2236,-0.008,73.5202,-5542.75,72.9667,0.5204,0.0735,0.159,16.01,132.0,6.8055,15.95,1.144,1.9585,,8.3808,21.05,4.269,870.0,-0.0357,0.6778,19.7764,2544.25,9.4057,0.0,1009.9953,0.54,0.9325,13.18,26.47,11.3066,4.5209,-0.0665,27.375,0.0,2.58,0.0,25.9046,18.86,9005.66,86.625,2.6,83.7266,145.8136,0.2848,79.55,0.0099,0.1115,3.4558,255.872,양품
3.4845,-0.013,49.1835,-5709.75,68.7111,0.9461,0.0948,0.146,15.62,281.0,6.6303,15.64,0.8514,2.0047,,9.0402,26.84,2.992,1100.0,-0.0294,0.7573,16.5155,2708.75,10.3421,0.0,994.3752,1.3,0.9325,9.01,35.6697,5.8936,4.5525,-0.0598,27.8,176.2066,2.976,284.4444,21.0446,11.72,8409.58,85.9998,3.4,84.7632,146.8055,0.2753,8.438,0.0083,0.1148,3.4319,264.272,양품
-0.1891,-0.011,46.3636,-5834.75,72.7556,-0.7569,0.0698,0.25,16.07,461.0,7.1829,16.02,1.281,1.9625,,8.2914,21.79,4.25,894.0,0.0011,0.7403,20.1891,2567.25,5.4697,0.0,1013.4306,1.33,0.9278,13.8,17.3811,7.9109,4.4676,-0.0392,19.119,0.0,2.608,0.0,25.4798,14.53,8695.92,86.5211,3.8,83.4425,146.24,0.2848,80.39,0.0115,0.1094,3.2882,273.162,양품
-5.55,-0.0078,39.6166,-5477.0,70.5333,-0.7569,0.09,0.229,16.07,341.0,5.9541,16.02,1.281,1.9777,,8.8215,18.58,4.25,343.0,-0.0127,0.7403,25.55,2498.5,4.7099,0.0,1013.4306,0.65,0.9323,20.5,30.1816,18.3263,4.5195,-0.0334,25.124,104.5045,2.608,0.0,33.3616,15.79,9578.7899,86.4386,2.5,85.9331,143.07,0.228,81.31,0.007,0.1125,3.4486,264.272,양품
0.7955,-0.0065,41.8605,-5241.5,67.6889,-1.83,0.0796,0.174,16.09,510.0,5.9205,16.07,1.757,1.9947,,8.8909,16.37,4.684,697.0,-0.012,0.7182,19.2045,2572.0,4.7662,0.0,1013.1402,0.91,0.9318,14.4,17.896,8.2729,4.5499,-0.0028,33.7549,0.0,2.734,886.4865,25.1914,19.78,8818.1301,86.5543,2.4,84.4668,143.2836,0.2796,80.01,0.0089,0.1141,3.4542,264.272,양품
1.5036,-0.0136,51.3291,-5095.0,69.4222,2.458,0.072,0.193,15.61,248.0,5.4847,15.65,1.097,1.9872,,8.3383,18.92,3.217,774.0,-0.0336,0.8346,18.4964,2412.0,7.9638,0.0,992.8867,1.33,0.9347,12.15,23.5649,8.7662,4.535,-0.0411,25.269,273.3374,2.982,746.6667,25.3099,14.53,8493.8199,86.9421,2.2,86.1383,147.7473,0.2392,78.38,0.0087,0.1143,3.4786,264.272,양품
-0.3445,-0.0125,46.493,-5356.25,67.5556,2.458,0.0572,0.126,15.61,214.0,7.0692,15.65,1.097,1.99,,9.7137,21.9,3.217,1221.0,-0.0243,0.8346,20.3445,2585.75,8.5854,0.0,992.8867,0.23,0.9225,13.72,24.5535,19.4118,4.5689,0.0023,15.091,0.0,2.982,705.0847,28.4429,19.56,8790.25,86.9537,2.1,85.9501,147.8609,1.2571,81.46,0.0096,0.113,3.4512,264.272,양품
-7.1427,-0.0108,47.2222,-5270.0,68.0,2.458,0.0622,0.16,15.61,684.0,6.2691,15.65,1.097,1.975,,8.3383,18.26,3.217,215.0,-0.0142,0.8346,27.1427,2595.25,10.333,0.0,992.8867,1.33,0.9179,20.19,25.0282,15.8318,4.4942,-0.053,19.028,176.8232,2.982,447.4576,36.0446,14.53,9326.99,86.9421,2.6,86.1383,146.0327,0.2568,78.38,0.0074,0.1058,3.4928,251.662,양품
-4.72,-0.0116,21.5517,-5247.5,70.2333,2.458,0.0668,0.134,15.61,287.0,7.0345,15.65,1.097,2.0145,,8.3383,20.94,3.217,1738.0,-0.0098,0.8346,24.72,2558.0,10.7032,0.0,992.8867,1.33,0.9179,15.27,30.5869,17.3991,4.4942,-0.0161,16.319,244.9153,2.982,0.0,34.0215,14.53,8541.4701,86.9421,2.7,86.1383,146.55,0.2568,78.38,0.0108,0.1115,3.4204,271.072,양품
0.9427,-0.0114,38.6813,-5445.25,70.4222,2.458,0.0621,0.039,15.61,549.0,6.8448,15.65,1.097,1.9655,,8.3383,22.47,3.217,822.0,-0.0268,0.8346,19.0573,2624.25,8.2899,0.0,992.8867,1.33,0.9179,9.99,29.9429,10.9622,4.4942,-0.0401,17.127,0.0,2.982,800.0,27.1064,14.53,8386.9399,86.9421,2.6,86.1383,145.6127,0.2568,78.38,0.0074,0.1058,3.3878,270.65,양품
1.8782,-0.0051,136.9193,-5461.0,74.7111,1.419,0.0665,0.103,15.69,404.0,7.4313,15.7,0.8089,1.985,,8.3159,20.65,2.626,448.0,-0.0224,0.8557,18.1218,2615.5,4.4773,0.0,995.0191,1.33,0.92,19.05,36.5542,13.8363,4.5234,-0.0294,18.787,540.4163,2.971,0.0,24.8006,14.53,8362.4599,86.834,3.0,84.2981,150.02,0.211,82.21,0.0103,0.1096,3.427,264.272,양품
-3.3427,-0.0112,50.168,-5422.25,68.6111,-1.83,0.0682,0.036,16.09,399.0,7.6062,16.07,1.757,2.0017,,8.7556,23.9,4.684,523.0,-0.0069,0.7182,23.3427,2511.75,7.2314,0.0,1013.1402,1.36,0.9322,18.4,50.8859,11.1955,4.5594,0.0035,39.768,823.2801,2.734,0.0,27.8298,17.55,9354.7599,86.5808,2.8,85.549,146.91,0.3159,8.532,0.01,0.1151,3.2987,270.88,양품
0.6855,-0.0059,108.0169,-5294.5,69.4111,-1.83,0.0953,0.152,16.09,654.0,4.9729,16.07,1.757,1.9875,,8.6556,15.75,4.684,1017.0,-0.0064,0.7182,19.3145,2612.5,6.0626,0.0,1013.1402,0.23,0.9281,21.03,40.9521,13.1336,4.5226,-0.0213,21.807,0.0,2.734,234.7826,26.4193,15.37,8963.7398,86.3125,2.4,85.5439,144.8391,0.1416,81.73,0.0117,0.1121,3.3891,264.272,양품
-3.6036,-0.0102,74.4186,-5264.5,69.5222,-0.5204,0.0972,0.165,15.74,571.0,6.4635,15.74,1.276,1.9507,,9.0447,20.95,4.033,383.0,-0.0047,0.7154,23.6036,2601.25,3.1045,0.0,996.3344,1.06,0.9201,21.18,24.3853,14.47,4.5499,-0.0086,19.736,273.89,2.521,0.0,27.7087,20.54,9342.3201,86.2033,3.4,84.6724,146.6382,0.2678,82.4,0.0119,0.1079,3.3268,272.336,양품
1.1991,-0.0084,51.0386,-5612.25,74.0889,-1.83,0.0632,0.123,16.09,441.0,5.2453,16.07,1.757,2.0033,,8.2345,17.15,4.684,811.0,-0.0234,0.7182,18.8009,2636.25,5.2695,0.0,1013.1402,1.52,0.9278,15.04,19.8632,7.7727,4.4676,-0.0522,21.534,602.9568,2.734,643.9024,23.8213,15.82,8615.84,86.6958,2.5,85.3996,145.1218,0.2796,79.7,0.0115,0.1094,3.4672,256.512,양품
1.5882,-0.0097,41.2371,-5407.25,69.3778,0.9461,0.0813,0.043,15.62,202.0,5.7796,15.64,0.8514,2.0032,,8.6556,17.86,2.992,405.0,-0.0075,0.7573,18.4118,2511.5,7.3574,0.0,994.3752,1.33,0.9324,15.75,50.763,6.6886,4.5164,0.0218,32.283,582.427,2.976,134.9398,23.3521,14.53,8458.92,86.3125,1.6,85.5439,147.3464,0.3876,81.73,0.012,0.1141,3.4358,273.128,양품
-6.0636,-0.0079,68.0315,-5517.75,72.2778,-0.5204,0.0671,0.123,15.8,582.0,5.8805,15.76,1.163,1.991,,8.9036,20.29,4.04,717.0,0.0021,0.6814,26.0636,2628.5,12.3758,0.0,997.1394,1.7,0.9318,16.8,19.2223,9.2873,4.5499,0.0055,31.021,269.8051,2.496,0.0,32.9674,16.32,9728.8201,86.4182,2.6,86.1541,146.8164,0.2848,81.44,0.0078,0.1137,3.321,274.838,양품
2.5855,-0.0086,50.1458,-5767.75,71.1,0.9461,0.137,0.095,15.62,270.0,7.5545,15.64,0.8514,2.0225,,9.3868,23.7,2.992,655.0,0.0085,0.7573,17.4145,2605.75,4.3205,0.0,994.3752,1.07,0.9226,19.94,29.2584,15.7709,4.5365,-0.0117,17.301,467.616,2.976,388.2353,23.8635,21.05,8337.48,87.4684,2.4,86.5682,146.9709,0.275,80.46,0.0089,0.1162,3.4966,271.406,양품
-1.8809,-0.0082,46.4122,-5733.0,68.7889,-0.5204,0.0714,0.082,15.8,561.0,3.2548,15.76,1.163,1.957,,9.0744,10.27,4.04,1082.0,-0.0028,0.6814,21.8809,2750.25,9.3792,0.0,997.1394,1.33,0.932,17.1,38.8907,12.6391,4.5587,-0.0293,30.202,183.9535,2.496,0.0,29.6544,14.53,9068.7301,85.9594,2.1,84.9605,145.3036,0.2938,80.69,0.0096,0.1078,3.5138,255.678,양품
-3.7773,-0.0112,56.25,-5454.0,68.8556,0.1419,0.0784,0.07,15.61,996.0,5.1468,15.67,0.8278,2.0213,,8.3383,16.7,3.362,612.0,-0.0048,0.7131,23.7773,2838.5,9.9345,0.0,995.1202,1.33,0.9347,14.3,11.2561,11.1,4.535,-0.0102,26.392,91.3357,3.175,0.0,31.5768,14.53,8429.9801,86.9421,3.2,86.1383,149.5736,0.2392,78.38,0.0087,0.1143,3.3669,264.272,양품
-2.1464,-0.0137,33.5766,-5320.5,66.2889,-0.9934,0.0755,0.111,15.79,375.0,6.5791,15.73,1.229,1.983,,8.3383,24.05,4.425,192.0,-0.0142,0.6812,22.1464,2505.0,11.0959,0.0,1009.5881,0.79,0.9347,17.7,33.1823,12.6991,4.535,0.0081,24.054,278.1449,2.559,0.0,30.0519,15.9,8668.0198,86.9421,2.5,86.1383,147.8718,0.2392,78.38,0.0087,0.1143,3.5702,264.272,양품
0.8045,-0.0096,73.6706,-5802.25,70.3889,-0.5204,0.1055,0.199,15.8,671.0,6.0393,15.76,1.163,2.0195,,8.9541,20.4,4.04,2665.0,0.0008,0.6814,19.1955,2638.25,12.0825,0.0,997.1394,0.31,0.9201,13.3,17.0777,14.642,4.5499,-0.0017,19.545,0.0,2.496,310.0,23.7588,21.3,8306.2901,86.2871,2.0,86.8862,150.9482,0.2919,81.86,0.0123,0.1138,3.4764,264.39,양품
-1.3618,-0.0106,35.8068,-5241.0,70.4667,-0.9934,0.0392,0.127,15.79,470.0,5.3109,15.73,1.229,2.0267,,8.3383,16.8,4.425,831.0,-0.0006,0.6812,21.3618,2426.5,9.9958,0.0,1009.5881,1.33,0.9347,14.22,24.2804,11.9664,4.535,-0.0157,25.956,251.1348,2.559,0.0,28.4839,14.53,9137.4999,86.9421,2.4,86.1383,147.2527,0.2568,78.38,0.0087,0.1143,3.3036,264.272,양품
-3.1382,-0.0125,44.044,-5529.25,72.5556,-0.9934,0.057,0.108,15.79,644.0,4.7086,15.73,1.229,1.972,,8.627,16.28,4.425,277.0,-0.0087,0.6812,23.1382,2536.75,8.9403,0.0,1009.5881,0.84,0.877,14.46,26.0609,13.8454,4.2225,0.0123,25.792,105.1564,2.559,0.0,32.9711,14.55,8901.9701,86.4671,2.5,85.1404,149.4073,1.2571,83.13,0.0129,0.1155,3.4567,268.664,양품
0.3245,-0.0092,58.8556,-5390.0,68.1333,0.9461,0.3817,0.071,15.62,724.0,7.257,15.64,0.8514,2.0062,,8.8973,22.85,2.992,584.0,-0.0568,0.7573,19.6755,2558.5,4.227,0.0,994.3752,1.15,0.9324,17.06,35.9083,12.7355,4.5631,0.0157,30.716,0.0,2.976,0.0,23.8674,17.9,9113.64,86.4023,3.3,84.6927,143.0027,0.2678,80.92,0.0107,0.1145,3.5153,264.272,양품
-9.7682,-0.0115,59.2593,-5400.0,71.1,0.9461,0.0465,0.11,15.62,273.0,6.3956,15.64,0.8514,2.0103,,9.7137,19.34,2.992,936.0,-0.0125,0.7573,29.7682,2585.75,6.2035,0.0,994.3752,1.36,0.9218,23.62,23.4919,19.0536,4.5187,0.0145,20.409,95.8213,2.976,458.6667,40.8846,24.1,8589.6199,86.9537,2.0,85.9501,148.3718,0.2678,81.46,0.0093,0.1132,3.3062,248.962,양품
2.6991,-0.011,47.3265,-5400.25,74.3111,-1.83,0.1011,0.116,16.09,158.0,5.9684,16.07,1.757,1.954,,8.1409,17.57,4.684,1034.0,-0.0152,0.7182,17.3009,2622.5,7.741,0.0,1013.1402,0.97,0.9316,13.38,44.4877,7.7248,4.5817,-0.035,30.935,479.0503,2.734,0.0,23.6578,15.21,8702.7301,86.8207,2.3,83.6845,142.4064,0.3112,81.65,0.0092,0.1145,3.3044,264.272,양품
-3.7073,-0.0095,25.2632,-5194.75,76.2333,0.1419,0.0921,0.086,15.61,505.0,7.8776,15.67,0.8278,1.9507,0.0149,9.1637,21.76,3.362,519.0,0.0015,0.7131,23.7073,2503.25,8.2116,0.0,995.1202,1.44,0.9316,14.84,24.6803,8.7729,4.5817,0.013,32.31,172.9034,3.175,0.0,28.7252,15.65,8278.07,87.3675,2.6,84.8754,145.5418,0.2492,81.59,0.0092,0.1145,3.5316,267.722,양품
-2.6564,-0.0083,44.3778,-5371.5,69.9556,-0.5204,0.0925,0.241,15.74,602.0,6.3991,15.74,1.276,2.021,,9.0447,20.21,4.033,457.0,-0.022,0.7154,22.6564,2696.75,6.3494,0.0,996.3344,0.85,0.9327,20.87,18.1961,11.2255,4.554,-0.0657,26.409,306.4339,2.521,0.0,30.3233,19.45,9268.49,86.2033,2.0,84.6724,147.5918,0.3561,82.4,0.0116,0.1099,3.1629,272.572,양품
-7.87,-0.0086,89.7959,-4992.75,67.9889,0.9461,0.0649,0.133,15.62,521.0,5.0304,15.64,0.8514,1.9855,,8.7556,18.04,2.992,569.0,0.0046,0.7573,27.87,2608.75,6.2294,0.0,994.3752,1.33,0.9323,17.03,19.4071,17.7954,4.5195,0.0183,24.2,77.0013,2.976,964.7059,35.7993,14.53,9330.35,86.5808,1.9,85.549,147.0691,0.0667,8.532,0.007,0.1125,3.4166,264.272,양품
-1.99,-0.0093,64.1711,-5526.5,69.6222,0.1419,0.0753,0.158,15.61,450.0,5.4252,15.67,0.8278,2.0097,,9.534,17.88,3.362,969.0,-0.008,0.7131,21.99,2512.5,9.918,0.0,995.1202,1.33,0.9323,20.77,23.6843,12.4518,4.5263,-0.0191,32.115,743.2161,3.175,0.0,29.5218,14.53,9209.0001,86.2809,3.7,84.7391,147.0045,0.3876,77.34,0.01,0.1151,3.3687,255.436,양품
-5.8855,-0.009,42.1637,-5295.25,69.2889,-0.7569,0.0687,0.148,16.07,477.0,8.2363,16.02,1.281,1.979,,8.9541,20.99,4.25,476.0,-0.0047,0.7403,25.8855,2755.25,5.3617,0.0,1013.4306,1.33,0.9316,17.17,53.9141,11.9358,4.5817,-0.0547,29.575,131.3407,2.608,0.0,31.3079,14.53,8743.22,86.2871,4.0,86.8862,145.4709,0.2492,81.86,0.0092,0.1145,3.2174,264.272,양품
4.3618,-0.017,29.912,-5426.0,68.3667,-1.83,0.0918,0.147,16.09,325.0,7.8763,16.07,1.757,1.9997,0.0164,8.7646,23.87,4.684,1078.0,-0.0018,0.7182,15.6382,2639.75,9.0636,0.0,1013.1402,1.69,0.9224,16.29,16.6339,9.0627,4.5156,-0.0242,18.157,271.4464,2.734,450.0,18.5252,22.41,9185.1199,86.6219,2.5,84.0399,146.1691,0.1986,80.66,0.0113,0.1133,3.3817,264.272,양품
-7.6655,-0.0148,35.8108,-5186.25,68.5667,-0.9934,0.0654,0.1,15.79,270.0,6.4221,15.73,1.229,2.036,,8.6556,17.92,4.425,766.0,-0.0106,0.6812,27.6655,2523.0,6.9525,0.0,1009.5881,1.33,0.9324,22.13,20.1191,13.7582,4.539,-0.0044,30.698,120.6713,2.559,0.0,36.222,14.53,9105.3698,86.3125,2.7,85.5439,143.5827,0.2753,81.73,0.0079,0.1173,3.4149,264.272,양품
1.1655,-0.0117,41.0256,-5389.5,65.0889,-1.83,0.0687,0.128,16.09,453.0,5.669,16.07,1.757,2.021,,8.8105,18.19,4.684,589.0,-0.0234,0.7182,18.8345,2464.5,9.9062,0.0,1013.1402,0.79,0.9312,22.12,15.3093,13.8409,4.5071,-0.0212,30.937,0.0,2.734,425.5319,25.5696,17.01,8771.65,86.7128,2.3,86.9432,153.2409,0.2944,80.84,0.0094,0.1131,3.366,272.014,불량
8.1455,-0.0114,51.8112,-5233.75,66.0111,-0.7569,0.0758,0.076,16.07,271.0,5.7746,16.02,1.281,1.9998,,8.7187,19.79,4.25,826.0,-0.0007,0.7403,11.8545,2497.25,4.802,0.0,1013.4306,0.24,0.9329,17.95,25.4407,11.1593,4.5217,-0.0048,29.865,217.0536,2.608,800.0,15.0471,16.86,9280.83,86.5659,2.4,84.02,144.2155,0.2824,79.1,0.0095,0.1121,3.5288,264.272,불량
1.6482,-0.0077,86.1338,-5633.5,70.6444,0.1419,0.1029,0.149,15.61,463.0,5.6479,15.67,0.8278,1.9907,,8.8215,18.22,3.362,1106.0,-0.0156,0.7131,18.3518,2603.5,7.2846,0.0,995.1202,0.81,0.9281,18.49,24.1098,13.5445,4.5226,0.005,21.142,646.7733,3.175,0.0,25.1278,16.21,8695.3801,86.4386,3.0,85.9331,142.0382,0.1416,81.31,0.0105,0.1142,3.2332,264.272,양품
-1.4227,-0.0087,65.6115,-5619.5,67.1444,-0.7569,0.0922,0.136,16.07,277.0,4.9714,16.02,1.281,1.9897,,8.7326,17.26,4.25,853.0,-0.0048,0.7403,21.4227,2639.0,4.7356,0.0,1013.4306,0.66,0.93,15.85,26.1182,13.1431,4.5268,-0.0429,32.031,555.2702,2.608,406.3492,28.3055,20.07,8667.7101,86.441,2.1,85.4593,146.7009,0.2848,78.98,0.0115,0.1094,3.4077,264.272,양품
0.0955,-0.0091,29.7521,-5357.5,69.2667,-0.7569,0.0669,0.178,15.87,588.0,8.5157,15.88,1.357,2.0062,,9.2064,26.7,4.146,526.0,-0.0108,0.7085,19.9045,2563.0,8.4701,0.0,1008.1634,1.33,0.923,13.05,35.8066,13.3982,4.5459,-0.033,18.037,0.0,2.606,721.3115,23.9037,14.53,8499.77,86.233,3.2,84.4782,149.4673,0.1233,79.12,0.0071,0.1098,3.4289,271.176,양품
7.1009,-0.0089,54.1608,-5070.75,70.3667,-0.5204,0.0762,0.18,15.8,324.0,5.9591,15.76,1.163,1.9475,,9.0744,20.11,4.04,418.0,-0.0126,0.6814,12.8991,2643.75,13.0658,0.0,997.1394,0.69,0.933,14.04,31.0858,9.8904,4.5388,-0.0243,27.17,213.7754,2.496,123.0769,18.1563,24.17,8523.98,85.9594,2.0,84.9605,145.2127,0.2938,80.69,0.0122,0.1111,3.5672,265.098,양품
1.5273,-0.0132,31.09,-5421.75,71.1556,0.2365,0.055,0.115,15.74,186.0,8.0688,15.8,0.946,1.9803,,8.9036,27.49,3.267,1037.0,-0.012,0.7996,18.4727,2561.0,7.8755,0.0,1007.9494,0.81,0.9237,13.01,40.2301,12.9081,4.5523,0.0112,18.844,633.8095,2.908,0.0,24.5446,16.69,8888.6201,86.4182,3.2,86.1541,148.5127,1.2041,81.44,0.0083,0.1148,3.4976,298.664,양품
1.8582,-0.0093,46.1126,-5311.25,73.1444,-0.7569,0.0803,0.134,15.87,252.0,5.7646,15.88,1.357,1.9865,0.0374,8.5735,19.12,4.146,392.0,0.0028,0.7085,18.1418,2635.75,6.87,0.0,1008.1634,0.74,0.9324,19.79,38.9591,16.01,4.5386,-0.0029,31.307,414.3836,2.606,0.0,27.0904,23.39,8137.9701,87.1288,2.7,86.3898,145.9373,0.3068,80.69,0.0075,0.1153,3.3112,272.278,양품
0.2336,-0.0117,38.5852,-5207.25,68.6222,0.2365,0.0634,0.047,15.74,235.0,6.0147,15.8,0.946,1.9905,,8.6556,20.16,3.267,2199.0,-0.0163,0.7996,19.7664,2596.25,10.2441,0.0,1007.9494,1.27,0.9325,12.68,24.8632,7.9105,4.5525,0.0091,29.166,0.0,2.908,909.0909,22.8831,15.03,9150.2899,86.3125,2.3,85.5439,150.0945,0.794,81.73,0.0083,0.1148,3.3397,263.936,양품
1.0482,-0.0101,64.1184,-5594.5,70.5778,-0.5204,0.0719,0.228,15.8,622.0,7.0488,15.76,1.163,1.9768,,9.534,18.93,4.04,533.0,-0.0141,0.6814,18.9518,2746.5,11.1285,0.0,997.1394,1.0,0.9325,17.56,18.4159,7.9995,4.567,-0.0257,33.377,0.0,2.496,483.7209,22.2034,16.68,9101.0101,86.2809,2.9,84.7391,150.9864,0.2919,77.34,0.0107,0.1145,3.3623,255.448,양품
-1.03,-0.013,22.2863,-5349.25,69.0111,0.2365,0.0544,0.12,15.74,252.0,7.1241,15.8,0.946,2.006,,9.0402,20.89,3.267,901.0,-0.0006,0.7996,21.03,2602.75,12.2063,0.0,1007.9494,1.33,0.9223,17.81,35.8946,16.1009,4.5444,-0.0136,17.465,821.3592,2.908,930.2326,29.0276,14.53,8954.0201,85.9998,2.6,84.7632,150.3664,1.2571,8.438,0.0091,0.1063,3.4321,268.776,양품
-1.0445,-0.0131,43.3873,-5337.75,70.6778,0.2365,0.0577,0.058,15.74,462.0,5.6802,15.8,0.946,1.9897,,8.9036,18.9,3.267,1086.0,-0.0113,0.7996,21.0445,2674.75,8.869,0.0,1007.9494,0.42,0.9322,27.39,33.0317,16.8491,4.5594,0.0175,31.879,0.0,2.908,330.4348,26.977,15.97,8540.1201,86.4182,3.9,86.1541,142.4118,0.3561,81.44,0.01,0.1151,3.4468,264.272,양품
0.5982,-0.0105,35.2381,-5424.5,69.0333,0.2365,0.0965,0.125,15.74,174.0,5.3937,15.8,0.946,2.0063,,9.2064,18.17,3.267,734.0,-0.0134,0.7996,19.4018,2459.75,8.6325,0.0,1007.9494,0.83,0.932,14.5,21.7136,12.1509,4.5587,-0.0187,28.094,708.8157,2.908,359.5506,26.9923,8.18,8358.77,86.233,2.6,84.4782,146.5636,0.2938,79.12,0.0096,0.1078,3.3243,263.834,양품
0.4264,-0.0104,73.253,-5092.25,70.5333,-0.8042,0.0645,0.123,15.87,254.0,5.9246,15.87,1.229,1.997,,8.7187,18.72,4.207,393.0,-0.0199,0.7003,19.5736,2613.25,8.0673,0.0,1009.5254,0.67,0.9324,18.77,23.7783,11.3727,4.539,0.0006,30.769,0.0,2.553,352.9412,28.6582,20.32,9153.9899,86.5659,1.9,84.02,145.0518,0.2619,79.1,0.0079,0.1173,3.4236,264.272,양품
1.3255,-0.0123,31.6109,-5440.5,67.8556,-0.8042,0.0692,0.195,15.87,299.0,7.9193,15.87,1.229,2.0213,,8.7646,25.83,4.207,1056.0,-0.0036,0.7003,18.6745,2568.0,8.5997,0.0,1009.5254,1.61,0.9237,13.29,42.3443,10.3891,4.5523,-0.0024,16.902,616.3923,2.553,185.3659,23.5176,17.58,8374.1201,86.6219,1.7,84.0399,148.9264,0.2753,80.66,0.0083,0.1148,3.3721,299.876,양품
-3.4191,-0.0095,52.7009,-5412.75,72.8556,0.1419,0.0917,0.075,15.61,167.0,5.9569,15.67,0.8278,1.9773,,8.2914,19.04,3.362,1004.0,-0.0048,0.7131,23.4191,2577.75,10.4259,0.0,995.1202,0.91,0.9325,18.51,23.4752,13.4273,4.5209,-0.0527,33.486,333.1295,3.175,0.0,31.3745,18.06,8781.87,86.5211,2.5,83.4425,144.4445,0.2848,80.39,0.0099,0.1115,3.33,264.272,양품
0.1773,-0.0126,43.6941,-5731.25,68.6111,-0.8042,0.0599,0.167,15.87,743.0,7.8425,15.87,1.229,1.9675,,8.7646,25.4,4.207,777.0,-0.019,0.7003,19.8227,2725.5,9.4855,0.0,1009.5254,1.33,0.9237,12.12,26.151,12.1881,4.5523,-0.0175,14.743,0.0,2.553,0.0,25.1431,14.53,8591.16,86.6219,2.6,84.0399,150.97,0.2753,80.66,0.0083,0.1148,3.4177,259.096,양품
-1.7336,-0.0098,40.9731,-5200.25,71.7889,-0.5204,0.0619,0.257,15.74,444.0,4.649,15.74,1.276,1.9505,,9.1526,15.13,4.033,190.0,0.0011,0.7154,21.7336,2465.5,3.5814,0.0,996.3344,1.31,0.932,20.57,33.1272,14.2328,4.5587,-0.0097,31.045,291.8721,2.521,589.4737,29.4636,19.2,8641.8901,86.1978,3.4,84.5275,144.4718,0.2938,81.75,0.0096,0.1078,3.3887,263.19,양품
-6.74,-0.0084,41.543,-5415.25,69.2444,0.1419,0.0677,0.15,15.61,635.0,6.1771,15.67,0.8278,1.9943,,9.7137,16.67,3.362,276.0,-0.0322,0.7131,26.74,2674.5,8.027,0.0,995.1202,0.53,0.9052,19.41,29.2547,17.1018,4.5622,-0.0109,20.81,156.2315,3.175,0.0,36.3451,18.45,8528.15,86.9537,2.5,85.9501,154.1382,0.3876,81.46,0.01,0.1151,3.3919,273.694,양품
-3.1927,-0.0088,40.7932,-5156.5,73.0778,0.1419,0.0619,0.165,15.61,289.0,4.475,15.67,0.8278,1.99,0.0249,8.4537,14.95,3.362,417.0,-0.0082,0.7131,23.1927,2613.25,7.9645,0.0,995.1202,1.33,0.9296,24.19,23.911,16.0309,4.4842,-0.0359,33.696,234.2825,3.175,366.6667,30.3384,14.53,9007.49,86.8072,2.0,86.8634,144.1809,0.3628,80.43,0.0116,0.1088,3.3836,264.272,양품
2.7927,-0.0091,56.044,-5419.75,73.1222,-0.8042,0.1044,0.145,15.87,877.0,5.3451,15.87,1.229,1.9645,,8.2345,17.25,4.207,318.0,-0.0107,0.7003,17.2073,2727.25,8.7587,0.0,1009.5254,0.47,0.9308,13.3,19.1756,9.7528,4.5585,-0.0115,29.001,138.5742,2.553,224.7191,21.2465,17.31,8742.2499,86.6958,2.7,85.3996,152.0682,0.1233,79.7,0.0136,0.1111,3.4107,253.314,양품
3.64,-0.0127,63.6542,-5470.0,71.0889,-0.8042,0.1103,0.19,15.87,362.0,7.9278,15.87,1.229,2.0133,,9.2064,24.33,4.207,1243.0,-0.0021,0.7003,16.36,2498.0,8.5741,0.0,1009.5254,1.33,0.923,14.78,33.6613,10.5946,4.5459,-0.0193,16.25,175.0,2.553,466.6667,21.5576,14.53,8882.3801,86.233,2.5,84.4782,145.7527,0.1233,79.12,0.0076,0.1091,3.2247,299.62,양품
1.0691,-0.0084,84.3982,-5645.0,75.2333,-0.5204,0.0681,0.161,16.08,325.0,4.8521,16.02,1.154,1.9933,0.0363,8.9833,15.87,4.253,857.0,0.0012,0.7492,18.9309,2489.0,5.8563,0.0,1015.5678,0.87,0.9356,18.98,27.0913,16.3182,4.7218,0.024,26.826,365.7313,2.627,0.0,26.2719,16.23,8649.4701,87.7644,2.3,84.3441,145.4955,0.2428,81.19,0.0123,0.1164,3.4138,254.656,불량
-1.8736,-0.0074,31.0811,-5399.75,70.6667,1.419,0.0689,0.111,15.75,316.0,5.6345,15.78,0.7048,1.997,,8.8973,16.05,3.029,927.0,-0.0063,0.821,21.8736,2506.0,5.6064,0.0,999.5619,0.36,0.9318,15.74,9.7287,10.3961,4.5499,-0.0581,33.593,590.2954,3.063,292.3077,28.7462,19.01,8947.47,86.4023,3.0,84.6927,142.7082,0.2796,80.92,0.0078,0.1137,3.2901,264.272,불량
5.7309,-0.0086,60.6414,-5280.25,70.9444,-0.7569,0.0843,0.219,15.87,380.0,4.0778,15.88,1.182,2.0005,0.1143,9.534,11.76,4.296,1574.0,-0.0255,0.7397,14.2691,2488.75,8.0052,0.0,1006.9773,1.31,0.9315,22.22,25.2303,11.0109,4.5545,-0.0353,29.065,155.2982,2.649,314.2857,19.064,14.82,8089.78,86.2809,2.9,84.7391,144.3827,0.1233,77.34,0.0136,0.1111,3.479,264.272,양품
-4.0527,-0.0079,65.4088,-4921.0,69.9556,2.458,0.0495,0.125,15.61,602.0,5.8493,15.65,1.097,2.002,,8.9036,16.79,3.217,663.0,-0.0145,0.8346,24.0527,2437.0,13.1133,0.0,992.8867,1.04,0.9318,14.34,14.4772,11.2296,4.5499,0.0286,32.514,185.5541,2.982,0.0,28.5411,20.99,8579.95,86.4182,2.9,86.1541,146.4755,0.2796,81.44,0.0078,0.1137,3.4266,264.272,불량
-2.5418,-0.0055,107.5171,-5554.25,71.0667,1.419,0.0853,0.195,15.75,628.0,4.8906,15.78,0.7048,1.969,,8.8973,17.13,3.029,1041.0,0.0066,0.821,22.5418,2633.25,6.0388,0.0,999.5619,0.93,0.9281,19.02,30.7095,13.0309,4.5226,-0.0462,20.79,133.7625,3.063,268.8525,30.2949,20.51,8489.36,86.4023,3.1,84.6927,149.5964,0.6864,80.92,0.0076,0.1142,3.5029,264.272,불량
-6.6455,-0.0105,30.5489,-5284.0,70.0778,0.0,0.074,0.135,15.78,602.0,5.6453,15.77,1.276,2.0227,,8.9036,19.13,4.076,437.0,-0.0213,0.7446,26.6455,2549.5,9.4381,0.0,998.9491,1.33,0.9318,17.33,26.8762,9.2946,4.5499,-0.0182,31.566,169.5894,2.569,937.1429,32.9574,14.53,8704.85,86.4182,4.1,86.1541,144.9145,0.2796,81.44,0.0071,0.1121,3.6129,264.272,불량
1.0518,-0.0119,31.0924,-5396.75,70.3556,-0.8042,0.0882,0.111,15.87,205.0,4.0382,15.87,1.229,1.9837,,9.0744,12.31,4.207,469.0,-0.0082,0.7003,18.9482,2587.25,8.8862,0.0,1009.5254,1.17,0.932,19.47,45.0111,13.4773,4.5587,-0.0152,28.984,342.2645,2.553,0.0,25.6986,15.67,8388.06,85.9594,2.9,84.9605,146.5709,0.2938,80.69,0.0096,0.1078,3.4138,264.272,양품
-0.81,-0.0096,21.9608,-5048.5,69.0333,-1.277,0.0546,0.17,15.78,335.0,4.5788,15.87,1.22,1.98,,9.1526,13.2,4.156,341.0,-0.0108,0.7223,20.81,2605.75,9.5368,0.0,1004.9108,1.64,0.9315,22.71,28.4938,15.3527,4.5545,-0.0411,25.861,613.5802,2.673,286.4198,25.9771,15.57,9126.48,86.1978,2.6,84.5275,145.46,0.1233,81.75,0.0136,0.1111,3.473,265.486,양품
-5.1491,-0.0089,39.2707,-5489.75,74.3778,-1.277,0.0665,0.193,15.78,854.0,6.5356,15.87,1.22,1.97,0.0,9.1637,19.77,4.156,399.0,-0.01,0.7223,25.1491,2713.75,8.3054,0.0,1004.9108,1.33,0.9218,23.35,16.3653,13.4673,4.5187,-0.0386,18.254,188.9654,2.673,565.5172,33.1448,14.53,8553.2301,87.3675,2.5,84.8754,147.2845,0.2678,81.59,0.0107,0.1145,3.501,270.432,양품
6.2636,-0.0109,29.2571,-5673.5,72.3667,-1.277,0.0687,0.191,15.78,812.0,7.2888,15.87,1.22,1.9885,,9.7571,18.37,4.156,392.0,-0.028,0.7223,13.7364,2804.75,9.9972,0.0,1004.9108,1.33,0.9237,10.14,38.5485,7.0,4.5523,-0.0236,15.427,69.2888,2.673,567.0886,17.925,14.53,8989.5801,86.8511,5.2,84.1477,150.3764,0.2034,77.1,0.0078,0.1071,3.2939,264.272,양품
-4.8873,-0.0098,35.7143,-5652.0,72.0444,-1.277,0.0703,0.105,15.78,358.0,5.1937,15.87,1.22,2.001,,8.7609,15.29,4.156,837.0,0.0046,0.7223,24.8873,2740.25,10.5207,0.0,1004.9108,1.45,0.9316,15.85,26.7763,12.923,4.5217,-0.0365,31.965,102.9206,2.673,537.7049,29.3586,17.26,9117.9701,87.0545,2.8,85.8815,153.5982,0.2848,80.67,0.0118,0.1153,3.4768,253.006,양품
-2.15,-0.0123,65.9207,-5467.75,74.8556,-0.615,0.063,0.105,15.84,334.0,6.496,15.88,1.338,1.99,,8.1409,19.05,4.185,803.0,-0.0091,0.7202,22.15,2577.5,8.7182,0.0,1010.0437,1.33,0.9223,10.65,22.4929,20.4236,4.5444,-0.0283,17.497,280.0,2.594,477.193,27.7632,14.53,8701.4599,86.8207,1.9,83.6845,147.9191,1.2571,81.65,0.0096,0.113,3.3511,253.854,양품
-1.97,-0.0111,27.8652,-5377.0,74.9222,1.655,0.1505,0.197,15.75,792.0,5.6848,15.82,0.946,1.9545,,9.088,17.59,2.84,721.0,0.0021,0.8137,21.97,2511.75,6.7802,0.0,1008.4892,1.33,0.9347,16.47,22.1334,11.5518,4.535,-0.0236,22.975,285.2792,3.064,0.0,27.9713,14.53,8362.97,87.3122,2.9,84.5612,148.0709,0.2568,82.76,0.0095,0.1139,3.503,256.778,양품
0.7,-0.0102,36.2301,-5311.0,76.4889,-0.615,0.094,0.065,15.84,148.0,8.5613,15.88,1.338,2.0057,,9.088,23.33,4.185,1213.0,-0.0217,0.7202,19.3,2571.0,9.9235,0.0,1010.0437,1.33,0.9236,11.87,32.5922,14.2063,4.5226,0.0061,14.575,0.0,2.594,0.0,24.3734,14.53,8892.2801,87.3122,3.3,84.5612,147.9573,1.2041,82.76,0.0115,0.1121,3.4844,264.272,양품
-2.7136,-0.0129,16.3107,-5425.5,74.0889,-1.277,0.0725,0.13,15.78,665.0,7.6071,15.87,1.22,1.992,,9.6515,22.09,4.156,975.0,0.0149,0.7223,22.7136,2583.75,8.9192,0.0,1004.9108,0.66,0.9223,11.94,21.569,18.4754,4.5444,-0.0037,16.561,272.6968,2.673,0.0,30.7182,18.4,8835.2399,86.7475,2.2,84.3147,151.1218,1.2571,80.79,0.0091,0.1063,3.2772,257.404,양품
-5.2427,-0.0118,34.8936,-5439.25,74.9556,-0.615,0.055,0.08,15.84,97.0,7.017,15.88,1.338,1.9935,,8.8097,20.08,4.185,649.0,-0.0115,0.7202,25.2427,2566.5,7.7739,0.0,1010.0437,1.91,0.9052,15.1,34.3994,21.8591,4.5622,-0.0207,19.381,247.5811,2.594,523.4568,32.4059,19.07,9314.81,86.7776,5.3,85.04,144.8427,0.2619,80.46,0.01,0.1151,3.5561,271.726,양품
-2.8055,-0.0113,48.5651,-5361.75,74.6,-0.615,0.0946,0.138,15.84,428.0,6.7837,15.88,1.338,1.9917,,9.6515,21.84,4.185,499.0,-0.0132,0.7202,22.8055,2532.5,7.9824,0.0,1010.0437,0.99,0.9324,18.89,26.0086,12.4691,4.539,-0.0653,29.536,561.0504,2.594,0.0,30.6359,20.53,9877.1401,86.7475,3.1,84.3147,145.6991,0.2753,80.79,0.0079,0.1165,3.4616,269.558,양품
-4.6582,-0.0123,38.9452,-5506.5,67.6333,-0.615,0.0838,0.123,15.84,560.0,8.7342,15.88,1.338,1.9977,,8.7326,23.81,4.185,784.0,-0.0029,0.7202,24.6582,2659.0,7.7847,0.0,1010.0437,1.33,0.9168,16.41,31.1368,13.231,4.5074,-0.0179,20.613,281.0109,2.594,246.9136,29.2938,14.53,8344.61,86.441,1.6,85.4593,147.3764,0.3692,78.98,0.0094,0.1149,3.2501,264.272,양품
-1.1455,-0.0106,33.8028,-5475.5,70.5444,-0.7569,0.0748,0.117,15.87,160.0,7.5121,15.88,1.357,2.0115,,9.3181,22.65,4.146,620.0,-0.011,0.7085,21.1455,2553.0,8.5012,0.0,1008.1634,1.46,0.9222,20.73,23.0106,21.27,4.5255,-0.0368,16.062,704.5238,2.606,951.3514,28.8169,22.45,9731.4398,87.4062,2.4,86.899,145.6936,0.3068,78.7,0.0094,0.1131,3.4152,264.272,불량
3.1336,-0.0062,53.2258,-5486.5,70.0444,-1.83,0.2274,0.161,16.09,402.0,4.8532,16.07,1.757,2.0045,,8.7556,17.59,4.684,910.0,-0.0138,0.7182,16.8664,2656.25,8.8398,0.0,1013.1402,1.33,0.9281,17.5,30.1178,8.3765,4.5226,-0.0232,22.363,298.3754,2.734,642.4242,19.9461,14.53,9079.4401,86.5808,3.6,85.549,146.7591,0.0667,8.532,0.0076,0.1142,3.3782,256.088,불량
3.6809,-0.0115,32.9718,-5546.0,70.4,1.655,0.0656,0.056,15.75,403.0,7.285,15.82,0.946,2.0085,,9.0744,20.23,2.84,309.0,-0.0179,0.8137,16.3191,2687.75,7.7344,0.0,1008.4892,1.33,0.9228,7.33,37.3638,7.534,4.5537,-0.0357,15.675,300.1976,3.064,523.0769,19.1189,14.53,8365.7701,85.9594,2.6,84.9605,149.7127,0.2619,80.69,0.0079,0.1117,3.3016,264.272,양품
5.17,-0.0114,48.4048,-5285.0,74.5333,-0.615,0.0571,0.139,15.84,127.0,7.2793,15.88,1.338,1.9923,,8.2061,23.31,4.185,316.0,-0.002,0.7202,14.83,2530.0,7.0063,0.0,1010.0437,0.44,0.9225,8.16,25.3661,12.4014,4.5689,-0.0466,16.05,178.7234,2.594,0.0,21.7509,16.73,9855.6601,86.7514,2.8,85.4577,146.41,0.2392,81.22,0.0096,0.113,3.3496,264.272,양품
-1.2955,-0.0099,54.8223,-5312.75,70.8778,-0.615,0.1146,0.184,15.84,306.0,8.243,15.88,1.338,1.9865,,8.8215,21.08,4.185,702.0,-0.0183,0.7202,21.2955,2483.5,8.2841,0.0,1010.0437,1.33,0.9201,20.89,20.4703,12.7055,4.5499,-0.0263,19.034,0.0,2.594,383.6735,25.4943,14.53,8635.06,86.4386,3.2,85.9331,151.1009,0.2678,81.31,0.0123,0.1138,3.2868,250.574,양품
3.8109,-0.0102,69.7789,-5260.25,72.8444,-0.615,0.0448,0.14,15.84,486.0,6.8522,15.88,1.338,2.0088,,8.9605,19.79,4.185,582.0,-0.0062,0.7202,16.1891,2597.75,8.3756,0.0,1010.0437,1.0,0.9236,13.73,23.5536,9.3073,4.5226,-0.0363,17.952,169.7758,2.594,0.0,20.0076,20.4,8051.8799,86.4061,4.1,84.078,147.2645,0.794,79.09,0.0111,0.1108,3.2253,264.272,양품
2.0509,-0.0114,60.6593,-5445.25,67.9778,-0.615,0.0809,0.201,15.84,420.0,6.612,15.88,1.338,1.989,,8.6556,22.9,4.185,862.0,-0.0285,0.7202,17.9491,2514.0,8.3567,0.0,1010.0437,1.1,0.9323,8.0,40.5582,6.7595,4.5941,-0.0319,24.581,214.0514,2.594,443.0769,21.0498,21.77,9478.1301,86.3125,2.8,85.5439,148.2345,0.2619,81.73,0.0102,0.1112,3.3886,264.272,양품
0.6327,-0.0107,59.0164,-5431.75,76.9333,0.0,0.0772,0.15,15.86,187.0,6.9689,15.79,1.229,1.9805,,8.324,20.24,4.162,655.0,-0.0092,0.7612,19.3673,2760.75,12.2262,0.0,1003.84,0.73,0.9225,10.84,25.1243,17.6763,4.5689,-0.0367,14.257,0.0,2.638,825.8065,26.2879,15.98,9053.7301,86.8486,2.4,85.4772,147.4336,1.2571,81.77,0.0096,0.113,3.285,257.374,양품
1.7036,-0.0115,44.2037,-5483.0,75.8889,0.0,0.1061,0.167,15.86,428.0,5.3636,15.79,1.229,1.9457,,9.088,18.11,4.162,573.0,-0.0137,0.7612,18.2964,2549.0,11.355,0.0,1003.84,1.62,0.9303,14.5,48.8463,10.8691,4.5727,-0.027,28.995,311.6862,2.638,0.0,24.6959,21.25,8729.2999,87.3122,2.4,84.5612,149.7345,0.2424,82.76,0.0103,0.1158,3.5209,264.272,양품
-1.7818,-0.0119,21.8258,-5149.0,76.3778,1.655,0.1166,0.15,15.75,783.0,7.3056,15.82,0.946,2.0055,,8.2061,22.98,2.84,1400.0,-0.0039,0.8137,21.7818,2470.0,8.4422,0.0,1008.4892,1.33,0.9225,15.5,20.3593,19.2891,4.5689,-0.0241,14.28,468.0612,3.064,0.0,28.9752,14.53,9155.75,86.7514,2.6,85.4577,147.9336,1.2571,81.22,0.0096,0.113,3.3903,256.318,양품
-2.2373,-0.0125,33.7011,-5398.75,74.4444,0.0,0.0912,0.117,15.86,439.0,6.4999,15.79,1.229,1.9943,,9.1637,20.09,4.162,740.0,-0.0138,0.7612,22.2373,2552.75,11.4067,0.0,1003.84,1.21,0.9347,10.28,32.4865,9.3951,4.535,-0.0084,24.44,215.4409,2.638,0.0,25.722,15.85,9277.0299,87.3675,2.1,84.8754,147.4155,0.2424,81.59,0.0103,0.1158,3.2992,281.914,양품
-4.9627,-0.0117,23.0523,-5238.0,69.6667,1.655,0.0924,0.133,15.75,256.0,6.999,15.82,0.946,1.9805,,9.1526,20.2,2.84,1342.0,-0.0112,0.8137,24.9627,2757.0,7.4135,0.0,1008.4892,1.12,0.9223,20.2,18.6553,18.1427,4.5444,-0.0641,17.303,140.447,3.064,0.0,33.0104,21.81,9625.2601,86.1978,3.1,84.5275,150.9882,1.2571,81.75,0.0091,0.1063,3.3517,259.672,양품
-2.0327,-0.0124,33.0312,-5305.25,68.4556,-1.229,0.0887,0.076,15.84,138.0,8.1124,15.81,1.347,1.9875,,9.1526,23.47,3.959,1020.0,0.0018,0.7189,22.0327,2482.75,9.8643,0.0,1003.2011,0.89,0.9168,12.62,42.9683,11.9366,4.5074,-0.0478,18.408,517.5313,2.585,662.8571,25.7305,19.47,8790.21,86.1978,2.5,84.5275,145.5209,0.3692,81.75,0.0074,0.1139,3.6176,280.32,양품
-1.8709,-0.0114,23.7624,-5516.5,76.6556,0.0473,0.0818,0.154,15.85,231.0,6.3841,15.8,1.376,1.9975,,9.1141,20.77,4.255,723.0,0.0032,0.743,21.8709,2607.75,8.4588,0.0,1004.05,,0.8759,14.8,32.7652,16.8191,4.2199,-0.02,25.744,203.6443,2.678,953.8462,32.0785,,8580.0998,87.2937,3.2,84.7662,141.77,0.4069,81.56,,,3.4386,253.48,양품
3.7555,-0.0117,44.3497,-5206.0,69.0333,1.655,0.0973,0.14,15.75,599.0,7.7094,15.82,0.946,1.9875,,9.2064,25.11,2.84,405.0,-0.003,0.8137,16.2445,2634.25,13.5128,0.0,1008.4892,1.33,0.923,14.91,45.8883,10.22,4.5459,-0.0174,15.433,236.1898,3.064,368.254,21.1934,14.53,9810.0799,86.233,2.0,84.4782,145.3036,0.1233,79.12,0.0117,0.1086,3.3062,264.272,양품
-4.8609,-0.0115,35.6522,-4977.5,74.0778,-1.371,0.0947,0.185,15.91,581.0,6.914,15.85,1.229,2.0032,,9.6515,24.28,4.178,3307.0,-0.0044,0.709,24.8609,2521.0,7.6071,0.0,1006.7654,0.54,0.932,19.75,28.7328,12.2481,4.5587,-0.0519,28.244,92.5753,2.683,815.6863,29.9044,18.94,9639.37,86.7475,2.6,84.3147,147.5527,0.2938,80.79,0.0096,0.1078,3.3609,264.272,양품
-0.1145,-0.01,31.9202,-5404.5,70.1889,0.0473,0.0948,0.172,15.85,215.0,7.1176,15.8,1.376,2.0042,0.0219,8.8215,22.12,4.255,574.0,-0.0166,0.743,20.1145,2492.75,7.4507,0.0,1004.05,1.66,0.9201,16.51,12.7454,12.8237,4.5499,-0.0456,19.793,0.0,2.678,632.2581,24.1581,13.78,9139.0,86.4386,1.7,85.9331,153.1482,0.2678,81.31,0.0123,0.1138,3.4808,252.594,양품
-3.9255,-0.0118,53.5032,-5241.0,69.9556,0.0,0.0783,0.095,15.86,381.0,7.1302,15.79,1.229,1.9863,,8.8973,21.94,4.162,814.0,0.0057,0.7612,23.9255,2434.5,10.3404,0.0,1003.84,1.33,0.9325,14.48,26.2699,16.7264,4.567,-0.0304,32.511,304.9328,2.638,818.6047,33.7369,17.61,9304.9102,86.4023,2.7,84.6927,141.6636,0.2568,80.92,0.0103,0.1125,3.5912,284.854,양품
-3.54,-0.0111,51.5254,-5393.5,67.0889,0.0,0.0879,0.09,15.86,559.0,6.3854,15.79,1.229,2.0013,,8.627,17.45,4.162,1150.0,0.0014,0.7612,23.54,2659.0,10.8438,0.0,1003.84,0.66,0.9168,19.73,18.3779,16.8346,4.5074,-0.026,19.562,288.7006,2.638,920.0,32.7742,21.06,8877.9699,86.4671,1.8,85.1404,140.4845,0.3692,83.13,0.0094,0.1149,3.5822,264.272,양품
-5.68,-0.0113,26.4901,-5422.75,71.0,0.0473,0.0942,0.216,15.85,232.0,5.896,15.8,1.376,1.953,,8.8215,18.97,4.255,651.0,-0.017,0.743,25.68,2571.75,10.95,0.0,1004.05,1.33,0.9166,17.4,36.8197,21.0745,4.499,-0.0277,16.355,148.7676,2.678,482.0513,37.8425,14.53,8893.96,86.4386,2.0,85.9331,146.5136,0.2424,81.31,0.0074,0.1058,3.2591,284.922,양품
2.4209,-0.0122,25.4882,-5130.75,73.3667,0.0473,0.0591,0.218,15.85,453.0,5.114,15.8,1.376,1.9842,,8.7786,17.93,4.255,2356.0,0.002,0.743,17.5791,2611.0,10.2173,0.0,1004.05,1.33,0.9323,10.54,52.6453,4.5836,4.5467,-0.0392,28.539,328.389,2.678,0.0,20.979,14.53,,86.4039,3.2,83.3424,150.2936,1.2571,80.45,0.0074,0.1096,3.3744,251.88,양품
-0.3136,-0.011,63.5641,-5392.25,70.1556,0.2838,0.14,0.155,16.07,571.0,8.8015,16.03,1.286,1.9777,,9.0447,26.71,4.137,804.0,-0.0274,0.7772,20.3136,2619.0,9.1535,0.0,1012.9091,1.33,0.9225,25.28,47.3107,14.3272,4.5323,-0.0277,17.321,0.0,2.589,0.0,24.218,14.53,8200.72,86.2033,3.1,84.6724,142.9155,0.3159,82.4,0.0088,0.1087,3.5589,273.614,불량
-0.0345,-0.0064,46.875,-5390.0,70.2556,1.419,0.0885,0.145,15.69,339.0,5.3009,15.7,0.8089,2.0025,,9.3181,15.78,2.626,731.0,-0.0107,0.8557,20.0345,2596.25,10.3963,0.0,995.0191,1.33,0.9291,23.9,20.1231,18.2227,4.6328,-0.0219,30.868,0.0,2.971,610.9091,26.8018,14.53,8989.4699,87.4062,2.3,86.899,143.5155,0.1416,78.7,0.0105,0.1142,3.23,279.47,불량
-1.2164,-0.0108,45.5814,-5274.25,73.0778,-0.615,0.0884,0.288,15.84,551.0,5.2422,15.88,1.338,1.959,,9.6515,17.4,4.185,1411.0,0.0093,0.7202,21.2164,2565.0,9.7716,0.0,1010.0437,1.32,0.9324,16.41,19.9773,12.5907,4.539,-0.0204,30.891,0.0,2.594,778.3784,28.6008,11.55,9166.9001,86.7475,2.9,84.3147,141.4091,0.2753,80.79,0.0079,0.1165,3.4911,269.728,불량
1.8109,-0.0128,45.4012,-5043.5,75.5778,0.0,0.1036,0.149,15.86,434.0,4.8013,15.82,1.593,1.9788,0.0351,9.1141,16.47,4.136,1175.0,-0.0078,0.6957,18.1891,2611.25,11.8035,0.0,1002.5096,1.46,0.9319,17.78,52.452,13.62,4.5373,-0.0488,28.499,436.7972,2.593,583.0508,23.7805,21.32,9252.4802,87.2937,2.8,84.7662,151.2564,0.2985,81.56,0.0077,0.1084,3.5272,264.272,양품
1.2109,-0.0097,16.5589,-5547.5,74.9556,0.0,0.0967,0.092,15.86,731.0,6.5606,15.82,1.593,1.9902,,8.9818,19.63,4.136,390.0,-0.0087,0.6957,18.7891,2910.0,12.1794,0.0,1002.5096,1.21,0.9334,10.89,21.7939,5.9698,4.5315,-0.0225,23.007,487.2368,2.593,911.1111,19.5172,15.84,9486.4399,86.7637,4.4,84.7951,148.9073,0.3435,12.94,0.0085,0.115,3.2952,264.272,양품
-2.5945,-0.0121,44.4444,-5294.5,74.7,0.0,0.1387,0.104,15.86,196.0,6.2475,15.82,1.593,2.0017,,9.6515,20.88,4.136,1300.0,-0.0036,0.6957,22.5945,2665.5,9.6107,0.0,1002.5096,1.39,0.9323,10.89,34.7159,6.7378,4.5941,-0.0375,23.977,154.9404,2.593,0.0,27.401,19.49,9256.32,86.7475,3.2,84.3147,145.9455,0.3649,80.79,0.0102,0.1112,3.1926,264.272,양품
-2.91,-0.0126,24.5788,-5259.25,67.2,0.0,0.0878,0.262,15.86,536.0,7.3243,15.82,1.593,1.9752,,8.8105,21.04,4.136,432.0,-0.0091,0.6957,22.91,2618.5,11.2707,0.0,1002.5096,1.33,0.9324,14.23,16.8287,12.4601,4.539,-0.0146,30.037,453.2641,2.593,714.8936,30.1735,14.53,8896.81,86.7128,2.3,86.9432,143.1318,0.2753,80.84,0.0079,0.1173,3.4294,264.272,양품
-3.2436,-0.0099,30.2267,-5395.5,76.3,-0.8042,0.1273,0.169,15.74,684.0,7.1874,15.78,1.366,1.999,,9.1637,20.11,3.882,1239.0,0.0023,0.7348,23.2436,2490.75,12.1227,0.0,1002.7791,0.62,0.9223,12.64,19.935,18.2436,4.5444,-0.0186,18.037,255.2691,2.594,0.0,31.0876,20.64,8632.2199,87.3675,3.7,84.8754,150.2982,1.2571,81.59,0.0096,0.113,3.5711,258.072,양품
-3.6345,-0.0109,40.2286,-5573.75,72.4222,0.0,0.0783,0.17,15.86,410.0,5.8711,15.82,1.593,2.0225,,8.9605,21.15,4.136,820.0,-0.0052,0.6957,23.6345,2926.5,12.6161,0.0,1002.5096,,0.8771,17.23,24.7884,14.6255,4.2231,-0.033,22.2209,153.8019,2.593,512.5,30.6162,,,86.4061,4.8,84.078,146.7509,0.2424,79.09,0.0075,0.1161,3.2201,283.86,양품
-3.9927,-0.0106,53.584,-5487.0,77.9,-0.8042,0.0918,0.078,15.74,174.0,6.7416,15.78,1.366,2.0025,,8.2061,25.08,3.882,1056.0,-0.0112,0.7348,23.9927,2705.0,11.0992,0.0,1002.7791,1.12,0.8765,18.47,22.9524,12.1855,4.2218,-0.0211,23.377,121.2204,2.594,956.0976,31.3727,22.1,9053.11,86.7514,3.1,85.4577,149.9682,0.4069,81.22,,,3.3938,282.24,양품
-2.3618,-0.0144,38.8215,-5364.75,67.0222,-0.8042,0.0615,0.107,15.74,369.0,6.836,15.78,1.366,2.014,,8.627,19.91,3.882,318.0,-0.0006,0.7348,22.3618,2454.25,7.3558,0.0,1002.7791,0.71,0.9325,11.31,23.2428,8.8241,4.5525,-0.0098,25.686,176.1355,2.594,413.3333,28.1426,13.83,8281.2099,86.4671,3.3,85.1404,149.1164,0.2753,83.13,0.0083,0.1148,3.4006,264.272,양품
4.7282,-0.01,50.8728,-5464.5,69.1111,0.0,0.075,0.237,15.86,456.0,6.9325,15.82,1.593,1.9983,,9.0447,19.95,4.136,1205.0,0.0098,0.6957,15.2718,2659.5,9.574,0.0,1002.5096,0.77,0.9201,20.97,37.7657,12.2364,4.5499,-0.0384,20.614,263.3145,2.593,800.0,20.6354,16.57,9002.91,86.2033,2.5,84.6724,141.9118,0.1233,82.4,0.0119,0.1079,3.2434,272.998,양품
-3.1964,-0.0073,45.0512,-5362.5,68.4333,-0.8042,0.0903,0.075,15.74,221.0,6.2762,15.78,1.366,2.0092,,8.627,21.28,3.882,436.0,-0.0024,0.7348,23.1964,2615.0,9.1992,0.0,1002.7791,1.22,0.9308,13.8,21.7815,10.6836,4.5593,-0.0441,29.595,131.0865,2.594,826.6667,28.1993,15.65,9054.8901,86.4671,3.5,85.1404,149.7309,0.2424,83.13,0.0074,0.1058,3.4314,286.65,양품
-1.5036,-0.0117,25.5591,-5378.0,73.3111,-0.8042,0.0811,0.104,15.74,333.0,4.9589,15.78,1.366,2.008,,9.7571,13.34,3.882,385.0,-0.0079,0.7348,21.5036,2519.5,10.7281,0.0,1002.7791,0.62,0.9347,13.31,13.0968,7.6373,4.535,-0.0643,26.043,444.9217,2.594,923.0769,25.5747,13.34,8933.5201,86.8511,6.4,84.1477,146.16,0.2568,77.1,0.0087,0.1143,3.214,264.272,양품
8.9964,-0.0124,35.4481,-5339.75,74.9778,-0.8988,0.065,0.173,15.73,201.0,6.9415,15.77,1.201,2.0252,0.0203,9.1141,22.43,4.058,887.0,-0.0048,0.6676,11.0036,2520.5,12.3068,0.0,1000.4489,1.33,0.9237,17.84,24.8096,10.8237,4.5523,-0.0224,16.133,90.9256,2.563,0.0,17.4511,14.53,9064.9199,87.2937,2.7,84.7662,143.8082,0.2753,81.56,0.0083,0.1148,3.4279,261.09,양품
-0.4109,-0.0109,63.0137,-5492.75,70.2222,-0.8988,0.065,0.101,15.73,352.0,6.1033,15.77,1.201,1.984,,9.534,16.68,4.058,523.0,-0.009,0.6676,20.4109,2671.0,9.0024,0.0,1000.4489,1.09,0.9201,18.39,20.982,16.2618,4.5499,-0.0328,18.4,0.0,2.563,631.5789,28.2958,16.88,9498.22,86.2809,3.0,84.7391,145.2636,0.2678,77.34,0.0119,0.1079,3.127,266.118,양품
-6.5027,-0.012,37.422,-5342.0,67.4778,-0.8988,0.0609,0.145,15.73,289.0,5.3559,15.77,1.201,1.964,,8.7286,15.75,4.058,1099.0,-0.0106,0.6676,26.5027,2536.75,13.7125,0.0,1000.4489,0.32,0.933,21.28,22.7234,17.3745,4.5388,-0.0449,30.631,199.4547,2.563,0.0,34.1725,16.91,9064.88,86.3286,3.4,83.914,145.6745,0.2938,80.23,0.0096,0.1078,3.3056,258.33,양품
-3.7673,-0.0112,24.2152,-5656.75,72.4556,-0.8042,0.1,0.123,15.74,312.0,9.4679,15.78,1.366,1.9582,,8.3845,27.05,3.882,821.0,-0.0092,0.7348,23.7673,2560.0,7.8171,0.0,1002.7791,0.77,0.9173,18.91,68.0777,12.5173,4.534,-0.0188,20.49,225.6274,2.594,777.7778,28.7957,21.5,,86.8972,2.4,85.07,145.9355,0.4564,81.39,0.0093,0.1075,3.3064,264.272,양품
3.3691,-0.0111,52.1348,-5522.0,74.0111,-0.8988,0.0904,0.143,15.73,570.0,5.4071,15.77,1.201,1.9748,0.0274,9.1637,17.15,4.058,638.0,-0.0068,0.6676,16.6309,2752.25,8.8735,0.0,1000.4489,1.33,0.9319,16.26,34.6758,12.0182,4.5373,-0.0023,27.325,196.789,2.563,0.0,22.863,14.53,9488.4301,87.3675,2.6,84.8754,145.36,0.794,81.59,0.0116,0.1178,3.349,259.364,양품
1.3355,-0.0111,61.3995,-5302.75,76.6556,-0.8042,0.1053,0.219,15.74,89.0,4.8265,15.78,1.366,2.0078,,8.1409,15.35,3.882,1057.0,0.0058,0.7348,18.6645,2667.25,7.5147,0.0,1002.7791,0.91,0.9303,15.87,38.3186,7.6909,4.5727,-0.031,29.313,501.7022,2.594,0.0,22.0985,20.34,8495.6599,86.8207,2.4,83.6845,147.97,0.2424,81.65,0.0107,0.1139,3.3732,283.92,양품
-3.4327,-0.0122,27.1326,-5482.75,73.6222,-0.8988,0.1221,0.074,15.73,261.0,8.5633,15.77,1.201,1.9977,,9.088,26.83,4.058,101.0,0.002,0.6676,23.4327,2595.25,7.5804,0.0,1000.4489,1.33,0.9168,19.09,51.5907,15.9342,4.5074,-0.0331,19.7729,403.178,2.563,0.0,31.2905,14.53,8696.75,87.3122,3.9,84.5612,139.1418,0.3692,82.76,0.0074,0.1139,3.4076,282.424,양품
-3.8691,-0.0082,46.5544,-6496.75,73.1333,-0.8042,0.1118,0.065,15.74,52.0,9.0982,15.78,1.366,1.7875,,8.9607,25.74,3.882,141.0,0.001,0.7348,23.8691,2259.5,9.3787,0.0,1002.7791,1.21,0.9173,12.86,27.9177,9.0135,4.534,-0.0255,19.85,245.2773,2.594,549.0196,29.0537,22.67,8847.28,86.4051,4.2,84.0623,145.9845,0.1776,79.43,0.0093,0.1075,4.6983,276.356,양품
4.9336,-0.0099,62.9442,-5519.25,68.4111,-0.8988,0.0936,0.14,15.73,315.0,5.8045,15.77,1.201,2.0105,,9.0744,20.11,4.058,601.0,-0.0107,0.6676,15.0664,2622.0,12.5764,0.0,1000.4489,1.27,0.9325,18.23,20.8626,9.1691,4.2373,-0.0532,24.894,189.9209,2.563,724.5283,24.1408,19.9,8471.5101,85.9594,2.8,84.9605,142.8891,0.2938,80.69,0.0117,0.1086,3.4551,264.272,양품
1.1891,-0.008,65.9409,-5414.25,69.8667,-0.8042,0.1337,0.159,15.74,434.0,6.7082,15.78,1.366,1.9795,,9.2064,21.08,3.882,460.0,-0.0072,0.7348,18.8109,2548.75,9.7073,0.0,1002.7791,0.69,0.923,14.69,39.7506,9.9773,4.5459,-0.0121,16.806,871.2538,2.594,0.0,23.7265,18.35,8996.8199,86.233,2.3,84.4782,146.1473,0.1233,79.12,0.0071,0.1098,3.4127,264.272,양품
-2.3109,-0.0124,55.5891,-6553.5,75.2889,0.6623,0.0448,0.201,15.76,84.0,7.4485,15.76,0.7474,0.6258,,8.6024,25.54,3.205,360.0,0.0269,0.8307,22.3109,2271.75,8.9739,0.0,1008.4097,1.6,0.9161,14.25,36.8926,17.2718,4.4969,-0.0032,17.061,351.8096,3.045,0.0,31.317,14.73,9038.5799,86.8309,3.0,83.8792,147.5718,0.2908,79.8,0.0105,0.1138,2.1791,277.3,양품
-3.0645,-0.0115,44.2516,-5711.75,76.6,0.6623,0.0471,0.191,15.76,481.0,6.8386,15.76,0.7474,1.9763,,8.2061,21.51,3.205,1396.0,0.0261,0.8307,23.0645,2757.25,9.8525,0.0,1008.4097,1.33,0.9308,18.24,53.3243,12.2463,4.5593,-0.0095,29.838,134.4408,3.045,500.0,28.3907,14.53,9049.98,86.7514,3.4,85.4577,148.83,0.2424,81.22,0.0074,0.1058,3.4219,284.362,양품
-1.99,-0.0084,33.1852,-5477.0,76.5,0.5204,0.0629,0.095,15.66,69.0,7.5402,15.7,0.9602,1.9875,,8.1409,21.87,2.679,860.0,0.0085,0.8218,21.99,2608.5,7.3023,0.0,999.9391,1.33,0.9179,11.64,36.8863,6.8877,4.4942,0.0124,19.74,414.0704,2.99,936.1702,28.2459,14.53,9990.49,86.8207,2.1,83.6845,152.8355,0.1776,81.65,0.0108,0.1115,3.4827,267.524,양품
3.1727,-0.0085,34.1679,-5694.25,68.6667,0.6623,0.0785,0.083,15.76,464.0,7.0465,15.76,0.7474,2.009,,9.9095,17.48,3.205,516.0,-0.0075,0.8307,16.8273,2631.25,10.1274,0.0,1008.4097,0.96,0.9172,12.13,51.78,8.1701,4.4868,-0.0229,19.088,286.1891,3.045,0.0,22.0459,19.51,,86.5141,1.8,84.8142,146.9809,0.2456,81.76,0.0093,0.1075,3.5666,276.002,양품
1.8318,-0.0117,51.3919,-5946.25,74.1667,0.5204,0.0858,0.097,15.66,291.0,7.3869,15.7,0.9602,1.9853,,8.6024,22.34,2.679,1283.0,0.0137,0.8218,18.1682,2747.25,10.7568,0.0,999.9391,1.33,0.9161,13.9,8.6902,11.4664,4.4969,0.0212,17.367,567.7419,2.99,363.6364,22.0115,14.53,,86.8309,2.4,83.8792,151.4655,0.3509,79.8,0.01,0.1136,3.3258,264.272,양품
-4.9191,-0.0105,23.8379,-5540.0,74.8889,0.5204,0.0726,0.112,15.66,1219.0,7.072,15.7,0.9602,1.9963,,8.3845,23.34,2.679,1133.0,-0.0068,0.8218,24.9191,2780.25,9.0473,0.0,999.9391,1.31,0.9175,12.64,50.7607,12.9155,4.4923,-0.0044,21.979,154.5001,2.99,441.791,27.8129,18.55,,86.8972,2.6,85.07,150.6764,0.2456,81.39,0.0051,0.1153,3.4486,249.132,양품
-2.3264,-0.0116,32.6882,-5418.75,76.0556,0.6623,0.0805,0.145,15.76,496.0,5.2364,15.76,0.7474,1.9893,,8.2061,19.01,3.205,735.0,0.0012,0.8307,22.3264,2670.5,8.8695,0.0,1008.4097,1.33,0.9347,17.84,26.5735,11.6827,4.535,-0.0031,25.873,188.7065,3.045,239.1753,29.7843,14.53,9643.7498,86.7514,2.4,85.4577,150.3245,0.3692,81.22,0.0087,0.1143,3.2956,264.272,양품
-6.2591,-0.0096,68.6606,-5587.5,75.3556,0.6623,0.0634,0.039,15.76,289.0,7.6422,15.76,0.7474,2.012,,9.088,27.26,3.205,1645.0,-0.0049,0.8307,26.2591,2613.75,10.2497,0.0,1008.4097,0.7,0.9303,16.38,49.6857,10.038,4.5727,-0.0133,29.558,108.0029,3.045,0.0,31.9878,23.01,8175.84,87.3122,2.6,84.5612,151.8918,0.2424,82.76,0.0107,0.1139,3.405,264.272,양품
-0.4636,-0.0077,29.8217,-5524.25,77.2222,0.5204,0.0746,0.125,15.66,169.0,4.5381,15.7,0.9602,2.0107,,9.1141,13.49,2.679,812.0,0.0105,0.8218,20.4636,2657.25,8.4395,0.0,999.9391,1.42,0.9319,17.29,38.4789,15.3128,4.5373,0.0032,28.408,0.0,2.99,0.0,28.349,21.15,8522.03,87.2937,2.9,84.7662,145.69,0.794,81.56,0.0077,0.1084,3.3219,288.864,양품
-0.28,-0.0107,41.0735,-6370.0,73.1778,0.3784,0.07,0.099,15.73,145.0,8.1889,15.72,0.9365,1.7937,,8.9607,25.97,2.398,353.0,0.0023,0.8741,20.28,2280.0,10.1705,0.0,1000.1451,1.33,0.9168,20.45,29.5551,13.0964,4.5074,-0.026,20.226,0.0,2.985,0.0,27.9706,14.53,8763.4899,86.4051,3.8,84.0623,140.5273,0.3692,79.43,0.0074,0.1139,4.7117,264.272,양품
4.7382,-0.0094,53.4759,-5403.5,70.4333,0.6623,0.0706,0.159,15.76,243.0,7.6719,15.76,0.7474,1.9663,,8.9541,25.4,3.205,1210.0,0.01,0.8307,26.6443,2792.5,9.5661,0.0,1008.4097,1.33,0.9308,17.88,36.0792,19.1402,4.5593,0.0004,29.551,0.0,3.045,0.0,96.3465,14.53,8147.7199,86.2871,1.6,86.8862,167.8309,0.2424,81.86,0.0074,0.1058,3.5648,264.272,양품
-6.4945,-0.0117,38.6266,-5573.75,68.9,0.5204,0.0995,0.067,15.66,273.0,7.5794,15.7,0.9602,2.0027,,8.627,22.98,2.679,619.0,0.0075,0.8218,26.4945,2578.25,8.7944,0.0,999.9391,0.73,0.9179,18.15,49.9506,13.5073,4.4942,-0.0025,21.871,85.9183,2.99,747.8261,33.7386,15.98,10137.4601,86.4671,2.8,85.1404,148.9918,0.2424,83.13,0.0108,0.1115,3.2708,264.272,양품
-3.9618,-0.0119,24.3442,-4958.5,77.1222,0.5204,0.0514,0.085,15.66,129.0,5.6581,15.7,0.9602,1.9892,,8.2061,18.37,2.679,907.0,0.0144,0.8218,23.9618,2477.25,9.1026,0.0,999.9391,1.78,0.8778,14.12,22.8614,16.3073,4.2234,0.0041,24.1039,88.8481,2.99,666.6667,31.4055,14.94,8296.0701,86.7514,2.9,85.4577,144.4773,0.2424,81.22,0.0098,0.1134,3.4517,281.27,양품
-2.49,-0.0063,68.8,-5247.0,68.7,0.2838,0.4892,0.123,16.07,448.0,5.4164,16.03,1.286,1.9572,,8.8909,15.67,4.137,890.0,-0.0331,0.7772,22.49,2541.25,10.2017,0.0,1012.9091,1.33,0.9323,17.5,21.6857,12.1018,4.5195,-0.009,29.476,272.6909,2.589,651.1628,29.531,14.53,8615.3501,86.5543,3.1,84.4668,140.0882,0.1416,80.01,0.007,0.1125,3.3646,264.272,불량
-0.5345,-0.0134,47.7167,-5442.25,68.8667,0.5204,0.0589,0.1,15.66,345.0,8.7276,15.7,0.9602,2.0212,,9.9095,22.55,2.679,1369.0,0.0125,0.8218,20.5345,2608.0,8.5914,0.0,999.9391,1.33,0.9161,13.28,36.1845,15.66,4.4969,0.0139,17.976,0.0,2.99,0.0,28.1991,14.53,,86.5141,1.4,84.8142,147.7755,0.2616,81.76,0.0081,0.1149,3.4147,272.888,양품
-7.8145,-0.0121,22.3602,-5441.0,74.6111,0.5204,0.0823,0.077,15.66,428.0,7.6173,15.7,0.9602,1.9825,,9.1637,22.67,2.679,1451.0,0.0059,0.8218,27.8145,2689.75,9.4151,0.0,999.9391,1.08,0.9156,8.73,35.3393,21.2018,4.5174,0.0268,14.953,138.5877,2.99,0.0,36.343,17.85,9010.7398,87.3675,7.3,84.8754,153.1836,0.2568,81.59,0.0087,0.1143,3.275,283.232,양품
-2.9791,-0.0123,62.6653,-5597.5,73.3556,0.3784,0.0597,0.181,15.73,255.0,7.2437,15.72,0.9365,2.0197,,8.3271,20.66,2.398,669.0,-0.0124,0.8741,22.9791,2680.5,9.6782,0.0,1000.1451,1.85,0.9185,13.55,34.4854,20.4364,4.539,-0.0099,19.019,291.0284,2.985,0.0,31.6736,23.82,8484.1001,87.0707,2.3,86.7232,149.4709,0.2908,8.828,0.0106,0.1161,3.3378,264.272,양품
0.3173,-0.013,32.2148,-5399.5,68.2444,-0.3311,0.0582,0.124,15.77,254.0,7.6902,15.73,1.163,1.9785,,9.0402,24.2,3.853,538.0,0.0119,0.7069,19.6827,2579.0,12.5048,0.0,997.4334,1.33,0.9223,13.25,26.6271,15.0318,4.5444,-0.0253,17.787,0.0,2.723,0.0,26.9954,14.53,8577.1599,85.9998,2.8,84.7632,150.4727,1.2571,8.438,0.0117,0.1053,3.4457,246.266,양품
-3.4618,-0.0126,44.4886,-5429.25,74.1444,0.3784,0.087,0.218,15.73,427.0,6.2287,15.72,0.9365,1.9783,,8.3808,20.94,2.398,1047.0,0.0096,0.8741,23.4618,2529.0,9.1002,0.0,1000.1451,,0.8769,18.47,33.1326,11.4746,4.2204,-0.0515,22.99,110.9244,2.985,0.0,30.7458,,8576.5798,86.625,2.1,83.7266,146.2255,0.3007,79.55,0.0104,0.1149,3.5424,264.272,양품
-3.4391,-0.0113,49.4481,-5650.5,74.1,-0.3311,0.0736,0.279,15.77,795.0,7.0636,15.73,1.163,2.0135,,9.7571,22.13,3.853,597.0,-0.0054,0.7069,23.4391,2730.25,10.4754,0.0,997.4334,1.33,0.9347,14.18,39.8891,9.054,4.535,-0.0396,22.853,137.8271,2.723,0.0,28.2662,14.53,8312.54,86.8511,3.8,84.1477,144.4964,0.2424,77.1,0.0087,0.1143,3.4599,263.144,양품
-3.5573,-0.0103,57.0738,-5168.25,75.4444,0.3784,0.0527,0.207,15.73,523.0,7.3566,15.72,0.9365,1.9638,,8.2963,22.08,2.398,1343.0,0.0019,0.8741,23.5573,2634.5,10.7293,0.0,1000.1451,1.33,0.918,14.67,41.9419,13.2772,4.5015,-0.0253,20.925,274.9297,2.985,0.0,29.2792,14.53,8911.2899,86.955,3.5,85.1167,144.1255,0.3509,80.59,0.0051,0.1153,3.2527,271.15,양품
2.6827,-0.0131,32.8558,-5226.25,70.7667,0.3784,0.0741,0.145,15.73,379.0,4.9049,15.72,0.9365,2.0048,,9.0744,15.64,2.398,481.0,-0.0044,0.8741,17.3173,2537.25,12.5159,0.0,1000.1451,1.37,0.932,14.38,16.9566,9.2521,4.5587,-0.0179,29.245,252.7282,2.985,0.0,23.9232,12.6,9166.4199,85.9594,2.0,84.9605,147.47,0.2938,80.69,0.0083,0.1089,3.3774,263.606,양품
1.7791,-0.0107,32.7485,-6456.75,72.6222,-1.466,0.1097,0.092,15.75,103.0,6.7658,15.7,1.248,1.7893,,8.9607,18.17,4.333,255.0,-0.0024,0.685,18.2209,2251.25,10.0908,0.0,999.1343,1.33,0.9168,11.24,34.532,10.7126,4.5074,-0.029,17.428,837.5064,2.819,0.0,24.0609,14.53,8505.8301,86.4051,4.1,84.0623,140.9773,0.3895,79.43,0.0093,0.1075,4.6988,264.272,양품
-1.4627,-0.013,25.3846,-5362.75,72.9778,0.3784,0.0894,0.35,15.73,680.0,5.0517,15.72,0.9365,1.98,,9.7571,16.37,2.398,1899.0,-0.0268,0.8741,21.4627,2583.5,12.0923,0.0,1000.1451,0.65,0.9303,11.6,37.0426,10.0594,4.5727,-0.0362,32.537,644.6853,2.985,0.0,25.7529,17.9,8758.0301,86.8511,5.7,84.1477,149.6191,0.4069,77.1,0.0103,0.1158,3.273,282.648,양품
-5.4282,-0.0119,27.7603,-5313.75,73.6222,0.9461,0.0674,0.029,15.69,490.0,6.9595,15.73,0.8231,1.9453,,8.3675,22.28,3.23,1820.0,0.0045,0.8089,25.4282,2765.25,11.4545,0.0,1005.7411,1.33,0.9175,15.01,32.04,9.8145,4.4923,0.0062,19.713,179.9866,3.02,274.5098,29.3135,14.53,8825.0999,86.8342,2.6,85.2544,154.2855,0.2456,2.506,0.0051,0.1153,3.3189,264.272,양품
-1.4609,-0.0119,38.6555,-5689.0,74.7222,-0.9461,0.0542,0.178,15.73,433.0,7.7137,15.73,1.13,1.9942,,8.3267,22.63,4.138,1474.0,-0.0006,0.7269,21.4609,2689.25,13.0361,0.0,997.5587,0.71,0.9185,15.01,26.58,15.53,4.539,0.0035,17.185,425.0778,2.673,558.4906,28.8331,17.96,8804.5301,86.889,3.3,87.3041,149.7745,0.2908,80.78,0.008,0.1128,3.4413,264.272,양품
-4.8009,-0.0118,46.4135,-5398.75,77.1222,-0.9461,0.0672,0.108,15.73,169.0,6.2364,15.73,1.13,2.0,0.016,8.324,21.31,4.138,1612.0,0.0112,0.7269,24.8009,2600.5,11.4371,0.0,997.5587,1.06,0.9319,17.23,36.1896,12.97,4.5373,-0.0029,29.297,133.0998,2.673,0.0,32.2309,15.71,9571.3501,86.8486,3.8,85.4772,148.7355,0.4069,81.77,0.0115,0.1121,3.4892,247.046,양품
-2.6682,-0.0095,48.6772,-5284.5,77.0556,0.0,0.0584,0.093,15.77,414.0,5.584,15.75,1.177,1.9525,,8.1409,18.75,2.858,741.0,0.0064,0.8224,22.6682,2569.75,12.9242,0.0,1005.2293,1.33,0.9303,11.21,38.5169,6.2838,4.5727,-0.0161,27.742,287.0869,2.962,0.0,27.8665,14.53,8495.53,86.8207,3.1,83.6845,152.6755,0.4069,81.65,0.0103,0.1158,3.4609,272.05,양품
-2.2582,-0.014,34.9065,-5657.5,72.2333,-0.9461,0.0746,0.162,15.73,348.0,5.9525,15.73,1.13,2.0093,,8.5615,20.06,4.138,627.0,-0.0013,0.7269,22.2582,2571.25,10.8957,0.0,997.5587,0.76,0.9312,18.48,24.2338,11.4245,4.5909,0.0069,29.783,563.7288,2.673,0.0,28.5474,12.33,8618.4099,87.1811,2.6,87.3732,148.94,0.2908,78.7,0.0074,0.11,3.4504,264.272,양품
-1.8509,-0.0124,28.3114,-6349.25,73.8556,-0.3311,0.0616,0.081,15.77,136.0,7.1604,15.73,1.163,1.8068,,8.4891,21.95,3.853,267.0,0.0061,0.7069,21.8509,2261.5,8.4645,0.0,997.4334,0.68,0.918,10.24,29.3115,11.8624,4.5015,-0.0333,17.247,573.7721,2.723,500.0,27.3317,25.37,9107.99,86.8889,1.7,83.2054,145.4282,0.3509,80.94,0.0051,0.1153,4.7572,271.608,양품
-1.97,-0.0086,97.8166,-5231.5,67.0111,-0.9461,0.0546,0.098,15.73,254.0,7.1306,15.73,1.13,1.996,,8.662,23.24,4.138,1216.0,0.0044,0.7269,21.97,2492.75,14.1252,0.0,997.5587,1.32,0.9173,12.3,29.8536,8.2124,4.534,-0.0059,18.264,548.2234,2.673,0.0,28.4017,16.99,9055.3399,86.2277,2.0,85.9801,147.6445,0.1776,81.32,0.0093,0.1075,3.4266,276.034,양품
-4.5718,-0.0116,48.4848,-6461.0,73.0667,-0.3311,0.0569,0.085,15.77,44.0,8.1814,15.73,1.163,1.7912,,8.9607,24.36,3.853,197.0,0.0082,0.7069,24.5718,2266.0,9.2942,0.0129,997.4334,1.29,0.9168,16.55,40.9631,16.6764,4.5074,-0.0276,18.359,307.755,2.723,0.0,33.016,21.04,8671.41,86.4051,4.7,84.0623,145.3218,0.3692,79.43,0.0093,0.1075,4.7069,280.656,양품
-0.5655,-0.0126,37.9822,-6106.25,68.7556,-0.9461,0.0684,0.104,15.73,1065.0,6.0136,15.73,1.13,2.0103,,9.2036,18.87,4.138,1052.0,-0.0139,0.7269,20.5655,2829.75,13.3831,0.0,997.5587,1.13,0.9161,16.5,26.5172,12.3591,4.4969,-0.0267,18.715,0.0,2.673,0.0,24.6207,16.35,,86.3105,2.3,84.1966,152.2209,0.2616,77.28,0.0105,0.1138,3.5216,270.686,양품
-2.0991,-0.0112,40.8889,-6504.75,69.2222,0.0,0.06,0.071,15.71,171.0,6.1777,15.7,1.276,1.7913,,8.1605,20.68,4.04,587.0,0.0038,0.7048,22.0991,2244.75,7.5413,0.0,993.8988,1.19,0.9332,20.52,14.2723,12.6218,4.5655,-0.0114,27.718,368.2547,2.533,0.0,28.2877,19.9,,86.629,2.0,85.1237,147.2873,0.3368,84.56,0.0109,0.1133,4.6809,264.272,양품
-5.1618,-0.0104,40.3361,-5553.0,74.6667,0.0,0.0719,0.147,15.73,368.0,7.2873,15.71,1.465,1.9937,,8.4891,25.36,4.149,483.0,-0.0097,0.6567,25.1618,2628.5,10.3149,0.0,996.759,1.33,0.918,14.32,37.3756,10.98,4.5015,-0.0272,18.371,207.2913,2.495,0.0,31.5349,14.53,9062.7601,86.8889,2.8,83.2054,150.1745,0.2616,80.94,0.0087,0.108,3.3758,264.272,양품
1.7736,-0.0094,69.241,-5187.0,70.7889,-0.9461,0.0754,0.143,15.73,356.0,6.5287,15.73,1.13,1.9735,,9.193,22.23,4.138,274.0,-0.0018,0.7269,18.2264,2481.25,11.272,0.0001,997.5587,1.2,0.9172,5.5,35.2918,14.3336,4.4868,-0.0069,17.233,647.2578,2.673,557.1429,25.5794,19.49,9416.7499,86.313,4.8,84.5602,148.6282,0.4564,81.13,0.0085,0.113,3.4141,264.272,양품
-0.3409,-0.0116,30.9677,-5254.25,72.6667,0.0,0.0854,0.087,15.71,730.0,8.9079,15.7,1.276,1.9933,,8.451,22.6,4.04,679.0,-0.0057,0.7048,20.3409,2587.0,8.891,0.0,993.8988,0.64,0.9185,16.32,27.7906,15.2782,4.539,0.0109,17.527,0.0,2.533,723.8095,27.8262,15.98,9390.8,87.0768,3.7,86.7657,149.9836,0.2908,80.66,0.008,0.1128,3.4521,271.63,양품
2.8236,-0.0131,29.0353,-5514.75,71.5556,0.0,0.0735,0.143,15.71,433.0,7.6664,15.7,1.276,1.9968,,9.4749,25.54,4.04,232.0,-0.005,0.7048,17.1764,2557.25,6.6311,0.0,993.8988,0.8,0.9185,11.64,20.4165,13.9973,4.5677,0.0118,16.252,277.6561,2.533,541.1765,24.5318,17.22,8313.7601,87.4597,3.6,86.4072,148.5764,0.1166,79.79,0.0094,0.1113,3.2976,264.272,양품
3.6255,-0.0144,21.5278,-5594.75,70.8889,0.0,0.0918,0.212,15.71,746.0,8.1372,15.7,1.276,1.98,,8.8973,25.47,4.04,272.0,-0.01,0.7048,16.3745,2799.25,8.5805,0.0,993.8988,1.59,0.9185,14.35,26.3014,10.7688,4.539,-0.026,20.33,280.2407,2.533,0.0,22.6626,13.98,9161.6101,86.4023,1.8,84.6927,149.6527,1.2113,80.92,0.0106,0.1161,3.3789,277.296,양품
0.2336,-0.0129,37.2816,-5329.75,67.4889,0.0,0.0822,0.124,15.71,694.0,6.9544,15.7,1.276,1.9892,,8.6968,20.59,4.04,1148.0,0.0109,0.7048,19.7664,2643.25,8.1512,0.0,993.8988,1.19,0.9187,13.93,28.6895,13.5536,4.5674,-0.0191,16.164,0.0,2.533,270.5882,27.5825,18.87,9585.77,86.4285,2.4,83.9887,147.8927,0.1166,81.92,0.0118,0.118,3.4184,264.272,양품
-5.8273,-0.0139,34.4086,-5432.25,67.7222,0.0,0.052,0.233,15.73,583.0,5.4969,15.71,1.465,1.986,,8.9541,18.65,4.149,582.0,0.0061,0.6567,25.8273,2548.5,12.269,0.0,996.759,1.33,0.9312,94.32,24.0489,22.6591,4.5909,-0.0199,30.601,563.5569,2.495,0.0,32.6759,14.53,9292.7699,86.2871,1.5,86.8862,139.0036,0.2908,81.86,0.0094,0.1113,3.5059,256.264,양품
-3.4873,-0.009,35.4571,-5431.25,69.4778,-0.9461,0.0501,0.114,15.73,251.0,9.2888,15.73,1.13,1.9888,,8.662,24.41,4.138,114.0,0.0017,0.7269,23.4873,2611.0,12.3279,0.0,997.5587,1.33,0.9173,14.17,32.8462,10.1354,4.534,-0.0225,18.981,201.0167,2.673,0.0,29.2941,14.53,9260.07,86.2277,1.8,85.9801,147.2418,0.1776,81.32,0.0093,0.1075,3.379,264.272,양품
-5.3264,-0.0104,40.4332,-5636.0,73.0667,0.3784,0.0593,0.117,15.73,147.0,7.4312,15.72,0.9365,2.0152,,8.3675,25.15,2.398,554.0,-0.0052,0.8741,25.3264,2556.5,13.3326,0.0,1000.1451,0.78,0.9172,22.16,22.2316,22.33,4.4868,0.0297,20.038,144.7517,2.985,0.0,36.1696,20.08,10228.08,86.8342,2.5,85.2544,140.2782,0.2456,2.506,0.0085,0.113,3.3759,264.272,양품
-2.1264,-0.0124,29.899,-6376.25,72.8556,0.0,0.0405,0.216,15.73,54.0,6.7247,15.71,1.465,0.7112,,8.6024,21.46,4.149,130.0,0.0017,0.6567,22.1264,2300.0,10.7755,0.0,996.759,1.33,0.9161,13.96,21.6324,11.5146,4.4969,-0.0298,17.163,640.0599,2.495,0.0,25.2418,14.53,8549.18,86.8309,2.2,83.8792,149.7409,0.2908,79.8,0.0087,0.108,2.2481,264.272,양품
-5.7373,-0.0114,44.8845,-5337.25,68.2667,0.0,0.0509,0.153,15.71,559.0,6.9035,15.7,1.276,1.989,,9.9095,21.75,4.04,721.0,0.0103,0.7048,25.7373,2589.5,7.6398,0.0,993.8988,0.72,0.9175,18.41,34.6773,17.0755,4.4923,-0.0026,18.968,133.8615,2.533,0.0,34.4785,18.15,9156.08,86.5141,2.2,84.8142,146.9773,0.1648,81.76,0.0051,0.1153,3.4687,264.272,양품
0.2055,-0.0101,39.604,-6517.75,72.9778,0.2365,0.0732,0.057,15.68,142.0,4.9396,15.67,1.399,1.8057,,8.1605,13.67,3.86,441.0,-0.0108,0.7422,19.7945,2304.25,8.666,0.0,992.6206,1.33,0.9332,13.8,13.3608,7.1904,4.5655,-0.0683,29.454,0.0,2.606,400.0,23.4023,14.53,,86.629,1.7,85.1237,150.3445,0.4774,84.56,0.0071,0.1136,4.6909,266.572,양품
-2.8245,-0.0117,29.8507,-5552.25,74.2889,-1.797,0.0456,0.145,15.67,398.0,7.4528,15.63,1.087,1.9762,,8.3845,23.08,4.431,708.0,-0.0116,0.7348,22.8245,2748.25,13.7905,0.0,995.6526,1.05,0.918,16.09,17.0976,20.7773,4.5015,-0.0534,16.639,340.9398,3.131,568.4211,31.3699,20.64,8442.0198,86.8972,2.3,85.07,145.1155,0.3509,81.39,0.0087,0.108,3.3791,264.272,양품
-4.9336,-0.0081,67.6923,-5731.5,67.4333,0.0,0.0905,0.083,15.57,232.0,6.9694,15.64,1.097,1.9988,,8.7441,19.52,4.173,675.0,0.0101,0.6722,24.9336,2600.75,13.3154,0.0,993.1386,1.33,0.9168,17.38,24.7674,13.4246,4.5074,-0.0541,20.097,197.0149,2.625,500.0,30.9695,14.53,9734.09,86.2696,1.9,85.8796,144.4809,0.2226,80.67,0.0094,0.1149,3.2101,278.072,양품
3.1427,-0.0116,43.0108,-5313.5,69.6556,-0.3311,0.0845,0.221,15.77,1057.0,6.58,15.73,1.163,1.9918,,9.0402,18.9,3.853,1745.0,-0.0198,0.7069,16.8573,2445.0,10.2851,0.0,997.4334,1.09,0.9223,21.18,29.7306,34.4209,4.5444,-0.0184,17.779,679.6644,2.723,0.0,45.8089,20.85,8844.9701,85.9998,3.0,84.7632,146.3909,0.2568,8.438,0.0091,0.1063,3.4446,266.062,양품
7.71,-0.0114,29.7268,-5282.25,67.7778,-0.9461,0.0369,0.053,15.73,250.0,6.3838,15.73,1.13,1.9925,,8.7286,21.25,4.138,601.0,0.0025,0.7269,12.29,2557.0,10.7529,0.0,997.5587,1.33,0.9228,6.97,32.7288,4.8598,4.5537,-0.0314,17.022,95.0713,2.673,721.3115,13.2099,14.53,9379.6,86.3286,1.5,83.914,148.0136,0.2619,80.23,0.0122,0.1111,3.4448,264.272,양품
-3.1827,-0.0096,51.1082,-5418.25,74.5889,0.0,0.0481,0.224,15.73,395.0,7.2913,15.71,1.465,2.0275,,8.2963,22.58,4.149,1166.0,0.0135,0.6567,23.1827,2663.75,9.3697,0.0,996.759,1.33,0.9175,15.05,48.4762,13.9918,4.4923,-0.0262,17.425,300.9997,2.495,324.7525,29.8057,14.53,8825.4601,86.955,2.3,85.1167,148.1864,0.3509,80.59,0.0051,0.1153,3.2957,276.118,양품
-5.1645,-0.0114,38.512,-6333.25,73.3778,0.3784,0.065,0.233,15.73,76.0,5.0275,15.72,0.9365,0.6785,,8.6024,15.66,2.398,338.0,0.0059,0.8741,25.1645,2278.5,11.1558,0.0,1000.1451,1.32,0.9312,18.24,22.5964,14.36,4.5909,0.0084,32.175,316.001,2.985,0.0,32.5683,15.71,8862.2601,86.8309,2.9,83.8792,147.0582,0.2908,79.8,0.0094,0.1113,2.2027,248.552,불량
-3.5064,-0.0119,42.7673,-5497.5,72.1111,0.0,0.0639,0.123,15.73,642.0,8.0069,15.71,1.465,1.9745,,8.3675,24.07,4.149,439.0,0.0091,0.6567,23.5064,2578.0,8.6656,0.0,996.759,0.7,0.9161,15.73,25.0382,15.7082,4.4969,-0.0211,17.2141,312.2893,2.495,0.0,29.7574,20.87,,86.8342,1.9,85.2544,148.1736,0.2616,2.506,0.0081,0.1149,3.5178,264.272,양품
-1.0455,-0.0124,42.0627,-5564.0,72.1889,0.0,0.0553,0.177,15.71,778.0,6.2074,15.7,1.276,2.0408,,8.5615,21.6,4.04,1058.0,0.0116,0.7048,21.0455,2601.25,10.8377,0.0,993.8988,1.11,0.9312,18.23,29.1859,9.8854,4.5909,0.0023,30.136,0.0,2.533,0.0,27.2606,15.21,8396.1,87.1811,7.2,87.3732,148.4445,0.2908,78.7,0.0072,0.1139,3.5099,272.354,양품
-4.25,-0.0133,42.2243,-5264.5,74.8778,0.0,0.0802,0.187,15.73,711.0,6.2117,15.71,1.465,1.9637,,8.2061,20.05,4.149,1304.0,0.0103,0.6567,24.25,2644.5,8.2138,0.0,996.759,,0.8766,13.92,33.6219,10.7146,4.2229,-0.0317,24.947,130.5882,2.495,842.1053,31.9995,,9053.8801,86.7514,4.9,85.4577,150.9982,0.4069,11.67,0.0098,0.1134,3.3884,282.78,양품
2.3091,-0.0111,32.287,-6475.5,72.0556,0.0,0.0985,0.085,15.73,151.0,6.3138,15.71,1.465,1.8032,,8.1605,20.06,4.149,643.0,-0.0071,0.6567,17.6909,2311.5,9.9712,0.0,996.759,0.93,0.9332,19.91,19.0038,10.8428,4.5655,-0.0206,27.544,416.1813,2.495,0.0,23.8511,17.88,8783.9301,86.629,2.7,85.1237,145.2764,0.3368,84.56,0.0086,0.1162,4.7346,264.272,양품
-6.2473,-0.0086,36.9942,-5274.25,73.3,-0.3311,0.0746,0.174,15.77,534.0,5.3692,15.73,1.163,1.9975,,8.3675,17.59,3.853,463.0,-0.0031,0.7069,26.2473,2549.5,9.1785,0.0,997.4334,1.33,0.934,22.27,25.0752,20.0673,4.5518,-0.0001,29.783,241.2251,2.723,600.0,36.5432,14.53,,86.8342,2.4,85.2544,142.9782,0.2456,2.506,0.0101,0.1069,3.409,248.734,불량
-2.5027,-0.0094,174.0988,-6623.75,70.5667,0.0,0.0638,0.064,15.71,105.0,8.5495,15.7,1.276,1.7985,,8.1605,24.36,4.04,548.0,-0.0275,0.7048,22.5027,2269.5,8.7335,0.0,993.8988,1.33,0.9191,21.0,33.2053,22.3227,4.5777,-0.0147,17.065,528.6233,2.533,782.2222,32.7483,14.53,8808.85,86.629,1.9,85.1237,141.0982,0.3659,84.56,0.0063,0.1149,4.7082,270.44,양품
4.1691,-0.0121,39.6285,-5187.25,68.0889,-0.4258,0.0841,0.138,15.79,340.0,8.6883,15.82,1.064,1.994,,8.7556,24.51,4.029,846.0,-0.0026,0.6888,15.8309,2438.5,7.4488,0.0,1006.0044,1.79,0.9185,13.18,24.0618,11.6023,4.539,0.0021,17.839,306.3018,2.654,0.0,22.3694,17.45,8508.81,86.5808,2.8,85.549,148.3573,0.2908,8.532,0.0106,0.1161,3.3088,256.842,양품
-0.4491,-0.0115,48.0349,-5384.5,67.1222,-0.4258,0.0761,0.133,15.79,490.0,5.9439,15.82,1.064,1.9675,,8.8909,19.32,4.029,1269.0,-0.0115,0.6888,20.4491,2661.5,8.978,0.0,1006.0044,1.01,0.9323,15.23,48.6643,9.8212,4.5941,0.0047,27.143,0.0,2.654,0.0,23.9246,20.78,8655.28,86.5543,3.4,84.4668,144.61,0.2619,80.01,0.0102,0.1112,3.3272,271.204,양품
-2.1136,-0.0113,44.0529,-5158.75,70.9778,-0.4258,0.0714,0.168,15.79,383.0,6.6639,15.82,1.064,2.0175,,8.451,22.37,4.029,436.0,-0.0093,0.6888,22.1136,2576.25,9.1436,0.0,1006.0044,1.33,0.9312,18.13,34.5166,14.8573,4.5909,-0.0188,29.885,548.8165,2.654,0.0,29.2308,14.53,8643.81,87.0768,3.2,86.7657,146.0273,0.2908,80.66,0.0094,0.1113,3.4193,264.272,양품
-0.7664,-0.0122,22.8805,-5379.0,72.0667,-0.4258,0.0798,0.083,15.79,180.0,5.3262,15.82,1.064,2.0225,,9.9095,19.28,4.029,152.0,-0.035,0.6888,20.7664,2567.75,9.0278,0.0,1006.0044,1.37,0.9325,10.92,44.8191,6.4922,4.5525,0.01,29.891,473.6655,2.654,271.6981,25.5758,16.11,9724.2,86.5141,2.9,84.8142,152.1755,0.2753,81.76,0.0083,0.1148,3.441,264.272,양품
0.4345,-0.0131,44.2748,-5311.75,69.2,-0.4258,0.0826,0.195,15.79,567.0,7.3448,15.82,1.064,1.9888,,9.3181,23.48,4.029,426.0,-0.0106,0.6888,19.5655,2521.5,7.3519,0.0,1006.0044,0.42,0.9185,14.29,24.976,15.1727,4.5677,0.0019,17.909,0.0,2.654,1000.0,27.4583,20.37,8303.9899,87.4062,2.9,86.899,148.8355,0.1166,78.7,0.0094,0.1113,3.4858,264.272,양품
2.9864,-0.0134,38.0242,-5211.0,69.3667,-0.4258,0.1201,0.066,15.79,479.0,8.1537,15.82,1.064,2.0122,,8.9036,25.11,4.029,897.0,-0.0247,0.6888,17.0136,2601.0,11.3573,0.0,1006.0044,0.49,0.9324,17.57,28.7131,11.4185,4.5164,-0.0011,29.092,440.3351,2.654,400.0,19.9304,15.86,8609.3299,86.4182,3.8,86.1541,142.0255,0.3561,81.44,0.012,0.1141,3.4594,270.35,양품
-3.7245,-0.0092,40.2721,-6194.0,69.8778,0.0,0.1049,0.124,15.73,446.0,8.1594,15.71,1.465,1.826,,8.1605,25.84,4.149,609.0,-0.0288,0.6567,23.7245,2420.5,11.497,0.0,996.759,1.33,0.9191,16.7,16.8014,19.2018,4.5777,-0.0342,19.156,425.0183,2.495,0.0,30.9009,14.53,8691.9499,86.629,3.2,85.1237,142.8973,0.2497,84.56,0.0063,0.1149,4.7104,274.576,양품
-1.4782,-0.0129,39.4966,-4416.5,72.9778,-0.0473,0.089,0.181,15.8,857.0,5.4125,15.78,1.376,1.9718,,8.4891,15.44,4.014,1913.0,-0.0133,0.7873,21.4782,2838.75,15.3409,0.0,1002.4862,1.33,0.9312,20.88,30.8532,11.3628,4.5909,0.0137,29.693,0.0,2.721,982.8571,27.2906,14.53,8561.28,86.8889,3.2,83.2054,148.7491,1.2113,80.94,0.0094,0.1113,3.405,264.272,양품
0.2945,-0.0124,24.2669,-6451.0,72.9778,-0.8515,0.1122,0.092,15.72,107.0,6.2424,15.72,1.262,1.7913,,8.9607,20.31,4.224,190.0,-0.0214,0.6814,19.7055,2282.0,12.8039,0.0,997.157,1.33,0.9172,18.69,37.2892,14.0181,4.4868,-0.0099,18.194,0.0,2.588,0.0,28.293,14.53,8271.4301,86.4051,4.2,84.0623,146.9773,0.4564,79.43,0.0101,0.1069,4.6958,264.272,양품
5.6155,-0.013,29.9137,-6358.25,72.3889,-0.0473,0.0676,0.074,15.8,125.0,5.0686,15.78,1.376,1.8172,,8.4891,15.64,4.014,405.0,0.0209,0.7873,14.3845,2319.25,7.5335,0.0,1002.4862,1.33,0.9312,15.77,41.9657,7.7153,4.5909,0.0187,30.957,287.4211,2.721,0.0,20.1338,14.53,8488.5899,86.8889,2.9,83.2054,149.1136,1.2113,80.94,0.0094,0.1113,4.8044,267.694,양품
5.5191,-0.0143,33.4786,-6422.5,74.4333,-0.0473,0.108,0.074,15.8,97.0,7.3597,15.78,1.376,1.7997,,8.4891,21.95,4.014,435.0,-0.0274,0.7873,14.4809,2257.5,14.2835,0.0,1002.4862,0.88,0.9185,19.44,38.2569,12.8988,4.539,0.0293,17.434,183.0011,2.721,0.0,23.6405,18.45,8649.77,86.8889,3.0,83.2054,145.9682,0.2908,80.94,0.0086,0.1062,4.7209,275.792,양품
2.2618,-0.0125,39.8804,-5641.0,72.8222,-0.0946,0.1012,0.157,15.71,535.0,6.9216,15.7,1.503,1.9668,,9.7571,21.05,4.435,744.0,-0.0285,0.6815,17.7382,2686.0,7.8656,0.0,995.4129,1.33,0.9324,16.74,25.2926,13.0386,4.539,-0.0064,30.063,564.1475,2.545,971.4286,26.3682,14.53,9004.15,86.8511,5.8,84.1477,143.5618,0.2619,77.1,0.0102,0.1112,3.2746,264.298,양품
2.3936,-0.0135,36.4312,-6464.25,74.3,-0.0473,0.0785,0.105,15.8,109.0,8.0541,15.78,1.376,1.787,,8.4891,22.49,4.014,877.0,-0.0133,0.7873,17.6064,2262.0,7.5794,0.0,1002.4862,1.33,0.9185,16.61,30.7585,17.0237,4.539,0.0274,17.52,439.0809,2.721,0.0,28.4191,14.53,8986.93,86.8889,2.2,83.2054,143.07,0.1166,80.94,0.0086,0.1062,4.6906,265.51,양품
-2.7973,-0.0091,30.727,-5362.5,72.7111,-0.0946,0.1081,0.14,15.71,436.0,6.6345,15.7,1.503,1.994,,8.5735,19.78,4.435,473.0,-0.0253,0.6815,35.25,2680.0,9.71,0.0,995.4129,1.33,0.9197,183.66,34.6115,37.2708,4.5303,0.02,18.985,0.0,2.545,629.5082,118.0836,14.53,8554.4699,87.1288,2.0,86.3898,137.6936,0.2588,80.69,0.0116,0.1088,3.3461,264.272,양품
-0.0864,-0.0092,41.4734,-5249.25,68.0778,-0.7096,0.0719,0.049,15.69,220.0,3.8922,15.68,1.711,2.024,,9.1526,11.02,4.227,989.0,-0.0217,0.6819,20.0864,2609.25,4.0678,0.0,996.6426,0.69,0.9315,22.0,43.278,14.7073,4.5545,-0.0394,29.376,0.0,2.665,552.7273,27.3817,18.24,8696.4301,86.1978,3.0,84.5275,149.8282,0.3375,81.75,0.0076,0.1091,3.3107,265.332,양품
-0.2491,-0.0091,75.0345,-5295.25,68.3111,-0.0473,0.0906,0.097,15.8,320.0,4.9734,15.78,1.376,2.0145,,9.0744,15.62,4.014,1462.0,-0.0169,0.7873,20.2491,2560.0,9.1047,0.0,1002.4862,1.33,0.932,20.89,24.6772,10.5845,4.5587,-0.0161,30.106,0.0,2.721,0.0,24.1601,14.53,8546.6102,85.9594,2.7,84.9605,150.8373,0.2619,80.69,0.0096,0.1078,3.3107,264.272,양품
-1.7909,-0.0092,27.0636,-5290.25,73.4444,-0.8042,0.0578,0.111,15.75,297.0,7.2246,15.73,1.087,1.956,,8.2345,20.77,4.25,1125.0,-0.0296,0.6976,21.7909,2691.5,14.3116,0.0,999.9423,1.33,0.9201,20.8,22.9431,16.9337,4.5499,-0.0113,18.718,509.797,2.582,280.0,32.6374,14.53,8780.11,86.6958,3.0,85.3996,138.9282,0.2678,79.7,0.0123,0.1138,3.4494,265.164,양품
1.6018,-0.0113,28.1938,-6586.0,69.6222,-0.8042,0.0585,0.072,15.57,38.0,4.8429,15.63,1.395,1.7933,,8.6384,16.39,4.289,141.0,-0.0073,0.6534,18.3982,2235.5,14.8972,0.0,995.0531,1.33,0.9302,11.15,12.0051,3.677,4.6081,0.0106,23.801,486.9467,2.532,0.0,21.8556,14.53,9730.05,86.8535,3.7,86.0636,147.3473,0.2005,78.33,0.0079,0.1157,4.702,264.272,양품
-2.8618,-0.0125,32.7345,-6553.0,68.5556,-0.8042,0.049,0.053,15.57,131.0,5.4979,15.63,1.395,1.8037,,8.6384,16.61,4.289,522.0,-0.0083,0.6534,22.8618,2258.75,14.7235,0.0,995.0531,1.33,0.9302,10.26,10.0122,4.2245,4.6081,-0.0125,21.235,203.0173,2.532,0.0,28.01,14.53,,86.8535,3.2,86.0636,149.9636,0.2005,78.33,0.0079,0.1157,4.7,264.272,양품
-10.68,-0.0115,24.4009,-6373.5,69.9,-1.229,0.0738,0.088,15.61,122.0,5.5075,15.62,1.38,1.817,,8.6384,18.22,4.406,325.0,-0.0107,0.7248,30.68,2239.75,8.1245,0.0,992.304,0.95,0.9302,18.71,29.5607,19.62,4.6211,0.0183,20.925,63.1086,2.765,307.6923,38.574,9.55,9566.7,86.8535,2.5,86.0636,144.5064,0.2005,78.33,0.009,0.1168,4.7236,264.13,양품
-0.5591,-0.0119,53.9515,-6548.25,68.3667,-1.229,0.0659,0.063,15.61,28.0,5.7273,15.62,1.38,1.801,,8.6384,18.05,4.406,273.0,-0.0116,0.7248,20.5591,2259.75,10.2994,0.0,992.304,0.93,0.9302,9.95,13.5312,4.5752,4.6081,0.0184,18.535,731.5447,2.765,313.5135,24.9284,13.38,9202.7698,86.8535,2.3,86.0636,147.4464,0.2005,78.33,0.0079,0.1157,4.7057,264.272,양품
-2.9609,-0.0141,17.6991,-5426.0,72.3222,-0.8042,0.0545,0.129,15.57,191.0,7.597,15.63,1.395,2.0225,,8.2963,22.84,4.289,1185.0,0.0032,0.6534,22.9609,2598.0,12.8735,0.0,995.0531,1.05,0.9185,15.06,41.0931,14.9418,4.539,-0.0112,17.349,296.5305,2.532,410.2564,30.9387,22.64,8965.11,86.955,2.2,85.1167,147.5736,1.2113,80.59,0.0074,0.11,3.4849,271.75,양품
1.4791,-0.0113,23.8411,-5257.0,70.5,-0.0473,0.1198,0.101,15.69,449.0,7.1279,15.68,1.22,1.9643,,9.1526,20.47,4.412,593.0,-0.0155,0.8522,18.5209,2693.75,14.4462,0.0,998.1757,0.89,0.923,12.91,32.9613,13.0255,4.5459,-0.0376,15.894,296.8039,2.897,972.549,26.0917,17.99,8740.08,86.1978,4.2,84.5275,146.2264,0.1233,81.75,0.0076,0.1091,3.4394,248.184,양품
1.2518,-0.0112,50.7795,-6473.25,70.3333,-1.229,0.1404,0.081,15.61,59.0,5.1882,15.62,1.38,1.7997,,8.6384,17.05,4.406,199.0,0.0032,0.7248,18.7482,2216.75,7.2586,0.0,992.304,0.83,0.9302,16.73,31.6738,12.8672,4.6211,0.0012,17.9771,860.3486,2.765,0.0,24.1495,18.87,9178.8601,86.8535,2.6,86.0636,141.77,0.4262,78.33,0.0082,0.1175,4.717,264.272,양품
0.0064,-0.0126,27.8884,-5459.5,68.0889,-0.0473,0.0906,0.073,15.69,95.0,6.3409,15.68,1.22,1.9885,,9.7137,19.64,4.412,496.0,-0.0028,0.8522,19.9936,2518.5,6.9104,0.0,998.1757,1.33,0.9324,11.42,37.5476,9.8903,4.5631,-0.021,33.084,0.0,2.897,720.0,23.1671,14.53,8444.6001,86.9537,2.4,85.9501,147.3509,0.2678,81.46,0.0107,0.1145,3.3033,272.262,양품
2.1927,-0.013,29.2027,-5351.75,72.6667,-0.8042,0.0833,0.104,15.75,305.0,8.0469,15.73,1.087,1.9828,,8.3267,22.37,4.25,587.0,-0.0177,0.6976,17.8073,2534.75,8.585,0.0,999.9423,0.54,0.9187,16.2,30.0065,12.06,4.5674,0.0004,16.953,414.5522,2.582,0.0,25.1118,13.54,8614.2601,86.889,5.1,87.3041,147.2818,0.1166,80.78,0.0096,0.1162,3.3496,274.94,양품
3.6664,-0.0126,30.1288,-6514.5,69.3778,-0.1419,0.0667,0.04,15.63,78.0,5.6297,15.59,1.343,1.81,,8.6384,17.74,4.392,171.0,-0.0038,0.6589,16.3336,2262.75,16.8844,0.0,993.4209,1.33,0.9302,18.17,34.6371,9.8418,4.6211,0.0023,19.789,313.1169,2.546,623.7288,21.3671,14.53,8873.83,86.8535,2.3,86.0636,142.0909,0.4262,78.33,0.009,0.1168,4.718,266.28,양품
1.4845,-0.0122,52.4053,-5227.5,69.9333,-0.1419,0.1006,0.18,15.63,176.0,6.7492,15.59,1.343,2.0513,,9.193,23.01,4.392,847.0,-0.0024,0.6589,18.5155,2575.25,13.8815,0.0,993.4209,1.21,0.9286,16.5,11.9288,11.4363,4.5354,0.0178,27.796,437.8443,2.546,656.4103,28.777,16.44,7946.64,86.313,2.8,84.5602,140.4145,0.4432,81.13,0.0073,0.1152,3.3041,267.068,양품
-5.0355,-0.0126,36.5442,-5874.25,70.4333,0.0,0.0669,0.139,15.57,593.0,5.3448,15.54,1.144,2.0362,0.0126,9.193,16.99,4.791,572.0,-0.0001,0.6159,25.0355,2670.5,15.4863,0.0,990.8618,1.68,0.9303,8.34,36.9929,4.8451,4.6029,0.0106,23.753,54.2156,2.467,569.863,30.6968,15.13,8490.0199,86.313,3.6,84.5602,153.9236,0.3891,81.13,0.0102,0.112,3.5193,271.912,양품
-3.1427,-0.0097,54.7804,-5626.0,74.7444,0.0,0.0653,0.106,15.57,593.0,7.1847,15.54,1.144,1.9565,,9.004,21.83,4.791,968.0,0.0008,0.6159,23.1427,2703.5,14.2568,0.0,990.8618,0.52,0.9266,13.71,20.0416,6.7622,4.5342,0.0299,28.688,157.5061,2.467,0.0,29.0454,16.78,,86.4814,4.3,84.1675,148.4118,0.4432,12.77,0.0071,0.1127,3.1659,264.272,양품
-0.6236,-0.0141,54.4651,-5100.0,70.4444,-1.088,0.0621,0.225,15.58,146.0,6.1699,15.56,1.295,1.9903,,8.8973,21.13,4.538,536.0,0.0029,0.6543,20.6236,2629.25,9.8808,0.0,990.6176,0.61,0.9303,6.42,30.3408,3.9514,4.6029,0.0113,22.264,0.0,2.485,0.0,25.3996,16.16,8921.35,86.4023,1.8,84.6927,151.85,0.3891,80.92,0.0102,0.112,3.5546,264.272,양품
-0.0445,-0.0137,23.3364,-5473.75,74.8111,0.0,0.0649,0.145,15.57,456.0,7.5267,15.54,1.144,1.9828,0.0364,8.6691,24.01,4.791,773.0,0.0072,0.6159,20.0445,2693.25,14.0,0.0,990.8618,1.15,0.9219,14.61,20.776,14.0746,4.5623,0.0357,17.472,0.0,2.467,0.0,28.252,16.1,8848.77,86.6187,4.4,85.1305,149.7355,0.2039,79.93,0.0074,0.1117,3.416,267.34,양품
-1.3327,-0.0117,64.9573,-5569.0,73.3667,-0.7569,0.0794,0.096,15.54,344.0,6.7894,15.53,1.324,2.011,,8.5615,22.44,4.166,739.0,0.0008,0.7076,21.3327,2650.75,12.4499,0.0,984.0379,1.33,0.9097,13.86,34.2467,22.0964,4.5012,-0.0015,16.173,941.678,2.583,0.0,31.7755,14.53,9360.7802,87.1811,3.1,87.3732,146.5055,0.286,78.7,0.0104,0.1159,3.2851,270.492,양품
2.6991,-0.0132,53.0303,-5404.75,74.4,-1.277,0.0787,0.036,15.47,223.0,8.2101,15.51,1.102,1.9857,,8.941,24.49,4.133,31.0,-0.0021,0.6799,17.3009,2592.75,8.2589,0.0,986.7484,0.8,0.9205,10.63,7.9534,5.1982,4.5377,-0.0127,17.792,356.7868,2.51,0.0,22.2363,21.53,,86.2164,3.2,84.0447,150.72,0.264,80.48,0.0067,0.1152,3.2786,251.5,양품
-2.5418,-0.0107,67.907,-5115.25,72.1111,-1.277,0.0959,0.144,15.47,242.0,5.179,15.51,1.102,1.9992,,8.8054,16.61,4.133,740.0,-0.0028,0.6799,22.5418,2589.0,14.4799,0.0,986.7484,0.84,0.9317,19.29,24.1862,15.2091,4.611,0.0083,28.582,467.7754,2.51,482.1918,30.2702,21.91,,86.2893,3.9,85.0209,147.0382,0.4659,79.58,0.007,0.1169,3.1662,269.968,양품
-1.1236,-0.0147,48.2173,-5530.25,72.7444,-0.7569,0.0548,0.159,15.54,636.0,6.2176,15.53,1.324,2.019,,9.0355,20.07,4.166,753.0,0.0027,0.7076,21.1236,2601.0,14.2058,0.0,984.0379,1.11,0.9304,13.14,16.0182,8.4991,4.5846,0.005,21.756,347.0874,2.583,480.0,28.189,20.58,9789.3101,86.4257,4.9,84.0747,150.0618,0.3891,79.67,0.0119,0.1111,3.4349,264.272,양품
-0.9091,-0.0135,47.2761,-5160.75,68.8778,-1.088,0.0617,0.122,15.51,348.0,5.9428,15.56,1.423,1.9825,,8.6472,18.47,4.385,416.0,0.0172,0.592,20.9091,2566.5,16.1815,0.0,988.7396,1.33,0.9325,16.93,24.7655,9.7,4.567,0.0154,32.4821,0.0,2.648,0.0,27.7301,14.53,8742.7398,86.5763,2.0,85.0041,150.0309,0.3368,80.95,0.0107,0.1145,3.447,272.74,양품
-1.7382,-0.0126,20.6349,-5200.75,69.8222,-1.088,0.0798,0.162,15.51,327.0,7.1458,15.56,1.423,1.9635,,9.1526,23.51,4.385,1975.0,0.0077,0.592,21.7382,2576.0,9.2306,0.0,988.7396,1.33,0.9185,19.38,27.2989,18.3764,4.539,-0.0062,17.936,497.6464,2.648,0.0,29.9212,14.53,9482.5201,86.1978,2.9,84.5275,144.9627,0.932,81.75,0.0086,0.1062,3.3174,265.232,양품
0.2327,-0.0136,26.4706,-5405.5,73.2444,-1.088,0.0536,0.119,15.58,302.0,5.7606,15.56,1.295,1.975,,8.7552,20.02,4.538,1685.0,-0.0049,0.6543,19.7673,2582.0,9.7063,0.0,990.6176,1.24,0.9304,11.18,14.7246,8.0718,4.5846,-0.0025,20.797,0.0,2.485,595.3488,26.7875,18.87,,86.438,3.0,85.9625,145.0964,0.2039,78.72,0.0119,0.1111,3.2762,271.466,양품
-1.3018,-0.0096,50.9091,-5175.5,73.4,-1.088,0.1129,0.111,15.51,364.0,7.819,15.56,1.423,1.9867,,8.7538,22.62,4.385,803.0,-0.0187,0.592,21.3018,2585.25,11.9908,0.0,988.7396,0.86,0.9203,14.88,8.6169,8.2146,4.534,-0.0024,18.696,874.9302,2.648,193.9394,27.3802,18.36,,86.2393,2.8,83.217,148.7264,0.2039,80.98,0.0074,0.1117,3.289,264.272,양품
-2.8845,-0.0101,57.2133,-4821.5,73.6444,-0.8988,0.0828,0.124,15.56,433.0,6.4491,15.55,1.182,2.0263,,9.004,20.63,4.413,2045.0,-0.0209,0.6289,22.8845,2549.25,15.3045,0.0,986.9524,0.85,0.9266,21.05,23.0873,10.6327,4.5342,0.001,31.306,227.0717,2.438,980.6452,31.0334,18.7,,86.4814,4.2,84.1675,146.7164,0.4432,12.77,0.0071,0.1127,3.5039,265.456,양품
-4.7682,-0.0115,30.5677,-5552.0,73.9444,-0.8988,0.0947,0.089,15.56,193.0,6.3801,15.55,1.182,1.9817,,8.941,21.15,4.413,1113.0,0.0029,0.6289,24.7682,2640.25,15.961,0.0,986.9524,1.33,0.9306,22.63,43.098,12.0564,4.5601,-0.0059,31.553,224.1947,2.438,0.0,32.6371,14.53,,86.2164,3.8,84.0447,150.9155,0.4007,80.48,0.0067,0.1152,3.2808,259.108,양품
3.3573,-0.0099,62.9442,-5393.5,72.1556,-0.9934,0.1185,0.192,15.56,450.0,7.0746,15.5,1.522,1.9805,,9.065,21.21,4.523,675.0,-0.0206,0.6652,16.6427,2598.75,12.7241,0.0,985.77,1.33,0.9204,8.29,37.5469,9.0228,4.4941,-0.0074,13.436,194.5031,2.909,928.0,21.6069,14.53,,86.3325,3.8,84.0773,153.1927,0.3669,77.37,0.0104,0.118,3.3889,275.728,양품
-2.6591,-0.009,43.2133,-5304.75,72.6556,-0.8988,0.0979,0.159,15.56,335.0,7.5973,15.55,1.182,2.0175,,7.6032,23.91,4.413,1231.0,-0.0045,0.6289,22.6591,2805.75,11.3795,0.0,986.9524,2.83,0.9097,20.57,27.393,19.61,4.5012,-0.0039,16.863,401.265,2.438,0.0,33.3483,17.5,9288.2701,87.2358,2.7,105.6038,147.0955,0.222,80.85,0.0083,0.1135,3.4058,264.272,양품
26.9709,-0.0101,29.5931,-5475.0,73.1111,-0.8988,0.0842,0.269,15.56,308.0,8.0467,15.55,1.182,1.997,,8.451,25.97,4.413,452.0,-0.018,0.6289,16.775,2546.75,11.7847,0.0018,986.9524,1.35,0.9187,17.88,20.5457,22.5675,4.5674,0.0073,13.503,181.2323,2.438,387.6289,82.3929,15.3,9288.4699,87.0768,3.7,86.7657,150.0855,0.3671,80.66,0.0096,0.1162,3.3351,263.174,양품
0.6055,-0.0116,64.5161,-5591.75,73.6333,-0.8988,0.0988,0.074,15.56,365.0,6.4327,15.55,1.182,1.9785,,9.4749,22.43,4.413,463.0,-0.0114,0.6289,19.3945,2476.0,12.6516,0.0,986.9524,1.03,0.9317,16.48,19.1275,8.3091,4.611,-0.0071,30.943,0.0,2.438,0.0,26.314,16.63,9109.5299,87.4597,3.3,86.4072,152.6555,0.4659,79.79,0.0123,0.1149,3.3368,264.272,양품
4.7545,-0.0091,39.4521,-5592.25,72.0778,-0.8988,0.0932,0.055,15.56,227.0,7.6244,15.55,1.182,1.9882,,8.9605,24.58,4.413,631.0,-0.0021,0.6289,15.2455,2578.25,12.9499,0.0,986.9524,1.14,0.9204,8.44,46.8875,6.6745,4.4941,0.0002,13.393,190.5545,2.438,552.1127,19.4363,21.53,8224.6899,86.4061,4.1,84.078,151.9618,0.3669,79.09,0.0133,0.1159,3.3824,264.272,양품
-0.2709,-0.0098,35.8056,-5394.25,72.5667,-0.9934,0.094,0.055,15.56,323.0,7.9792,15.5,1.522,1.995,,8.7552,23.02,4.523,519.0,-0.0217,0.6652,20.2709,2507.25,12.2875,0.0,985.77,0.52,0.9202,15.33,24.2878,10.4146,4.5681,0.015,18.3311,0.0,2.909,688.3721,25.1055,10.74,,86.438,3.1,85.9625,146.7955,0.2497,78.72,0.0083,0.1135,3.2806,253.892,양품
-2.8555,-0.0109,51.3761,-6476.25,66.7222,-1.277,0.0956,0.08,15.47,125.0,5.6773,15.51,1.102,1.7945,,8.7326,19.99,4.133,450.0,-0.02,0.6799,22.8555,2199.5,11.9019,0.0,986.7484,,0.8755,14.7,26.3533,15.0036,4.2234,-0.0068,23.916,106.8131,2.51,787.0968,30.1789,,9033.72,86.441,1.5,85.4593,142.7382,0.2424,78.98,0.0098,0.1134,4.7117,254.448,양품
3.8873,-0.0118,55.9322,-6062.25,74.3889,-0.8988,0.1067,0.063,15.56,266.0,5.0034,15.55,1.182,2.016,,8.5508,17.49,4.413,1205.0,-0.0362,0.6289,16.1127,2717.5,12.7147,0.0,986.9524,1.33,0.9305,9.51,31.6494,6.2525,4.6,0.0049,21.851,143.8028,2.438,454.321,23.3578,14.53,8766.68,86.4687,3.5,84.4599,148.1082,0.4432,86.12,0.0096,0.1131,3.2898,266.164,양품
-3.2373,-0.0101,52.6708,-6592.25,71.1778,0.0,0.0987,0.064,15.73,119.0,7.5403,15.71,1.465,1.7853,,8.1605,23.48,4.149,414.0,-0.0044,0.6567,23.2373,2236.25,10.0122,0.0,996.759,0.96,0.9191,18.8,31.0329,18.1627,4.5777,-0.0404,18.19,430.9183,2.495,0.0,30.2685,11.82,,86.629,2.1,85.1237,142.8936,0.2497,84.56,0.0063,0.1149,4.7129,276.0,양품
-1.1627,-0.0125,32.7345,-5526.75,71.2,-0.8988,0.0862,0.233,15.56,665.0,6.354,15.55,1.182,2.0035,0.0186,9.193,20.27,4.413,1547.0,-0.0037,0.6289,21.1627,2741.25,12.6488,0.0,986.9524,1.33,0.9257,16.43,20.5798,11.2145,4.6347,0.0047,28.193,667.3964,2.438,645.1613,26.3724,14.53,8382.2999,86.313,2.2,84.5602,149.1809,0.2497,81.13,0.0104,0.117,3.462,264.272,양품
-0.7418,-0.0108,43.418,-4939.0,73.2667,-0.8988,0.2024,0.165,15.56,311.0,6.6487,15.55,1.182,1.9918,,8.7164,21.89,4.413,2874.0,0.0083,0.6289,20.7418,2528.5,13.4669,0.0,986.9524,1.41,0.9097,10.72,15.17,14.6909,4.5012,0.018,19.124,0.0,2.438,703.0303,27.8256,11.99,8632.4399,86.3672,4.6,83.8405,152.2364,0.2497,81.21,0.0085,0.1136,3.3451,264.272,양품
-6.7227,-0.0129,27.9612,-5631.0,74.0444,-1.277,0.0716,0.118,15.47,274.0,7.5373,15.51,1.102,2.0308,,9.004,23.59,4.133,844.0,0.0077,0.6799,26.7227,2510.25,14.4055,0.0,986.7484,0.42,0.9286,17.92,18.5999,9.5452,4.5354,0.0123,30.565,92.522,2.51,0.0,34.9591,19.97,,86.4814,3.4,84.1675,151.4573,0.4432,12.77,0.0087,0.114,3.413,264.272,양품
0.4445,-0.0102,52.0885,-5734.75,72.4,-0.7709,0.1074,0.138,15.81,414.0,6.7892,15.88,1.925,2.0205,,8.7512,20.68,3.403,1495.0,0.0127,0.8705,19.5555,2806.25,18.0388,0.0,1010.0694,0.69,0.9332,17.13,14.6315,9.4115,4.5655,-0.0202,30.031,0.0,3.25,251.4286,26.4206,21.53,,86.446,4.5,83.3726,142.4264,0.4774,79.55,0.0109,0.1133,3.2248,264.272,양품
-1.5091,-0.0092,23.816,-5554.75,69.9667,-0.7709,0.0942,0.095,15.81,356.0,6.6894,15.88,1.925,2.0078,,8.3823,19.35,3.403,281.0,0.0162,0.8705,21.5091,2609.0,9.1036,0.0,1010.0694,1.33,0.9306,19.65,21.6272,10.8065,4.5601,0.0069,32.559,831.6265,3.25,0.0,28.1825,14.53,,86.9644,2.1,87.0772,147.3009,0.4007,79.04,0.0067,0.1152,3.2563,264.272,양품
2.44,-0.0098,45.6853,-5695.0,73.9222,-0.7709,0.1088,0.154,15.81,455.0,7.4166,15.88,1.925,1.9883,,8.3845,23.17,3.403,659.0,-0.0032,0.8705,17.56,2628.25,8.4107,0.0,1010.0694,1.14,0.9185,14.86,35.528,14.4828,4.5677,-0.0201,15.0829,325.8197,3.25,495.7746,24.7969,6.94,,86.8972,2.0,85.07,148.1755,0.1166,81.39,0.0091,0.1135,3.316,264.272,양품
-3.45,-0.0143,26.4808,-6254.25,74.5889,-0.7569,0.066,0.093,15.54,162.0,7.5951,15.53,1.324,1.809,,8.886,20.85,4.166,659.0,-0.0077,0.7076,23.45,2314.25,15.3649,0.0,984.0379,0.76,0.92,12.84,48.6777,16.75,4.5361,0.0161,18.377,177.1014,2.583,0.0,32.4091,21.08,,86.2011,3.8,83.9888,151.8982,0.2002,81.12,0.0102,0.112,4.6947,264.272,양품
4.9209,-0.012,24.948,-6354.5,74.1444,-0.7709,0.1241,0.34,15.81,305.0,7.9323,15.88,1.925,0.622,,9.152,26.58,3.403,716.0,0.0007,0.8705,15.0791,2273.0,13.3439,0.0,1010.0694,1.16,0.9082,12.42,44.2576,8.7527,4.5341,-0.0051,13.448,67.6704,3.25,0.0,18.784,16.3,9330.76,86.236,3.4,84.0132,149.82,0.4659,78.21,0.0104,0.118,2.0698,261.99,양품
-4.6173,-0.0094,58.5885,-6330.5,73.5667,-0.0946,0.082,0.046,15.77,52.0,5.0832,15.74,1.461,1.8055,,8.886,17.03,4.775,161.0,0.0029,0.6595,24.6173,2295.5,8.4577,0.0,1015.5533,1.13,0.9306,5.18,19.939,4.4964,4.6246,-0.0002,21.626,156.8025,2.671,0.0,30.6183,8.34,,86.2011,4.8,83.9888,149.88,0.2002,81.12,0.0085,0.1155,4.6683,273.094,양품
-1.65,-0.0136,40.5157,-5594.75,75.0333,-0.0946,0.0662,0.149,15.77,570.0,6.444,15.74,1.461,1.9955,,9.004,20.04,4.775,986.0,-0.0087,0.6595,21.65,2661.75,12.0612,0.0,1015.5533,0.91,0.9266,21.2,27.3331,11.5891,4.5342,0.0121,32.414,263.637,2.671,0.0,29.6873,16.71,,86.4814,6.1,84.1675,149.0336,0.3412,12.77,0.0071,0.1127,3.2968,264.376,양품
-2.9818,-0.0122,18.8139,-5093.75,73.0,-0.7709,0.1082,0.173,15.81,295.0,6.3746,15.88,1.925,1.9327,,8.7552,22.16,3.403,926.0,0.0075,0.8705,22.9818,2719.75,10.6616,0.0,1010.0694,1.31,0.9317,16.05,38.5132,10.1857,4.611,-0.0222,31.062,550.3354,3.25,0.0,28.4637,20.04,8564.8599,86.438,4.0,85.9625,139.9827,0.1166,78.72,0.0099,0.1149,3.4444,264.272,양품
2.0318,-0.0101,23.7037,-5193.25,72.3,0.6623,0.0961,0.068,15.77,46.0,7.8022,15.74,0.9885,2.011,,8.7512,23.99,2.431,648.0,-0.0004,0.8781,17.9682,2530.25,12.1021,0.0,1004.653,1.33,0.9336,10.52,20.8576,6.2829,4.5531,0.0111,30.7469,766.3087,2.951,487.8049,21.6831,14.53,,86.446,3.8,83.3726,146.1618,0.2497,79.55,0.0081,0.1119,3.3323,253.17,양품
-0.2255,-0.0112,26.8757,-5465.75,73.4556,-0.0946,0.0784,0.079,15.77,239.0,7.4119,15.74,1.461,1.9872,,8.941,22.42,4.775,574.0,-0.0015,0.6595,20.2255,2558.5,12.9528,0.0,1015.5533,1.33,0.9205,8.82,15.9479,9.5871,4.5377,-0.0065,16.172,0.0,2.671,0.0,26.0373,14.53,,86.2164,3.3,84.0447,150.05,0.4495,80.48,0.0067,0.1152,3.1986,264.272,양품
-2.0455,-0.013,31.5082,-5097.0,72.0,-0.1892,0.08,0.22,15.73,188.0,6.0673,15.73,1.21,1.9855,,9.065,21.12,4.722,435.0,-0.0129,0.6153,22.0455,2599.25,10.549,0.0,1001.6042,1.33,0.9246,13.1,14.8251,5.863,4.5616,0.0083,29.379,413.6002,2.538,655.7377,27.9357,14.53,8185.2001,86.3325,4.2,84.0773,145.0573,0.3891,77.37,0.007,0.1132,3.2576,264.272,양품
0.9027,-0.0097,50.2564,-6427.5,70.5111,0.6623,0.0759,0.024,15.77,47.0,5.366,15.74,0.9885,1.808,,8.6384,17.53,2.431,274.0,-0.0122,0.8781,19.0973,2269.5,15.2552,0.0,1004.653,0.73,0.9317,20.44,22.544,9.76,4.5969,0.0217,20.851,0.0,2.951,0.0,27.1184,21.08,,86.8535,2.7,86.0636,140.0864,0.4262,78.33,0.0084,0.1128,4.7011,263.5,양품
-4.8809,-0.0091,50.4801,-5321.75,71.9333,-0.8515,0.0842,0.117,15.72,208.0,9.0924,15.77,1.21,1.9768,,8.9605,26.52,4.891,656.0,0.0068,0.6402,24.8809,2509.5,14.1414,0.0,1002.7238,1.37,0.9202,19.42,8.0728,17.8318,4.5681,-0.0091,17.413,218.1971,2.562,0.0,34.2526,21.82,8305.7,86.4061,4.2,84.078,141.2364,0.286,79.09,0.0083,0.1135,3.3039,254.132,양품
-3.88,-0.0122,36.999,-5153.5,72.7556,-0.9461,0.0454,0.059,15.73,322.0,7.4903,15.73,1.13,2.007,,8.3675,23.97,4.138,1659.0,0.0062,0.7269,23.88,2623.25,10.8383,0.0,997.5587,0.56,0.9161,13.25,22.441,18.4936,4.4969,-0.021,18.439,367.7835,2.673,0.0,32.1774,19.06,,86.8342,2.8,85.2544,149.8191,0.3509,2.506,0.01,0.1136,3.4379,264.272,양품
4.7573,-0.0095,42.0499,-5370.25,71.1444,0.6623,0.106,0.147,15.77,313.0,7.1218,15.74,0.9885,2.0072,,8.8054,26.49,2.431,344.0,0.0027,0.8781,15.2427,2621.75,11.2121,0.0,1004.653,1.33,0.9207,11.75,25.0963,7.2728,4.5509,-0.004,14.788,165.2207,2.951,706.6667,19.8525,14.53,,86.2893,4.2,85.0209,153.1291,0.222,79.58,0.0104,0.118,3.3084,264.272,양품
-5.0918,-0.0126,31.8091,-5488.5,70.8778,-0.8515,0.0928,0.053,15.72,322.0,6.8619,15.77,1.21,1.9925,0.0152,8.8331,20.12,4.891,981.0,-0.0029,0.6402,25.0918,2703.0,15.0503,0.0,1002.7238,0.52,0.9187,19.48,20.547,18.1127,4.5479,0.0208,18.211,173.4155,2.562,909.0909,33.8967,16.77,8771.79,87.0785,3.0,85.2836,150.6536,0.2394,75.34,0.0071,0.1136,3.23,264.272,양품
-0.6345,-0.0103,40.0,-5475.0,74.5778,-0.0946,0.0646,0.219,15.77,625.0,7.9629,15.74,1.461,1.993,,9.2189,22.84,4.775,1840.0,0.0037,0.6595,20.6345,2571.25,14.6744,0.0,1015.5533,0.58,0.92,17.86,20.6642,13.7836,4.5298,0.0105,17.775,0.0,2.671,0.0,28.4314,19.67,,86.6498,6.0,84.1818,150.9827,0.4007,77.7,0.0092,0.1128,3.3774,255.722,양품
-4.7227,-0.0122,36.0287,-5868.25,73.6556,0.6623,0.0783,0.112,15.77,206.0,8.3869,15.74,0.9885,1.9745,,8.7786,26.14,2.431,1018.0,0.0024,0.8781,24.7227,2769.5,14.5302,0.0,1004.653,1.33,0.92,13.47,33.9624,16.8155,4.5361,0.0105,16.494,272.512,2.951,632.2581,32.7695,14.53,,86.4039,4.0,83.3424,149.6627,0.3891,80.45,0.009,0.1116,3.2322,264.272,양품
-2.0164,-0.0122,49.0296,-5372.0,72.2333,-0.0946,0.0724,0.125,15.77,365.0,7.6205,15.74,1.461,2.008,0.0161,9.4749,26.44,4.775,742.0,-0.0097,0.6595,22.0164,2431.5,9.5642,0.0,1015.5533,0.37,0.9202,7.79,18.5584,17.5373,4.5681,0.0224,16.079,442.3805,2.671,181.4433,30.4711,15.11,8874.9001,87.4597,3.0,86.4072,153.3491,0.222,79.79,0.0081,0.1119,3.3951,264.272,양품
-0.3773,-0.0111,38.7824,-5468.5,67.9,0.6623,0.0788,0.182,15.77,346.0,7.987,15.74,0.9885,1.9928,,8.7326,23.31,2.431,179.0,-0.0063,0.8781,20.3773,2525.0,12.1514,0.0,1004.653,0.91,0.9205,15.52,13.0713,8.5627,4.5377,0.0228,17.666,0.0,2.951,0.0,25.9834,15.7,9184.45,86.441,2.6,85.4593,149.4373,0.2039,78.98,0.0067,0.1152,3.5387,253.024,양품
2.8691,0.0016,244.2748,-5575.0,72.5,0.3784,0.0803,0.169,15.73,491.0,6.8321,15.72,0.9365,1.9828,,8.6695,20.66,2.398,888.0,-0.0134,0.8741,17.1309,2703.5,12.1015,0.0,1000.1451,0.51,0.9337,11.34,75.3229,9.6172,4.678,-0.0471,27.8,187.8644,2.985,26.0504,24.2974,20.7,8349.51,86.6658,3.5,85.4487,147.3445,0.3775,79.21,0.0077,0.1092,3.511,270.642,불량
-3.9073,-0.0124,55.814,-6247.0,72.7556,-0.0946,0.077,0.247,15.77,96.0,6.3454,15.74,1.461,0.6845,,9.152,20.6,4.775,364.0,-0.0055,0.6595,23.9073,2273.0,10.2245,0.0,1015.5533,0.66,0.9306,21.37,25.9769,14.3964,4.5601,0.0275,31.395,430.7352,2.671,0.0,30.5276,20.96,8694.69,86.236,4.5,84.0132,147.2018,0.2984,78.21,0.0118,0.1131,2.1426,261.868,양품
-2.0718,-0.012,32.4662,-5233.25,71.3889,-0.7709,0.0803,0.082,15.81,781.0,7.132,15.88,1.925,1.9915,,8.8054,23.52,3.403,1147.0,0.0206,0.8705,22.0718,2722.75,14.6762,0.0,1010.0694,0.61,0.9205,11.79,12.0521,9.3546,4.5377,-0.0006,17.932,698.4204,3.25,0.0,27.9451,17.41,9160.05,86.2893,3.3,85.0209,149.8873,0.264,79.58,0.0067,0.1152,3.243,266.17,양품
1.3464,-0.01,47.0588,-5366.25,72.1556,0.0,0.0812,0.09,15.87,287.0,6.7639,15.85,1.031,1.954,,8.7164,22.54,2.175,866.0,-0.004,0.8667,18.6536,2653.5,10.7448,0.0,1010.8564,1.35,0.9317,17.29,23.983,11.2718,4.611,0.0322,30.315,938.8258,3.026,757.8947,25.6961,20.12,,86.3672,4.1,83.8405,147.5218,0.4659,81.21,0.0093,0.112,3.4218,264.272,양품
-1.8045,-0.0086,42.0438,-6458.0,74.7778,-0.1892,0.0677,0.206,15.73,59.0,6.6992,15.73,1.21,0.6387,,8.6024,21.16,4.722,378.0,-0.0194,0.6153,21.8045,2280.25,10.9312,0.0,1001.6042,0.3,0.9097,13.51,24.3754,17.2736,4.5012,0.0024,18.13,691.0327,2.538,466.6667,30.1905,17.09,8537.2601,86.8309,2.7,83.8792,152.1318,0.222,79.8,0.0104,0.1159,2.1962,264.272,양품
-4.4309,-0.011,26.2741,-5641.25,72.9667,-1.088,0.082,0.091,15.75,791.0,8.4078,15.74,1.513,1.97,,8.3271,26.76,4.635,534.0,-0.0067,0.4199,24.4309,2756.75,12.8377,0.0,1011.88,0.75,0.9097,13.84,23.011,22.5082,4.5012,-0.0189,17.315,316.865,2.832,691.8919,35.1566,19.92,9355.37,87.0707,2.7,86.7232,146.9373,0.2497,8.828,0.0104,0.1159,3.554,266.76,양품
-2.1155,-0.0118,47.6089,-5138.5,72.7889,-1.088,0.0755,0.143,15.75,269.0,5.7323,15.74,1.513,1.9625,,7.6032,18.03,4.635,856.0,0.0102,0.4199,22.1155,2519.75,8.9226,0.0,1011.88,0.85,0.9304,16.08,18.8678,9.4814,4.5846,0.0012,23.102,221.7014,2.832,960.0,25.8775,14.06,8847.39,87.2358,2.1,105.6038,147.3955,0.2039,80.85,0.0079,0.1128,3.5174,264.272,양품
-3.6509,-0.0125,39.9202,-5587.0,71.7,-1.088,0.0455,0.076,15.75,427.0,6.2494,15.74,1.513,2.0065,,8.3271,18.31,4.635,739.0,0.0013,0.4199,23.6509,2552.5,12.7776,0.0,1011.88,1.33,0.9332,11.47,14.1717,5.9923,4.5655,-0.0001,28.127,276.0956,2.832,422.2222,29.6804,14.53,8709.7301,87.0707,1.7,86.7232,155.1155,0.4774,8.828,0.0063,0.1149,3.5019,270.532,양품
-2.5382,-0.013,30.8582,-5566.0,74.3667,-1.088,0.0969,0.186,15.75,536.0,8.1182,15.74,1.513,2.0002,,9.2189,23.33,4.635,967.0,0.0147,0.4199,22.5382,2617.0,13.4235,0.0,1011.88,1.33,0.9187,12.28,15.4941,6.8877,4.5479,0.0254,20.912,310.4585,2.832,0.0,29.1744,14.53,,86.6498,5.3,84.1818,150.7482,0.4774,77.7,0.0067,0.1147,3.3894,264.272,양품
4.4209,-0.0091,55.0206,-5337.0,72.4889,-0.0946,0.0749,0.13,15.77,466.0,9.2874,15.74,1.461,1.9918,,8.7552,25.47,4.775,1264.0,0.0019,0.6595,15.5791,2561.25,8.852,0.0,1015.5533,0.94,0.9082,11.95,50.5048,11.7637,4.5341,0.0051,15.431,132.3257,2.671,217.1429,19.1247,17.15,,86.438,3.8,85.9625,148.0555,0.4659,78.72,0.0104,0.118,3.3309,276.338,양품
0.5773,-0.0111,21.646,-6393.5,75.5778,-0.8988,0.1191,0.039,15.75,97.0,6.9072,15.74,1.404,1.8135,,8.4768,24.18,4.678,432.0,0.0005,0.5922,19.4227,2261.75,11.004,0.0,1002.1417,1.13,0.9312,12.3,28.1723,6.9914,4.5122,-0.009,25.498,0.0,2.546,411.8812,27.5901,17.99,8707.69,86.7188,2.4,83.7826,147.5245,0.2171,81.63,0.0097,0.1094,4.7612,268.016,양품
-0.1882,-0.0094,35.9788,-5822.75,72.2778,-0.9934,0.106,0.163,15.72,684.0,5.9,15.72,1.385,1.975,,9.065,16.8,4.682,1038.0,-0.0056,0.655,20.1882,2802.0,12.7014,0.0,999.4826,1.33,0.9317,25.42,11.786,16.2055,4.611,0.0086,30.738,0.0,2.658,705.8824,29.5672,14.53,,86.3325,4.2,84.0773,140.2255,0.4659,77.37,0.0093,0.112,3.2287,251.418,양품
-2.2382,-0.0109,43.2184,-5442.25,72.2667,-0.0946,0.0891,0.166,15.77,144.0,5.7998,15.74,1.461,2.026,,8.7512,17.6,4.775,943.0,0.0001,0.6595,22.2382,2569.25,13.0184,0.0,1015.5533,1.33,0.9332,19.01,33.2311,10.0306,4.5655,0.0222,30.935,468.684,2.671,621.0526,30.0506,14.53,9473.2401,86.446,3.6,83.3726,155.2618,0.4774,79.55,0.0086,0.1162,3.305,264.272,양품
-1.1655,-0.0156,32.7185,-5275.5,69.0222,-0.5677,0.0754,0.064,15.76,408.0,5.8631,15.71,1.39,2.0122,,9.7137,19.06,4.936,1077.0,0.0032,0.5887,21.1655,2541.75,8.4475,0.0,1001.4281,0.35,0.9303,7.55,26.0493,3.15,4.6029,0.0074,20.2451,444.4618,2.518,975.6098,26.6318,16.87,8248.1599,86.9537,2.8,85.9501,151.6782,0.3891,81.46,0.0102,0.112,3.4103,264.272,양품
-0.4527,-0.0104,29.8795,-5670.5,71.2556,-0.9934,0.082,0.052,15.72,209.0,5.8218,15.72,1.385,1.9785,0.0169,9.152,18.18,4.682,845.0,-0.0048,0.655,20.4527,2783.25,12.0918,0.0,999.4826,1.89,0.9303,9.37,17.7883,4.8178,4.6029,0.0031,19.474,0.0,2.658,224.0,21.1738,11.43,9074.49,86.236,4.6,84.0132,149.1936,0.2905,78.21,0.0102,0.112,3.3874,275.134,양품
-3.8991,-0.0135,32.4723,-5713.0,75.1778,-0.9934,0.0645,0.091,15.72,565.0,5.4053,15.72,1.385,1.9728,,9.004,18.79,4.682,1288.0,-0.0004,0.655,23.8991,2700.0,11.3117,0.0,999.4826,1.59,0.9306,7.46,18.3369,3.3288,4.6246,-0.0078,22.372,63.861,2.658,0.0,30.4731,18.81,,86.4814,4.7,84.1675,150.5136,0.3277,12.77,0.0085,0.1155,3.2598,264.272,양품
1.5118,-0.0115,27.0153,-5455.75,75.1222,-0.9934,0.0859,0.09,15.72,184.0,6.6226,15.72,1.385,2.0093,,8.4597,20.79,4.682,1020.0,0.008,0.655,18.4882,2546.25,8.633,0.0,999.4826,0.48,0.9312,10.66,26.3727,5.4095,4.5122,0.0118,27.005,799.0395,2.658,332.5843,26.6434,18.03,8992.5401,86.6684,1.9,84.0019,148.7118,0.1779,80.95,0.0071,0.1093,3.3201,272.544,양품
-2.3127,-0.0102,61.0086,-5300.5,74.4667,-0.9934,0.1543,0.153,15.72,479.0,8.7002,15.72,1.385,2.0068,,8.5615,24.7,4.682,623.0,-0.0002,0.655,22.3127,2602.75,6.5667,0.0,999.4826,1.19,0.9202,17.29,17.4514,10.9218,4.5681,0.0039,16.905,571.1871,2.658,296.0,28.8298,16.43,8203.1301,87.1811,3.5,87.3732,147.7791,0.1867,78.7,0.0081,0.1119,3.5283,254.532,양품
0.6482,-0.0108,38.934,-6430.25,74.8556,-0.5677,0.0934,0.123,15.76,107.0,5.8779,15.71,1.39,1.794,,8.5529,19.1,4.936,443.0,0.0048,0.5887,19.3518,2268.75,9.8013,0.0,1001.4281,1.33,0.9317,11.48,27.0261,6.768,4.5969,-0.0069,21.688,862.4123,2.518,0.0,27.4139,14.53,9015.5001,86.7495,3.3,83.7644,141.6091,0.5545,79.56,0.0084,0.1128,4.7359,270.038,양품
-4.3518,-0.0097,36.036,-5219.5,73.6,-0.9934,0.0804,0.117,15.72,494.0,7.8757,15.72,1.385,1.9752,,8.947,22.48,4.682,1827.0,0.0025,0.655,24.3518,2611.5,10.2565,0.0,999.4826,1.33,0.9187,12.61,20.7889,8.7955,4.5479,0.0228,18.8979,285.398,2.658,624.0,31.4736,14.53,,86.8002,5.1,84.0832,155.3027,0.4774,79.28,0.0088,0.1124,3.4544,264.272,양품
5.9282,-0.011,45.3001,-5638.25,73.0222,-0.9934,0.0631,0.08,15.72,637.0,5.5561,15.72,1.385,1.9972,,8.3271,20.21,4.682,524.0,0.0093,0.655,14.0718,2578.25,10.241,0.0,999.4826,1.93,0.9337,14.65,49.582,7.8606,4.5331,0.0237,30.516,335.6847,2.658,0.0,17.7128,17.66,8362.9301,87.0707,2.2,86.7232,141.6127,1.2113,8.828,0.0118,0.118,3.5263,270.276,양품
5.6382,-0.0091,49.3827,-5685.5,72.2444,-0.9934,0.1029,0.125,15.72,761.0,7.2133,15.72,1.385,2.0075,,8.7609,24.83,4.682,539.0,0.0026,0.655,14.3618,2843.5,8.7782,0.0,999.4826,0.76,0.9186,17.05,20.5975,18.7736,4.546,0.0163,14.933,130.7159,2.658,256.8807,23.5333,10.91,8331.01,87.0545,3.1,85.8815,142.0664,0.507,80.67,0.0099,0.1149,3.2894,248.652,양품
-3.1818,-0.0095,46.3768,-5281.0,73.2556,-0.9934,0.0936,0.175,15.72,356.0,8.8926,15.72,1.385,1.9972,,8.3267,26.96,4.682,512.0,-0.018,0.655,23.1818,2497.75,11.59,0.0,999.4826,1.33,0.9202,13.32,16.2118,10.5846,4.5681,0.0141,18.069,334.0857,2.658,800.0,28.4535,14.53,8727.23,86.889,3.8,87.3041,151.9473,0.2497,80.78,0.0083,0.1135,3.3697,264.272,양품
3.6809,-0.0123,41.5902,-5223.25,69.8111,0.0,,0.213,15.93,393.0,4.8908,15.95,1.333,1.9945,,8.6382,15.57,2.032,1380.0,,0.8722,16.3191,2670.5,10.1855,0.0,1016.2833,1.33,0.9322,13.36,22.1915,7.6719,4.7755,,18.014,128.7725,2.924,0.0,19.1895,14.53,8736.0401,86.4852,4.1,86.2987,152.0545,0.4655,83.34,0.0108,0.1129,3.1888,256.598,양품
5.6627,-0.0141,25.6,-6424.25,70.2444,0.0,,0.045,15.93,186.0,5.8961,15.95,1.333,1.8,,8.6382,19.8,2.032,381.0,,0.8722,14.3373,2275.75,11.2404,0.0,1016.2833,1.33,0.9337,11.05,13.4113,5.782,4.8019,,17.596,73.9926,2.924,0.0,18.4428,14.53,9025.91,86.4852,2.2,86.2987,149.74,0.2697,83.34,0.0108,0.1129,4.7131,257.634,양품
3.2882,-0.0134,23.221,-5756.5,70.8333,0.0,,0.144,15.93,120.0,5.3304,15.95,1.333,1.996,,8.6382,17.16,2.032,791.0,,0.8722,16.7118,2651.0,10.3371,0.0,1016.2833,1.33,0.9322,12.24,25.2868,9.8361,4.7755,,18.498,176.0852,2.924,213.9535,20.2216,14.53,8754.1,86.4852,3.5,86.2987,150.34,0.4655,83.34,0.0108,0.1129,3.5096,256.126,양품
4.6964,-0.0138,44.0831,-5338.75,72.8556,0.0,,0.179,15.67,462.0,6.1135,15.69,1.541,1.991,,8.1728,18.86,4.947,844.0,,0.5768,15.3036,2721.75,11.1683,0.0,997.7594,1.36,0.9337,11.04,33.6993,8.1758,4.4933,,27.613,347.7158,2.454,439.4366,21.7822,13.45,9435.89,86.3506,3.4,85.8638,149.7245,0.3509,82.03,0.008,0.112,3.3621,252.666,양품
-2.4436,-0.0127,37.684,-5056.25,71.0444,0.0,,0.174,15.67,760.0,7.3467,15.69,1.541,1.984,,8.1728,24.9,4.947,1254.0,,0.5768,22.4436,2565.25,9.8197,0.0,997.7594,1.33,0.9353,15.75,32.8099,14.1564,4.6118,,28.472,195.2009,2.454,0.0,29.9794,14.53,9253.3099,86.3506,2.8,85.8638,151.4782,0.4154,82.03,0.0103,0.1137,3.4148,254.424,양품
1.5645,-0.0117,30.0107,-5222.0,72.6,-0.5677,,0.087,15.76,362.0,4.885,15.71,1.39,2.0217,,8.7164,14.17,4.936,733.0,,0.5887,18.4355,2678.0,8.8905,0.0,1001.4281,1.32,0.9317,18.2,19.8777,11.6236,4.611,,29.066,0.0,2.518,477.7778,24.9562,21.95,,86.3672,3.9,83.8405,147.42,0.4659,81.21,0.0093,0.112,3.2774,264.272,양품
2.9545,-0.014,35.094,-6457.75,72.3444,0.0,,0.108,15.67,111.0,5.8635,15.69,1.541,1.821,,8.1728,18.1,4.947,498.0,,0.5768,17.0455,2350.5,8.7114,0.0,997.7594,0.81,0.9337,13.08,26.1713,6.6796,4.4933,,29.545,579.446,2.454,659.6491,23.5939,18.04,8688.79,86.3506,2.4,85.8638,149.7855,0.3761,82.03,0.008,0.112,4.7876,264.272,양품
-4.99,-0.011,31.7101,-5491.75,73.2333,-0.8515,,0.079,15.72,169.0,6.2058,15.7,1.343,2.0257,,13.5481,20.39,4.749,969.0,,0.6102,24.99,2646.0,9.1213,0.0007,1002.4237,1.07,0.9327,20.08,17.566,7.8891,4.4844,,27.002,170.9421,2.499,0.0,30.6875,15.47,9155.38,86.8485,4.0,85.3687,145.75,0.3124,80.27,0.0105,0.1142,3.3514,251.976,양품
3.0682,-0.009,42.1053,-5727.0,72.3333,-0.5677,0.1029,0.186,15.76,739.0,7.3852,15.71,1.39,1.9987,,8.9605,19.89,4.936,545.0,0.0093,0.5887,16.9318,2692.0,10.6286,0.0,1001.4281,1.39,0.9082,12.57,35.7768,8.7491,4.5341,-0.0096,16.199,252.9185,2.518,0.0,20.6576,19.1,8347.72,86.4061,4.4,84.078,150.48,0.4659,79.09,0.0104,0.118,3.2744,264.272,양품
2.9691,-0.0103,36.715,-5073.5,73.1444,0.0,,0.111,15.67,618.0,6.8537,15.69,1.541,2.0263,,8.7552,19.84,4.947,919.0,,0.5768,17.0309,2589.0,12.0395,0.0,997.7594,1.12,0.9186,15.91,10.8581,18.8782,4.546,,15.293,276.8524,2.454,773.3333,24.1042,15.66,,86.438,3.2,85.9625,143.49,0.4659,78.72,0.0104,0.118,3.3321,264.272,양품
2.3318,-0.0107,40.0932,-6416.25,69.5,-0.1419,,0.054,15.87,48.0,7.4274,15.92,1.309,1.8035,,8.1605,23.55,1.671,216.0,,0.8712,17.6682,2329.5,8.5775,0.0,1015.7622,1.33,0.9332,14.65,10.9048,10.3865,4.5655,,37.592,406.9788,2.783,669.3878,20.9574,14.53,,86.629,3.1,85.1237,148.7873,0.3368,84.56,0.0086,0.1162,4.7246,267.712,양품
2.8009,-0.0136,37.4312,-6456.25,69.5889,0.0,,0.041,15.93,32.0,5.7768,15.95,1.333,1.805,,8.5494,18.33,2.032,153.0,,0.8722,17.1991,2330.75,10.4652,0.0,1016.2833,1.36,0.9322,13.68,22.3216,8.16,4.7755,,17.724,209.5748,2.924,0.0,21.0159,13.15,8389.1501,86.5361,2.0,85.1911,148.9045,0.4655,81.95,0.0081,0.1117,4.7564,256.698,양품
1.5745,-0.0102,46.022,-4958.0,72.4889,-0.1419,,0.102,15.87,374.0,6.3127,15.92,1.309,1.977,,8.7512,21.43,1.671,423.0,,0.8712,18.4255,2573.25,9.8858,0.0,1015.7622,1.17,0.9295,13.15,15.4796,8.4647,4.5377,,28.84,987.5866,2.783,0.0,21.0974,21.4,,86.446,2.5,83.3726,150.1273,0.3891,79.55,0.0074,0.1117,3.2114,264.272,양품
-2.7673,-0.0109,21.9931,-5083.25,73.2222,-0.1419,,0.153,15.87,372.0,8.0658,15.92,1.309,1.964,,9.2189,25.18,1.671,1397.0,,0.8712,22.7673,2490.5,10.1901,0.0051,1015.7622,1.47,0.92,12.54,23.8278,16.18,4.5298,,17.219,278.975,2.783,0.0,29.9103,17.66,,86.6498,4.8,84.1818,150.11,0.4146,77.7,0.007,0.1139,3.3191,264.272,양품
-2.3109,-0.0103,46.6586,-5735.25,71.9111,0.0,,0.044,15.67,487.0,5.8205,15.69,1.541,1.9777,,9.065,20.76,4.947,1074.0,,0.5768,22.3109,2696.0,10.0892,0.0,997.7594,1.33,0.9317,20.66,16.9711,11.3236,4.611,,28.587,483.3602,2.454,546.0317,29.508,14.53,,86.3325,3.0,84.0773,150.8655,0.286,77.37,0.007,0.1169,3.3359,264.272,양품
0.0627,-0.0099,55.4855,-6020.75,71.4222,-0.1419,,0.208,15.87,870.0,5.5391,15.92,1.309,2.0252,,8.3267,18.69,1.671,1513.0,,0.8712,19.9373,2687.75,9.562,0.0,1015.7622,0.94,0.9295,12.88,20.8878,7.8182,4.5377,,29.948,0.0,2.783,0.0,23.9783,21.09,9022.4899,86.889,2.4,87.3041,150.3782,0.2039,80.78,0.0075,0.116,3.4636,264.272,양품
5.9345,-0.0104,44.9761,-6499.0,72.3778,-0.8515,,0.072,15.72,155.0,5.737,15.7,1.343,1.8005,,8.4509,18.39,4.749,252.0,,0.6102,14.0655,2241.75,8.6079,0.0,1002.4237,1.33,0.9317,17.69,22.3127,9.4222,4.5969,,22.942,88.8022,2.499,695.6522,17.8357,14.53,8936.0899,86.6899,2.0,83.7667,135.5536,0.5035,81.29,0.0084,0.1128,4.7623,270.314,양품
-3.1909,-0.0104,88.6747,-5427.75,73.0222,-0.8515,,0.072,15.72,364.0,8.7513,15.7,1.343,1.996,,8.7786,26.03,4.749,1305.0,,0.6102,23.1909,2602.25,9.5226,0.0,1002.4237,1.52,0.9187,17.64,16.8022,9.06,4.5479,,19.354,504.5584,2.499,0.0,29.0235,19.42,9086.9999,86.4039,4.2,83.3424,148.6845,0.4774,80.45,0.0079,0.1153,3.3233,262.482,양품
3.4827,-0.0114,49.9452,-6424.25,66.6111,-0.8515,,0.081,15.72,210.0,5.0416,15.7,1.343,1.81,,8.436,17.38,4.749,298.0,,0.6102,16.5173,2373.25,10.0726,0.0,1002.4237,0.78,0.9305,12.66,13.8843,7.4646,4.6,,21.738,133.229,2.499,451.7647,23.4619,8.41,,86.6737,3.1,84.86,149.9718,0.4432,83.24,0.0073,0.1152,4.7318,264.272,양품
4.6227,-0.0134,38.2022,-5357.0,73.3444,,,0.107,,363.0,7.0816,,,1.9992,,8.1728,23.11,,483.0,,,15.3773,2710.25,,0.0,,1.33,0.9337,12.37,22.5437,6.7499,4.4933,,27.236,364.7198,,0.0,21.6323,14.53,9314.7502,86.3506,2.7,85.8638,150.3718,0.374,82.03,0.008,0.112,3.3843,,양품
2.8182,-0.0094,53.1915,-5418.75,71.1444,0.0,,0.123,15.67,334.0,7.5769,15.69,1.541,1.954,,8.7164,23.23,4.947,1280.0,,0.5768,17.1818,2608.0,11.7692,0.0,997.7594,0.8,0.9204,12.71,52.679,9.4918,4.4941,,14.104,272.1613,2.454,235.7895,22.4678,16.9,9201.7201,86.3672,5.9,83.8405,147.2109,0.2363,81.21,0.0104,0.118,3.468,264.272,양품
-3.3555,-0.0116,29.4372,-6408.75,72.8444,-0.1419,,0.055,15.87,94.0,6.4134,15.92,1.309,1.8023,,8.9607,20.52,1.671,504.0,,0.8712,23.3555,2277.5,9.162,0.0,1015.7622,1.33,0.9255,24.47,18.5401,13.2491,4.5305,,30.347,139.1762,2.783,700.0,31.4027,14.53,8624.8599,86.4051,2.7,84.0623,144.7736,0.3891,79.43,0.0102,0.112,4.7088,266.832,양품
1.1664,-0.0142,54.833,-5153.25,71.2667,,,0.109,,542.0,6.9172,,,1.9435,,8.1728,20.07,,1178.0,,,18.8336,2707.0,,0.0,,1.5,0.9353,19.37,37.7546,10.6773,4.6118,,20.963,698.7529,,0.0,25.8939,16.07,8992.6702,86.3506,3.2,85.8638,152.8191,0.4154,82.03,0.0089,0.1119,3.4912,256.73,양품
4.4682,-0.0087,78.4993,-5271.75,70.5111,-0.9934,,0.098,15.72,252.0,7.5822,15.72,1.385,1.988,,9.193,26.63,4.682,1740.0,,0.655,15.5318,2676.5,9.7354,0.0,999.4826,1.33,0.9207,9.49,29.2827,7.7718,4.5509,,13.879,163.825,2.658,456.4103,20.4223,14.53,,86.313,2.2,84.5602,152.3909,0.3669,81.13,0.0104,0.118,3.2803,264.272,양품
1.8718,-0.0102,75.8621,-5319.5,73.0667,,,0.051,,304.0,8.3205,,,2.0085,,8.7786,23.35,,763.0,,,18.1282,2668.0,,0.0,,1.33,0.9187,16.09,17.0933,8.5542,4.5479,,18.859,658.1836,,317.6471,23.3129,14.53,7952.41,86.4039,3.9,83.3424,146.8064,0.4774,80.45,0.0088,0.1124,3.386,257.974,양품
